REF_PARCELA,X,Y,DIRECCION_CATASTRO,ESTADO_CATASTRO,ZONA
4977311BC5947N,0.1776699799743,38.7932436155495,AV BOTANIC CABANILLES 13 JAVEA/XABIA (ALICANTE),OK,6
3965701BC5937S,0.164475497955719,38.7898632010673,AV D'ALACANT 2 JAVEA/XABIA (ALICANTE),OK,5
5279507BC5957N,0.180730480533079,38.7939958664599,CL DOCTOR FLEMING 2 JAVEA/XABIA (ALICANTE),OK,6
3664211BC5937S,0.162362902516152,38.7893011412128,CL SOR CATERINA BAS 2 JAVEA/XABIA (ALICANTE),OK,3
5454103BC5955S,0.183622880358693,38.7726366544778,CL SAINT TROPEZ 4 JAVEA/XABIA (ALICANTE),OK,11
5555101BC5955N,0.184858350097834,38.7729232124895,CR CABO DE LA NAO PLA 122 JAVEA/XABIA (ALICANTE),OK,11
5482705BC5958S,0.182026962213694,38.7966613918081,CL CHURRUCA 20 JAVEA/XABIA (ALICANTE),OK,6
5227007BC5957N,0.180580380081581,38.7918830767814,AV LEPANTO 16 JAVEA/XABIA (ALICANTE),OK,6
3767404BC5937N,0.163817949996286,38.790916269637,CL DEL MESTRE ANGEL RIBES 8 JAVEA/XABIA (ALICANTE),OK,4
3562821BC5937S,0.160281640666136,38.7870883178414,CL DE JESUS DE NATZARE 20 JAVEA/XABIA (ALICANTE),OK,10
7043231BC5974S,0.202703531714399,38.7620886906488,CL NICOSIA 11 JAVEA/XABIA (ALICANTE),OK,12
5758403BC5955N,0.188207689775463,38.7747031671757,CL CANAL SUR 1 JAVEA/XABIA (ALICANTE),OK,11
5754101BC5955S,0.186669230540149,38.7720422231866,AV ARENAL 6 JAVEA/XABIA (ALICANTE),OK,11
5853901BC5955S,0.188455574623046,38.7714156698425,CL RENNES 5 UE ARENAL 3  3A JAVEA/XABIA (ALICANTE),OK,11
5564502BC5956S,0.18433311772636,38.7802625306337,AV AUGUSTA 47 JAVEA/XABIA (ALICANTE),OK,7
5376604BC5957S,0.180585107304842,38.7901293518108,AV MEDITERRANEO 12 JAVEA/XABIA (ALICANTE),OK,7
3562813BC5937S,0.160774111603708,38.7873888608928,CL DE JESUS DE NATZARE 4 JAVEA/XABIA (ALICANTE),OK,10
3662808BC5937S,0.161644856931598,38.7876426506314,CL MAJOR 57 JAVEA/XABIA (ALICANTE),OK,9
4575001BC5947N,0.172275669005073,38.7904276984794,CR CABO DE LA NAO PLA 20 JAVEA/XABIA (ALICANTE),OK,8
5481301BC5958S,0.183056422655725,38.7961503619982,PZ ADOLFO SUAREZ 14 JAVEA/XABIA (ALICANTE),OK,6
6749502BC5964N,0.197890610011584,38.7679136485808,CL LARISSA 5 EDIF. BERMEO JAVEA/XABIA (ALICANTE),OK,11
5762013BC5956S,0.18670516320716,38.778850735432,AV MEDITERRANEO 90(A) JAVEA/XABIA (ALICANTE),OK,11
5378410BC5957N,0.181736584146657,38.7924942525335,AV MARINA ESPAÑOLA 20 JAVEA/XABIA (ALICANTE),OK,6
5279801BC5957N,0.179648592374251,38.7942576740152,CL SERTORIO 2 JAVEA/XABIA (ALICANTE),OK,6
5381803BC5958S,0.180976874199302,38.7955035743272,CL SANTISIMO CRISTO DEL MAR 18 JAVEA/XABIA (ALICANTE),OK,6
3666413BC5937S,0.162623497694588,38.7888291724848,CL CUPS 2 JAVEA/XABIA (ALICANTE),OK,3
5481004BC5958S,0.182221582870402,38.7956937163939,CL PIO X 8 JAVEA/XABIA (ALICANTE),OK,6
5328602BC5957N,0.181278785766043,38.7931121399953,CL ANTONI LLIDO 1 JAVEA/XABIA (ALICANTE),OK,6
5279802BC5957N,0.179558897211377,38.794161810689,AV LEPANTO 3 JAVEA/XABIA (ALICANTE),OK,6
5179501BC5957N,0.179178545730719,38.7946893051321,AV LEPANTO 1 JAVEA/XABIA (ALICANTE),OK,6
5481710BC5958S,0.181732788571285,38.7956347099064,CL PIO X 1 JAVEA/XABIA (ALICANTE),OK,6
5482607BC5958S,0.182054946483123,38.7963751213752,CL CHURRUCA 5 JAVEA/XABIA (ALICANTE),OK,6
5656503BC5955N,0.186338658363514,38.7733523293028,AV PARIS 6 JAVEA/XABIA (ALICANTE),OK,11
5656508BC5955N,0.185497543612884,38.7732160187718,AV PARIS 10 JAVEA/XABIA (ALICANTE),OK,11
6645152BC5964S,0.197398279741131,38.7613485820302,PD PORTITXOL 59 JAVEA/XABIA (ALICANTE),OK,11
5278204BC5957N,0.180771014600981,38.7934207911956,AV LEPANTO 11 JAVEA/XABIA (ALICANTE),OK,6
7293009BC5974S,0.203268238380091,38.7614920991695,CM CALABLANCA 24 JAVEA/XABIA (ALICANTE),OK,12
2779307BC5928S,0.154176651633094,38.7944757338226,CL MIERES 23 JAVEA/XABIA (ALICANTE),OK,2
3576406BC5937N,0.16139480348065,38.7906338630626,CL DE FEDERICO GARCIA LORCA 3 JAVEA/XABIA (ALICANTE),OK,4
5454113BC5955S,0.183866259204287,38.7713617524326,UR ISLA LA 1(D) JAVEA/XABIA (ALICANTE),OK,11
4575002BC5947S,0.172323696664273,38.7901129062001,CL JOSE LUIS BORGES 7 JAVEA/XABIA (ALICANTE),OK,8
5947601BC5954N,0.188914973131142,38.7651052095906,CR CABO DE LA NAO PLA 170 JAVEA/XABIA (ALICANTE),OK,11
5178002BC5957N,0.179837279412953,38.7929509298312,AV LEPANTO 8 JAVEA/XABIA (ALICANTE),OK,6
5379507BC5957N,0.181330218449857,38.7934951053716,CL VIRGEN DEL LORETO 16 JAVEA/XABIA (ALICANTE),OK,6
4475723BC5947N,0.17028503943347,38.7899289169812,CL DEL GUITARRISTA TARREGA 25 JAVEA/XABIA (ALICANTE),OK,8
4372807BC5947S,0.170913813157885,38.7875791282505,CL DE JOSE DE ESPRONCEDA 17 JAVEA/XABIA (ALICANTE),OK,8
5658008BC5955N,0.185311960200499,38.7744938488488,AV FONTANA 54 JAVEA/XABIA (ALICANTE),OK,11
5656507BC5955N,0.185746270892519,38.7733618388299,AV PARIS 8 JAVEA/XABIA (ALICANTE),OK,11
3877247BC5937N,0.166070503717991,38.7919477503802,CL DEL CASTELL DE SANTA BÀRB 6 JAVEA/XABIA (ALICANTE),OK,5
5658009BC5955N,0.184419654915405,38.7749126248356,CR CABO DE LA NAO PLA 125 JAVEA/XABIA (ALICANTE),OK,11
6352010BC5965S,0.192850678222882,38.7706261450226,AV LIBERTAD LA 36 JAVEA/XABIA (ALICANTE),OK,11
5656510BC5955N,0.186351643253785,38.7742664624203,AV PARIS 2(D) JAVEA/XABIA (ALICANTE),OK,11
5656511BC5955N,0.186358608736132,38.7740658114407,AV PARIS 2 JAVEA/XABIA (ALICANTE),OK,11
5656512BC5955N,0.186364808273737,38.7738875753269,AV PARIS 4(D) JAVEA/XABIA (ALICANTE),OK,11
5656513BC5955N,0.186372587249406,38.7736662223891,AV PARIS 4 JAVEA/XABIA (ALICANTE),OK,11
3863504BC5937S,0.16426273202708,38.7876102215049,CL DEL CRONISTA MOSSEN FEBRE 15 JAVEA/XABIA (ALICANTE),OK,9
5658007BC5955N,0.185547150880965,38.7749460218877,AV FONTANA 14 JAVEA/XABIA (ALICANTE),OK,11
5382901BC5958S,0.181508563261514,38.7967368991645,CL FRAY JAIME IBAÑEZ 2(A) JAVEA/XABIA (ALICANTE),OK,6
4778301BC5947N,0.175270313201429,38.7931033288953,AV PORT 20 JAVEA/XABIA (ALICANTE),OK,7
4775402BC5947N,0.175157815970315,38.7909811733952,CL OVIDI MONTLLOR 16(D) JAVEA/XABIA (ALICANTE),OK,7
6947805BC2964N,0.199952591076701,38.7666635036142,CL ARENAL-MONTAÑAR 121 JAVEA/XABIA (ALICANTE),OK,11
5075302BC5957N,0.178447970459666,38.7913164131267,AV FURS 17 JAVEA/XABIA (ALICANTE),OK,6
4471422BC5947S,0.171739360317244,38.7871988458602,CL DE JOSE DE ESPRONCEDA 26 JAVEA/XABIA (ALICANTE),OK,8
7145004BC5974S,0.203690680626248,38.7637871798293,CL ARENAL-MONTAÑAR 106 JAVEA/XABIA (ALICANTE),OK,11
5454114BC5955S,0.184069488230405,38.7707095099841,UR ISLA LA 2 JAVEA/XABIA (ALICANTE),OK,11
5656509BC5955N,0.185518404284242,38.772995701945,AV PARIS 10 JAVEA/XABIA (ALICANTE),OK,11
3564806BC5937S,0.160807515853058,38.7892743206613,CL DE CARLOS BENIMELI 4 JAVEA/XABIA (ALICANTE),OK,3
4372801BC5947S,0.170386473326172,38.7878789716544,CL DE FERNAN CABALLERO 10 JAVEA/XABIA (ALICANTE),OK,8
3564531BC5937S,0.160306269189941,38.7888524797479,CL DE CARLOS BENIMELI 9 JAVEA/XABIA (ALICANTE),OK,3
3762216BC5937S,0.16398306778989,38.7876552322653,CL DE GABRIEL MIRO 8 JAVEA/XABIA (ALICANTE),OK,9
4876901BC5947N,0.175949766569152,38.7912097070667,AV FURS 30 JAVEA/XABIA (ALICANTE),OK,7
4165022BC5947S,0.167690182367135,38.7900783483448,CL DE JUAN RAMON JIMENEZ 10 JAVEA/XABIA (ALICANTE),OK,8
4871009BC5947S,0.17663854672289,38.7866547814099,CL MILAN 4 JAVEA/XABIA (ALICANTE),OK,7
5469003BC5956N,0.183412372362633,38.7850462499539,PD MT MONTAÑAR I 38 JAVEA/XABIA (ALICANTE),OK,7
5272702BC5957S,0.180119746091018,38.7875549691711,AV AUGUSTA 9 JAVEA/XABIA (ALICANTE),OK,7
5380316BC5958S,0.181657175049434,38.7951116972465,PZ ADOLFO SUAREZ 3 JAVEA/XABIA (ALICANTE),OK,6
4873902BC5947S,0.176456415639778,38.7891145080615,CL VALL DE GALLINERA 5 JAVEA/XABIA (ALICANTE),OK,7
3471402BC5937S,0.160346310572385,38.7860721142104,AV DE VALÈNCIA 3 JAVEA/XABIA (ALICANTE),OK,10
7043226BC5974S,0.203671843368899,38.7626458682571,CL ATENAS 114 JAVEA/XABIA (ALICANTE),OK,11
5328606BC5957N,0.181247637727724,38.7926760590135,AV LEPANTO 21 JAVEA/XABIA (ALICANTE),OK,6
4877001BC5947N,0.17559940835342,38.7922188308861,AV AUSIAS MARCH 4 JAVEA/XABIA (ALICANTE),OK,7
3964310BC5937S,0.165538699151413,38.7891898974203,CL DEL MESTRE JESUS MONTANER 2 JAVEA/XABIA (ALICANTE),OK,8
5381213BC5958S,0.181141431941397,38.7960714388498,CL CAPITAN PEDRO SOLER 3 JAVEA/XABIA (ALICANTE),OK,6
3976204BC5937N,0.165446926372796,38.7909723153641,CL DE CERVANTES 7 JAVEA/XABIA (ALICANTE),OK,5
4875802BC5947N,0.17602604280234,38.7898301581583,CL VALL DE GALLINERA 3 JAVEA/XABIA (ALICANTE),OK,7
4064111BC5947S,0.166428798754686,38.78923240388,AV TRENC D'ALBA DEL 7 JAVEA/XABIA (ALICANTE),OK,8
5179502BC5957N,0.179532668296772,38.7947300234814,CL ANDRES LAMBERT 22 JAVEA/XABIA (ALICANTE),OK,6
5658011BC5955N,0.185087456726897,38.7747534026186,CR CABO DE LA NAO PLA 129 JAVEA/XABIA (ALICANTE),OK,11
4176508BC5947N,0.167708145736562,38.7908594374697,CL DE L'ARQUITECTE URTEAGA 32 JAVEA/XABIA (ALICANTE),OK,8
5560001BC5955N,0.185118248112787,38.7764084444636,AV AUGUSTA 74 JAVEA/XABIA (ALICANTE),OK,11
3865602BC5937S,0.163714204251864,38.7898410163289,CL ROQUES 5 JAVEA/XABIA (ALICANTE),OK,4
6352001BC5965S,0.193206955870493,38.7703331650695,CL ATENAS 27 JAVEA/XABIA (ALICANTE),OK,11
5382701BC5958S,0.182368042029331,38.7968025107399,CL CALETA LA 5 JAVEA/XABIA (ALICANTE),OK,6
6550301BC5965S,0.196728090035199,38.7689243497862,CL ARENAL-MONTAÑAR 36 JAVEA/XABIA (ALICANTE),OK,11
5855102BC5955N,0.187914042965684,38.7730490930039,AV LIBERTAD LA 46 JAVEA/XABIA (ALICANTE),OK,11
3763014BC5937S,0.163389855917486,38.7882537224324,CL AVALL D 17 JAVEA/XABIA (ALICANTE),OK,9
4176303BC5947N,0.168291205082389,38.7906736641384,CL DE THIVIERS 6 JAVEA/XABIA (ALICANTE),OK,8
4176301BC5947N,0.16808674805183,38.7909760115205,CL DE THIVIERS 2(D) JAVEA/XABIA (ALICANTE),OK,8
5280701BC5957N,0.180564874263514,38.7945721557907,AV REY JAIME I 12 JAVEA/XABIA (ALICANTE),OK,6
7339001BC5973N,0.204700942579528,38.759081247935,CR PORTITXOL 105(D) JAVEA/XABIA (ALICANTE),OK,12
5374708BC5957S,0.180365116708252,38.7891462606619,CL GENOVA 7 JAVEA/XABIA (ALICANTE),OK,7
5380704BC5957N,0.181505537393428,38.7947473948481,CL ANDRES LAMBERT 3 JAVEA/XABIA (ALICANTE),OK,6
6749501BC5964N,0.198204971461382,38.7672293603422,AV ULTRAMAR 58(C) JAVEA/XABIA (ALICANTE),OK,11
3663327BC5937S,0.162337833238935,38.7881932032922,CL MAJOR 30 JAVEA/XABIA (ALICANTE),OK,3
5859012BC5955N,0.186958187392401,38.7759148343914,AV AUGUSTA 69 JAVEA/XABIA (ALICANTE),OK,11
5658002BC5955N,0.18427309719692,38.7759145359982,CL BURDEOS 9 URB MORERAS DEL SALADAR JAVEA/XABIA (ALICANTE),OK,11
5180412BC5958S,0.18054811394963,38.7954403365606,CL SANTISIMO CRISTO DEL MAR 24 RESIDENCIAL JAVEA BLOQ-A JAVEA/XABIA (ALICANTE),OK,6
5279510BC5957N,0.180590311119099,38.7938516665147,CL SEVERO OCHOA 2 JAVEA/XABIA (ALICANTE),OK,6
5172002BC5957S,0.178584324939167,38.7873904857869,CL PESCARA 2 JAVEA/XABIA (ALICANTE),OK,7
5760101BC5956S,0.186187729322002,38.776992618889,AV AUGUSTA 59 JAVEA/XABIA (ALICANTE),OK,11
4347013BC5947N,0.169834083112385,38.7920140846659,AV DEL REI JUAN CARLOS I 56 JAVEA/XABIA (ALICANTE),OK,5
5764602BC5956S,0.185644433519787,38.7802745032536,AV MEDITERRANEO 170 JAVEA/XABIA (ALICANTE),OK,7
3770205BC5937S,0.163483424128408,38.7856180818749,CL DE SANDOVAL 8 JAVEA/XABIA (ALICANTE),OK,9
5380302BC5958S,0.180222681962805,38.7949350745498,CL SANTISIMO CRISTO DEL MAR 21 JAVEA/XABIA (ALICANTE),OK,6
6650704BC5964N,0.197098370935297,38.7680525703563,CL ARENAL-MONTAÑAR 71 JAVEA/XABIA (ALICANTE),OK,11
4474302BC5947S,0.171755547178861,38.7898845441745,CL JOSE LUIS BORGES 8 JAVEA/XABIA (ALICANTE),OK,8
5960704BC5956S,0.188226338190489,38.7776553501548,AV MEDITERRANEO 212 JAVEA/XABIA (ALICANTE),OK,11
5380303BC5957N,0.180517711790952,38.7949913001999,CL SANTISIMO CRISTO DEL MAR 19 JAVEA/XABIA (ALICANTE),OK,6
4169505BC5946N,0.170154169551054,38.7872571069682,CL DE JOSE DE ESPRONCEDA 7 JAVEA/XABIA (ALICANTE),OK,8
6352011BC5965S,0.194150682248062,38.7702498942367,CL RODAS 67(A) JAVEA/XABIA (ALICANTE),OK,11
5762001BC5956S,0.186411538190247,38.7797430609472,AV MEDITERRANEO 178 JAVEA/XABIA (ALICANTE),OK,11
4277208BC5947N,0.169613626763499,38.792516953663,AV DEL REI JUAN CARLOS I 69 JAVEA/XABIA (ALICANTE),OK,5
5856803BC5955N,0.187734416419711,38.7737047035595,AV LIBERTAD LA 6 JAVEA/XABIA (ALICANTE),OK,11
4378001BC5947N,0.170054402426127,38.7927644018105,AV DEL REI JUAN CARLOS I 71 JAVEA/XABIA (ALICANTE),OK,5
3675808BC5937N,0.161834728803242,38.7902438258253,CL DE LA PAU 7 JAVEA/XABIA (ALICANTE),OK,4
3768203BC5936N,0.163410825444768,38.7840569936551,AV DE RAMON LLIDO 38 JAVEA/XABIA (ALICANTE),OK,9
5379501BC5957N,0.181012059176216,38.794039873748,CL DOCTOR FLEMING 1 JAVEA/XABIA (ALICANTE),OK,6
3877248BC5937N,0.16571098875244,38.7915066688759,CL DEL CASTELL DE SANTA BÀRB 2 JAVEA/XABIA (ALICANTE),OK,4
5381215BC5958S,0.181139824969909,38.7958904034471,CL JUAN SEBASTIAN ELCANO 4 JAVEA/XABIA (ALICANTE),OK,6
4578307BC5947N,0.173988817960464,38.7940079314859,AV PORT 17 JAVEA/XABIA (ALICANTE),OK,6
5279505BC5957N,0.180553583382108,38.7940501551866,AV REY JAIME I 13 JAVEA/XABIA (ALICANTE),OK,6
5762020BC5956S,0.186399057230809,38.778393164464,CL SIRACUSA 2 JAVEA/XABIA (ALICANTE),OK,11
4977318BC5947N,0.177691958571332,38.7916495932101,AV FURS 39 JAVEA/XABIA (ALICANTE),OK,6
5380708BC5957N,0.181664269251648,38.7946896030446,PZ ADOLFO SUAREZ 7 JAVEA/XABIA (ALICANTE),OK,6
3965702BC5937S,0.164612471846877,38.7898693203492,AV D'ALACANT 4 JAVEA/XABIA (ALICANTE),OK,5
4177409BC5947N,0.168374807057895,38.7919569002231,AV DEL REI JUAN CARLOS I 51 JAVEA/XABIA (ALICANTE),OK,5
6944601BC5964S,0.200552699558563,38.7626668179848,UR PARQUE CALABLANCA 138 JAVEA/XABIA (ALICANTE),OK,11
3761406BC5937S,0.163777702573521,38.7861124518083,AV PALMELA DE 19 JAVEA/XABIA (ALICANTE),OK,9
3664002BC5937S,0.16181794760236,38.7892346508375,CL SANTA LLUCIA 9(D) JAVEA/XABIA (ALICANTE),OK,3
5662001BC5956S,0.185386821420138,38.7787255388348,CL FLORENCIA 3 JAVEA/XABIA (ALICANTE),OK,11
5381102BC5958S,0.180827501277763,38.7956567292249,CL JUAN SEBASTIAN ELCANO 9 JAVEA/XABIA (ALICANTE),OK,6
6451301BC5965S,0.195651222646228,38.7699275459736,AV ULTRAMAR 124(A) JAVEA/XABIA (ALICANTE),OK,11
5278202BC5957N,0.18055642274713,38.793517234158,CL DOCTOR FLEMING 6 JAVEA/XABIA (ALICANTE),OK,6
5562001BC5956S,0.184822790452746,38.7797295440942,CL FLORENCIA 6 JAVEA/XABIA (ALICANTE),OK,7
3663325BC5937S,0.162087888110231,38.7881970386505,CL VERGE DEL PILAR 4 JAVEA/XABIA (ALICANTE),OK,3
3776012BC5937N,0.162769352846845,38.7912699928542,CL DE LA MARE DEU DELS ANGEL 25 JAVEA/XABIA (ALICANTE),OK,4
3473820BC5937S,0.15931895800723,38.7889535115392,CL DEL METGE JOSE BOVER 5 JAVEA/XABIA (ALICANTE),OK,2
4478607BC5947N,0.170504461661254,38.792937386431,CL DEL PARADIS 4 JAVEA/XABIA (ALICANTE),OK,5
4174412BC5947S,0.169132761115682,38.7894925044367,AV TRENC D'ALBA DEL 29 JAVEA/XABIA (ALICANTE),OK,8
3864117BC5937S,0.164390741870966,38.7889734596223,CL ROQUES 35 JAVEA/XABIA (ALICANTE),OK,4
3562010BC5937S,0.161054465464811,38.7873033329291,RD DE COLON 12 JAVEA/XABIA (ALICANTE),OK,10
4347004BC5947N,0.169041587982819,38.7918402727681,AV DEL REI JUAN CARLOS I 38 JAVEA/XABIA (ALICANTE),OK,5
3965003BC5937S,0.165291054894842,38.7900206660973,CL DE L'ARQUITECTE URTEAGA 3 JAVEA/XABIA (ALICANTE),OK,5
5658010BC5955N,0.184971896470569,38.7743468170688,AV FONTANA 56 JAVEA/XABIA (ALICANTE),OK,11
3575304BC5937N,0.160962705592875,38.7907166929614,CL DE FEDERICO GARCIA LORCA 4 JAVEA/XABIA (ALICANTE),OK,4
3473810BC5937S,0.159665817548186,38.7884750896113,CL NOU 14 JAVEA/XABIA (ALICANTE),OK,2
5856801BC5955N,0.187135672853227,38.7741717430057,AV FONTANA 9(A) JAVEA/XABIA (ALICANTE),OK,11
5278203BC5957N,0.180649236692635,38.7936478578103,CL DOCTOR FLEMING 4 JAVEA/XABIA (ALICANTE),OK,6
5379512BC5957N,0.181337128320144,38.7933432854353,CL ANTONI LLIDO 4 JAVEA/XABIA (ALICANTE),OK,6
4776102BC5947N,0.173923218346214,38.7917633934285,CL MANUEL VAZQUEZ MONTALBAN 3 JAVEA/XABIA (ALICANTE),OK,7
3473817BC5937S,0.15896898774166,38.7885285884536,CL DEL METGE JAIME MARTI 7 JAVEA/XABIA (ALICANTE),OK,2
5457801BC5955S,0.184595748830003,38.7695919736701,CL AMSTERDAM 2 JAVEA/XABIA (ALICANTE),OK,11
5380319BC5958S,0.181223481810408,38.7950188825306,CL ANDRES LAMBERT 8 JAVEA/XABIA (ALICANTE),OK,6
5753202BC5955S,0.18724492285243,38.7715903069372,AV ARENAL 3 JAVEA/XABIA (ALICANTE),OK,11
4176703BC5947N,0.168402929414932,38.7910584569684,CL DE THIVIERS 1 JAVEA/XABIA (ALICANTE),OK,8
4174414BC5947S,0.168471008348805,38.7893695179151,AV TRENC D'ALBA DEL 33 JAVEA/XABIA (ALICANTE),OK,8
5656516BC5955N,0.185992627305634,38.7733484056889,AV PARIS 8 JAVEA/XABIA (ALICANTE),OK,11
5753201BC5955S,0.186786583255874,38.7713782668317,AV ARENAL 5 JAVEA/XABIA (ALICANTE),OK,11
5267003BC5956N,0.180307499729941,38.7838755109943,CL NAPOLES 9(D) JAVEA/XABIA (ALICANTE),OK,7
5180411BC5958S,0.180379079139187,38.7959370807449,CL FRAY JAIME IBAÑEZ 29 JAVEA/XABIA (ALICANTE),OK,6
4075801BC5947N,0.168629863239534,38.7901714117085,CL DE THIVIERS 10 JAVEA/XABIA (ALICANTE),OK,8
5758402BC5955N,0.187697880163315,38.7749130612141,AV FONTANA 4 JAVEA/XABIA (ALICANTE),OK,11
4475719BC5947N,0.170693632390202,38.7894653812879,AV TRENC D'ALBA DEL 45 JAVEA/XABIA (ALICANTE),OK,8
3966428BC5937S,0.166025101886409,38.7906834589679,CL DE LES PORTELLES 23 JAVEA/XABIA (ALICANTE),OK,5
4871006BC5947S,0.176112805282618,38.7865333253285,CR CABO DE LA NAO PLA 65 JAVEA/XABIA (ALICANTE),OK,7
5227002BC5957N,0.180374203426828,38.7923702754846,AV FURS 14 JAVEA/XABIA (ALICANTE),OK,6
5328608BC5957N,0.18109458141268,38.793129945729,CL ANTONI LLIDO 3 JAVEA/XABIA (ALICANTE),OK,6
3564514BC5937S,0.160779016309929,38.7885111738654,AV DEL PRINCEP D'ASTURIES 46 JAVEA/XABIA (ALICANTE),OK,3
6846006BC5964N,0.199882379196327,38.7642331576419,PD ARENAL SALADAR 100(A) JAVEA/XABIA (ALICANTE),OK,11
5174002BC5957S,0.179507247105185,38.7890102217379,CL GENOVA 4(D) JAVEA/XABIA (ALICANTE),OK,7
5564501BC5956S,0.183927356238297,38.7807309598854,CL CAGLIARI 1 JAVEA/XABIA (ALICANTE),OK,7
6749516BC5964N,0.198385682319052,38.7669578283894,AV ULTRAMAR 60 JAVEA/XABIA (ALICANTE),OK,11
5463706BC5956S,0.183038320742039,38.779881019488,AV AUGUSTA 56 JAVEA/XABIA (ALICANTE),OK,7
3865111BC5937S,0.165028948771613,38.7907631524909,AV D'ALACANT 15 JAVEA/XABIA (ALICANTE),OK,4
5747209BC5954N,0.187487379512288,38.7654003988699,CL HAYA LA 12 JAVEA/XABIA (ALICANTE),OK,11
5170807BC5957S,0.178687433065471,38.7858458110041,CL VENECIA 28 MAR DE JAVEA JAVEA/XABIA (ALICANTE),OK,7
5760103BC5956S,0.185890234005373,38.7778283616365,CL BARI 1 JAVEA/XABIA (ALICANTE),OK,11
5760105BC5956S,0.186627715501778,38.777592700154,CL GENOVA 56 JAVEA/XABIA (ALICANTE),OK,11
4871010BC5947S,0.176310690228959,38.7871739867678,CL MILAN 2 JAVEA/XABIA (ALICANTE),OK,7
5750211BC5955S,0.186849551197523,38.7684400251614,CR CABO DE LA NAO PLA 138(D) JAVEA/XABIA (ALICANTE),OK,11
5267011BC5956N,0.181114032112605,38.7832832531896,AV AUGUSTA 26 SANTA BARBARA I JAVEA/XABIA (ALICANTE),OK,7
5855103BC5955N,0.187965599254879,38.7728352808577,AV LIBERTAD LA 12 JAVEA/XABIA (ALICANTE),OK,11
5568505BC5956N,0.184270180323877,38.7836020256278,AV MEDITERRANEO 116 JAVEA/XABIA (ALICANTE),OK,7
4977307BC5947N,0.177413302832727,38.7936447203719,AV BOTANIC CABANILLES 6 JAVEA/XABIA (ALICANTE),OK,6
6749506BC5964N,0.19899450556993,38.7675829094533,AV ULTRAMAR 64(D) JAVEA/XABIA (ALICANTE),OK,11
3776712BC5937N,0.162846913176502,38.7901197730718,RD NORD 3 JAVEA/XABIA (ALICANTE),OK,4
5376602BC5957N,0.180370531558808,38.7905961670542,PD MT MONTAÑAR I 1(A) JAVEA/XABIA (ALICANTE),OK,7
5379511BC5957N,0.181006461830407,38.7937440536842,CL DOCTOR FLEMING 3 JAVEA/XABIA (ALICANTE),OK,6
3862015BC5937S,0.164306774823713,38.7873531756065,PR CR MOSEN FEBRER 5 JAVEA/XABIA (ALICANTE),OK,9
7043206BC5964N,0.202119291297924,38.7639536950891,CL ATENAS 92(D) JAVEA/XABIA (ALICANTE),OK,11
5960714BC5956S,0.187110192325668,38.7777331568576,CL PERUGIA 2 JAVEA/XABIA (ALICANTE),OK,11
4478606BC5947N,0.170398168711085,38.7926418288602,CL DEL PARADIS 2 JAVEA/XABIA (ALICANTE),OK,5
5279506BC5957N,0.180643557123464,38.7941244021966,AV REY JAIME I 11 JAVEA/XABIA (ALICANTE),OK,6
5469008BC5956N,0.183113599842309,38.7842506382223,CL GENOVA 31 JAVEA/XABIA (ALICANTE),OK,7
6251304BC5965S,0.191798793895858,38.7702157931776,AV TAMARITS 1 JAVEA/XABIA (ALICANTE),OK,11
5852001BC5955S,0.187640450729257,38.7703544677528,CL NIZA 13 JAVEA/XABIA (ALICANTE),OK,11
5170809BC5957S,0.178886915434264,38.7863940716433,CL PESCARA 3 JAVEA/XABIA (ALICANTE),OK,7
6551001BC5965S,0.196079134684589,38.7693859966213,CL ARENAL-MONTAÑAR 124 JAVEA/XABIA (ALICANTE),OK,11
4871008BC5947S,0.176815670390269,38.7863262609905,CL MILAN 6 JAVEA/XABIA (ALICANTE),OK,7
5656501BC5955N,0.185302624284201,38.7736804383574,CR CABO DE LA NAO PLA 131 JAVEA/XABIA (ALICANTE),OK,11
5278201BC5957N,0.180375287975966,38.7934309654694,CL SEVERO OCHOA 5 JAVEA/XABIA (ALICANTE),OK,6
5379411BC5957N,0.18172101262786,38.7933268759,AV MARINA ESPAÑOLA 10 JAVEA/XABIA (ALICANTE),OK,6
5279501BC5957N,0.180012452166471,38.7937541046857,AV REY JAIME I 23 JAVEA/XABIA (ALICANTE),OK,6
5469009BC5956N,0.183352395816655,38.7836939478473,PD MT MONTAÑAR I 41(A) JAVEA/XABIA (ALICANTE),OK,7
4066502BC5937N,0.166518356871355,38.7906577716814,CL DE L'ARQUITECTE URTEAGA 21 JAVEA/XABIA (ALICANTE),OK,5
5373001BC5957S,0.180822438770892,38.7886187279729,AV MEDITERRANEO 30 JAVEA/XABIA (ALICANTE),OK,7
5483030BC5958S,0.181544993678445,38.7977395213101,CL CHURRUCA 30 JAVEA/XABIA (ALICANTE),OK,6
5380306BC5958S,0.180937036667733,38.7952323337759,CL SANTISIMO CRISTO DEL MAR 15 JAVEA/XABIA (ALICANTE),OK,6
3274928BC5937N,0.157579183583939,38.7894240673878,AV ANGEL DOMENECH 8 JAVEA/XABIA (ALICANTE),OK,2
5379404BC5957N,0.181694296156899,38.7939633681452,AV MARINA ESPAÑOLA 3 JAVEA/XABIA (ALICANTE),OK,6
4174403BC5457S,0.167720165187072,38.7894729318271,AV TRENC D'ALBA DEL 17 JAVEA/XABIA (ALICANTE),OK,8
5454153BC5955S,0.183114278733897,38.7709643207436,CL BRUSELAS 87 JAVEA/XABIA (ALICANTE),OK,11
6352003BC5965S,0.193755580603418,38.7706086135568,AV LIBERTAD LA 42 JAVEA/XABIA (ALICANTE),OK,11
3776719BC5937N,0.162514114787372,38.7906328715646,CL DEL MESTRE ANGEL PALENCIA 12 JAVEA/XABIA (ALICANTE),OK,4
4875804BC5947N,0.176155682327399,38.7902433062484,AV FURS 27 JAVEA/XABIA (ALICANTE),OK,7
5457109BC5955N,0.184142879819305,38.7743474604117,CR CABO DE LA NAO PLA 116 JAVEA/XABIA (ALICANTE),OK,11
5266501BC5956N,0.180455232240236,38.7821466796751,CL VICENZA 21 JAVEA/XABIA (ALICANTE),OK,7
5380701BC5957N,0.18105834567733,38.7946291177683,CL SEVILLA 1 JAVEA/XABIA (ALICANTE),OK,6
5469010BC5756N,0.18279763753069,38.7850040312817,PD MT MONTAÑAR I 37 JAVEA/XABIA (ALICANTE),OK,7
5463707BC5956S,0.183249362469911,38.7795083501436,AV AUGUSTA 60 JAVEA/XABIA (ALICANTE),OK,7
5272701BC5957S,0.179841195219861,38.7881816851518,CL GENOVA 8 JAVEA/XABIA (ALICANTE),OK,7
5457311BC5955N,0.183407297788387,38.7741350277718,CL CANNES 9 JAVEA/XABIA (ALICANTE),OK,11
5457801BC5955N,0.182646945820177,38.7741953370003,CL CANNES 8 JAVEA/XABIA (ALICANTE),OK,11
4977317BC5947N,0.177665270705597,38.7919259836772,AV AUSIAS MARCH 11 JAVEA/XABIA (ALICANTE),OK,6
5380702BC5957N,0.181218844900195,38.7947337166514,CL ANDRES LAMBERT 7 JAVEA/XABIA (ALICANTE),OK,6
7293008BC5974S,0.203286421234174,38.761238649637,CM CALABLANCA 23 JAVEA/XABIA (ALICANTE),OK,12
5378408BC5957N,0.181715382169746,38.7926319433191,AV MARINA ESPAÑOLA 18 JAVEA/XABIA (ALICANTE),OK,6
5960711BC5955N,0.188965562612166,38.7766461751273,AV MEDITERRANEO 228 JAVEA/XABIA (ALICANTE),OK,11
5463703BC5956S,0.182621172437903,38.78022934561,AV AUGUSTA 54 ALTAMAR V JAVEA/XABIA (ALICANTE),OK,7
5368401BC5956N,0.181543916593362,38.7842560943806,CL NAPOLES 5 JAVEA/XABIA (ALICANTE),OK,7
5328601BC5957N,0.180842314486166,38.7931134040373,AV LEPANTO 15 JAVEA/XABIA (ALICANTE),OK,6
5380304BC5958S,0.180625957628026,38.7951305850798,CL SANTISIMO CRISTO DEL MAR 17 JAVEA/XABIA (ALICANTE),OK,6
3964105BC5937S,0.165685647401578,38.7898064553564,CL DE L'ARQUITECTE URTEAGA 10 JAVEA/XABIA (ALICANTE),OK,8
4977312BC5947N,0.177923601664857,38.7932200154358,CL MANUEL BORDES VALLS 6 JAVEA/XABIA (ALICANTE),OK,6
4776101BC5947N,0.173762877165013,38.7918968137108,CL MANUEL VAZQUEZ MONTALBAN 1 JAVEA/XABIA (ALICANTE),OK,7
4977316BC5947N,0.177562550660739,38.7921250383446,AV AUSIAS MARCH 9 JAVEA/XABIA (ALICANTE),OK,6
5855001BC5955S,0.187391023323276,38.7724647619705,AV ARENAL 14 JAVEA/XABIA (ALICANTE),OK,11
5854001BC5955S,0.188133068545947,38.7718649499817,AV ARENAL 65 JAVEA/XABIA (ALICANTE),OK,11
5369001BC5956N,0.181520115960199,38.7849472541158,AV AUGUSTA 31 JAVEA/XABIA (ALICANTE),OK,7
5368405BC5956N,0.182408012077453,38.7835495375315,CL GENOVA 30 JAVEA/XABIA (ALICANTE),OK,7
5758404BC5955N,0.187126933855941,38.774807143451,AV FONTANA 8 JAVEA/XABIA (ALICANTE),OK,11
5369003BC5956N,0.182204140146257,38.7849224106788,CL NAPOLES 2 JAVEA/XABIA (ALICANTE),OK,7
5379508BC5957N,0.18109375822891,38.7933317339852,CL DOCTOR FLEMING 9 JAVEA/XABIA (ALICANTE),OK,6
5279504BC5957N,0.180387725297516,38.7940318250825,AV REY JAIME I 15 JAVEA/XABIA (ALICANTE),OK,6
5466510BC5956N,0.182771053086451,38.782375465493,CL GENOVA 32 ISLETA MARINA JAVEA/XABIA (ALICANTE),OK,7
5379503BC5957N,0.18119748948178,38.7939356085853,CL VIRGEN DEL LORETO 2 JAVEA/XABIA (ALICANTE),OK,6
6352009BC5965S,0.193837614386369,38.7701511064494,CL ATENAS 7 JAVEA/XABIA (ALICANTE),OK,11
5266508BC5956N,0.181699835530264,38.7821174452792,AV AUGUSTA 32 JAVEA/XABIA (ALICANTE),OK,7
5378404BC5957N,0.181750671659926,38.7929689318686,AV MARINA ESPAÑOLA 14 JAVEA/XABIA (ALICANTE),OK,6
4977306BC5947N,0.177763134667985,38.7938434532438,CL MANUEL BORDES VALLS 4 JAVEA/XABIA (ALICANTE),OK,6
3473818BC5937S,0.159406883765306,38.7886239297963,CL DEL METGE JAIME MARTI 3 JAVEA/XABIA (ALICANTE),OK,2
5758401BC5955N,0.187293510995445,38.7749613421181,AV PARIS 1 JAVEA/XABIA (ALICANTE),OK,11
6352002BC5965S,0.193397140398131,38.7704195413498,AV LIBERTAD LA 46(A) JAVEA/XABIA (ALICANTE),OK,11
5760106BC5955N,0.187080673312989,38.776894939319,CL PISA 2(D) JAVEA/XABIA (ALICANTE),OK,11
5279508BC5957N,0.180289133074902,38.7937267319275,CL SEVERO OCHOA 4 JAVEA/XABIA (ALICANTE),OK,6
3776717BC5937N,0.162563315614666,38.790437485155,CL DEL MESTRE ANGEL PALENCIA 8 JAVEA/XABIA (ALICANTE),OK,4
5169033BC5956N,0.178822720747581,38.7852296006329,CL VENECIA 41 JAVEA/XABIA (ALICANTE),OK,7
5266507BC5956N,0.181247938277674,38.7823394277808,CL VICENZA 19 2 JAVEA/XABIA (ALICANTE),OK,7
5656514BC5955N,0.186001102935608,38.7725559656455,AV ARENAL 11(A) JAVEA/XABIA (ALICANTE),OK,11
5859008BC5955N,0.188692528976883,38.775609651377,AV MEDITERRANEO 238 JAVEA/XABIA (ALICANTE),OK,11
3274903BC5937E,0.158254008874737,38.7905492628868,AV ANGEL DOMENECH 20(D) JAVEA/XABIA (ALICANTE),OK,2
5753205BC5955S,0.18680522372743,38.7709360854472,CR CABO DE LA NAO PLA 137 JAVEA/XABIA (ALICANTE),OK,11
5370730BC5956N,0.18172615752542,38.7858113544793,CL GENOVA 20 JAVEA/XABIA (ALICANTE),OK,7
4578308BC5947N,0.174940470044208,38.7941288028914,CM VELL DE LA MAR 70 JAVEA/XABIA (ALICANTE),OK,6
5856806BC5955N,0.187674669780747,38.7741445435875,AV LIBERTAD LA 4 JAVEA/XABIA (ALICANTE),OK,11
4977303BC5947N,0.176716812822163,38.7939391511658,AV PORT 32 JAVEA/XABIA (ALICANTE),OK,6
5368406BC5956N,0.181886723372543,38.7839022846652,AV AUGUSTA 35 JAVEA/XABIA (ALICANTE),OK,7
4277601BC5947N,0.168012747996351,38.7916290104559,AV DEL REI JUAN CARLOS I 20 JAVEA/XABIA (ALICANTE),OK,5
5378409BC5957N,0.181724206929494,38.7925541358519,AV MARINA ESPAÑOLA 19 JAVEA/XABIA (ALICANTE),OK,6
4347022BC5947N,0.169949690223846,38.7920918440827,AV DEL REI JUAN CARLOS I 58 JAVEA/XABIA (ALICANTE),OK,5
5753204BC5955S,0.187313892933925,38.7707369787417,CL NIZA 62 JAVEA/XABIA (ALICANTE),OK,11
5169036BC5956N,0.180010347836269,38.784454840255,AV AUGUSTA 20 N2-7 JAVEA/XABIA (ALICANTE),OK,7
5372020BC5957S,0.181496164125937,38.7872330562677,CL GENOVA 17 JAVEA/XABIA (ALICANTE),OK,7
7046002BC5974N,0.202268319477253,38.7646898196996,AV ULTRAMAR 100 JAVEA/XABIA (ALICANTE),OK,11
5378402BC5957N,0.18172499177327,38.7931442634948,AV MARINA ESPAÑOLA 12 JAVEA/XABIA (ALICANTE),OK,6
5227009BC5957N,0.181172974537584,38.7918839612878,AV LEPANTO 20 JAVEA/XABIA (ALICANTE),OK,6
5380711BC5957N,0.181527061395196,38.7946336766397,AV REY JAIME I 4 JAVEA/XABIA (ALICANTE),OK,6
5463709BC5956S,0.183494108074483,38.7791507280374,AV AUGUSTA 64 JAVEA/XABIA (ALICANTE),OK,7
5852004BC5955S,0.187661700241852,38.770006857294,CR CABO DE LA NAO PLA 139(D) Bl:12 JAVEA/XABIA (ALICANTE),OK,11
5470819BC5957S,0.182480771040693,38.7859874990885,CL GENOVA 23 JAVEA/XABIA (ALICANTE),OK,7
5750201BC5955S,0.186325637169233,38.7693086096892,CL NIZA 17 JAVEA/XABIA (ALICANTE),OK,11
6947811BC5964N,0.20112262524275,38.7651140072027,CL ESPARTA 6 JAVEA/XABIA (ALICANTE),OK,11
5379510BC5957N,0.181089309512273,38.7935728953974,CL DOCTOR FLEMING 5 JAVEA/XABIA (ALICANTE),OK,6
5368404BC5956N,0.182376557080538,38.7840379837547,CL GENOVA 28 JAVEA/XABIA (ALICANTE),OK,7
5568508BC5956N,0.183907506243123,38.7830229901264,AV MEDITERRANEO 122 JAVEA/XABIA (ALICANTE),OK,7
5469004BC5956N,0.183313624707052,38.7848560238876,AV MEDITERRANEO 98 JAVEA/XABIA (ALICANTE),OK,7
4773801BC5947S,0.17556602079331,38.7892890146257,CL VALL DE GALLINERA 6 JAVEA/XABIA (ALICANTE),OK,7
6749517BC5964N,0.198795816826331,38.7661607860978,CL PATRAI 18 JAVEA/XABIA (ALICANTE),OK,11
5652205BC5955S,0.185197934316315,38.7705502222747,CL AMSTERDAM 1(A) JAVEA/XABIA (ALICANTE),OK,11
5856805BC5955N,0.187703835357565,38.7743659755576,AV LIBERTAD LA 4 JAVEA/XABIA (ALICANTE),OK,11
6353102BC5965S,0.193888366356152,38.7710437142087,AV ULTRAMAR 10 JAVEA/XABIA (ALICANTE),OK,11
5355303BC5955N,0.182429151796176,38.7733923029166,AV FONTANA 25 JAVEA/XABIA (ALICANTE),OK,11
5374701BC5957S,0.180270267876472,38.789458304399,CL GENOVA 5 JAVEA/XABIA (ALICANTE),OK,7
5174001BC5957S,0.17921954138421,38.7897548266347,CL TARENTO 2 JAVEA/XABIA (ALICANTE),OK,7
5169035BC5956N,0.179923751452332,38.7855060259772,CL VENECIA 37 JAVEA/XABIA (ALICANTE),OK,7
5856802BC5955N,0.188124838215629,38.7743307068501,AV LIBERTAD LA 4 JAVEA/XABIA (ALICANTE),OK,11
5960703BC5956S,0.188085518236052,38.7780314318261,AV MEDITERRANEO 210 JAVEA/XABIA (ALICANTE),OK,11
5370728BC5956N,0.180928247578883,38.7855452379118,AV AUGUSTA 27 JAVEA/XABIA (ALICANTE),OK,7
5585608BC5958S,0.182876926673031,38.7990120662865,CL CUESTA SAN ANTONIO 14 JAVEA/XABIA (ALICANTE),OK,6
5852003BC5955S,0.187840868395437,38.7697289084251,CR CABO DE LA NAO PLA 141(D) Bl:13 JAVEA/XABIA (ALICANTE),OK,11
4977314BC5947N,0.177610998727525,38.7928278527285,CL JOAN FUSTER 12 JAVEA/XABIA (ALICANTE),OK,6
6550305BC5965S,0.196370090395639,38.7683360913442,CL TESALONICA 4 JAVEA/XABIA (ALICANTE),OK,11
4174415BC5947S,0.168294511238104,38.7893440657203,AV TRENC D'ALBA DEL 23 JAVEA/XABIA (ALICANTE),OK,8
6947808BC5964N,0.20069076670282,38.7659877478573,AV ULTRAMAR 92 JAVEA/XABIA (ALICANTE),OK,11
5859010BC5955N,0.187458492683531,38.775815259724,AV AUGUSTA 143 JAVEA/XABIA (ALICANTE),OK,11
6650707BC5964N,0.197249563942882,38.767638614074,CL ARENAL-MONTAÑAR 75 JAVEA/XABIA (ALICANTE),OK,11
5652204BC5955S,0.185647737001535,38.7700657284779,CL AMSTERDAM 1 GOLDEN BEACH JAVEA/XABIA (ALICANTE),OK,11
5852005BC5955S,0.187854147040416,38.7694084043463,CR CABO DE LA NAO PLA 143 Bl:14 JAVEA/XABIA (ALICANTE),OK,11
5378406BC5957N,0.181678373870558,38.7927997039672,AV MARINA ESPAÑOLA 16 JAVEA/XABIA (ALICANTE),OK,6
5170805BC5957S,0.179510148544357,38.7862532672597,AV AUGUSTA 12 JAVEA/XABIA (ALICANTE),OK,7
4351303BC5945S,0.17127841488328,38.7683781203045,CM REBALDI 12 JAVEA/XABIA (ALICANTE),OK,1
5078501BC5957N,0.178898723919641,38.7936035920271,AV BOTANIC CABANILLES 9 JAVEA/XABIA (ALICANTE),OK,6
6749505BC5964N,0.199055526727214,38.7664348648167,CL ARENAL-MONTAÑAR 78 JAVEA/XABIA (ALICANTE),OK,11
5859013BC5955N,0.186743633927405,38.7759475949854,AV AUGUSTA 135 JAVEA/XABIA (ALICANTE),OK,11
5953101BC5955S,0.189343988677229,38.7708891064304,CL NIZA 1 UE ARENAL 3  3A JAVEA/XABIA (ALICANTE),OK,11
5457312BC5955N,0.183567665793865,38.7748154089823,CL CANNES 5 JAVEA/XABIA (ALICANTE),OK,11
6352006BC5965S,0.194861247906089,38.7704192239668,AV ULTRAMAR 14 JAVEA/XABIA (ALICANTE),OK,11
4977315BC5947N,0.177226690932553,38.7926452233943,CL JOAN FUSTER 14 JAVEA/XABIA (ALICANTE),OK,6
5851002BC5955S,0.188071162766384,38.7686443196239,CR CABO DE LA NAO PLA 64 JAVEA/XABIA (ALICANTE),OK,11
5762021BC5956S,0.18607391739417,38.7791649959668,CL GENOVA 53 JAVEA/XABIA (ALICANTE),OK,11
3562809BC5937S,0.160678923782924,38.7876059217302,RD DE COLON 4 JAVEA/XABIA (ALICANTE),OK,10
5470503BC5956N,0.183064312039165,38.785404892508,PD MT MONTAÑAR I 34 JAVEA/XABIA (ALICANTE),OK,7
5378407BC5957N,0.181724792819791,38.7927377593925,AV MARINA ESPAÑOLA 17 JAVEA/XABIA (ALICANTE),OK,6
6846001BC5964N,0.199572047489649,38.7648740322074,PD ARENAL SALADAR 119(A) JAVEA/XABIA (ALICANTE),OK,11
5267004BC5956N,0.180761973695687,38.7839912632124,CL NAPOLES 7 JAVEA/XABIA (ALICANTE),OK,7
6846007BC5964N,0.200004780437219,38.7650345952182,PD ARENAL SALADAR 119(B) JAVEA/XABIA (ALICANTE),OK,11
5850401BC5955S,0.188778141001672,38.7690244192349,CL RENNES 15 UE ARENAL 3  3A JAVEA/XABIA (ALICANTE),OK,11
5368407BC5956N,0.182122988660794,38.7843209732063,CL GENOVA 26 JAVEA/XABIA (ALICANTE),OK,7
6846003BC5964N,0.200222924980929,38.7645470115106,PD ARENAL SALADAR 100(E) JAVEA/XABIA (ALICANTE),OK,11
5376605BC5957S,0.180011915435535,38.7910257181388,PS JULIO ALEJANDRO CASTRO 5 JAVEA/XABIA (ALICANTE),OK,7
6352005BC5965S,0.194472868175907,38.7705036814366,CL RODAS 3 JAVEA/XABIA (ALICANTE),OK,11
5380703BC5957N,0.181328175082418,38.7948163586417,CL ANDRES LAMBERT 5 JAVEA/XABIA (ALICANTE),OK,6
5760104BC5956S,0.187146880382311,38.7772511410524,CL GENOVA 58 JAVEA/XABIA (ALICANTE),OK,11
5747203BC5954N,0.187532714351715,38.7662414351489,CL HAYA LA 8 JAVEA/XABIA (ALICANTE),OK,11
6251302BC5965S,0.192497682914673,38.7699460996552,CL ATENAS 2 JAVEA/XABIA (ALICANTE),OK,11
6660008BC5964N,0.19670286558619,38.7677491904475,CL TESALONICA 9 JAVEA/XABIA (ALICANTE),OK,11
5856804BC5955N,0.187766254607737,38.7733659071498,CL SAN RAFAEL 2 JAVEA/XABIA (ALICANTE),OK,11
5079501BC5957N,0.178267899731171,38.7940194423253,AV LEPANTO 2(A) JAVEA/XABIA (ALICANTE),OK,6
5568512BC5956N,0.183865076680507,38.7822943750429,AV MEDITERRANEO 130 JAVEA/XABIA (ALICANTE),OK,7
7043241BC5964S,0.201291254892595,38.7635906855551,CL ESPARTA 7 JAVEA/XABIA (ALICANTE),OK,11
5374710BC5957S,0.180327416811484,38.7901192549649,CL GENOVA 3 JAVEA/XABIA (ALICANTE),OK,7
5951201BC5955S,0.18938584352344,38.7693802324408,AV PARIS 32 UE ARENAL 3  3A JAVEA/XABIA (ALICANTE),OK,11
6947801BC5964N,0.19942255273112,38.7661836563677,CL PATRAI 7 JAVEA/XABIA (ALICANTE),OK,11
7043242BC5964S,0.201267752992167,38.7626315222849,CL ESPARTA 9 JAVEA/XABIA (ALICANTE),OK,12
6749503BC5964N,0.19914039495773,38.7672954053171,AV ULTRAMAR 66 JAVEA/XABIA (ALICANTE),OK,11
5374712BC5957S,0.1810408752239,38.790131617531,AV MEDITERRANEO 14 JAVEA/XABIA (ALICANTE),OK,7
5372012BC5957S,0.182241348462988,38.7870239174741,AV MEDITERRANEO 27(A) JAVEA/XABIA (ALICANTE),OK,7
5372032BC5957S,0.180751564970051,38.7877715842775,CL PARMA 7 CALLE PARMA 7-9 JAVEA/XABIA (ALICANTE),OK,7
6352007BC5965S,0.195137383239288,38.7703239607656,AV ULTRAMAR 18(A) JAVEA/XABIA (ALICANTE),OK,11
5960709BC5955N,0.188864457345683,38.7770690713775,AV MEDITERRANEO 224 JAVEA/XABIA (ALICANTE),OK,11
4064101BC5946S,0.166473635126291,38.78958512382,CL DE TIRANT LO BLANC 6 JAVEA/XABIA (ALICANTE),OK,8
5328610BC5957N,0.180965997166688,38.7929722417239,AV LEPANTO 17 JAVEA/XABIA (ALICANTE),OK,6
5648301BC5954N,0.186279862838974,38.7666780305055,AV ESTRASBURGO 9 JAVEA/XABIA (ALICANTE),OK,11
5466506BC5956S,0.183744444388383,38.7811667433754,CL GENOVA 36 JAVEA/XABIA (ALICANTE),OK,7
8630003BC5983S,0.220039472059341,38.7513576907781,CL BARRACA LA 63(D) JAVEA/XABIA (ALICANTE),OK,12
5568511BC5956N,0.184406557587853,38.782699608381,AV MEDITERRANEO 55 JAVEA/XABIA (ALICANTE),OK,7
5566303BC5956N,0.184563981713417,38.7818647275725,AV MEDITERRANEO 60 JAVEA/XABIA (ALICANTE),OK,7
6650702BC5965S,0.197767345187793,38.7684638671874,CL ARENAL-MONTAÑAR 73 JAVEA/XABIA (ALICANTE),OK,11
5372021BC5957S,0.181107006298356,38.7876291702305,CL GENOVA 15 JAVEA/XABIA (ALICANTE),OK,7
7046013BC5964N,0.201557747296145,38.7650957852252,CL ESPARTA 92(A) JAVEA/XABIA (ALICANTE),OK,11
4077508BC5937N,0.166617902559185,38.7914220112089,AV DEL REI JUAN CARLOS I 15 JAVEA/XABIA (ALICANTE),OK,5
7145006BC5974S,0.203305471044108,38.7638594002759,CL ARENAL-MONTAÑAR 104 JAVEA/XABIA (ALICANTE),OK,11
6551006BC5965S,0.195278609455183,38.7688722472263,CL SALONICA 3 JAVEA/XABIA (ALICANTE),OK,11
6052203BC5955S,0.190537820532913,38.7704857450666,AV LIBERTAD LA 30 JAVEA/XABIA (ALICANTE),OK,11
6451302BC5965S,0.194785016296093,38.7692954542444,CL SALONICA 4 JAVEA/XABIA (ALICANTE),OK,11
3665616BC5937S,0.161546794758184,38.7892709433583,CL DEL BON AIRE 2 JAVEA/XABIA (ALICANTE),OK,3
5764611BC5956S,0.186385991392846,38.780152369276,CL FLORENCIA 2 JAVEA/XABIA (ALICANTE),OK,7
3564804BC5937S,0.160899533799882,38.7893949399061,PZ CONSTITUCION DE LA 1 JAVEA/XABIA (ALICANTE),OK,3
5960713BC5955N,0.189429055215708,38.7764173226687,AV MEDITERRANEO 232 JAVEA/XABIA (ALICANTE),OK,11
4372124BC5946N,0.169422154401182,38.7853048007316,CL DE GARCILASO DE LA VEGA 2 JAVEA/XABIA (ALICANTE),OK,8
3664208BC5937S,0.162296025499561,38.7895532166933,CL TOSSAL DE BAIX 7 JAVEA/XABIA (ALICANTE),OK,3
6352008BC5965S,0.194250108427276,38.7695834266343,CL RODAS 5 RESIDENCIAL ESMIRNA JAVEA/XABIA (ALICANTE),OK,11
5952136BC5955S,0.18830886024624,38.7698708135435,AV PARIS 30 UE ARENAL 3  3A JAVEA/XABIA (ALICANTE),OK,11
5466512BC5956N,0.183314294039552,38.7821837895406,CL GENOVA 36 JAVEA/XABIA (ALICANTE),OK,7
5272730BC5957S,0.180511977523374,38.786984783066,CL GENOVA 14 JAVEA/XABIA (ALICANTE),OK,7
5960715BC5956S,0.187480010872852,38.7778731504883,CL SIRACUSA 8 .. JAVEA/XABIA (ALICANTE),OK,11
7046001BC5964N,0.201883115632384,38.7652564712361,AV ULTRAMAR 98 JAVEA/XABIA (ALICANTE),OK,11
5550304BC5955S,0.185974840070317,38.7676372965618,AV ESTRASBURGO 6 JAVEA/XABIA (ALICANTE),OK,11
5954701BC5955S,0.18872009527205,38.7716692555747,CL NIZA 2 JAVEA/XABIA (ALICANTE),OK,11
5747208BC5954N,0.187496457949705,38.7667045449326,CL HAYA LA 6 JAVEA/XABIA (ALICANTE),OK,11
8239023BC5983N,0.216460597118132,38.7580888087145,CL REMOL EL 3 JAVEA/XABIA (ALICANTE),OK,12
4835003BC5943S,0.177166707156388,38.754013446795,CL FRANCESCO ALBANI 2 JAVEA/XABIA (ALICANTE),OK,1
1526101BC5912N,0.138105391866221,38.7457402418724,CL OVIDIO 1 JAVEA/XABIA (ALICANTE),OK,1
0881252BC5908S,0.125708002882478,38.7960015985394,CL CARRASCA 6 JAVEA/XABIA (ALICANTE),OK,2
6734802BC5963S,0.198561827837553,38.7546361161983,UR TOSALET 60 JAVEA/XABIA (ALICANTE),OK,12
2877424BC5927N,0.152740221575547,38.7934054603705,CL MIERES 10 JAVEA/XABIA (ALICANTE),OK,2
7633618BC5973S,0.208808946428367,38.7527753324907,PD CM CAP MARTI 199 JAVEA/XABIA (ALICANTE),OK,12
9021604BC5982S,0.225903768795786,38.7427393924759,CL GUSTAV MAHLER 19 JAVEA/XABIA (ALICANTE),OK,12
8410103BC5981S,0.219447590358991,38.734643778946,UR BALCON AL MAR A 107 JAVEA/XABIA (ALICANTE),OK,12
8919726BC5981N,0.223535973558247,38.7415206443007,UR BALCON AL MAR E 37 JAVEA/XABIA (ALICANTE),OK,12
6834006BC5963S,0.199803645942265,38.7536709893852,UR TOSALET 1051 JAVEA/XABIA (ALICANTE),OK,12
3177713BC5937N,0.156575535976451,38.7915667150785,CL LANGREO 11 JAVEA/XABIA (ALICANTE),OK,2
4574401BC5943S,0.173959538510902,38.754187062438,CL MASOLINO 37 JAVEA/XABIA (ALICANTE),OK,1
5454139BC5955S,0.18330911062851,38.7711107377854,UR ISLA LA 25 JAVEA/XABIA (ALICANTE),OK,11
0084939BC4998N,0.119162563792695,38.7987724666047,CL ORION 2 JAVEA/XABIA (ALICANTE),OK,2
9315418BC5991S,0.229578560566639,38.7371098327467,CL PIERRE BOULEZ 13 JAVEA/XABIA (ALICANTE),OK,12
2963072BC5926S,0.154831500996253,38.7795892183545,CL MEDINA DEL CAMPO 1 JAVEA/XABIA (ALICANTE),OK,1
2344901BC5924S,0.14841350543121,38.7621444098861,CL MAR DE SAN LORENZO 1 JAVEA/XABIA (ALICANTE),OK,1
5333317BC5953S,0.183243156943689,38.7532985067718,UR PINO SOL 123 JAVEA/XABIA (ALICANTE),OK,12
2863116BC5926S,0.154860114571483,38.7777658101462,CL MEDINA DEL CAMPO 14 JAVEA/XABIA (ALICANTE),OK,1
7233013BC5973S,0.205000224077797,38.7517743894008,CL ANGILAGA 32 JAVEA/XABIA (ALICANTE),OK,12
2281004BC5928S,0.144989215629203,38.7952554876111,CL UTRERA 5 JAVEA/XABIA (ALICANTE),OK,2
0016011BC5955S,0.178874196041547,38.77609378742,CM BENARRIBAT 10 JAVEA/XABIA (ALICANTE),OK,1
1635117BC5913S,0.140492411740609,38.7521382372584,CL PLATON 17 JAVEA/XABIA (ALICANTE),OK,1
7435505BC5973S,0.207193075961247,38.7541752393514,UR TOSCAL 29 JAVEA/XABIA (ALICANTE),OK,12
0677423BC5907N,0.127300119156948,38.7913194170343,CL MUELA 12 JAVEA/XABIA (ALICANTE),OK,2
8516409BC5981N,0.219183668119059,38.7378857654609,UR BALCON AL MAR B 141 JAVEA/XABIA (ALICANTE),OK,12
9317610BC5991N,0.228540609019289,38.7387646656176,UR BALCON AL MAR G 35 JAVEA/XABIA (ALICANTE),OK,12
9285211BC4998N,0.112240709313073,38.7980620412898,CL OSA MAYOR 9 JAVEA/XABIA (ALICANTE),OK,2
9490803BC4999S,0.113338754520304,38.80271813709,CL CENTAURO 21 JAVEA/XABIA (ALICANTE),OK,2
9021804BC5982S,0.225466863690295,38.7431876867873,UR BALCON AL MAR E 92 JAVEA/XABIA (ALICANTE),OK,12
3981121BC5938S,0.16398314531291,38.7955853681335,CL ALMUDAINA 22 JAVEA/XABIA (ALICANTE),OK,1
5227508BC5952N,0.181761509279942,38.7479765916489,CL DIEGO VELAZQUEZ 54 UA AC-36 PARCELA N¦8 JAVEA/XABIA (ALICANTE),OK,12
3981103BC5938S,0.164203662334903,38.7959581220667,CL ALMUDAINA 28 JAVEA/XABIA (ALICANTE),OK,1
2375126BC5927S,0.145794382621213,38.7891620519771,CL D'OSCA 2 JAVEA/XABIA (ALICANTE),OK,2
3073341BC5927N,0.152161122394096,38.7901432342243,CL LEON 16 JAVEA/XABIA (ALICANTE),OK,2
9882409BC4998S,0.118872260850649,38.7951501710267,CL PENYAPARDA 7 JAVEA/XABIA (ALICANTE),OK,2
9877634BC4997N,0.119163187125975,38.790817607487,CL BAHAMAS 10 JAVEA/XABIA (ALICANTE),OK,1
8989308BC4998N,0.107974632449869,38.8030491474118,CL ARIES 23 JAVEA/XABIA (ALICANTE),OK,2
5246304BC5954N,0.182129028722109,38.7650896846069,CL FRANCISCO HERRERA 7 JAVEA/XABIA (ALICANTE),OK,1
5386306BC5958N,0.182529190740675,38.7997225260851,CL CUESTA SAN ANTONIO 35(D) JAVEA/XABIA (ALICANTE),OK,6
9315405BC5991S,0.229716354596843,38.7372738296939,CL PIERRE BOULEZ 5 JAVEA/XABIA (ALICANTE),OK,12
5378502BC5957N,0.181516426380727,38.7931609413032,CL TRIANA 32 JAVEA/XABIA (ALICANTE),OK,6
3664310BC5937S,0.162473295279585,38.7890605739789,CL SANT ISIDRE 3 JAVEA/XABIA (ALICANTE),OK,3
0084929BC4998S,0.119536483470248,38.7959114469253,CL PENYAPARDA 10 JAVEA/XABIA (ALICANTE),OK,2
3664215BC5937S,0.162074817924481,38.7892130560004,CL SOR CATERINA BAS 10 JAVEA/XABIA (ALICANTE),OK,3
3769808BC5936N,0.163044590324264,38.7847347824997,CL DEL GUERRILLER CAMPANER 16 JAVEA/XABIA (ALICANTE),OK,9
3762822BC5937S,0.163868303861949,38.7879945265633,RD SUD 49 JAVEA/XABIA (ALICANTE),OK,9
3966426BC5937S,0.166208257740372,38.7908574588957,CL DEL PATRAIX 17 JAVEA/XABIA (ALICANTE),OK,5
3373515BC5937S,0.158815686486375,38.7879778159682,CL NOU 43 JAVEA/XABIA (ALICANTE),OK,2
3463013BC5937S,0.160090746813414,38.788427496363,CL NOU 5 JAVEA/XABIA (ALICANTE),OK,2
3976201BC5937N,0.165293664294929,38.7908747178915,CL DE CERVANTES 1 JAVEA/XABIA (ALICANTE),OK,5
3864402BC5937S,0.16450760798086,38.7888248519999,CL ESPARTERIA L' 2 JAVEA/XABIA (ALICANTE),OK,4
3864502BC5937S,0.16412901482741,38.7891174676548,CL ROQUES 14 JAVEA/XABIA (ALICANTE),OK,4
3563412BC5937S,0.161500579171526,38.7879741076555,CL SANT BLAI 3 JAVEA/XABIA (ALICANTE),OK,3
3372322BC5937S,0.159055693076011,38.7871468759464,CL DE MARE DE DEU DEL PÒPUL 9 JAVEA/XABIA (ALICANTE),OK,10
5482701BC5958S,0.181830694214238,38.7968943194933,CL CHURRUCA 28 JAVEA/XABIA (ALICANTE),OK,6
3864607BC5937S,0.164131416228103,38.7887785072654,CL ESTRET 10 JAVEA/XABIA (ALICANTE),OK,4
3676310BC5937N,0.162119008205921,38.7905379510925,CL DE LA COMA 6 JAVEA/XABIA (ALICANTE),OK,4
5481017BC5958S,0.182250100904723,38.7956682777147,PZ ADOLFO SUAREZ 19 JAVEA/XABIA (ALICANTE),OK,6
3373531BC5937S,0.158840038931965,38.7877272304124,CL DE SANT DOMÈNEC 32 JAVEA/XABIA (ALICANTE),OK,2
5454132BC5955S,0.183150018925519,38.7713166383207,UR ISLA LA 18 JAVEA/XABIA (ALICANTE),OK,11
3663826BC5937S,0.161341016728015,38.7881687025325,CL FORN 16 JAVEA/XABIA (ALICANTE),OK,3
0010053BC5905N,0.169072181770334,38.8047600298172,CR CAP DE SANT ANTONI 20 JAVEA/XABIA (ALICANTE),OK,1
5847038BC5954N,0.187941860524801,38.7659940705462,UR COFITSA 22 JAVEA/XABIA (ALICANTE),OK,11
5847057BC5954N,0.188360235572945,38.7653415946433,UR COFITSA 62 JAVEA/XABIA (ALICANTE),OK,11
5847034BC5954N,0.187870711141325,38.7654703537473,UR COFITSA 14 JAVEA/XABIA (ALICANTE),OK,11
5847069BC5954N,0.188071054505057,38.7648022674091,UR COFITSA 8 JAVEA/XABIA (ALICANTE),OK,11
9315426BC5991S,0.22983547851457,38.7370697072548,CL PIERRE BOULEZ 22 JAVEA/XABIA (ALICANTE),OK,12
9315424BC5991S,0.230063813614732,38.7371649464141,CL PIERRE BOULEZ 24 JAVEA/XABIA (ALICANTE),OK,12
5454138BC5955S,0.183292668062823,38.7711396216205,UR ISLA LA 24 JAVEA/XABIA (ALICANTE),OK,11
3981108BC5938S,0.165516669311956,38.7961203704039,CL ALMUDAINA 38 JAVEA/XABIA (ALICANTE),OK,1
3675805BC5937N,0.161704985461371,38.790394730278,CL DE LA PAU 13 JAVEA/XABIA (ALICANTE),OK,4
5847074BC5954N,0.188169745857134,38.7654305254681,UR COFITSA 15 JAVEA/XABIA (ALICANTE),OK,11
9122406BC5992S,0.227422142492455,38.7432366375836,UR BALCON MAR GAVI 1 JAVEA/XABIA (ALICANTE),OK,12
1539645BC5913N,0.139693548302922,38.755112829187,CL MELISO 6 JAVEA/XABIA (ALICANTE),OK,1
5553452BC5955S,0.185383975351061,38.7717429524456,CR CABO DE LA NAO PLA 124 JAVEA/XABIA (ALICANTE),OK,11
5553450BC5955S,0.185310824250575,38.7718647977984,AV ARENAL 31(C) JAVEA/XABIA (ALICANTE),OK,11
3373508BC5937S,0.15834842178782,38.7878250894642,CL NOU 57 JAVEA/XABIA (ALICANTE),OK,2
5481003BC5958S,0.182149748751744,38.7956410802029,CL PIO X 6 JAVEA/XABIA (ALICANTE),OK,6
4944703BC5944S,0.177730193510947,38.7626625528659,CL FRANCISCO DE ZURBVARAN 5 JAVEA/XABIA (ALICANTE),OK,1
2571643BC5927S,0.148961807193708,38.7861546037203,CL SUIZA 11 JAVEA/XABIA (ALICANTE),OK,1
5271524BC5957S,0.180674181169008,38.7861994852022,UR BAHIA DE JAVEA 24 JAVEA/XABIA (ALICANTE),OK,7
2038511BC5923N,0.147235723401881,38.757494746028,CL RAFAEL ALBERTI 11(D) JAVEA/XABIA (ALICANTE),OK,1
1437203BC5913N,0.1384084499954,38.7554515305516,CL HOMERO 1 JAVEA/XABIA (ALICANTE),OK,1
9215013BC5991S,0.228972123326122,38.7372258151947,CL PIERRE BOULEZ 9(L) JAVEA/XABIA (ALICANTE),OK,12
5839107BC5953N,0.188709648746555,38.7585746789344,CL PERERA LA 5 JAVEA/XABIA (ALICANTE),OK,12
2666614BC5926N,0.152376413512913,38.7806450773859,AV GATA 48 JAVEA/XABIA (ALICANTE),OK,1
03082A03000145,0.144490926874695,38.7681307247401,CM CABANES 345 Polígono 30 Parcela 145 MASSENA. JAVEA/XABIA (ALICANTE),OK,1
7523804BC5972S,0.208137092103038,38.7448316116007,CL MILA 7 JAVEA/XABIA (ALICANTE),OK,12
9315427BC5991S,0.22976367348297,38.7370316962134,CL PIERRE BOULEZ 21 JAVEA/XABIA (ALICANTE),OK,12
9280304BC4998S,0.112523946970872,38.7944769821866,CL INDIA 3 JAVEA/XABIA (ALICANTE),OK,1
5333312BC5953S,0.183395297845815,38.7516469710572,UR PINO SOL 128 JAVEA/XABIA (ALICANTE),OK,12
9122407BC5992S,0.2273597226849,38.7433097542519,UR BALCON MAR GAVI 2 JAVEA/XABIA (ALICANTE),OK,12
9122408BC5992S,0.227301583194597,38.7433792786115,UR BALCON MAR GAVI 3 JAVEA/XABIA (ALICANTE),OK,12
9315421BC5991S,0.229798829563306,38.7371994754344,CL PIERRE BOULEZ 16 JAVEA/XABIA (ALICANTE),OK,12
9215002BC5991S,0.227630297619299,38.7374755219693,CL PIERRE BOULEZ 9(A) JAVEA/XABIA (ALICANTE),OK,12
6945649BC5964S,0.200438558743965,38.763431862641,UR PARQUE CALABLANCA 48 JAVEA/XABIA (ALICANTE),OK,11
2644012BC5924S,0.151303325294783,38.7624150414668,CL MAR ADRIATICO 3 JAVEA/XABIA (ALICANTE),OK,1
8128004BC5982N,0.21529943524762,38.7501081456844,CL DE L'ALBER 17 JAVEA/XABIA (ALICANTE),OK,12
6945643BC5964S,0.200485437929357,38.7629185498535,UR PARQUE CALABLANCA 38 JAVEA/XABIA (ALICANTE),OK,11
0016001BC5950S,0.19103296123615,38.7289447612981,CM VELL DEL MORRO DE CASTELL 28 JAVEA/XABIA (ALICANTE),OK,12
7633617BC5973S,0.209021291166879,38.7531870020382,CL PEBRELLA 10 JAVEA/XABIA (ALICANTE),OK,12
2963007BC5936S,0.156728397791656,38.7804000396165,CL PALMAS LAS 6 JAVEA/XABIA (ALICANTE),OK,1
9315414BC5991S,0.229973058226007,38.7369237730446,CL PIERRE BOULEZ 26 JAVEA/XABIA (ALICANTE),OK,12
9315413BC5991S,0.23017675474316,38.7370374376873,CL PIERRE BOULEZ 27 JAVEA/XABIA (ALICANTE),OK,12
9317637BC5991N,0.226446001907545,38.7381754627486,UR BALCON AL MAR G 7 JAVEA/XABIA (ALICANTE),OK,12
7323404BC5972S,0.206662911567692,38.7439382180168,UR COSTA NOVA PANORAMA 259 JAVEA/XABIA (ALICANTE),OK,12
0176311BC4997N,0.120602704895957,38.7914021492584,CL BERMUDAS 3 JAVEA/XABIA (ALICANTE),OK,1
2622313BC5922N,0.152390028986664,38.7431827042011,CL LAGO ILMEN 3 JAVEA/XABIA (ALICANTE),OK,1
9490802BC4999S,0.113082768853259,38.8027816274129,CL CENTAURO 23 JAVEA/XABIA (ALICANTE),OK,2
5381204BC5958S,0.180859379643033,38.796129675754,CL MAGALLANES 8 JAVEA/XABIA (ALICANTE),OK,6
1195318BC5917N,0.136092249474982,38.7903585009145,CL PIC DEL MONTSIA 11 JAVEA/XABIA (ALICANTE),OK,2
7631702BC5973S,0.209054487968407,38.7519303503236,PD CM CAP MARTI 196 JAVEA/XABIA (ALICANTE),OK,12
9215020BC5991S,0.228020174005508,38.7373169282551,CL PIERRE BOULEZ 9(S) JAVEA/XABIA (ALICANTE),OK,12
3863102BC5937S,0.164246391202691,38.7885963394966,CL PLANET 4 JAVEA/XABIA (ALICANTE),OK,4
2176818BC5927N,0.144452868774273,38.7903151274393,CL JACA 6 JAVEA/XABIA (ALICANTE),OK,2
4241013BC5944S,0.170661005145459,38.7601988798707,CL RIO TURIA 7 JAVEA/XABIA (ALICANTE),OK,1
5628010BC5952N,0.18751813607626,38.7483056423348,PD CA CANSALA 134(H) JAVEA/XABIA (ALICANTE),OK,12
0018002BC5950N,0.213122054309509,38.7545011943715,CL MITJA LLUNA LA 19 JAVEA/XABIA (ALICANTE),OK,12
8209518BC5980N,0.218490219382849,38.7327171975689,UR COSTA NOVA AMBOLO 61 JAVEA/XABIA (ALICANTE),OK,12
7011609BC5961S,0.203229806291522,38.7330733066707,UR COSTA NOVA LA MARINA 52 JAVEA/XABIA (ALICANTE),OK,12
7711907BC5971S,0.212917036322612,38.7337372975216,CL CORRIOL 14 JAVEA/XABIA (ALICANTE),OK,12
8610038BC5981S,0.222145678535978,38.7340581196537,UR BALCON AL MAR A 84 JAVEA/XABIA (ALICANTE),OK,12
5333320BC5953S,0.182965569360452,38.7542454549745,CL PAUL GAUGUIN 13 JAVEA/XABIA (ALICANTE),OK,12
6923722BC5962S,0.200628385907931,38.7438151813432,CL DEL PIT BLAU 20 JAVEA/XABIA (ALICANTE),OK,12
7011607BC5961S,0.20275533596576,38.7327694981511,UR COSTA NOVA LA MARINA 54 JAVEA/XABIA (ALICANTE),OK,12
6040604BC5953N,0.190104045663079,38.7588376169516,CM ADSUBIES 442 JAVEA/XABIA (ALICANTE),OK,12
5370708BC5957S,0.181435326260998,38.7861283088248,UR BAHIA DE JAVEA 38 JAVEA/XABIA (ALICANTE),OK,7
5370721BC5956N,0.181147733597727,38.7858027072138,UR BAHIA DE JAVEA 52 JAVEA/XABIA (ALICANTE),OK,7
4834706BC5943S,0.176988957117358,38.7525005292842,CL ANDREA MANTEGNA 10 JAVEA/XABIA (ALICANTE),OK,12
7436008BC5973N,0.206608974908267,38.7555549374187,CL CANTUESO 4 JAVEA/XABIA (ALICANTE),OK,12
6923710BC5962S,0.201489902606675,38.7442696313577,UR COSTA NOVA PANORAMA 277 JAVEA/XABIA (ALICANTE),OK,12
0681616BC5908S,0.127605040539716,38.796074513873,CL SERRA DEL FERRER DE LA 3 JAVEA/XABIA (ALICANTE),OK,2
8209507BC5980N,0.216415467023072,38.7307375899296,UR COSTA NOVA AMBOLO 7 JAVEA/XABIA (ALICANTE),OK,12
6140504BC5963N,0.192045535224482,38.7591078380773,CM ADSUBIES 255 JAVEA/XABIA (ALICANTE),OK,12
4835004BC5943S,0.177414517373233,38.7540695286043,CL MIGUEL CABRERA 1 JAVEA/XABIA (ALICANTE),OK,1
3877225BC5937N,0.164545579286394,38.7919582058247,CL DE LA SOBERANA 13(D) JAVEA/XABIA (ALICANTE),OK,4
5381101BC5958S,0.180883275535589,38.7955882539745,CJ AZAGADOR 3 JAVEA/XABIA (ALICANTE),OK,6
1731328BC5913S,0.143677158423751,38.7494733022444,CL JEAN GENET 22 JAVEA/XABIA (ALICANTE),OK,1
6710516BC5960N,0.201113146385224,38.7326513249622,CL PIC TORT 4 JAVEA/XABIA (ALICANTE),OK,12
8630005BC5983S,0.220824310266862,38.7508370631518,UR MAR AZUL 65 JAVEA/XABIA (ALICANTE),OK,12
3838216BC5933N,0.165118468417339,38.756476845935,CL RIO VINALOPO 3 JAVEA/XABIA (ALICANTE),OK,1
0015009BC5905N,0.171788969742961,38.8007629696689,CM MONESTIR 15 JAVEA/XABIA (ALICANTE),OK,1
7435204BC5973N,0.207296142829497,38.7550671134392,UR TOSCAL 23 JAVEA/XABIA (ALICANTE),OK,12
8610037BC5981S,0.221807125566023,38.734061960712,UR BALCON AL MAR A 77 JAVEA/XABIA (ALICANTE),OK,12
9315422BC5991S,0.229971975462541,38.7372672784697,CL PIERRE BOULEZ 17 JAVEA/XABIA (ALICANTE),OK,12
1195382BC5917N,0.135078463928204,38.791189229827,CL PIC DEL MONTSIA 17 JAVEA/XABIA (ALICANTE),OK,2
7523810BC5972S,0.208438823905503,38.7444306060085,UR COSTA NOVA PANORAMA 155 JAVEA/XABIA (ALICANTE),OK,12
6734812BC5963S,0.197508470503584,38.7538742346235,UR TOSALET 41 JAVEA/XABIA (ALICANTE),OK,12
5733011BC5953S,0.188105382887031,38.7514561347074,CM ADSUBIES 142 JAVEA/XABIA (ALICANTE),OK,12
5335106BC5953N,0.183587548028466,38.7547933617693,CL EDGAR DEGAS 96 JAVEA/XABIA (ALICANTE),OK,12
5839108BC5953N,0.188739540889847,38.7580710528986,CM ADSUBIES 124 JAVEA/XABIA (ALICANTE),OK,12
8610044BC5981S,0.221860364769763,38.7338042048662,UR BALCON AL MAR A 78 JAVEA/XABIA (ALICANTE),OK,12
7011608BC5961S,0.20307982268188,38.7329492590313,UR COSTA NOVA LA MARINA 53 JAVEA/XABIA (ALICANTE),OK,12
6331403BC5963S,0.195498076646669,38.7512582938576,CL ENEBRO 19(G) JAVEA/XABIA (ALICANTE),OK,12
8416049BC5981N,0.218650643098066,38.7375352203174,UR BALCON AL MAR B 116 JAVEA/XABIA (ALICANTE),OK,12
7230007BC5973S,0.205238688926087,38.7505632837265,CL ANGILAGA 14 JAVEA/XABIA (ALICANTE),OK,12
2843708BC5924S,0.153894094610249,38.7606782359687,CL MAR CANTABRICO 46 JAVEA/XABIA (ALICANTE),OK,1
4744024BC5944S,0.176179244905549,38.7627739846145,CL CARLOS BACAFLOR 4 JAVEA/XABIA (ALICANTE),OK,1
9218020BC5991N,0.227990801934159,38.7400570908361,CL FELIX MENDELSSOHN 15 JAVEA/XABIA (ALICANTE),OK,12
8716305BC5981N,0.223142159768808,38.7385677130408,UR BALCON AL MAR C 15 JAVEA/XABIA (ALICANTE),OK,12
0013046BC5905S,0.145728020435119,38.7783588848316,CM VILLA NOVA LA 3 JAVEA/XABIA (ALICANTE),OK,1
8916013BC5981N,0.225088864484622,38.7381009763076,UR BALCON AL MAR C 57 JAVEA/XABIA (ALICANTE),OK,12
8510808BC5981S,0.219636835597784,38.7334183121925,CL IGOR STRAVINSKY 11(B) JAVEA/XABIA (ALICANTE),OK,12
11953A8BC5917N,0.134023267478777,38.7909364737147,CL PICACHO 7 JAVEA/XABIA (ALICANTE),OK,2
7234201BC5973S,0.205013931571905,38.754752329065,CL ANGILAGA 58 JAVEA/XABIA (ALICANTE),OK,12
8510807BC5981S,0.219993834603479,38.7334548283065,CL IGOR STRAVINSKY 11 JAVEA/XABIA (ALICANTE),OK,12
7915711BC5971S,0.212371936807896,38.7364288363625,CR GUARDIA LA 191 JAVEA/XABIA (ALICANTE),OK,12
9320509BC5991N,0.229914615656029,38.7413494594092,UR BALCON AL MAR G 102 JAVEA/XABIA (ALICANTE),OK,12
6025701BC5962S,0.202090493231536,38.7458824723361,CL ROGET 40 JAVEA/XABIA (ALICANTE),OK,12
5333102BC5953S,0.182722127334146,38.7538792069993,CL PAUL GAUGUIN 16 JAVEA/XABIA (ALICANTE),OK,12
1195359BC5917N,0.135613887586047,38.7899315275214,CL MOLA DEL MURAR 4 JAVEA/XABIA (ALICANTE),OK,2
0761104BC5971S,0.209771878487725,38.7334724742376,CL PICARDO 9 JAVEA/XABIA (ALICANTE),OK,12
7429616BC5972N,0.205990058142524,38.7497557269427,UR ENTREPINOS 63 JAVEA/XABIA (ALICANTE),OK,12
8610039BC5981S,0.222300798193043,38.733789272112,UR BALCON AL MAR A 83 JAVEA/XABIA (ALICANTE),OK,12
7013701BC5961S,0.202626230701928,38.7352290449872,CL GAFARRO 11 JAVEA/XABIA (ALICANTE),OK,12
1072620BC5907S,0.13206960980058,38.7879402169531,CL COSTA DE MARFIL 10 JAVEA/XABIA (ALICANTE),OK,1
8610043BC5981S,0.221882320170416,38.7336146273661,UR BALCON AL MAR A 79 JAVEA/XABIA (ALICANTE),OK,12
5744002BC5954S,0.187237988183366,38.7632798004472,CM ADSUBIES 107 JAVEA/XABIA (ALICANTE),OK,12
9416304BC5991N,0.231648117120406,38.738317696743,UR BALCON AL MAR G 137 JAVEA/XABIA (ALICANTE),OK,12
9020203BC5992S,0.226541316512294,38.7423113569486,UR BALCON AL MAR E 160 JAVEA/XABIA (ALICANTE),OK,12
1472717BC5917S,0.13744948445385,38.7875517215434,CL PUERTO RICO 11(C) JAVEA/XABIA (ALICANTE),OK,1
8616311BC5981N,0.221920408202233,38.7380926942869,UR BALCON AL MAR B 31 JAVEA/XABIA (ALICANTE),OK,12
8610006BC5981S,0.22263432447001,38.7345771518006,CL TOMMASO ALBINONI 41 JAVEA/XABIA (ALICANTE),OK,12
8920804BC5982S,0.224576265933775,38.7422926114453,UR BALCON AL MAR E 99 JAVEA/XABIA (ALICANTE),OK,12
8619018BC5981N,0.2223671863398,38.7405533507956,CL JOHANN SEBASTIAN BACH 70 JAVEA/XABIA (ALICANTE),OK,12
8510803BC5981S,0.220427993313597,38.7344381816536,UR BALCON AL MAR A 86 JAVEA/XABIA (ALICANTE),OK,12
4727001BC5942N,0.175944356488929,38.7475412846763,CL JEAN ARP 36 JAVEA/XABIA (ALICANTE),OK,12
6922112BC5962S,0.202679266305324,38.7436198948761,CL DEL PIT BLAU 1 JAVEA/XABIA (ALICANTE),OK,12
8814015BC5981S,0.22428117896572,38.7363111567081,UR BALCON AL MAR C 76 JAVEA/XABIA (ALICANTE),OK,12
2546016BC5924N,0.149665447738617,38.7639151310791,CL MAR CELTICO 24 JAVEA/XABIA (ALICANTE),OK,1
7136003BC5973N,0.202849137424194,38.7562157937027,UR TOSALET 1155 JAVEA/XABIA (ALICANTE),OK,12
8410106BC5981S,0.219315992981781,38.7339026816519,UR BALCON AL MAR A 110 JAVEA/XABIA (ALICANTE),OK,12
8510810BC5981S,0.22004885656693,38.7340113907623,UR BALCON AL MAR A 100 JAVEA/XABIA (ALICANTE),OK,12
0975221BC5907N,0.131034350297177,38.7899077990983,CL PIC DE LA BATALLA 13 JAVEA/XABIA (ALICANTE),OK,2
4637013BC5943N,0.173925278308082,38.7560093706072,CL NICOLAS LANCRET 36 JAVEA/XABIA (ALICANTE),OK,1
2842513BC5924S,0.153422779848152,38.7591463311081,CL MAR DE NORUEGA 29 JAVEA/XABIA (ALICANTE),OK,1
7124316BC5972S,0.207073500846429,38.7444249955972,UR COSTA NOVA PANORAMA 161 JAVEA/XABIA (ALICANTE),OK,12
9317609BC5991N,0.228242193480106,38.7386700129154,UR BALCON AL MAR G 36 JAVEA/XABIA (ALICANTE),OK,12
8688927BC4988N,0.103323418103724,38.7999259056293,CR DE JESUS POBRE 226 JAVEA/XABIA (ALICANTE),OK,1
2650107BC5925S,0.152074690593403,38.7671398834576,CL RIO CINCA 34 FINCA RESULTANTE Nº117 JAVEA/XABIA (ALICANTE),OK,1
7338504BC5973N,0.206135410908577,38.7573154914152,CR PORTITXOL 104 JAVEA/XABIA (ALICANTE),OK,12
9218016BC5991N,0.226688620715145,38.7396227374323,UR BALCON AL MAR G 85 JAVEA/XABIA (ALICANTE),OK,12
8619010BC5981N,0.223429479486371,38.7401481349828,UR BALCON AL MAR D 61 JAVEA/XABIA (ALICANTE),OK,12
8516502BC5981N,0.220557737578737,38.7382708288864,UR BALCON AL MAR B 100 JAVEA/XABIA (ALICANTE),OK,12
7914207BC5971S,0.214228070792358,38.7367062820597,CL CORB MARI 14 JAVEA/XABIA (ALICANTE),OK,12
6233716BC5963S,0.192920109230682,38.7528284117426,CL ALOE 4 JAVEA/XABIA (ALICANTE),OK,12
7616023BC5971N,0.211180291344412,38.7372050254867,CR GUARDIA LA 172 UR CN AMBOLO 571 JAVEA/XABIA (ALICANTE),OK,12
7429617BC5972N,0.206406203384391,38.7495164804137,UR ENTREPINOS 62 JAVEA/XABIA (ALICANTE),OK,12
8619052BC5981N,0.220917705593401,38.7409991676908,UR BALCON AL MAR D 52 JAVEA/XABIA (ALICANTE),OK,12
8610026BC5981S,0.222855136710571,38.7334618046148,UR BALCON AL MAR A 69 JAVEA/XABIA (ALICANTE),OK,12
7432004BC5973S,0.207444075847488,38.7522995338023,CL ESPIGOL 20 JAVEA/XABIA (ALICANTE),OK,12
8620301BC5981N,0.221212133367599,38.7414547530155,CL GEORGE FREDERIC HANDEL 42 JAVEA/XABIA (ALICANTE),OK,12
8813702BC5981S,0.222673486221334,38.7357484120299,UR BALCON AL MAR C 84 JAVEA/XABIA (ALICANTE),OK,12
7331418BC5973S,0.206256551099044,38.7512564940374,CL DE LA VIOLETA 30 JAVEA/XABIA (ALICANTE),OK,12
9316307BC5991N,0.229899002308553,38.7381582962993,UR BALCON AL MAR G 129 JAVEA/XABIA (ALICANTE),OK,12
9111023BC5991S,0.228342931617297,38.734000633317,CL LARRY AUSTIN 4 JAVEA/XABIA (ALICANTE),OK,12
2028906BC5922N,0.145913995133217,38.748625357652,CL JEAN GENET 3 TESORO PARK JAVEA/XABIA (ALICANTE),OK,1
9214604BC5991S,0.227917435178462,38.7358124316635,UR BALCON AL MAR F 51 JAVEA/XABIA (ALICANTE),OK,12
3073308BC5927N,0.154231934806841,38.7899377728302,CM DELS CASTELLANS 13(D) JAVEA/XABIA (ALICANTE),OK,2
8610008BC5981S,0.223019981933254,38.7342690073856,UR BALCON AL MAR A 40 JAVEA/XABIA (ALICANTE),OK,12
5039601BC5943N,0.179141274104842,38.7577899606247,CL JOSE CABALLERO 1 JAVEA/XABIA (ALICANTE),OK,1
8410107BC5981S,0.219330375786145,38.7336949956266,UR BALCON AL MAR A 111 JAVEA/XABIA (ALICANTE),OK,12
9416309BC5991N,0.230209861165459,38.7381631451303,UR BALCON AL MAR G 146 JAVEA/XABIA (ALICANTE),OK,12
9418017BC5991N,0.232089613950734,38.7389728770019,CL FRANZ JOSEPH HAYDN 47 JAVEA/XABIA (ALICANTE),OK,12
9113005BC5991S,0.227576599310774,38.7358274970443,CL ENRIQUE GRANADOS 32 JAVEA/XABIA (ALICANTE),OK,12
3015313BC5931N,0.157496556950825,38.736561604131,CL JAN VERMEER 69 JAVEA/XABIA (ALICANTE),OK,
2650104BC5925S,0.152070783413215,38.7675072789366,CL RIO CARBO 33 FINCA RESULTANTE Nº125 JAVEA/XABIA (ALICANTE),OK,1
7919307BC5972S,0.212440440924129,38.7424281468556,CL L'ARPELLA DE 5(D) JAVEA/XABIA (ALICANTE),OK,12
5629702BC5952N,0.185325796844188,38.7492041283347,CL HENRY ROUSSEAU 7 JAVEA/XABIA (ALICANTE),OK,12
1833123BC5913S,0.142947396949327,38.7527073675682,CL BENITO PEREZ GALDOS 7 JAVEA/XABIA (ALICANTE),OK,1
7828503BC5972N,0.210845587073776,38.7488908307514,CL DE L'ALFABEGA 31 JAVEA/XABIA (ALICANTE),OK,12
5931006BC5953S,0.189037576279112,38.7509392730355,CL FALGUERA 11 JAVEA/XABIA (ALICANTE),OK,12
9018003BC5981N,0.226312618132822,38.740061489788,CL CARL NIELSEN 5 JAVEA/XABIA (ALICANTE),OK,12
0681617BC5908S,0.127287314557153,38.7961883192522,CL MONTGO 24 JAVEA/XABIA (ALICANTE),OK,2
9388947BC4998N,0.112789399493799,38.8004620661928,CL CANES DE CAZA 3 JAVEA/XABIA (ALICANTE),OK,2
7238723BC5973N,0.20405160505801,38.7574636514588,CL PESOL 7 JAVEA/XABIA (ALICANTE),OK,12
0911506BC5991S,0.22701821250312,38.7367145589038,UR BALCON AL MAR F 45 JAVEA/XABIA (ALICANTE),OK,12
7126705BC5972N,0.204053059621197,38.7464482346892,UR COSTA NOVA PANORAMA 42 JAVEA/XABIA (ALICANTE),OK,12
8617801BC5981N,0.220895200641273,38.7398322684379,UR BALCON AL MAR D 130 JAVEA/XABIA (ALICANTE),OK,12
9316311BC5991N,0.228309966206747,38.7379021225376,UR BALCON AL MAR G 113 JAVEA/XABIA (ALICANTE),OK,12
8819707BC5981N,0.223589734384183,38.7408129680575,UR BALCON AL MAR E 29 JAVEA/XABIA (ALICANTE),OK,12
4024302BC5942S,0.168825635037395,38.7443542107037,UR CANSALADES 55 JAVEA/XABIA (ALICANTE),OK,12
8617810BC5981N,0.220266576009685,38.7392114247189,CL ISAAC ALBENIZ 127 JAVEA/XABIA (ALICANTE),OK,12
8919207BC5981N,0.225900484776425,38.7406846172813,CL CARL NIELSEN 10 JAVEA/XABIA (ALICANTE),OK,12
5227506BC5952N,0.181410998642484,38.7476830756896,CL DIEGO VELAZQUEZ 50 JAVEA/XABIA (ALICANTE),OK,12
9218024BC5991N,0.227217749034093,38.7401586586961,CL CAP NEGRE 62 JAVEA/XABIA (ALICANTE),OK,12
3662810BC5937S,0.161810868720402,38.7876913721169,CL MAJOR 53 JAVEA/XABIA (ALICANTE),OK,9
5729012BC5952N,0.187354689153949,38.7494448186537,CM VELL DE LA GRANADELLA 59 JAVEA/XABIA (ALICANTE),OK,12
5233217BC5953S,0.1818601483399,38.7530038693229,CL FRANCIS BACON 11 JAVEA/XABIA (ALICANTE),OK,12
9311102BC5991S,0.22961934924357,38.7346320243177,UR BALCON AL MAR F 58 JAVEA/XABIA (ALICANTE),OK,12
8610034BC5981S,0.221390810611793,38.7337840271226,UR BALCON AL MAR A 61 JAVEA/XABIA (ALICANTE),OK,12
8816415BC5981N,0.223843478263341,38.7384705936298,UR BALCON AL MAR C 27 JAVEA/XABIA (ALICANTE),OK,12
8821009BC5982S,0.22425775805792,38.7429866993659,CL CARL NIELSEN 35 JAVEA/XABIA (ALICANTE),OK,12
6623311BC5962S,0.200266688409086,38.7449283642489,CL MILA 55 JAVEA/XABIA (ALICANTE),OK,12
0932205BC5992S,0.228968093537061,38.7441606648476,CL CHARLES IVES 9 JAVEA/XABIA (ALICANTE),OK,12
7411719BC5971S,0.208963574338926,38.7335589347906,CL SISO 3 JAVEA/XABIA (ALICANTE),OK,12
8617803BC5981N,0.22153692351906,38.7395636466689,UR BALCON AL MAR D 132 JAVEA/XABIA (ALICANTE),OK,12
7931010BC5973S,0.211994999804973,38.7509701701692,PD PORTITXOL 28 JAVEA/XABIA (ALICANTE),OK,12
4739303BC5943N,0.17590179903233,38.7578215807036,CL AMELIA PELAEZ 36 JAVEA/XABIA (ALICANTE),OK,1
8518221BC5981N,0.220007392220535,38.7394015725237,CL ISAAC ALBENIZ 9 JAVEA/XABIA (ALICANTE),OK,12
9115507BC5991S,0.226870353893387,38.7368881748863,UR BALCON AL MAR F 44 JAVEA/XABIA (ALICANTE),OK,12
5831805BC5953S,0.188983344339216,38.7515209658583,CL FALGUERA 26 JAVEA/XABIA (ALICANTE),OK,12
6624203BC5962S,0.196518306833211,38.7444969906925,CL MILA 81 JAVEA/XABIA (ALICANTE),OK,12
7931003BC5973S,0.213218650614857,38.7518792333348,CL LLOBARRO 2 JAVEA/XABIA (ALICANTE),OK,12
7926101BC5972N,0.212047874620048,38.7470185447792,CL DEL FICUS 28 JAVEA/XABIA (ALICANTE),OK,12
6454603BC5965S,0.19471889551624,38.7716614414403,AV ULTRAMAR 48 JAVEA/XABIA (ALICANTE),OK,11
6624202BC5962S,0.196257362877645,38.744385947163,CL MILA 79 JAVEA/XABIA (ALICANTE),OK,12
7312708BC5971S,0.205993794704592,38.7349157547348,UR COSTA NOVA LA MARINA 24(T) JAVEA/XABIA (ALICANTE),OK,12
5372009BC5957S,0.182060357594486,38.7876875891512,AV MEDITERRANEO 62(D) JAVEA/XABIA (ALICANTE),OK,7
5487708BC5958N,0.180712537018378,38.8007347395117,CL CUESTA SAN ANTONIO 92 JAVEA/XABIA (ALICANTE),OK,6
5288004BC5958N,0.179921765869754,38.802068474483,CL CUESTA SAN ANTONIO 101 JAVEA/XABIA (ALICANTE),OK,6
1195362BC5917S,0.135000250180222,38.7887785110548,CL SERRA D'EN CANES 2 JAVEA/XABIA (ALICANTE),OK,2
1868547BC5916N,0.142302216589751,38.7834320490408,CL REPUBLICA DOMINICANA 1 JAVEA/XABIA (ALICANTE),OK,1
3939401BC5933N,0.166362237229832,38.758380348832,CL RIO SEGURA 17 JAVEA/XABIA (ALICANTE),OK,1
6627802BC5962N,0.196669832789083,38.7477842887061,CL ROBLE 17 JAVEA/XABIA (ALICANTE),OK,12
3781801BC5938S,0.161542577156704,38.7954041638044,CL PUTXOL 45 JAVEA/XABIA (ALICANTE),OK,1
8239001BC5983N,0.21399663215911,38.7587306316939,CR PORTITXOL 137 JAVEA/XABIA (ALICANTE),OK,12
7525107BC5972N,0.209189864571859,38.7464437816033,UR COSTA NOVA PANORAMA 2 JAVEA/XABIA (ALICANTE),OK,12
5288008BC5958N,0.179473005788134,38.8021870969717,CL CUESTA SAN ANTONIO 94 JAVEA/XABIA (ALICANTE),OK,6
5638311BC5953N,0.18639077103679,38.7565293806442,CM ADSUBIES 75(A) JAVEA/XABIA (ALICANTE),OK,12
5762003BC5956S,0.187112341927873,38.7794864221535,AV MEDITERRANEO 182 JAVEA/XABIA (ALICANTE),OK,11
5381307BC5958S,0.18147990619268,38.7961559190876,CL GRUPO BARTOLOME ROS 11 JAVEA/XABIA (ALICANTE),OK,6
3663015BC5937S,0.161725594992123,38.7878559706366,CL MAJOR 50 JAVEA/XABIA (ALICANTE),OK,3
1335522BC5913N,0.137609019628664,38.7540567496304,CL SOCRATES 7 JAVEA/XABIA (ALICANTE),OK,1
3664513BC5937S,0.162116335146687,38.7884778280953,CL GRENYO 20 JAVEA/XABIA (ALICANTE),OK,3
5481011BC5958S,0.18248265745313,38.7958316427363,CL CHURRUCA 2 JAVEA/XABIA (ALICANTE),OK,6
5847053BC5954N,0.188467732132258,38.7658599698119,CR CABO DE LA NAO PLA 166 JAVEA/XABIA (ALICANTE),OK,11
4179503BC5947N,0.166849786800606,38.7933516574364,CM BOLUFER 13 JAVEA/XABIA (ALICANTE),OK,1
2229304BC5923S,0.146906502342135,38.7490544956503,CL GABRIEL GARCIA MARQUEZ 7 JAVEA/XABIA (ALICANTE),OK,1
8229214BC5982N,0.21550555605477,38.7501242314684,CL DE L'ALBER 15(B) JAVEA/XABIA (ALICANTE),OK,12
9215005BC5991S,0.227945732434463,38.7374660702612,CL PIERRE BOULEZ 9(D) JAVEA/XABIA (ALICANTE),OK,12
6943626BC5964S,0.200861261148545,38.7616762432173,UR PARQUE CALABLANCA 36 JAVEA/XABIA (ALICANTE),OK,11
6943624BC5964S,0.200949536484582,38.7619025129379,UR PARQUE CALABLANCA 32 JAVEA/XABIA (ALICANTE),OK,11
7734507BC5973S,0.210774707685588,38.7539944191948,CL CEBA 20 JAVEA/XABIA (ALICANTE),OK,12
8436201BC5963N,0.196088834959655,38.7568121806065,PD CM CAP MARTI 103 JAVEA/XABIA (ALICANTE),OK,12
3663801BC5937S,0.160832015025621,38.7881681286352,AV DEL PRINCEP D'ASTURIES 41 JAVEA/XABIA (ALICANTE),OK,3
4574403BC5943S,0.17432665840964,38.7533709570583,CL NICOLAS LANCRET 14 JAVEA/XABIA (ALICANTE),OK,1
7422507BC5972S,0.207406866429621,38.7427813576611,CL ASCLE 6 JAVEA/XABIA (ALICANTE),OK,12
5333306BC5953S,0.183519526973319,38.752654514147,CL EDGAR DEGAS 24(D) JAVEA/XABIA (ALICANTE),OK,12
6332302BC5963S,0.195194657873229,38.7523726781307,CL ENEBRO 24(A) JAVEA/XABIA (ALICANTE),OK,12
4938022BC5943N,0.178645320144412,38.7569785776778,UR ADSUBIA TOSCAMA 35 JAVEA/XABIA (ALICANTE),OK,1
5839106BC5953N,0.189501662250488,38.758952406169,CL PERERA LA 15 JAVEA/XABIA (ALICANTE),OK,12
5271505BC5957S,0.180516867402837,38.7865456978601,UR BAHIA DE JAVEA 5 JAVEA/XABIA (ALICANTE),OK,7
3563417BC5937S,0.161297189056358,38.7877506882814,CL METGE GONZALEZ 2 JAVEA/XABIA (ALICANTE),OK,3
7939308BC5973N,0.213423953130753,38.7583699265807,PD PORTITXOL 111 JAVEA/XABIA (ALICANTE),OK,12
5534105BC5953S,0.185031896351591,38.7535777720926,CL SANDRO BOTICELLI 9 JAVEA/XABIA (ALICANTE),OK,12
7633625BC5973S,0.208997588870533,38.7530216533364,CL FIGUERA 11 JAVEA/XABIA (ALICANTE),OK,12
7013707BC5961S,0.202955010853333,38.7347566260841,UR COSTA NOVA LA MARINA 213 JAVEA/XABIA (ALICANTE),OK,12
9416310BC5991N,0.230585872845195,38.7384496422547,UR BALCON AL MAR G 145 JAVEA/XABIA (ALICANTE),OK,12
2176811BC5927N,0.145252122964404,38.7902207104976,CL D'OSCA 5 JAVEA/XABIA (ALICANTE),OK,2
3073306BC5927N,0.153630936265613,38.7897987051597,CM DELS CASTELLANS 17(D) JAVEA/XABIA (ALICANTE),OK,2
5741405BC5954S,0.187813683532975,38.7600359620039,CM ADSUBIES 233 JAVEA/XABIA (ALICANTE),OK,12
8916014BC5981N,0.224925870850474,38.7383592794754,UR BALCON AL MAR C 58 JAVEA/XABIA (ALICANTE),OK,12
8410102BC5981S,0.219663743749923,38.7348656915524,UR BALCON AL MAR A 106 JAVEA/XABIA (ALICANTE),OK,12
7614314BC5971S,0.208730269920809,38.736475392408,CL FAISA 7 JAVEA/XABIA (ALICANTE),OK,12
7827609BC5972N,0.211314247161634,38.7477452104631,CL DE L'ALFABEGA 16 JAVEA/XABIA (ALICANTE),OK,12
4676148BC5947N,0.171791571322844,38.7925488295524,CR CABO DE LA NAO PLA 3 JAVEA/XABIA (ALICANTE),OK,7
7828522BC5972N,0.210185833617115,38.7488688576723,CL DE LA VIOLETA 3 UR TOSALET PARCELA 834 JAVEA/XABIA (ALICANTE),OK,12
3979002BC5937N,0.164273824772658,38.794393566387,CL ALFAFARA 5 JAVEA/XABIA (ALICANTE),OK,1
9111014BC5991S,0.228717180949186,38.7331359541759,UR BALCON AL MAR C 139 JAVEA/XABIA (ALICANTE),OK,12
8133004BC5983S,0.215336066083578,38.7534486351644,PD PORTITXOL 16 JAVEA/XABIA (ALICANTE),OK,12
3763219BC5937S,0.163502241120425,38.7886588065682,CL MAJOR 3 JAVEA/XABIA (ALICANTE),OK,9
0979802BC5907N,0.131653017945342,38.7937992253453,CL DE MONTEMAJOR 13 JAVEA/XABIA (ALICANTE),OK,2
8789814BC4998N,0.116976082850663,38.801431787625,CL AURIGA 21 JAVEA/XABIA (ALICANTE),OK,2
5638303BC5953N,0.186500736807126,38.7578192012417,CM ADSUBIES 354 JAVEA/XABIA (ALICANTE),OK,12
7327517BC5972N,0.206180858904424,38.7471050340676,UR ATALAYAS 211 JAVEA/XABIA (ALICANTE),OK,12
5587011BC5958N,0.183256127317813,38.8009110037073,CL CUESTA SAN ANTONIO 60 JAVEA/XABIA (ALICANTE),OK,6
2236905BC5923N,0.146928103069474,38.7562100647269,CL TRUMAN CAPOTE 19 JAVEA/XABIA (ALICANTE),OK,1
3372133BC5937S,0.158717232990262,38.7874604509434,CL DEL DOCTOR BORRULL 30 JAVEA/XABIA (ALICANTE),OK,2
3763033BC5937S,0.163424883710451,38.7880498828744,RD SUD 32 JAVEA/XABIA (ALICANTE),OK,9
3273314BC5937S,0.157924598008833,38.7878449547919,CL TEULERIA DE LA 32 JAVEA/XABIA (ALICANTE),OK,2
5482702BC5958S,0.181878559949035,38.7968599782711,CL CHURRUCA 26 JAVEA/XABIA (ALICANTE),OK,6
3864121BC5937S,0.164293551303807,38.789151284541,CL ROQUES 27 JAVEA/XABIA (ALICANTE),OK,4
3462305BC5937S,0.159815954617829,38.7874433075195,CL LLARG 5 JAVEA/XABIA (ALICANTE),OK,10
3776716BC5937N,0.162585739644613,38.7903801005455,CL DEL MESTRE ANGEL PALENCIA 6 JAVEA/XABIA (ALICANTE),OK,4
5379413BC5957N,0.181520708068717,38.7933851057615,CL TRIANA 26 JAVEA/XABIA (ALICANTE),OK,6
3663009BC5937S,0.162053721468697,38.787990706881,CL MAJOR 38 JAVEA/XABIA (ALICANTE),OK,3
2853615BC5925S,0.155311225498814,38.7687397286707,CL RIO GUADALOPE 20 JAVEA/XABIA (ALICANTE),OK,1
9412012BC5991S,0.230982981468485,38.734852474696,UR BALCON MAR TIBU 8 JAVEA/XABIA (ALICANTE),OK,12
3663319BC5937S,0.162539261279035,38.7882487306126,CL MAJOR 24 JAVEA/XABIA (ALICANTE),OK,3
5481009BC5958S,0.182597750252689,38.7959317204703,CL PINTOR SOROLLA 3 JAVEA/XABIA (ALICANTE),OK,6
3965008BC5937S,0.164865716933559,38.7897012307507,RD SUD 5 JAVEA/XABIA (ALICANTE),OK,5
5378507BC5957N,0.181506618314352,38.7927324928582,CL TRIANA 42 JAVEA/XABIA (ALICANTE),OK,6
5454131BC5955S,0.183135249421945,38.7713497968926,UR ISLA LA 17 JAVEA/XABIA (ALICANTE),OK,11
3664609BC5937S,0.161500025981308,38.7889240308905,AV DEL PRINCEP D'ASTURIES 17 JAVEA/XABIA (ALICANTE),OK,3
3562009BC5937S,0.160836188477975,38.7871823465049,CL DE JESUS DE NATZARE 1 JAVEA/XABIA (ALICANTE),OK,10
5847061BC5954N,0.188331243031465,38.764834389187,UR COFITSA 70 JAVEA/XABIA (ALICANTE),OK,11
5847006BC5954N,0.188921539940721,38.7662658660433,UR COFITSA 48 JAVEA/XABIA (ALICANTE),OK,11
9315425BC5991S,0.229903104459872,38.7371057271595,CL PIERRE BOULEZ 23 JAVEA/XABIA (ALICANTE),OK,12
3666416BC5937S,0.162269668885159,38.7887530940744,CL CUPS 10 JAVEA/XABIA (ALICANTE),OK,3
9088801BC4998N,0.108654810630288,38.8011015395677,CL ANDROMEDA 44 JAVEA/XABIA (ALICANTE),OK,2
9590202BC4999S,0.113510120769147,38.8031076089697,CL CANCER 15 JAVEA/XABIA (ALICANTE),OK,2
3965007BC5937S,0.164909215295026,38.7896667904646,RD SUD 7 JAVEA/XABIA (ALICANTE),OK,5
0017035BC5950S,0.195546262774339,38.7298712716578,AV TIO CATALA 9 JAVEA/XABIA (ALICANTE),OK,12
5454151BC5955S,0.183465724079413,38.7710877575154,UR ISLA LA 37 JAVEA/XABIA (ALICANTE),OK,11
1535307BC5913N,0.139964471274396,38.7542523185003,CM COVATELLES 14 JAVEA/XABIA (ALICANTE),OK,1
4241006BC5944S,0.170192524550205,38.7594047949095,CL RIO JUCAR 8 JAVEA/XABIA (ALICANTE),OK,1
1774409BC5917S,0.140215209615111,38.7882116916201,CR DE JESUS POBRE 74 JAVEA/XABIA (ALICANTE),OK,2
3664611BC5937S,0.161607944232654,38.7890471983645,AV DEL PRINCEP D'ASTURIES 13 JAVEA/XABIA (ALICANTE),OK,3
1743802BC5914S,0.141829842198356,38.7610131039341,CL ELSA MORANTE 18 JAVEA/XABIA (ALICANTE),OK,1
2622317BC5922N,0.15205364236323,38.7422448255617,CL LAGO ONEGA 15 JAVEA/XABIA (ALICANTE),OK,1
2622304BC5922N,0.15268719888713,38.7428172321716,CL LAGO LADOGA 14(D) JAVEA/XABIA (ALICANTE),OK,1
3666402BC5937S,0.161943964856022,38.7887746379074,CL SANT PERE MARTIR 17 JAVEA/XABIA (ALICANTE),OK,3
9489804BC4998N,0.11357154312112,38.8014589102641,CL CAN MENOR 3 JAVEA/XABIA (ALICANTE),OK,2
9412003BC5991S,0.231109052718438,38.7348970868935,UR BALCON MAR TIBU 10 JAVEA/XABIA (ALICANTE),OK,12
6349116BC5964N,0.195497757838073,38.7678753965397,CL ATENAS 28 JAVEA/XABIA (ALICANTE),OK,11
5852002BC5955S,0.187853927769483,38.7701259957855,CL RENNES 4 JAVEA/XABIA (ALICANTE),OK,11
3663001BC5937S,0.161527465268344,38.7881028729995,CL FORN 15 JAVEA/XABIA (ALICANTE),OK,3
4836827BC5943N,0.17658832860324,38.7552013163557,CL RUFINO TAMAYO 10 JAVEA/XABIA (ALICANTE),OK,1
3068421BC5936N,0.156568851016574,38.7835482249464,AV GATA 20 JAVEA/XABIA (ALICANTE),OK,1
6349115BC5964N,0.195391768194969,38.7676991500831,CL ATENAS 26 JAVEA/XABIA (ALICANTE),OK,11
1335507BC5913N,0.13819873898864,38.7544939242171,CL SOCRATES 4 JAVEA/XABIA (ALICANTE),OK,1
2625811BC5922S,0.153714019108263,38.7440634807726,CL LAGO GARDA 15 JAVEA/XABIA (ALICANTE),OK,1
5553435BC5955S,0.184984328425892,38.771639351272,AV ARENAL 16(B) JAVEA/XABIA (ALICANTE),OK,11
5553439BC5955S,0.185114929916244,38.7718857525316,AV ARENAL 20(A) JAVEA/XABIA (ALICANTE),OK,11
1335523BC5913N,0.137740810557519,38.754023943442,CL SOCRATES 5 JAVEA/XABIA (ALICANTE),OK,1
5539811BC5953N,0.180952683699792,38.7571446635632,CM ADSUBIES 111 JAVEA/XABIA (ALICANTE),OK,1
2279917BC5927N,0.147673515477675,38.7921162575658,CM DELS CASTELLANS 54 JAVEA/XABIA (ALICANTE),OK,2
5553431BC5955S,0.184762559444914,38.771247142643,AV ARENAL 12(A) JAVEA/XABIA (ALICANTE),OK,11
5454137BC5955S,0.183270920564584,38.7711717109578,UR ISLA LA 23 JAVEA/XABIA (ALICANTE),OK,11
4150421BC5944N,0.170433203063806,38.7676807701036,CL RIO DUERO 4 JAVEA/XABIA (ALICANTE),OK,1
5333105BC5953S,0.182933592576086,38.7529723778495,CL PAUL GAUGUIN 22 JAVEA/XABIA (ALICANTE),OK,12
2176801BC5927N,0.145374310176473,38.7914556217838,CM DELS CASTELLANS 61 JAVEA/XABIA (ALICANTE),OK,2
2625818BC5922S,0.151574858504355,38.7443956665373,CL LAGO GARDA 1 JAVEA/XABIA (ALICANTE),OK,1
5454122BC5955S,0.184524569579821,38.7714460076058,UR ISLA LA 8 JAVEA/XABIA (ALICANTE),OK,11
5553425BC5955S,0.185257311169927,38.7712646551045,AV ARENAL 6(B) JAVEA/XABIA (ALICANTE),OK,11
5553421BC5955S,0.184797161365895,38.7710578791353,AV ARENAL 2 JAVEA/XABIA (ALICANTE),OK,11
9412011BC5991S,0.230871820340585,38.7347732590599,UR BALCON MAR TIBU 4 JAVEA/XABIA (ALICANTE),OK,12
9412006BC5991S,0.231013880670097,38.7346600440168,UR BALCON MAR TIBU 1 JAVEA/XABIA (ALICANTE),OK,12
5553428BC5955S,0.184989371724346,38.7712300870922,AV ARENAL 9(B) JAVEA/XABIA (ALICANTE),OK,11
9088807BC4998N,0.10872156672415,38.8002967784544,CL ACUARIO 4 JAVEA/XABIA (ALICANTE),OK,2
9780802BC4998S,0.117238572090907,38.7940464760636,CR DE JESUS POBRE 151(D) JAVEA/XABIA (ALICANTE),OK,1
7519303BC5971N,0.208870440021043,38.7411053583167,CL COLL-VERD 28 JAVEA/XABIA (ALICANTE),OK,12
2624106BC5922S,0.152539519342886,38.7438966472372,CL LAGO LADOGA 14 JAVEA/XABIA (ALICANTE),OK,1
2176809BC5927N,0.145240880031953,38.7905337768063,CL D'OSCA 9 JAVEA/XABIA (ALICANTE),OK,2
2669811BC5926N,0.150520398128735,38.7839081759743,CL ITALIA 25 JAVEA/XABIA (ALICANTE),OK,1
5454116BC5955S,0.184526079789629,38.7711090936069,UR ISLA LA 2(A) JAVEA/XABIA (ALICANTE),OK,11
2644009BC5924S,0.151479309382665,38.7614735337923,CL MAR ADRIATICO 9 JAVEA/XABIA (ALICANTE),OK,1
2571626BC5927S,0.14994899239219,38.7862551930668,CL RUMANIA 5 JAVEA/XABIA (ALICANTE),OK,1
7518409BC5971N,0.209770822079791,38.7395867966495,CL COLL-VERD 40 JAVEA/XABIA (ALICANTE),OK,12
5446008BC5954N,0.184681303464777,38.7640879570073,CM ADSUBIES 68 JAVEA/XABIA (ALICANTE),OK,1
2578918BC5927N,0.15223916664318,38.7924104219523,CL DE LASTRES 11 JAVEA/XABIA (ALICANTE),OK,2
9190507BC4999S,0.111700796824534,38.8031936648297,CL CANCER 21 JAVEA/XABIA (ALICANTE),OK,2
4842304BC5944S,0.17784851002072,38.7619523204619,CL SEBASTIAN GOMEZ 14 JAVEA/XABIA (ALICANTE),OK,1
2876302BC5927N,0.152787606728107,38.7908617749703,CM DELS CASTELLANS 28 JAVEA/XABIA (ALICANTE),OK,2
2176824BC5927N,0.145345560086353,38.7910774316724,CM DELS CASTELLANS 63 JAVEA/XABIA (ALICANTE),OK,2
5337507BC5953N,0.182920157734874,38.7550667363933,CL PAUL GAUGUIN 9 JAVEA/XABIA (ALICANTE),OK,12
0478106BC5907N,0.126728952508661,38.7926635001075,CL MUELA 31 JAVEA/XABIA (ALICANTE),OK,2
5482403BC5958S,0.182528626311377,38.7963854720419,CL BARQUES 5 JAVEA/XABIA (ALICANTE),OK,6
2281003BC5928S,0.144512939800605,38.7950709501713,CL UTRERA 3 JAVEA/XABIA (ALICANTE),OK,2
2279918BC5927N,0.147479703661679,38.7919591752289,CM DELS CASTELLANS 56 JAVEA/XABIA (ALICANTE),OK,2
7517001BC5971N,0.207104097061551,38.739011509266,UR COSTA NOVA PLA 176 JAVEA/XABIA (ALICANTE),OK,12
5847013BC5954N,0.188669344983977,38.7653206570592,UR COFITSA 63 JAVEA/XABIA (ALICANTE),OK,11
5847041BC5954N,0.188074735014875,38.7665811680319,UR COFITSA 33 JAVEA/XABIA (ALICANTE),OK,11
5847016BC5954N,0.188562505848466,38.7648968963685,UR COFITSA 68 JAVEA/XABIA (ALICANTE),OK,11
5847035BC5954N,0.18792706787505,38.7656352311109,UR COFITSA 17 JAVEA/XABIA (ALICANTE),OK,11
1195384BC5917N,0.135086368253022,38.7908054503009,CL PIC DEL MONTSIA 15 JAVEA/XABIA (ALICANTE),OK,2
1841107BC5914S,0.14355967093574,38.7591969074515,CM VELL DE TEULADA 30 JAVEA/XABIA (ALICANTE),OK,1
9215009BC5991S,0.228580218649154,38.7373685073383,CL PIERRE BOULEZ 9(H) JAVEA/XABIA (ALICANTE),OK,12
9215019BC5991S,0.22812502031389,38.7373095959531,CL PIERRE BOULEZ 9(R) JAVEA/XABIA (ALICANTE),OK,12
9215006BC5991S,0.228062357040655,38.7374575760167,CL PIERRE BOULEZ 9(E) JAVEA/XABIA (ALICANTE),OK,12
9215008BC5991S,0.228471280463133,38.737386464229,CL PIERRE BOULEZ 9(G) JAVEA/XABIA (ALICANTE),OK,12
8882614BC4988S,0.106916607418358,38.7961213289845,CL INDONESIA 1 JAVEA/XABIA (ALICANTE),OK,1
6943636BC5964S,0.200488040894369,38.7616863066863,UR PARQUE CALABLANCA 17 JAVEA/XABIA (ALICANTE),OK,11
6943628BC5964S,0.200642191501917,38.7615902678796,UR PARQUE CALABLANCA 15 JAVEA/XABIA (ALICANTE),OK,11
2578936BC5927N,0.149340661567253,38.7936290903123,CL MALAGA 13 JAVEA/XABIA (ALICANTE),OK,2
2622309BC5922S,0.152685388850965,38.7418462488086,CL LAGO ILMEN 11 JAVEA/XABIA (ALICANTE),OK,1
2229314BC5922N,0.148202826885174,38.7490455343252,CL EDUARDO BARRIOS 2 JAVEA/XABIA (ALICANTE),OK,1
0176310BC4997N,0.120337033633057,38.7912385644365,CL BERMUDAS 5 JAVEA/XABIA (ALICANTE),OK,1
7491016BC5974S,0.206880897654826,38.7608235678824,CM CALABLANCA 48 JAVEA/XABIA (ALICANTE),OK,12
9284158BC4998S,0.110653195459104,38.7976283313178,CL COMPAS 5 JAVEA/XABIA (ALICANTE),OK,2
2347803BC5924N,0.147828941287682,38.7643518312793,CL MAR CELTICO 5 JAVEA/XABIA (ALICANTE),OK,1
2666606BC5926N,0.152677739840346,38.7828408638148,CL MEDINACELI 4 JAVEA/XABIA (ALICANTE),OK,1
7319409BC5971N,0.206098706487273,38.7411863979184,CL SIRLOT 6 JAVEA/XABIA (ALICANTE),OK,12
7124319BC5972S,0.205884788766144,38.7444660285324,UR COSTA NOVA PANORAMA 169 JAVEA/XABIA (ALICANTE),OK,12
2229308BC5923S,0.147261008598111,38.7493457813987,CL GABRIEL GARCIA MARQUEZ 2 JAVEA/XABIA (ALICANTE),OK,1
7518404BC5971N,0.208869046546261,38.7395815591421,UR COSTA NOVA PLA 136 JAVEA/XABIA (ALICANTE),OK,12
5337501BC5953N,0.182679589792808,38.7563476535387,CL PAUL GAUGUIN 1 JAVEA/XABIA (ALICANTE),OK,12
8229216BC5982N,0.215277527990571,38.7505799879651,CL DE L'ALBER 13(A) JAVEA/XABIA (ALICANTE),OK,12
7046003BC5974N,0.202796448671726,38.764514715263,CL ARENAL-MONTAÑAR 101 JAVEA/XABIA (ALICANTE),OK,11
1433313BC5913S,0.138463391180383,38.7517482415702,CL SENECA 11 JAVEA/XABIA (ALICANTE),OK,1
2963062BC5936S,0.155776853711704,38.7785262726402,CL ZAMORA 8 JAVEA/XABIA (ALICANTE),OK,1
4933008BC5943S,0.17835683161843,38.7519662655676,CL PAUL KLEE 14 JAVEA/XABIA (ALICANTE),OK,12
0677405BC5907N,0.128479203529539,38.7927258505468,CL MONTGO 23(D) JAVEA/XABIA (ALICANTE),OK,2
4834708BC5943S,0.177253081308412,38.7517481433437,CL ANDREA MANTEGNA 14 JAVEA/XABIA (ALICANTE),OK,12
5839101BC5953N,0.188603496726964,38.7588430358163,CM ADSUBIES 220 JAVEA/XABIA (ALICANTE),OK,12
5029002BC5952N,0.17987118430227,38.7492270514437,UR PINOMAR 144 JAVEA/XABIA (ALICANTE),OK,12
4836810BC5943N,0.176647829499913,38.7544476787987,CL RUFINO TAMAYO 4 JAVEA/XABIA (ALICANTE),OK,1
0979806BC5917N,0.132055319163827,38.7925071868035,CL DE MONTEMAJOR 1 JAVEA/XABIA (ALICANTE),OK,2
5847039BC5954N,0.187962830077986,38.7660871919232,UR COFITSA 25 JAVEA/XABIA (ALICANTE),OK,11
5233804BC5953S,0.181546690317567,38.7533472204706,CL FRANCIS BACON 4 JAVEA/XABIA (ALICANTE),OK,12
0084942BC5908N,0.120098037486434,38.7994375481851,CL OCTANTE 1 JAVEA/XABIA (ALICANTE),OK,2
5933006BC5953S,0.189270226759887,38.7521354644655,PD CM CAP MARTI 143 JAVEA/XABIA (ALICANTE),OK,12
1195319BC5917N,0.135929071651312,38.7900237681668,CL PIC DEL MONTSIA 9 JAVEA/XABIA (ALICANTE),OK,2
03082A02000108,0.133166906585603,38.7810035698801,CM VELL DE GATA 165 Polígono 20 Parcela 108 BARRANQUERES. JAVEA/XABIA (ALICANTE),OK,1
8989310BC4998N,0.110253607746302,38.8012805052617,CL PISCIS 21 JAVEA/XABIA (ALICANTE),OK,2
6621112BC5962S,0.199192715755562,38.7433811934205,UR COSTA NOVA PANORAMA 287 JAVEA/XABIA (ALICANTE),OK,12
5839112BC5953N,0.188452794406558,38.758379027956,CM ADSUBIES 130 JAVEA/XABIA (ALICANTE),OK,12
5333108BC5953S,0.182817632048632,38.7521409870934,CL PAUL GAUGUIN 28 JAVEA/XABIA (ALICANTE),OK,12
7518415BC5971N,0.208510242199865,38.7389085389536,CL TADORNA 45 JAVEA/XABIA (ALICANTE),OK,12
2028922BC5922N,0.146369712449773,38.747576727189,CL WILLIAM SHAKESPEARE 11 JAVEA/XABIA (ALICANTE),OK,1
6945636BC5964S,0.200650441245771,38.763675330563,UR PARQUE CALABLANCA 70 JAVEA/XABIA (ALICANTE),OK,11
6945633BC5964N,0.200751010208517,38.7639345091024,UR PARQUE CALABLANCA 73 JAVEA/XABIA (ALICANTE),OK,11
6945603BC5964N,0.201153441403723,38.7641960575872,UR PARQUE CALABLANCA 91 JAVEA/XABIA (ALICANTE),OK,11
6945609BC5964S,0.200991314031418,38.7635098000039,UR PARQUE CALABLANCA 85 JAVEA/XABIA (ALICANTE),OK,11
7124309BC5972S,0.205414202323604,38.7450046156788,CL MILA 25 JAVEA/XABIA (ALICANTE),OK,12
2445408BC5924S,0.15091502207665,38.7614935529668,CL MAR ADRIATICO 10 JAVEA/XABIA (ALICANTE),OK,1
5847007BC5954N,0.188787591557725,38.7660665073319,UR COFITSA 51 JAVEA/XABIA (ALICANTE),OK,11
6623319BC5962S,0.19883301676023,38.7436363626782,UR COSTA NOVA PANORAMA 216 JAVEA/XABIA (ALICANTE),OK,12
6923709BC5962S,0.201181331412645,38.7441436731397,UR COSTA NOVA PANORAMA 278 JAVEA/XABIA (ALICANTE),OK,12
9686161BC4998N,0.115472307860112,38.7989840389192,CL BELLATRIX 3 JAVEA/XABIA (ALICANTE),OK,2
6241014BC5964S,0.192790445452706,38.7604589565506,CL MANDARINA 3 JAVEA/XABIA (ALICANTE),OK,12
5169009BC5956N,0.179153085984407,38.7851244255469,CL TURIN 22 JAVEA/XABIA (ALICANTE),OK,7
7913112BC5971N,0.213758301019327,38.7354365479023,CL AGRO BLAU 6 JAVEA/XABIA (ALICANTE),OK,12
5433015BC5953S,0.183802889739667,38.7533838105514,CL EDGAR DEGAS 100 JAVEA/XABIA (ALICANTE),OK,12
9877601BC4998S,0.118524570837716,38.7936969592647,CR DE JESUS POBRE 143 JAVEA/XABIA (ALICANTE),OK,1
5169016BC5956N,0.180100945415206,38.7850381281032,CL TURIN 1 JAVEA/XABIA (ALICANTE),OK,7
5169023BC5956N,0.179243253680024,38.7849134438628,CL TURIN 24 JAVEA/XABIA (ALICANTE),OK,7
6924013BC5962S,0.201202422023217,38.7445521251291,UR COSTA NOVA PANORAMA 205 JAVEA/XABIA (ALICANTE),OK,12
1195312BC5917N,0.135638614066047,38.7918620022568,CM DELS CASTELLANS 7 JAVEA/XABIA (ALICANTE),OK,2
3838206BC5933N,0.165992457749829,38.7574428707675,CL RIO SEGURA 11 JAVEA/XABIA (ALICANTE),OK,1
1868568BC5917S,0.143853033495882,38.7852076184893,CL BRASIL 6 JAVEA/XABIA (ALICANTE),OK,1
2925812BC5932S,0.157224057204919,38.7438339142801,CL LAGO IZABAL 3 JAVEA/XABIA (ALICANTE),OK,1
8209519BC5980N,0.218165894395284,38.732401981609,CL TORLIT 62 JAVEA/XABIA (ALICANTE),OK,12
7721017BC5972S,0.210679767549736,38.742851092095,CR GUARDIA LA 147 JAVEA/XABIA (ALICANTE),OK,12
7419011BC5971N,0.20754255859707,38.7403736776264,UR COSTA NOVA PLA 160 JAVEA/XABIA (ALICANTE),OK,12
9284130BC4998S,0.110497094968987,38.7973687855043,CL COMPAS 6 JAVEA/XABIA (ALICANTE),OK,2
4836823BC5943N,0.177145978273252,38.7546534225933,CL FRANCESCO ALBANI 6 JAVEA/XABIA (ALICANTE),OK,1
5370713BC5956N,0.18145635223775,38.7858782677256,UR BAHIA DE JAVEA 56 JAVEA/XABIA (ALICANTE),OK,7
5370704BC5957S,0.181124771637865,38.7860200878405,UR BAHIA DE JAVEA 42 JAVEA/XABIA (ALICANTE),OK,7
3921009BC5932S,0.166147913019056,38.7408220073438,CL CARAVAGGIO 25 JAVEA/XABIA (ALICANTE),OK,12
7718741BC5971N,0.210131948657805,38.7390539552031,UR COSTA NOVA PLA 120 JAVEA/XABIA (ALICANTE),OK,12
3979001BC5937N,0.163688937031767,38.7944184592549,CL ALFAFARA 7 JAVEA/XABIA (ALICANTE),OK,1
2078113BC5917N,0.142826226172874,38.7915873375485,CM DELS CASTELLANS 80 JAVEA/XABIA (ALICANTE),OK,2
9686167BC4998S,0.113573985649927,38.7962221828146,CL OSA MENOR 17 JAVEA/XABIA (ALICANTE),OK,2
3838215BC5933N,0.165470984585795,38.7562100765866,CL RIO VINALOPO 1 JAVEA/XABIA (ALICANTE),OK,1
2031911BC5923S,0.146872825971373,38.7504869698343,CL GIOVANNI BOCACCIO 10 JAVEA/XABIA (ALICANTE),OK,1
5370710BC5957S,0.181516685487207,38.7862631599409,CL VENECIA 17 JAVEA/XABIA (ALICANTE),OK,7
9285206BC4998N,0.112139083814926,38.7983118751877,CL CORONA BOREAL 12 JAVEA/XABIA (ALICANTE),OK,2
7913105BC5971S,0.214114573200768,38.7358352446059,UR COSTA NOVA AMBOLO 337 JAVEA/XABIA (ALICANTE),OK,12
7620205BC5971N,0.209571875988798,38.7407433606026,UR COSTA NOVA PLA 101 JAVEA/XABIA (ALICANTE),OK,12
3966433BC5937S,0.165555734546341,38.7904580952289,CL DE L'ALBEREDA 5(D) JAVEA/XABIA (ALICANTE),OK,5
5837804BC5953N,0.188501943453976,38.7571796199231,CM ADSUBIES 204 JAVEA/XABIA (ALICANTE),OK,12
1730813BC5913S,0.142981014001014,38.7490160728639,CL JEAN GENET 21(D) JAVEA/XABIA (ALICANTE),OK,1
7422502BC5972S,0.207303244555494,38.7431260135563,CL XARXET 19 JAVEA/XABIA (ALICANTE),OK,12
6427505BC5962N,0.196520162439379,38.7484633390822,CL EUCALIPTUS 18 JAVEA/XABIA (ALICANTE),OK,12
4241002BC5944S,0.171111991332544,38.7602328694633,CL RIO TURIA 3 JAVEA/XABIA (ALICANTE),OK,1
1425210BC5912N,0.138397394095595,38.7449505230671,CL SOFOCLES 5 JAVEA/XABIA (ALICANTE),OK,1
7517002BC5971N,0.207191379250643,38.7386166404557,UR COSTA NOVA PLA 179 JAVEA/XABIA (ALICANTE),OK,12
7230006BC5972N,0.205026972730221,38.7502600959282,UR ENTREPINOS 49 JAVEA/XABIA (ALICANTE),OK,12
5533105BC5953S,0.185853099855741,38.7517723505147,UR PINO SOL 60 JAVEA/XABIA (ALICANTE),OK,12
8318408BC5981N,0.218205825579891,38.7389250571369,UR BALCON AL MAR D 31 JAVEA/XABIA (ALICANTE),OK,12
9284126BC4998S,0.109478159420602,38.7971902201392,CL PISCIS 4 JAVEA/XABIA (ALICANTE),OK,2
3921017BC5932S,0.167482680810756,38.7414449518498,CL CARAVAGGIO 12 JAVEA/XABIA (ALICANTE),OK,12
5335104BC5953N,0.182996266513223,38.7545620645537,CL PAUL GAUGUIN 11 JAVEA/XABIA (ALICANTE),OK,12
5333103BC5953S,0.182702002551479,38.7536419548059,CL PAUL GAUGUIN 18 JAVEA/XABIA (ALICANTE),OK,12
6141006BC5964S,0.191908689753897,38.7601652233168,PD CM CAP MARTI 36 JAVEA/XABIA (ALICANTE),OK,12
7818709BC5971N,0.211151669961065,38.7390817296147,UR COSTA NOVA PALM 3 JAVEA/XABIA (ALICANTE),OK,12
3550808BC5935S,0.160472453366634,38.7676341290278,CL RIO TER 13 JAVEA/XABIA (ALICANTE),OK,1
2065604BC5926N,0.144203471017806,38.7806785059167,CL MANRESA 5 JAVEA/XABIA (ALICANTE),OK,1
7523814BC5972S,0.20771224017091,38.7446043286616,UR COSTA NOVA PANORAMA 159 JAVEA/XABIA (ALICANTE),OK,12
8209516BC5980N,0.218317304693065,38.7328307435972,UR COSTA NOVA AMBOLO 54 JAVEA/XABIA (ALICANTE),OK,12
5539803BC5953N,0.186899686233139,38.7590725578715,CL GREVOL 6(D) JAVEA/XABIA (ALICANTE),OK,12
7620104BC5972S,0.209698314507117,38.7420961747269,UR COSTA NOVA PLA 92 JAVEA/XABIA (ALICANTE),OK,12
7615305BC5971S,0.211353323123938,38.7370358147992,CL PARPALLO 570 JAVEA/XABIA (ALICANTE),OK,12
2074741BC5927S,0.143673715136594,38.7882739404148,CL VIELLA 8 JAVEA/XABIA (ALICANTE),OK,2
7824117BC5972S,0.211414532326687,38.745401999116,CL BOIX 11 JAVEA/XABIA (ALICANTE),OK,12
2625813BC5922S,0.153473068879419,38.7445688896419,CL LAGO GARDA 11 JAVEA/XABIA (ALICANTE),OK,1
7137015BC5973N,0.203758081426846,38.7564349567946,PD CM CAP MARTI 175 JAVEA/XABIA (ALICANTE),OK,12
2279935BC5928S,0.144039240929525,38.7942316828475,CL TRUJILLO 17 JAVEA/XABIA (ALICANTE),OK,2
7818707BC5971N,0.211479782358442,38.7389536105377,UR COSTA NOVA PALM 1 JAVEA/XABIA (ALICANTE),OK,12
1635105BC5913N,0.140367281696001,38.7540568629605,CM COVATELLES 11 JAVEA/XABIA (ALICANTE),OK,1
4080102BC5938S,0.166564141496462,38.7956049699957,CL ALFARRASI 9 JAVEA/XABIA (ALICANTE),OK,1
2229313BC5923S,0.148146254693011,38.7493077660993,CL MIGUEL DELIBES 7 JAVEA/XABIA (ALICANTE),OK,1
7735501BC5793N,0.210657641625851,38.7550122107592,CL CEBA 5 JAVEA/XABIA (ALICANTE),OK,12
8525345BC5982S,0.218807276989445,38.7461440542534,CL JOAQUIN RODRIGO 21 PP LA CALA 79 JAVEA/XABIA (ALICANTE),OK,12
3981624BC5938S,0.164409285573185,38.795050027804,CL ALCOSSER 10 JAVEA/XABIA (ALICANTE),OK,1
7912106BC5971S,0.214027527462673,38.7351567391345,CL AGRO BLAU 3 JAVEA/XABIA (ALICANTE),OK,12
1868539BC5927S,0.144236340348559,38.7852915933773,CL COLOMBIA 4 JAVEA/XABIA (ALICANTE),OK,1
4941506BC5944S,0.1786281965426,38.7593180795402,CM ADSUBIES 297 JAVEA/XABIA (ALICANTE),OK,1
6623323BC5962S,0.198221899883641,38.7428276137703,UR COSTA NOVA PANORAMA 219 JAVEA/XABIA (ALICANTE),OK,12
5129004BC5952N,0.180714005265275,38.7493185746523,CL MARCEL DUCHAMP 52 JAVEA/XABIA (ALICANTE),OK,12
8882611BC4988S,0.107004172135901,38.7948738305342,CL SINGAPUR 8 JAVEA/XABIA (ALICANTE),OK,1
4947005BC5944N,0.178979953855566,38.7646556217471,CL ALONSO CANO 3 JAVEA/XABIA (ALICANTE),OK,1
5133419BC5953S,0.180836324496315,38.7524380551839,CL MARCEL DUCHAMP 9 JAVEA/XABIA (ALICANTE),OK,12
4936001BC5943N,0.177703105259005,38.7558242328778,UR ADSUBIA TOSCAMA 18 JAVEA/XABIA (ALICANTE),OK,1
6710508BC5960N,0.199568434559102,38.7321049951932,CL PIC TORT 20 JAVEA/XABIA (ALICANTE),OK,12
7921322BC5972S,0.211563708874245,38.7429461648786,CL GARSETA BLANCA 16 JAVEA/XABIA (ALICANTE),OK,12
7721008BC5972S,0.210999011045314,38.74305773368,CL GARSETA BLANCA 11 JAVEA/XABIA (ALICANTE),OK,12
5030603BC5942N,0.179596051968991,38.7496550202695,UR PINOMAR 136 JAVEA/XABIA (ALICANTE),OK,12
2866705BC5926N,0.154689212373823,38.7822642942322,CL MIRANDA DE EBRO 9 JAVEA/XABIA (ALICANTE),OK,1
9284119BC4998S,0.112294662406152,38.7957010686932,CL NUNKI 1 JAVEA/XABIA (ALICANTE),OK,2
8716306BC5981N,0.223300135643903,38.7383589352955,CL MANUEL DE FALLA 8 JAVEA/XABIA (ALICANTE),OK,12
6241013BC5964S,0.19288913946764,38.7602778076198,PD CM CAP MARTI 76 JAVEA/XABIA (ALICANTE),OK,12
0025003BC5900S,0.171354826594479,38.7244385995742,UR CUMBRE DEL SOL 1 JAVEA/XABIA (ALICANTE),OK,12
8882602BC4988S,0.107838351708102,38.7963739067245,CL SINGAPUR 2 JAVEA/XABIA (ALICANTE),OK,1
6922105BC5962S,0.200970918685545,38.7434103089824,UR COSTA NOVA PANORAMA 15 JAVEA/XABIA (ALICANTE),OK,12
4835001BC5943S,0.176715931726693,38.7540596695306,CL RUFINO TAMAYO 2 JAVEA/XABIA (ALICANTE),OK,1
9877615BC4997N,0.119136414721563,38.7894368228753,CL BAHAMAS 2 JAVEA/XABIA (ALICANTE),OK,1
8209515BC5980N,0.218076242926721,38.7325988655243,UR COSTA NOVA AMBOLO 53 JAVEA/XABIA (ALICANTE),OK,12
3837503BC5933N,0.165967940537863,38.7556630164449,CL RIO MILLARES 1 JAVEA/XABIA (ALICANTE),OK,1
6623313BC5962S,0.199811985298928,38.7444056381031,UR COSTA NOVA PANORAMA 210 JAVEA/XABIA (ALICANTE),OK,12
6923701BC5962S,0.19945984614942,38.743601843194,UR COSTA NOVA PANORAMA 286 JAVEA/XABIA (ALICANTE),OK,12
6912108BC5961S,0.203178575820661,38.7338350890704,UR COSTA NOVA LA MARINA 220 JAVEA/XABIA (ALICANTE),OK,12
5038005BC5953N,0.179255413616373,38.7561916607307,CL JOSE CABALLERO 17 JAVEA/XABIA (ALICANTE),OK,1
7522106BC5972S,0.209133969366246,38.7437968267759,UR COSTA NOVA PANORAMA 251 JAVEA/XABIA (ALICANTE),OK,12
0007029BC5905S,0.132936791521845,38.7836901500203,CL AUSTRALIA 8 JAVEA/XABIA (ALICANTE),OK,1
8723805BC5982S,0.22280538803573,38.7444321592727,CL HECTOR BERLIOZ 9 JAVEA/XABIA (ALICANTE),OK,12
8616601BC5981N,0.220885881889643,38.7385270272192,CL CAP NEGRE 24 JAVEA/XABIA (ALICANTE),OK,12
8421919BC5982S,0.219434994690649,38.7444533309544,CL JOSE CASANOVAS 6 JAVEA/XABIA (ALICANTE),OK,12
4747502BC5944N,0.175744007954599,38.7652231968054,CL RIO ALFAMBRA 7 JAVEA/XABIA (ALICANTE),OK,1
3679011BC5937N,0.161442250274525,38.7938264562874,CL ALBOCASSER 2 JAVEA/XABIA (ALICANTE),OK,1
5133410BC5953S,0.181514471932384,38.7506857903745,CL HONORE DAUMIER 22 JAVEA/XABIA (ALICANTE),OK,12
7236307BC5973N,0.205292244712728,38.755640289729,CL ANGILAGA 53 JAVEA/XABIA (ALICANTE),OK,12
5132002BC5953S,0.18018232194877,38.753944311478,CL MARCEL DUCHAMP 4 JAVEA/XABIA (ALICANTE),OK,12
2843702BC5924S,0.153595197957808,38.7622523609846,CL MAR CANTABRICO 34 JAVEA/XABIA (ALICANTE),OK,1
5440404BC5953N,0.184016547978293,38.7584973749187,TR DE LES CANSALADES 42 JAVEA/XABIA (ALICANTE),OK,1
2177303BC5927N,0.144813434864802,38.7920461532407,CL CACERES 3 JAVEA/XABIA (ALICANTE),OK,2
7435501BC5973S,0.206635970730571,38.754783025735,CL CANTUESO 7 JAVEA/XABIA (ALICANTE),OK,12
9686119BC4998N,0.11703412055396,38.7980329622282,CL PERSEO 1 JAVEA/XABIA (ALICANTE),OK,2
7124333BC5972S,0.205240014726528,38.7447571935175,UR COSTA NOVA PANORAMA 171(B) JAVEA/XABIA (ALICANTE),OK,12
8126607BC5982N,0.215461924809689,38.7466259985575,CL CUA DE JONC LA 32 JAVEA/XABIA (ALICANTE),OK,12
5033002BC5943S,0.179256683902455,38.7536521267726,UR PINOMAR 92 JAVEA/XABIA (ALICANTE),OK,12
1195355BC5917N,0.135798229538869,38.79134653672,CL PIC DEL MONTSIA 27 JAVEA/XABIA (ALICANTE),OK,2
7435201BC5973N,0.207207037660731,38.7555848260884,CL CANTUESO 17 JAVEA/XABIA (ALICANTE),OK,12
8819701BC5981N,0.222017139437693,38.741597781011,UR BALCON AL MAR E 35 JAVEA/XABIA (ALICANTE),OK,12
1975803BC5917N,0.142969835064339,38.7895909823684,CL BADALONA 7 JAVEA/XABIA (ALICANTE),OK,2
7519308BC5971N,0.209179367263259,38.7400611584802,UR COSTA NOVA PLA 142 JAVEA/XABIA (ALICANTE),OK,12
8525351BC5982S,0.220781916980798,38.7460041997397,CL JOAQUIN RODRIGO 33 JAVEA/XABIA (ALICANTE),OK,12
3838211BC5933N,0.167272273514699,38.7563581119897,CL RIO SEGURA 1 JAVEA/XABIA (ALICANTE),OK,1
7514502BC5971S,0.207268229021647,38.7366827103054,CR GRANADELLA LA 51 JAVEA/XABIA (ALICANTE),OK,12
7919204BC5972S,0.213732504818218,38.7417458775543,CR GUARDIA LA 799(O) JAVEA/XABIA (ALICANTE),OK,12
6230512BC5962N,0.192444760707933,38.7497998265541,UR TOSALET 229 JAVEA/XABIA (ALICANTE),OK,12
2578935BC5927N,0.14920988693381,38.7938050008249,CL MALAGA 15 JAVEA/XABIA (ALICANTE),OK,2
7233018BC5973S,0.204616098180376,38.7530442632312,CL ANGILAGA 42 JAVEA/XABIA (ALICANTE),OK,12
7835605BC5973S,0.211062707216907,38.7543368975815,CL CEBA 15 JAVEA/XABIA (ALICANTE),OK,12
8516504BC5981N,0.220497294468319,38.7378361259324,CL JOHANNES BRAHNS 29 JAVEA/XABIA (ALICANTE),OK,12
2944006BC5924S,0.15470186518472,38.7613619989007,CL MAR BALTICO 1 JAVEA/XABIA (ALICANTE),OK,1
2578938BC5927N,0.149149479509185,38.7929445853103,CL MALAGA 9 JAVEA/XABIA (ALICANTE),OK,2
5437010BC5953N,0.184144589925601,38.7552460019477,UR PINO SOL 16 JAVEA/XABIA (ALICANTE),OK,12
8629203BC5982N,0.220194586337407,38.7507107208568,UR MAR AZUL 44 JAVEA/XABIA (ALICANTE),OK,12
7614308BC5971S,0.210030495623883,38.7357499322932,CL FAISA 15 JAVEA/XABIA (ALICANTE),OK,12
3780104BC5938S,0.162957191460097,38.795146827279,CL ALMEDIJAR 19 JAVEA/XABIA (ALICANTE),OK,1
2074719BC5927S,0.146468673051802,38.7876189482855,CR DE JESUS POBRE 38 JAVEA/XABIA (ALICANTE),OK,2
2877402BC5927N,0.152991702532421,38.7936004266606,CL MIERES 14 JAVEA/XABIA (ALICANTE),OK,2
7522103BC5972S,0.208271243680442,38.743883422223,UR COSTA NOVA PANORAMA 254 JAVEA/XABIA (ALICANTE),OK,12
7514519BC5971S,0.208356952512309,38.7358534687727,CL FAISA 34 JAVEA/XABIA (ALICANTE),OK,12
2644004BC5924S,0.151553009933657,38.7618280472173,CL MAR DE NORUEGA 12 JAVEA/XABIA (ALICANTE),OK,1
3838202BC5933N,0.164684601098326,38.758017004349,CL RIO VINALOPO 17 JAVEA/XABIA (ALICANTE),OK,1
8421920BC5982S,0.219768269179315,38.7445956851326,CL JOSE CASANOVAS 8 PP LA CALA 106 JAVEA/XABIA (ALICANTE),OK,12
2739016BC5923N,0.152786323700746,38.757740042545,CL MAR EGEO 18 JAVEA/XABIA (ALICANTE),OK,1
7823410BC5972S,0.213909544950878,38.7443822984688,CL MOIXETA 24 JAVEA/XABIA (ALICANTE),OK,12
0478110BC5907N,0.127024456505233,38.7915786749878,CL MUELA 19 JAVEA/XABIA (ALICANTE),OK,2
4836808BC5943N,0.177158398797696,38.7545805666516,CL FRANCESCO ALBANI 4 JAVEA/XABIA (ALICANTE),OK,1
7915702BC5971S,0.21237806760385,38.7371111778567,UR COSTA NOVA AMBOLO 549 JAVEA/XABIA (ALICANTE),OK,12
8619049BC5981N,0.219880085345242,38.7408003232508,CL LUDWIG VAN BEETHOVEN 26 JAVEA/XABIA (ALICANTE),OK,12
5470807BC5957S,0.182430697524125,38.7865014426772,UR BAHIA DE JAVEA 72 JAVEA/XABIA (ALICANTE),OK,7
5939606BC5953N,0.189358253734782,38.7579534171747,CL GENGIBRE 9 JAVEA/XABIA (ALICANTE),OK,12
7231305BC5973S,0.205807732947497,38.7508788941746,CL ANGILAGA 22 JAVEA/XABIA (ALICANTE),OK,12
2794515BC5924S,0.152306097819197,38.7607638516327,CL MAR DE NORUEGA 45(D) JAVEA/XABIA (ALICANTE),OK,1
0478112BC5907N,0.127099432207724,38.7910681654161,CL MUELA 17 JAVEA/XABIA (ALICANTE),OK,2
7616019BC5971N,0.210303515709139,38.7371345372719,UR COSTA NOVA AMBOLO 592 JAVEA/XABIA (ALICANTE),OK,12
7124311BC5972S,0.206058121329026,38.7450304710184,CL MILA 21 JAVEA/XABIA (ALICANTE),OK,12
5531204BC5953S,0.187295189913435,38.7513033757286,PD CA CANSALA 62 JAVEA/XABIA (ALICANTE),OK,12
1179440BC5918S,0.132612800419663,38.7942414655631,CL DE MONTEMAJOR 14 JAVEA/XABIA (ALICANTE),OK,2
5333302BC5953S,0.183286214392542,38.753953356597,CL EDGAR DEGAS 16 JAVEA/XABIA (ALICANTE),OK,12
7236306BC5973N,0.205663797749345,38.7555806181675,CL ANGILAGA 55 JAVEA/XABIA (ALICANTE),OK,12
7823409BC5972S,0.21362966010081,38.744308051338,CL TRENCALL 361 JAVEA/XABIA (ALICANTE),OK,12
7429610BC5972N,0.206669843385286,38.7490427638137,UR ENTREPINOS 59 JAVEA/XABIA (ALICANTE),OK,12
7072605BC5972N,0.203983225563552,38.7473533610863,CL MORELL 18 JAVEA/XABIA (ALICANTE),OK,12
8524001BC5982S,0.219761274378366,38.7457484574345,CL GIOACCHINO ROSSINI 1 JAVEA/XABIA (ALICANTE),OK,12
9316301BC5991N,0.230355985631964,38.7394064930335,UR BALCON AL MAR G 122 JAVEA/XABIA (ALICANTE),OK,12
4833312BC5943S,0.177396706712207,38.7525911991452,CL ANDREA MANTEGNA 9 JAVEA/XABIA (ALICANTE),OK,12
5337401BC5953N,0.183203517674935,38.7567530108965,UR PINO SOL 17 JAVEA/XABIA (ALICANTE),OK,12
3966406BC5937S,0.165633761820378,38.7908445950595,CL DE CERVANTES 12 JAVEA/XABIA (ALICANTE),OK,5
7824107BC5972S,0.213455752366983,38.7459430795615,CL CUA DE JONC LA 65(A) JAVEA/XABIA (ALICANTE),OK,12
3838207BC5933N,0.166326400691246,38.7572879048236,CL RIO SEGURA 9 JAVEA/XABIA (ALICANTE),OK,1
8524005BC5982S,0.219951307325386,38.7450254678236,CL GIOACCHINO ROSSINI 5 JAVEA/XABIA (ALICANTE),OK,12
7434502BC5973S,0.207101644870224,38.7539470067552,UR TOSCAL 38 JAVEA/XABIA (ALICANTE),OK,12
2279922BC5927N,0.146128990698632,38.7936847617172,CL GRANADA 14 JAVEA/XABIA (ALICANTE),OK,2
7921320BC5972S,0.211577666566938,38.7424573757513,CL GARSETA BLANCA 12 JAVEA/XABIA (ALICANTE),OK,12
8814011BC5981S,0.224932556291868,38.7371943346549,UR BALCON AL MAR C 72 JAVEA/XABIA (ALICANTE),OK,12
7518412BC5971N,0.209072647830824,38.7391829814516,CL TADORNA 51 JAVEA/XABIA (ALICANTE),OK,12
7825212BC5972N,0.213852901716381,38.746637901413,CL TRENCALL 306 JAVEA/XABIA (ALICANTE),OK,12
2028921BC5922N,0.146304166999954,38.7474805269983,CL WILLIAM SHAKESPEARE 13 JAVEA/XABIA (ALICANTE),OK,1
7732207BC5973S,0.210849675072743,38.7524856895365,UR TOSCAL 382 JAVEA/XABIA (ALICANTE),OK,12
7611003BC5971S,0.20965257473155,38.7335971981738,UR COSTA NOVA LA MARINA 162 JAVEA/XABIA (ALICANTE),OK,12
2235803BC5923N,0.148058422182733,38.7538245293286,CL GONZALO DE BERCEO 6 JAVEA/XABIA (ALICANTE),OK,1
2842514BC5924S,0.153502922139531,38.7594605485362,CL MAR DE NORUEGA 27 JAVEA/XABIA (ALICANTE),OK,1
1731316BC5913S,0.142755288838848,38.7496823755801,CL ARTHUR RIMBAUD 1 JAVEA/XABIA (ALICANTE),OK,1
2843721BC5924S,0.154244210388551,38.7602388237629,CL MAR CANTABRICO 10 JAVEA/XABIA (ALICANTE),OK,1
7429604BC5972N,0.207317240115407,38.7490452712805,CL DE LA PRIMULA 6 JAVEA/XABIA (ALICANTE),OK,12
7411708BC5971S,0.206868185757164,38.7342082528885,CL PICARDO 33 JAVEA/XABIA (ALICANTE),OK,12
2939712BC5923N,0.154317583476994,38.7570707628677,CL MAR ROJO 1 JAVEA/XABIA (ALICANTE),OK,1
2748902BC5924N,0.151072741523365,38.7657244020118,CL RIO JILOCA 44 FINCA RESULTANTE N¦20 JAVEA/XABIA (ALICANTE),OK,1
9682509BC4998S,0.116021717541719,38.7958233064215,CL FENIX 18 JAVEA/XABIA (ALICANTE),OK,2
8916001BC5981N,0.224311715663648,38.7391433758396,CL CAP NEGRE 44 JAVEA/XABIA (ALICANTE),OK,12
6623314BC5962S,0.199619541995753,38.7442931811962,UR COSTA NOVA PANORAMA 211 JAVEA/XABIA (ALICANTE),OK,12
7921318BC5972S,0.211744074688906,38.7419708744003,CL GARSETA BLANCA 8 JAVEA/XABIA (ALICANTE),OK,12
5372019BC5957S,0.181812333353124,38.7868604053152,UR BAHIA DE JAVEA 32 JAVEA/XABIA (ALICANTE),OK,7
11953B1BC5917N,0.134632887901998,38.7900307866062,CL PICACHO 2 JAVEA/XABIA (ALICANTE),OK,2
7914202BC5971S,0.21299119623364,38.7362645954125,CL CORB MARI 4 JAVEA/XABIA (ALICANTE),OK,12
1072611BC5917S,0.135571312008427,38.787199873258,CL MAURITANIA 4 JAVEA/XABIA (ALICANTE),OK,1
7421004BC5972S,0.207810990612874,38.7423918109331,CL ASCLE 3 JAVEA/XABIA (ALICANTE),OK,12
3838210BC5933N,0.166937840242997,38.7567176715157,CL RIO SEGURA 3 JAVEA/XABIA (ALICANTE),OK,1
3117911BC5931N,0.159555727979126,38.7389444999811,CL AMEDEO MODIGLIANI 5 JAVEA/XABIA (ALICANTE),OK,12
7915210BC5971N,0.214466708963333,38.7373793929354,CL CORB MARI 19 JAVEA/XABIA (ALICANTE),OK,12
4936017BC5943N,0.177600737801458,38.7554494913635,UR PINOMAR 39 JAVEA/XABIA (ALICANTE),OK,1
6937022BC5963N,0.201398972035286,38.7566292692079,CL TOMILLO 8 JAVEA/XABIA (ALICANTE),OK,12
8524006BC5982S,0.219917228895789,38.7452722362993,CL GIOACCHINO ROSSINI 3 UR.LA CALA JAVEA/XABIA (ALICANTE),OK,12
7429611BC5972N,0.206416717508477,38.7491435616447,CL DE L'ALBERCOQUER 9 JAVEA/XABIA (ALICANTE),OK,12
5640101BC5954S,0.185399430671625,38.7593134478108,CL MARGARIDA 2 JAVEA/XABIA (ALICANTE),OK,12
9217001BC5991N,0.226574020884435,38.7394420796208,UR BALCON AL MAR G 84 JAVEA/XABIA (ALICANTE),OK,12
7517018BC5971N,0.209014693366162,38.7387097724603,CL TADORNA 54 JAVEA/XABIA (ALICANTE),OK,12
7711902BC5971S,0.212282150689754,38.7348451754071,CL CORRIOL 4 JAVEA/XABIA (ALICANTE),OK,12
8423303BC5982S,0.21952392999492,38.7456004585162,CL GIOACCHINO ROSSINI 4 JAVEA/XABIA (ALICANTE),OK,12
7521215BC5972S,0.20858325569118,38.7426897417347,UR COSTA NOVA PLA 62 JAVEA/XABIA (ALICANTE),OK,12
8986351BC4988N,0.107850691297453,38.7989424699568,CL MIZAR 8 JAVEA/XABIA (ALICANTE),OK,2
9490809BC4998N,0.11453094378592,38.8021383219689,CL AURIGA 13 JAVEA/XABIA (ALICANTE),OK,2
8688958BC4998N,0.10491748654224,38.8007748422834,CL CABELLERA DE BERENICE 3 JAVEA/XABIA (ALICANTE),OK,2
8515614BC5981S,0.219445436547042,38.7368550087086,UR BALCON AL MAR B 125 JAVEA/XABIA (ALICANTE),OK,12
6924007BC5962S,0.202289666122867,38.7451480206957,CL PASSARELL 4 JAVEA/XABIA (ALICANTE),OK,12
7512009BC5971S,0.208789249465587,38.7344172434426,CL AVUITARDA L' 24 JAVEA/XABIA (ALICANTE),OK,12
3981620BC5938S,0.163665176097772,38.7950256466625,CL ALCOSSER 16 JAVEA/XABIA (ALICANTE),OK,1
1868571BC5916N,0.143332111731859,38.7842035840461,CL INGLATERRA 14 JAVEA/XABIA (ALICANTE),OK,1
9111006BC5991S,0.227137258166923,38.7342944686342,CL LOUIS ARMSTRONG 12 JAVEA/XABIA (ALICANTE),OK,12
7131603BC5973S,0.203686916953166,38.7508657060256,CL ARROS 12 JAVEA/XABIA (ALICANTE),OK,12
6541407BC5964S,0.196630905326064,38.7598075754756,PD CM CAP MARTI 243 JAVEA/XABIA (ALICANTE),OK,12
7518413BC5971N,0.208948165179645,38.739097750914,CL TADORNA 49 JAVEA/XABIA (ALICANTE),OK,12
9311105BC5991S,0.229879769559867,38.7341230385867,UR BALCON AL MAR F 61 JAVEA/XABIA (ALICANTE),OK,12
7816209BC5971N,0.21316221638352,38.7379131698656,CL ESCABUSSO 15 JAVEA/XABIA (ALICANTE),OK,12
3117904BC5931N,0.158121995722703,38.7381860791924,CL AMEDEO MODIGLIANI 19 JAVEA/XABIA (ALICANTE),OK,12
0881260BC5908S,0.124589167529361,38.7947803198943,CL TARRAC 15 JAVEA/XABIA (ALICANTE),OK,2
0017029BC5905S,,,,SIN_COORDENADAS,
6235501BC5963S,0.192416386007949,38.7544374544385,CL DONZELLA LA 367 JAVEA/XABIA (ALICANTE),OK,12
5133409BC5953S,0.181191479628823,38.7517103808097,CL HONORE DAUMIER 14 JAVEA/XABIA (ALICANTE),OK,12
6929609BC5962N,0.202578616219122,38.7490298932596,PD CM CAP MARTI 72(A) JAVEA/XABIA (ALICANTE),OK,12
7824105BC5972S,0.212431530766885,38.7457771021582,CL CUA DE JONC LA 16 JAVEA/XABIA (ALICANTE),OK,12
9388935BC4998N,0.113419330268639,38.8000624115093,CL CANES DE CAZA 12 JAVEA/XABIA (ALICANTE),OK,2
2950702BC5925S,0.153251612395626,38.7675880553708,CL RIO CARBO 27 FINCA RESULTANTE Nº127 JAVEA/XABIA (ALICANTE),OK,1
7514505BC5971S,0.208062548051456,38.7366402541503,CL FAISA 4 JAVEA/XABIA (ALICANTE),OK,12
5743531BC5954S,0.1867230427357,38.7613463256201,CL FARIGOLA DE LA 8 JAVEA/XABIA (ALICANTE),OK,12
4846504BC5944N,0.176364305712019,38.7638036355051,CM CANSALADES 15 JAVEA/XABIA (ALICANTE),OK,1
8610014BC5981S,0.220770355898804,38.7334935772863,UR BALCON AL MAR A 54 JAVEA/XABIA (ALICANTE),OK,12
1195344BC5907N,0.129687018902651,38.7917271538505,CL MONTGO 10 JAVEA/XABIA (ALICANTE),OK,2
7331420BC5973S,0.206857223630866,38.750740475657,CL DE LA VIOLETA 26 JAVEA/XABIA (ALICANTE),OK,12
2925814BC5922S,0.156531558488778,38.7440966167237,CL LAGO IZABAL 6 JAVEA/XABIA (ALICANTE),OK,1
7836018BC5973N,0.211875337171503,38.7557089740353,CL CORRETJOLA 6 JAVEA/XABIA (ALICANTE),OK,12
0677431BC5907N,0.128596523804976,38.7911756354457,CL TEJO 3 JAVEA/XABIA (ALICANTE),OK,2
9018001BC5991N,0.226135694862804,38.7404359561392,CL CARL NIELSEN 9 JAVEA/XABIA (ALICANTE),OK,12
7137011BC5953N,0.202927806576551,38.7566497691475,PD CM CAP MARTI 171 JAVEA/XABIA (ALICANTE),OK,12
8518211BC5981N,0.222078519585529,38.7394831000471,CL ISAAC ALBENIZ 29 JAVEA/XABIA (ALICANTE),OK,12
7514516BC5971S,0.20934316674788,38.7354111558559,CL FAISA 28 JAVEA/XABIA (ALICANTE),OK,12
8528404BC5982N,0.219581963218604,38.7491121892784,CL TRUITA 61 JAVEA/XABIA (ALICANTE),OK,12
4933306BC5943S,0.178851936766909,38.7527515922839,UR PINOMAR 64 JAVEA/XABIA (ALICANTE),OK,12
0880602BC5908S,0.129806766885476,38.7956531670652,CL VEDAT 24 JAVEA/XABIA (ALICANTE),OK,2
6131426BC5963S,0.190925565969647,38.750429360606,UR TOSALET 371 JAVEA/XABIA (ALICANTE),OK,12
2549604BC5924N,0.151219285485684,38.7669642380573,CL RIO CINCA 37 FINCA RESULTANTE N¦82 JAVEA/XABIA (ALICANTE),OK,1
7514521BC5971S,0.208127777052769,38.7362059365351,CL FAISA 38 JAVEA/XABIA (ALICANTE),OK,12
8617812BC5981N,0.220527938993552,38.7397421745771,UR BALCON AL MAR D 129 JAVEA/XABIA (ALICANTE),OK,12
9317603BC5991N,0.226557376257144,38.7386296615175,CL NICCOLO PAGANINI 10 JAVEA/XABIA (ALICANTE),OK,12
2748915BC5924N,0.156011654388679,38.7661564239057,"CL RIO JALON 13 PI VER, 32 JAVEA/XABIA (ALICANTE)",OK,1
3118212BC5931N,0.159209867906788,38.7398258539795,CL LEONARDO DA VINCI 53 JAVEA/XABIA (ALICANTE),OK,12
3117909BC5931N,0.159155493285042,38.7387131347409,CL AMEDEO MODIGLIANI 9 JAVEA/XABIA (ALICANTE),OK,12
7824438BC5972S,0.211367714542935,38.7448402243012,CL XORIGUER 4 JAVEA/XABIA (ALICANTE),OK,12
9111007BC5991S,0.227481243862107,38.7341204620651,CL LOUIS ARMSTRONG 14 JAVEA/XABIA (ALICANTE),OK,12
4933305BC5943S,0.178769324062742,38.7530906017804,UR PINOMAR 65 JAVEA/XABIA (ALICANTE),OK,12
7615364BC5971S,0.210893643767077,38.7369535750657,CL PARPALLO 4 JAVEA/XABIA (ALICANTE),OK,12
5344011BC5954S,0.182138812003885,38.7623171052412,CM ADSUBIES 150 JAVEA/XABIA (ALICANTE),OK,1
9286613BC4998N,0.111291859595851,38.7988949787619,CL CORONA BOREAL 3 JAVEA/XABIA (ALICANTE),OK,2
6621103BC5962S,0.197039234154972,38.7430789788099,UR COSTA NOVA PANORAMA 297 JAVEA/XABIA (ALICANTE),OK,12
2578913BC5927N,0.1513967230069,38.7920525648663,CL OVIEDO 8 JAVEA/XABIA (ALICANTE),OK,2
9286604BC4998N,0.112447539834068,38.7990095223078,CL TAURO 8 JAVEA/XABIA (ALICANTE),OK,2
7225517BC5962S,0.202346613115242,38.7456165233082,CL ROGET 39 JAVEA/XABIA (ALICANTE),OK,12
5443209BC5954S,0.183847323586387,38.761949833534,CL CANALETTO 5 JAVEA/XABIA (ALICANTE),OK,1
7915703BC5971S,0.214215577575789,38.7373059232221,CL CORB MARI 17 JAVEA/XABIA (ALICANTE),OK,12
8816414BC5981N,0.22397893028043,38.7382522701591,UR BALCON AL MAR C 26 JAVEA/XABIA (ALICANTE),OK,12
9316305BC5991N,0.230373073066459,38.7385178438252,UR BALCON AL MAR G 127 JAVEA/XABIA (ALICANTE),OK,12
9989802BC5908N,0.120262089232692,38.8009804602468,CL CARENA 2 JAVEA/XABIA (ALICANTE),OK,2
4536406BC5943N,0.173522833395105,38.7545531758398,CL NICOLAS LANCRET 26 JAVEA/XABIA (ALICANTE),OK,1
7915206BC5971N,0.213825859613494,38.7375336667408,UR COSTA NOVA AMBOLO 555 JAVEA/XABIA (ALICANTE),OK,12
9317619BC5991N,0.230047569401857,38.7400853408287,UR BALCON AL MAR G 26 JAVEA/XABIA (ALICANTE),OK,12
6710509BC5960N,0.199714971902246,38.7320549925065,CL PIC TORT 18 JAVEA/XABIA (ALICANTE),OK,12
6236311BC5963N,0.193010765094765,38.7555095356561,PD CM CAP MARTI 395 JAVEA/XABIA (ALICANTE),OK,12
9217009BC5991N,0.228493364501148,38.7397275574857,UR BALCON AL MAR G 75 JAVEA/XABIA (ALICANTE),OK,12
6623303BC5962S,0.198418175555774,38.7441925641283,CL MILA 69 JAVEA/XABIA (ALICANTE),OK,12
6830418BC5962N,0.201398490166556,38.7503715014978,CL AZORES LAS 8 JAVEA/XABIA (ALICANTE),OK,12
6830416BC5962N,0.199547166454342,38.7499010683015,CL AGUILAS 19 JAVEA/XABIA (ALICANTE),OK,12
8115001BC5981S,0.215156792291299,38.7370533079475,CL CORB MARI 22 JAVEA/XABIA (ALICANTE),OK,12
5372015BC5957S,0.181636785301153,38.786594898401,UR BAHIA DE JAVEA 33 JAVEA/XABIA (ALICANTE),OK,7
5372017BC5957S,0.181628219380281,38.7867946080091,UR BAHIA DE JAVEA 30 JAVEA/XABIA (ALICANTE),OK,7
8716309BC5981N,0.223158994567383,38.7376641041104,UR BALCON AL MAR C 7 JAVEA/XABIA (ALICANTE),OK,12
1731325BC5913S,0.143156662025074,38.750050228716,CL ARTHUR RIMBAUD 4 JAVEA/XABIA (ALICANTE),OK,1
7616021BC5971N,0.211012845137035,38.7373252678064,CL CANELLAT 5 JAVEA/XABIA (ALICANTE),OK,12
5741412BC5954S,0.187058070431847,38.7595751326368,CM ADSUBIES 292 JAVEA/XABIA (ALICANTE),OK,12
1533907BC5913S,0.139359464497263,38.7515753288234,CL PLATON 26 JAVEA/XABIA (ALICANTE),OK,1
8513006BC5981S,0.21813835651713,38.7364015244109,CL FREDERIC CHOPIN 18 URB   BALCON AL MAR  7B JAVEA/XABIA (ALICANTE),OK,12
7336106BC5973N,0.205777841139641,38.7561552641581,CL CAMARROJA 15 JAVEA/XABIA (ALICANTE),OK,12
9182809BC4998S,0.110895366221674,38.794628129303,CL INDIA 8 JAVEA/XABIA (ALICANTE),OK,1
2933835BC5933S,0.158148262210355,38.7508849731677,CM SABATERA LA 37(D) JAVEA/XABIA (ALICANTE),OK,1
7212713BC5971S,0.205349192250461,38.7357210943309,UR COSTA NOVA LA MARINA 3(T) JAVEA/XABIA (ALICANTE),OK,12
2127403BC5922N,0.147623857050445,38.7480573902574,CL WILLIAM SHAKESPEARE 5 JAVEA/XABIA (ALICANTE),OK,1
7328806BC5972N,0.206050140972614,38.7490056883882,CL DE L'ALBERCOQUER 12 JAVEA/XABIA (ALICANTE),OK,12
7231308BC5973S,0.205609265090374,38.7505250310375,CL ANGILAGA 16 JAVEA/XABIA (ALICANTE),OK,12
7230002BC5973S,0.203738633268918,38.7507168474104,CL ANGILAGA 4 JAVEA/XABIA (ALICANTE),OK,12
1179446BC5918S,0.133807679939564,38.7932574539042,CL DEL PIC D'ESPADA 4 JAVEA/XABIA (ALICANTE),OK,2
8619023BC5981N,0.220850453798517,38.7408022426804,CL JOHANN SEBASTIAN BACH 75 JAVEA/XABIA (ALICANTE),OK,12
7929305BC5972N,0.213875683589396,38.7500519390573,CL DEL BEDOLL 1 JAVEA/XABIA (ALICANTE),OK,12
6029302BC5962N,0.191321827372438,38.7501998717359,UR TOSALET 377 JAVEA/XABIA (ALICANTE),OK,12
7519310BC5971N,0.208736262991279,38.739857138142,UR COSTA NOVA PLA 140 JAVEA/XABIA (ALICANTE),OK,12
0003016BC5900S,0.154193137448267,38.742238687409,CL LAGO CONSTANZA 5 JAVEA/XABIA (ALICANTE),OK,1
1195314BC5917N,0.135829108106736,38.7915440560646,CL PIC DEL MONTSIA 31 JAVEA/XABIA (ALICANTE),OK,2
4933327BC5943S,0.179060927180317,38.7510992740854,UR PINOMAR 59 JAVEA/XABIA (ALICANTE),OK,12
6539803BC5963N,0.196467386569651,38.7588112649238,PD CM CAP MARTI 500 JAVEA/XABIA (ALICANTE),OK,12
6736706BC5963N,0.198898038946043,38.7556362964459,UR TOSALET 74 JAVEA/XABIA (ALICANTE),OK,12
2675319BC5927S,0.150610699596169,38.7895904388638,CL BURGOS 34 JAVEA/XABIA (ALICANTE),OK,2
5133408BC5953S,0.181216729480976,38.7520190212301,CL HONORE DAUMIER 12 JAVEA/XABIA (ALICANTE),OK,12
6922109BC5962S,0.201896606786013,38.7435146561421,CL DEL PIT BLAU 7 CN PANORAMA 320 JAVEA/XABIA (ALICANTE),OK,12
4936006BC5943N,0.179194184186076,38.7559144947436,UR ADSUBIA TOSCAMA 13 JAVEA/XABIA (ALICANTE),OK,1
6923713BC5962S,0.202711349430047,38.744265647898,UR COSTA NOVA PANORAMA 272 JAVEA/XABIA (ALICANTE),OK,12
8591412BC5981S,0.220618922215995,38.7326585811498,UR BALCON AL MAR A 104 JAVEA/XABIA (ALICANTE),OK,12
9285201BC4998N,0.110066072659897,38.7985439979171,CL CORONA BOREAL 2 JAVEA/XABIA (ALICANTE),OK,2
0084903BC5908N,0.121229205568005,38.7994923894925,CL OFIUCO 4 JAVEA/XABIA (ALICANTE),OK,2
3838205BC5933N,0.165791988407325,38.7577170256381,CL RIO SERPIS 14 JAVEA/XABIA (ALICANTE),OK,1
7620209BC5971N,0.210402863130325,38.740702756037,UR COSTA NOVA PLA 105 JAVEA/XABIA (ALICANTE),OK,12
1731331BC5913S,0.144655064973033,38.7495036188679,CL JEAN GENET 16 JAVEA/XABIA (ALICANTE),OK,1
8610041BC5981S,0.222106732983951,38.733276253257,UR BALCON AL MAR A 81 JAVEA/XABIA (ALICANTE),OK,12
7212718BC5971S,0.20537625029426,38.7345756512253,UR COSTA NOVA LA MARINA 29 JAVEA/XABIA (ALICANTE),OK,12
2265903BC5926N,0.147446074690112,38.7808177942064,CL ELDA 11 JAVEA/XABIA (ALICANTE),OK,1
0010010BC5905N,,,,SIN_COORDENADAS,
4947011BC5944N,0.176949901026579,38.7646388172065,PD AD-CP ADSUB CAP 133 JAVEA/XABIA (ALICANTE),OK,1
6831405BC5963S,0.201003275226505,38.7509843104256,CL AZORES LAS 4 JAVEA/XABIA (ALICANTE),OK,12
7013710BC5961S,0.202635168682062,38.7349322180375,CL GAFARRO 13 JAVEA/XABIA (ALICANTE),OK,12
8812803BC5981S,0.221026312547968,38.7352967838516,UR BALCON AL MAR A 3 JAVEA/XABIA (ALICANTE),OK,12
6932603BC5963S,0.20088905416784,38.7518317010113,UR TOSALET 191 JAVEA/XABIA (ALICANTE),OK,12
2578962BC5927N,0.152011461441137,38.7918213391607,CL DE LASTRES 7 JAVEA/XABIA (ALICANTE),OK,2
7232718BC5973S,0.20404437755274,38.7522662190576,CL BLEDA 23 JAVEA/XABIA (ALICANTE),OK,12
7234014BC5973S,0.203556269191116,38.753673244749,UR TOSCAL 91 JAVEA/XABIA (ALICANTE),OK,12
1195394BC5917S,0.13323362721105,38.7895683104999,CL REVOLTONS 8 JAVEA/XABIA (ALICANTE),OK,2
8813703BC5981S,0.222943484332279,38.7356734758035,UR BALCON AL MAR C 85 JAVEA/XABIA (ALICANTE),OK,12
2346306BC5924N,0.149153938545853,38.764010846864,CL MAR CELTICO 18 JAVEA/XABIA (ALICANTE),OK,1
7512005BC5971S,0.207978784974603,38.7343846306756,UR COSTA NOVA LA MARINA 42(T) JAVEA/XABIA (ALICANTE),OK,12
7233008BC5973S,0.205228427179647,38.7523097840312,UR TOSCAL 240 JAVEA/XABIA (ALICANTE),OK,12
7419009BC5971N,0.207702664002447,38.73991072631,CL TADORNA 162 JAVEA/XABIA (ALICANTE),OK,12
8819725BC5981N,0.22171957479348,38.7413268168465,UR BALCON AL MAR E 13 JAVEA/XABIA (ALICANTE),OK,12
7836019BC5973N,0.212214198796714,38.7558032829999,CL CELIANDRE 8 JAVEA/XABIA (ALICANTE),OK,12
8318413BC5981N,0.217888359461203,38.7389214604083,UR BALCON AL MAR D 26 JAVEA/XABIA (ALICANTE),OK,12
8423302BC5982S,0.219472435361008,38.7457801423416,CL GIOACCHINO ROSSINI 2 JAVEA/XABIA (ALICANTE),OK,12
4625227BC5942N,0.174083097335566,38.7466696516,CL PABLO CESPEDES 30 JAVEA/XABIA (ALICANTE),OK,12
7331417BC5973S,0.206017782420548,38.751457999214,CL DE LA VIOLETA 32 JAVEA/XABIA (ALICANTE),OK,12
8525346BC5982S,0.21914603226073,38.7461127485869,CL JOAQUIN RODRIGO 23 JAVEA/XABIA (ALICANTE),OK,12
6436207BC5963N,0.19568319471352,38.7556495077555,PD CM CAP MARTI 110(D) JAVEA/XABIA (ALICANTE),OK,12
7312710BC5971S,0.20615495279856,38.7353700812752,UR COSTA NOVA LA MARINA 19(T) JAVEA/XABIA (ALICANTE),OK,12
9021602BC5982S,0.225207964354762,38.7426425910714,UR BALCON AL MAR E 155 JAVEA/XABIA (ALICANTE),OK,12
7616015BC7616N,0.209762194272566,38.7377902885943,UR COSTA NOVA AMBOLO 588 JAVEA/XABIA (ALICANTE),OK,12
3838229BC5933N,0.165549938749101,38.7570267096897,CL RIO VINALOPO 6 JAVEA/XABIA (ALICANTE),OK,1
7126701BC5972N,0.20269921223156,38.7466394297953,UR COSTA NOVA PANORAMA 27 JAVEA/XABIA (ALICANTE),OK,12
7919706BC5971N,0.215136844967651,38.7417941434424,CL FALZIA DE LA 5 JAVEA/XABIA (ALICANTE),OK,12
2870012BC5927S,0.154098094029518,38.7867865885315,CL BARCELONA 4 JAVEA/XABIA (ALICANTE),OK,1
5734607BC5973S,0.209306552474245,38.7540513349673,CL SALVIA LA 24 JAVEA/XABIA (ALICANTE),OK,12
7238714BC5973N,0.203339535199507,38.7576124646536,PD CM CAP MARTI 155 JAVEA/XABIA (ALICANTE),OK,12
7333007BC5973S,0.207231502221038,38.7524842795632,CL CARRIS 18 JAVEA/XABIA (ALICANTE),OK,12
3118221BC5931N,0.158169720190576,38.7387813186904,CL AMEDEO MODIGLIANI 16 JAVEA/XABIA (ALICANTE),OK,12
5025608BC5952N,0.181360074543942,38.7458276232386,CL ALBERTO DURERO 63 FINCA RESULTANTE M5J UE1 JAVEA/XABIA (ALICANTE),OK,12
6127713BC5962N,0.192239165375299,38.7469343076012,UR TOSALET 285 JAVEA/XABIA (ALICANTE),OK,12
2267932BC5926N,0.146483727601282,38.7820532250754,CL CHECOSLOVAQUIA 8 JAVEA/XABIA (ALICANTE),OK,1
9217024BC5991N,0.229032066680696,38.7394331151908,UR BALCON AL MAR G 60 JAVEA/XABIA (ALICANTE),OK,12
6335003BC5963N,0.195145969684479,38.7550414452488,PD CM CAP MARTI 476 JAVEA/XABIA (ALICANTE),OK,12
2650106BC5925S,0.152487009694383,38.7671052521986,CM MASSENES LES 28 FINCA RESULTANTE Nº116 JAVEA/XABIA (ALICANTE),OK,1
8513020BC5981S,0.22130100858044,38.7358038841846,UR BALCON AL MAR B 21 JAVEA/XABIA (ALICANTE),OK,12
7633614BC5973S,0.208366185652706,38.7532130594014,PD CM CAP MARTI 416(A) JAVEA/XABIA (ALICANTE),OK,12
8919701BC5981N,0.223452804004688,38.7419362556113,CL MAURICE RAVEL 25(E) JAVEA/XABIA (ALICANTE),OK,12
2845002BC5924N,0.154024397041398,38.7628608619427,CL MAR CANTABRICO 37 JAVEA/XABIA (ALICANTE),OK,1
3630605BC5933S,0.165659967889426,38.7498070207177,CL LAGO SAN MARTIN 2 JAVEA/XABIA (ALICANTE),OK,1
7517013BC5971N,0.209916803210733,38.7389041248273,UR COSTA NOVA PLA 122 JAVEA/XABIA (ALICANTE),OK,12
7212716BC5971N,0.205402161492772,38.7350144901597,UR COSTA NOVA LA MARINA 8 JAVEA/XABIA (ALICANTE),OK,12
7912407BC5971S,0.214852679892429,38.7345659358937,CL FLAMENC 1 JAVEA/XABIA (ALICANTE),OK,12
9882407BC4998S,0.119058169936394,38.7959731575532,CL PENYAPARDA 11(D) JAVEA/XABIA (ALICANTE),OK,2
8812845BC5981S,0.221066225112128,38.735166285359,UR BALCON AL MAR A 13 JAVEA/XABIA (ALICANTE),OK,12
8919704BC5981N,0.224469860708012,38.7411697571564,CL MAURICE RAVEL 19 JAVEA/XABIA (ALICANTE),OK,12
2346307BC5924N,0.149498516738947,38.7635122131104,CL MAR CELTICO 20 JAVEA/XABIA (ALICANTE),OK,1
8610006BC5980N,0.222825508451043,38.7327569204644,UR BALCON AL MAR A 46 JAVEA/XABIA (ALICANTE),OK,12
5837815BC5953N,0.188012376561289,38.7568829558688,CM ADSUBIES 383 JAVEA/XABIA (ALICANTE),OK,12
8610042BC5981S,0.221928463391053,38.7334865290675,UR BALCON AL MAR A 80 JAVEA/XABIA (ALICANTE),OK,12
7633611BC5973S,0.208358173239424,38.7524709421284,PD CM CAP MARTI 224 JAVEA/XABIA (ALICANTE),OK,12
8619045BC5981N,0.219026736453728,38.7401870076006,UR BALCON AL MAR D 45 JAVEA/XABIA (ALICANTE),OK,12
8510809BC5981S,0.219834671355761,38.7337951115692,UR BALCON AL MAR A 101 JAVEA/XABIA (ALICANTE),OK,12
7921513BC5972S,0.213861574919315,38.7438259926357,CL CUERETA DE LA 16 JAVEA/XABIA (ALICANTE),OK,12
6229513BC5962N,0.192336194912621,38.7490001546076,UR TOSALET 255 JAVEA/XABIA (ALICANTE),OK,12
5143515BC5954S,0.179992034478989,38.7606079194526,CL FERNANDO LEAL 5 JAVEA/XABIA (ALICANTE),OK,1
4139008BC5943N,0.168685067145355,38.7573606096213,CL RIO AMADORIO 2 JAVEA/XABIA (ALICANTE),OK,1
8024313BC5982S,0.215336122282052,38.7453250095758,CL TRENCALL 16 JAVEA/XABIA (ALICANTE),OK,12
2031912BC5923S,0.146382108644387,38.7504985814361,CL GIOVANNI BOCACCIO 19 JAVEA/XABIA (ALICANTE),OK,1
6710517BC5960N,0.201310788197062,38.7324501953474,CL PIC TORT 2 JAVEA/XABIA (ALICANTE),OK,12
8812846BC5981S,0.220816208214581,38.7349246497611,UR BALCON AL MAR A 12 JAVEA/XABIA (ALICANTE),OK,12
3882306BC5938S,0.165474282408739,38.796399439251,CL ALMUDAINA 37 JAVEA/XABIA (ALICANTE),OK,1
8723802BC5982S,0.223071793207965,38.745050415059,CL GABRIEL FAURE 6 JAVEA/XABIA (ALICANTE),OK,12
7818704BC5971N,0.212158227280859,38.7403232932461,UR COSTA NOVA PALM 13(B) JAVEA/XABIA (ALICANTE),OK,12
7614302BC5971S,0.208679309442219,38.7366585978887,CL FAISA 5(A) JAVEA/XABIA (ALICANTE),OK,12
3981603BC5938S,0.164122521762785,38.7953688376087,CL ALMUDAINA 13 JAVEA/XABIA (ALICANTE),OK,1
4024706BC5932S,0.168272337407214,38.7440907862052,UR CANSALADES 54 JAVEA/XABIA (ALICANTE),OK,12
7620208BC5971N,0.210234092226416,38.7404607860514,UR COSTA NOVA PLA 104 JAVEA/XABIA (ALICANTE),OK,12
2549609BC5924N,0.152001762370292,38.7665169111651,CL RIO JALON 34 PI VER 72 JAVEA/XABIA (ALICANTE),OK,1
7191003BC5974S,0.203976770353294,38.7602795518283,CL MANUEL JORGE 59 JAVEA/XABIA (ALICANTE),OK,12
7538904BC5973N,0.209979405250388,38.7589133959247,PD CALABLANCA 60 Polígono 9 CAP MARTI. JAVEA/XABIA (ALICANTE),OK,12
2644001BC5924S,0.151529818757994,38.7626138167406,CL MAR ADRIATICO 1 JAVEA/XABIA (ALICANTE),OK,1
7823423BC5982S,0.211238131931793,38.7434757148145,CL CUERETA DE LA 1 JAVEA/XABIA (ALICANTE),OK,12
5734603BC5973S,0.209487829420302,38.753902055583,PD CM CAP MARTI 344 JAVEA/XABIA (ALICANTE),OK,12
8610013BC5981S,0.220998604650884,38.7332343997017,CL TOMMASO ALBINONI 11 JAVEA/XABIA (ALICANTE),OK,12
5239804BC5953N,0.181283638847817,38.7582695451243,CL RAUL ANGUIANO 10 JAVEA/XABIA (ALICANTE),OK,1
7818809BC5971N,0.212845759799679,38.7404098841619,CL FALZIA DE LA 17 JAVEA/XABIA (ALICANTE),OK,12
9317613BC5991N,0.229091082106516,38.7392307210254,CL NICCOLO PAGANINI 32 JAVEA/XABIA (ALICANTE),OK,12
7513003BC5971S,0.207891269501634,38.7357750379868,CL FAISA 39 JAVEA/XABIA (ALICANTE),OK,12
8816405BC5981N,0.224129473992165,38.7385768548605,UR BALCON AL MAR C 34 JAVEA/XABIA (ALICANTE),OK,12
7323413BC5972S,0.205482549731325,38.7439423277997,CL RONCADELL 29 JAVEA/XABIA (ALICANTE),OK,12
4947021BC5944N,0.178099844902869,38.7645159743361,CM ADSUBIES 387 JAVEA/XABIA (ALICANTE),OK,1
0015033BC5905N,0.168599162991083,38.8015775700407,CM PEDRES LES 12 JAVEA/XABIA (ALICANTE),OK,1
7534703BC5973S,0.208355196479778,38.7545549299022,UR TOSCAL 50 JAVEA/XABIA (ALICANTE),OK,12
8919218BC5981N,0.2248787578725,38.7415722848679,CL MAURICE RAVEL 22 JAVEA/XABIA (ALICANTE),OK,12
7015706BC5961N,0.202965834333422,38.7378132451204,CL PASSARELL 55 JAVEA/XABIA (ALICANTE),OK,12
8128014BC5982N,0.216424094316938,38.7490026481307,CL DE L'ALBER 29 JAVEA/XABIA (ALICANTE),OK,12
7212709BC5971S,0.205118324375038,38.734848052029,UR COSTA NOVA LA MARINA 9 JAVEA/XABIA (ALICANTE),OK,12
0084951BC5908N,0.120673461263219,38.7987779446308,CL OCTANTE 6 JAVEA/XABIA (ALICANTE),OK,2
8619008BC5981N,0.222981639231472,38.7405580502023,CL LUDWIG VAN BEETHOVEN 44 JAVEA/XABIA (ALICANTE),OK,12
8610040BC5981S,0.222305938153234,38.7335082089873,UR BALCON AL MAR A 82 JAVEA/XABIA (ALICANTE),OK,12
4836817BC5943N,0.17611130854238,38.7553789796446,CL RUFINO TAMAYO 13 JAVEA/XABIA (ALICANTE),OK,1
7113308BC5971S,0.20324832865205,38.7348068051976,UR COSTA NOVA LA MARINA 214 JAVEA/XABIA (ALICANTE),OK,12
8619043BC5981N,0.218993725992937,38.7398608003109,UR BALCON AL MAR D 43 JAVEA/XABIA (ALICANTE),OK,12
3631517BC5933S,0.164276729039761,38.7508940273424,CL LAGO COMO 24 PARCELA RESULTANTE Nº20 JAVEA/XABIA (ALICANTE),OK,1
7818710BC5971N,0.211218491149391,38.7393510855589,UR COSTA NOVA PALM 4 JAVEA/XABIA (ALICANTE),OK,12
8814018BC5981S,0.223408389689799,38.7358852582926,UR BALCON AL MAR C 79 JAVEA/XABIA (ALICANTE),OK,12
4138702BC5943N,0.168458492169893,38.7572329491814,CL RIO AMADORIO 1 JAVEA/XABIA (ALICANTE),OK,1
3630607BC5933S,0.165176101752269,38.7495240043428,CL LAGO TITICACA 17 PARCELA RESULTANTE N¦49 JAVEA/XABIA (ALICANTE),OK,1
9214605BC5991S,0.22834742616175,38.7356067681963,CL ENRIQUE GRANADOS 35 JAVEA/XABIA (ALICANTE),OK,12
6229508BC5962N,0.194012081764894,38.7491158406628,UR TOSALET 250 JAVEA/XABIA (ALICANTE),OK,12
5837816BC5953N,0.188049322454545,38.7570966472706,CM ADSUBIES 383(A) JAVEA/XABIA (ALICANTE),OK,12
9115807BC5991N,0.226700273764861,38.7375736313812,UR BALCON AL MAR F 43 JAVEA/XABIA (ALICANTE),OK,12
8513021BC5981S,0.221507196485879,38.7359893383599,UR BALCON AL MAR B 22 JAVEA/XABIA (ALICANTE),OK,12
9322007BC5992S,0.228789502871528,38.7437424432014,CL TINTORERA 6 JAVEA/XABIA (ALICANTE),OK,12
7228010BC5972N,0.205782221478088,38.7480963549873,CL DE L'AGRET 20 JAVEA/XABIA (ALICANTE),OK,12
5233212BC5953S,0.18238294804287,38.7521558169296,CL CORREGGIO 22 JAVEA/XABIA (ALICANTE),OK,12
9217028BC5991N,0.228071935930055,38.738801114751,UR BALCON AL MAR G 55 JAVEA/XABIA (ALICANTE),OK,12
7134002BC5973S,0.202864655031526,38.7542538257925,UR TOSALET 1135 JAVEA/XABIA (ALICANTE),OK,12
0881211BC5908S,0.127366400983035,38.7950716801741,CL MONTGO 35 JAVEA/XABIA (ALICANTE),OK,2
7631711BC5973S,0.206930531214016,38.7519174174727,PD CM CAP MARTI 377 JAVEA/XABIA (ALICANTE),OK,12
1868533BC5917S,0.142298793586135,38.7853801240276,CL VENEZUELA 2 JAVEA/XABIA (ALICANTE),OK,1
4281628BC5948S,0.168067734593904,38.7950600826773,CL PUIG MOLINS 23 JAVEA/XABIA (ALICANTE),OK,1
8617805BC5981N,0.221514904953272,38.7391286869838,UR BALCON AL MAR D 134 JAVEA/XABIA (ALICANTE),OK,12
5762012BC5956S,0.186641955460903,38.7782077490889,CL SIRACUSA 4 JAVEA/XABIA (ALICANTE),OK,11
2779321BC5928S,0.151148576540581,38.7945195464197,CL AVILES 11 JAVEA/XABIA (ALICANTE),OK,2
4379810BC5947N,0.168915069122986,38.7938421281426,CL PUIG MOLINS 7 JAVEA/XABIA (ALICANTE),OK,1
7015725BC5971N,0.204155807327568,38.7377168658158,CL VOLTOR 15 JAVEA/XABIA (ALICANTE),OK,12
2980410BC5928S,0.154620425509007,38.7954040512167,CL DE LASTRES 65 JAVEA/XABIA (ALICANTE),OK,2
9875701BC4997N,0.118727695843831,38.789232405532,CM VELL DE PEDREGUER 19 JAVEA/XABIA (ALICANTE),OK,1
7829005BC5972N,0.211132007891606,38.7491108331276,CL DE L'ALFABEGA 52 JAVEA/XABIA (ALICANTE),OK,12
8525366BC5982S,0.223540496450682,38.7448480331756,CL GABRIEL FAURE 9 JAVEA/XABIA (ALICANTE),OK,12
7015724BC5971N,0.204479205543388,38.737420808469,CL VOLTOR 18 JAVEA/XABIA (ALICANTE),OK,12
9113007BC5991S,0.227970869934996,38.7355282797439,UR BALCON AL MAR C 105 JAVEA/XABIA (ALICANTE),OK,12
2279927BC5927N,0.145918540045869,38.7928347301633,CL GRANADA 9 JAVEA/XABIA (ALICANTE),OK,2
2465911BC5926N,0.150645160146768,38.7814488122457,CL CANTALLOPS 48 JAVEA/XABIA (ALICANTE),OK,1
7135601BC5973S,0.20253158977085,38.7548393880252,UR TOSALET 1171 JAVEA/XABIA (ALICANTE),OK,12
5729007BC5952N,0.188491121101766,38.7491202751099,CL BOTJA DE LA 11 JAVEA/XABIA (ALICANTE),OK,12
9111022BC5991S,0.22857700825659,38.7342445777116,CL LARRY AUSTIN 2 JAVEA/XABIA (ALICANTE),OK,12
6923712BC5962S,0.20249823349884,38.7442965810469,CL RONCADELL 51 JAVEA/XABIA (ALICANTE),OK,12
6537107BC5963N,0.196518702030313,38.7573532444507,CL NOGUERA LA 7 JAVEA/XABIA (ALICANTE),OK,12
7525102BC5972N,0.206887474649742,38.7463375731865,UR COSTA NOVA PANORAMA 7 JAVEA/XABIA (ALICANTE),OK,12
3216627BC5931N,0.159571111110437,38.7364077430186,CL PIETER BRUEGEL 56 JAVEA/XABIA (ALICANTE),OK,12
6233718BC5963S,0.192698593317709,38.7524681167565,CL FALGUERA 4 JAVEA/XABIA (ALICANTE),OK,12
6327002BC5962N,0.193363184282389,38.7484583280821,UR TOSALET 257 JAVEA/XABIA (ALICANTE),OK,12
8518206BC5981N,0.222207608579754,38.7398861897993,CL JOHANN SEBASTIAN BACH 105 JAVEA/XABIA (ALICANTE),OK,12
7237307BC5973N,0.205720687768417,38.7569301477374,PD CM CAP MARTI 189 JAVEA/XABIA (ALICANTE),OK,12
9789813BC4998N,0.117461933426282,38.8012840536234,CL AURIGA 23 JAVEA/XABIA (ALICANTE),OK,2
6127707BC5962N,0.192258441399671,38.7472321715402,UR TOSALET 289 JAVEA/XABIA (ALICANTE),OK,12
6533708BC5963S,0.196578360087033,38.7522949958777,CL ENEBRO 16 JAVEA/XABIA (ALICANTE),OK,12
2944008BC5924S,0.154055261198109,38.761394712852,CL MAR CANTABRICO 47 JAVEA/XABIA (ALICANTE),OK,1
0881207BC5908S,0.125724287922641,38.7966070590594,CL MONTGO 49 JAVEA/XABIA (ALICANTE),OK,2
7191006BC5974S,0.203580144934667,38.7596456131799,CL MANUEL JORGE 4 JAVEA/XABIA (ALICANTE),OK,12
8920803BC5982S,0.224445695063144,38.7423015815616,CL GUSTAV MAHLER 29 JAVEA/XABIA (ALICANTE),OK,12
6912101BC5971S,0.202036764872775,38.7351304169626,CL GAFARRO 14 JAVEA/XABIA (ALICANTE),OK,12
7826608BC5972N,0.212083600321562,38.7467567725486,CL TRENCALL 115 JAVEA/XABIA (ALICANTE),OK,12
4631004BC5943S,0.175574620572278,38.7498348720316,CL JEAN ARP 18 JAVEA/XABIA (ALICANTE),OK,12
8610033BC5981S,0.221403972828001,38.7335661310424,UR BALCON AL MAR A 62 JAVEA/XABIA (ALICANTE),OK,12
5539814BC5954S,0.187780049906806,38.7591634938942,CL GREVOL 3 JAVEA/XABIA (ALICANTE),OK,12
9388944BC4998N,0.112038513657759,38.8014527923977,CL LEO 16 JAVEA/XABIA (ALICANTE),OK,2
5829805BC5952N,0.190721496986624,38.7509596103852,CL BALADRE 22 JAVEA/XABIA (ALICANTE),OK,12
3939409BC5933N,0.166341311392611,38.7576498123898,CL RIO SEGURA 10 JAVEA/XABIA (ALICANTE),OK,1
6624205BC5962S,0.197149778488275,38.7447734199903,CL MILA 85 JAVEA/XABIA (ALICANTE),OK,12
0880616BC5908S,0.129024083048548,38.7953820206775,CL VEDAT 18 JAVEA/XABIA (ALICANTE),OK,2
1335515BC5913N,0.136096811247839,38.7550341139025,CL SOCRATES 21 JAVEA/XABIA (ALICANTE),OK,1
9014001BC5981S,0.225577639298323,38.7373430882943,UR BALCON AL MAR C 91 JAVEA/XABIA (ALICANTE),OK,12
4739308BC5943N,0.175537840857834,38.7575067301848,CL AMELIA PELAEZ 38 JAVEA/XABIA (ALICANTE),OK,1
9582904BC4998S,0.11541193069102,38.7953885887823,CL FENIX 3(A) JAVEA/XABIA (ALICANTE),OK,2
8610018BC5981S,0.220989451329732,38.7345148768339,UR BALCON AL MAR A 58 JAVEA/XABIA (ALICANTE),OK,12
9217016BC5991N,0.229635253390326,38.7407675796586,UR BALCON AL MAR G 68 JAVEA/XABIA (ALICANTE),OK,12
6623302BC5962S,0.197832608641328,38.7437866065251,CL MILA 71 JAVEA/XABIA (ALICANTE),OK,12
7491009BC5974S,0.206536856038659,38.7600799013881,CM CALABLANCA 64 JAVEA/XABIA (ALICANTE),OK,12
6337312BC5963N,0.194261500925034,38.7557114004756,PD CM CAP MARTI 308 JAVEA/XABIA (ALICANTE),OK,12
8616607BC5981S,0.22137756476732,38.7374668692095,CL JOHANNES BRAHNS 42 JAVEA/XABIA (ALICANTE),OK,12
2843704BC5924S,0.153543925055353,38.761692261676,CL MAR CANTABRICO 38 JAVEA/XABIA (ALICANTE),OK,1
7338510BC5973N,0.205466207878816,38.7577077876984,PD CM CAP MARTI 186 JAVEA/XABIA (ALICANTE),OK,12
7212711BC5917S,0.205320528558835,38.7352879556124,CL PERDIU LA 5(T) JAVEA/XABIA (ALICANTE),OK,12
7827620BC5972N,0.210428747958743,38.7473961221389,UR TOSALET 737 JAVEA/XABIA (ALICANTE),OK,12
1833124BC5913S,0.143013264680933,38.7531821498104,CL BENITO PEREZ GALDOS 5 JAVEA/XABIA (ALICANTE),OK,1
3152304BC5935S,0.15759148425768,38.7698342122487,CL RIO MUNDO 11 FINCA RESULTANTE Nº183 JAVEA/XABIA (ALICANTE),OK,1
5743516BC5954S,0.186532076784606,38.7620686020372,CL ARBORCER 16 JAVEA/XABIA (ALICANTE),OK,12
2546018BC5924N,0.150656619867732,38.7637604846211,CL MAR DE BERING 11 JAVEA/XABIA (ALICANTE),OK,1
9320801BC5992S,0.229168890354551,38.7425052547745,UR BALCON AL MAR G 107 JAVEA/XABIA (ALICANTE),OK,12
8609014BC5980N,0.223246307555242,38.7325538500906,UR BALCON AL MAR A 30 JAVEA/XABIA (ALICANTE),OK,12
7912112BC5971S,0.213351028018003,38.7344828226449,UR COSTA NOVA AMBOLO 326 JAVEA/XABIA (ALICANTE),OK,12
7316010BC5971N,0.205600959153565,38.7374095394978,CL SISET DEL 11 JAVEA/XABIA (ALICANTE),OK,12
8619009BC5981N,0.223292006455506,38.7404125380757,UR BALCON AL MAR D 60 JAVEA/XABIA (ALICANTE),OK,12
8821006BC5982S,0.223706964585943,38.7433218245499,CL CARL NIELSEN 36 JAVEA/XABIA (ALICANTE),OK,12
3981617BC5938S,0.163874179643713,38.794557377402,CL ALFAFARA 6 JAVEA/XABIA (ALICANTE),OK,1
6241004BC5964S,0.193616667797845,38.760217271849,PD CM CAP MARTI 471 JAVEA/XABIA (ALICANTE),OK,12
7614304BC5971S,0.209035899503302,38.736144570977,CL FAISA 9 JAVEA/XABIA (ALICANTE),OK,12
3152305BC5935S,0.157218568960429,38.7698905421824,CL RIO MUNDO 9 FINCA RESULTANTE Nº184 JAVEA/XABIA (ALICANTE),OK,1
6731012BC5963S,0.198879745936698,38.7513108016246,CL JACINTO 3 JAVEA/XABIA (ALICANTE),OK,12
3152302BC5935S,0.157125631073533,38.7702255892199,CL RIO MUNDO 3 FINCA RESULTANTE Nº187 JAVEA/XABIA (ALICANTE),OK,1
7725302BC5972S,0.211348765407213,38.7460188364476,CL CUA DE JONC LA 11(A) JAVEA/XABIA (ALICANTE),OK,12
6033003BC5953S,0.190648507989331,38.7539828503256,CL ALEGRIA 6 JAVEA/XABIA (ALICANTE),OK,12
2548304BC5924N,0.150498438185713,38.7662730224081,CL RIO JALON 39 JAVEA/XABIA (ALICANTE),OK,1
7023501BC5972S,0.202929721377653,38.7439762697914,CL DEL PIT BLAU 2 JAVEA/XABIA (ALICANTE),OK,12
8116710BC5981N,0.214960363832299,38.7383014785751,UR COSTA NOVA AMBOLO 533 JAVEA/XABIA (ALICANTE),OK,12
9882408BC4998S,0.118853090217634,38.7955428603329,CL PENYAPARDA 9(D) JAVEA/XABIA (ALICANTE),OK,2
3981628BC5938S,0.164257181130739,38.7949230868453,CL ALCOSSER 5 JAVEA/XABIA (ALICANTE),OK,1
7233009BC5973S,0.205527296846775,38.7519863796126,UR TOSCAL 237 JAVEA/XABIA (ALICANTE),OK,12
8525315BC5982N,0.221947044658032,38.7476994755616,CL DENTOL 25 JAVEA/XABIA (ALICANTE),OK,12
6283715BC5983N,0.193023526697122,38.7532869533186,CL ALOE 3 JAVEA/XABIA (ALICANTE),OK,12
2650105BC5925S,0.152471825362568,38.7674842650435,CL RIO CARBO 31 FINCA RESULTANTE Nº126 JAVEA/XABIA (ALICANTE),OK,1
6939326BC5963N,0.200623063257062,38.7587854529676,CL CIPRES 10 JAVEA/XABIA (ALICANTE),OK,12
8821005BC5982S,0.22345251542896,38.7435529052045,UR BALCON AL MAR E 85 JAVEA/XABIA (ALICANTE),OK,12
2950720BC5935S,0.156540480204933,38.7672536662379,CL RIO CINCA 10 PI VER 105 JAVEA/XABIA (ALICANTE),OK,1
1335514BC5913N,0.136057253022559,38.7555400980268,CL SOCRATES 18 JAVEA/XABIA (ALICANTE),OK,1
6939301BC5963N,0.200751994833358,38.759278564917,UR TOSALET 27 JAVEA/XABIA (ALICANTE),OK,12
7238728BC5973N,0.204220966867574,38.7574668952192,CL PESOL 5 JAVEA/XABIA (ALICANTE),OK,12
7136005BC5973N,0.203442118671658,38.7560872858702,UR TOSALET 1157 JAVEA/XABIA (ALICANTE),OK,12
7237323BC5973N,0.205122829007459,38.7572987424349,PD CM CAP MARTI 183(B) JAVEA/XABIA (ALICANTE),OK,12
7231306BC5973S,0.206056458401629,38.750643301686,CL ANGILAGA 20 JAVEA/XABIA (ALICANTE),OK,12
8919209BC5981N,0.225946777309566,38.7398601798044,CL MAURICE RAVEL 112 JAVEA/XABIA (ALICANTE),OK,12
7513013BC5971S,0.21047008455427,38.7351038225963,CL FAISA 19 JAVEA/XABIA (ALICANTE),OK,12
6609303BC5960N,0.199052011748464,38.7315153777117,CL PIC TORT 21 JAVEA/XABIA (ALICANTE),OK,12
5733017BC5953S,0.18737224384511,38.7528516040749,UR TOSALET TURISOL 11 JAVEA/XABIA (ALICANTE),OK,12
5931002BC5953S,0.190947785859007,38.7507840546181,UR TOSALET 370 JAVEA/XABIA (ALICANTE),OK,12
6734808BC5963S,0.198803128266413,38.7539588110728,UR TOSALET 94 JAVEA/XABIA (ALICANTE),OK,12
8513018BC5981S,0.220668482731697,38.735575131613,UR BALCON AL MAR B 19 JAVEA/XABIA (ALICANTE),OK,12
2028908BC5922N,0.145160236759285,38.7482192572437,CL WILLIAM SHAKESPEARE 25 JAVEA/XABIA (ALICANTE),OK,1
5941512BC5954S,0.188711287890237,38.7596352135201,CM ADSUBIES 304 JAVEA/XABIA (ALICANTE),OK,12
9322508BC5992S,0.228980759557406,38.7433155175123,CL CHARLES IVES 11 JAVEA/XABIA (ALICANTE),OK,12
6241017BC5964S,0.193771821009924,38.7599078337297,CL FLOR DE NEU LA 30(A) JAVEA/XABIA (ALICANTE),OK,12
2669805BC5926N,0.151281908693588,38.7843273988488,CL ITALIA 21 JAVEA/XABIA (ALICANTE),OK,1
0681603BC5908S,0.128222760985711,38.7962307077195,CL SERRA DEL FERRER DE LA 6 JAVEA/XABIA (ALICANTE),OK,2
6830411BC5962N,0.201319269430669,38.7497782251518,UR CAP MARTI 155 JAVEA/XABIA (ALICANTE),OK,12
8519803BC5981N,0.219974814628915,38.7413653081722,CL LUDWIG VAN BEETHOVEN 4 JAVEA/XABIA (ALICANTE),OK,12
4342909BC5944S,0.170700761886105,38.7612344785757,CL RIU ESERA DEL 2 PARCELA RESULTANTE 24 JAVEA/XABIA (ALICANTE),OK,1
3571644BC5936N,0.158352370807825,38.7819680844523,TR SORTS LES 10 JAVEA/XABIA (ALICANTE),OK,1
5140304BC5954S,0.183124670589887,38.7603907194264,CL ALTICHIERO 20 PARCELA RESULTANTE Nº4 JAVEA/XABIA (ALICANTE),OK,1
8685937BC4988N,0.104196825505488,38.7979396940546,CL MALASIA 12 JAVEA/XABIA (ALICANTE),OK,1
5026174BC5942N,0.179155515896095,38.7472295037071,CL ALBERTO DURERO 44 JAVEA/XABIA (ALICANTE),OK,12
4051604BC5944N,0.168318546747197,38.7676915853209,CL SIDI GHALI 5 JAVEA/XABIA (ALICANTE),OK,1
7015705BC5961N,0.202725189079693,38.7374742230618,CL PASSARELL 57 JAVEA/XABIA (ALICANTE),OK,12
7039315BC5973N,0.202868972962359,38.7588044913065,PD CM CAP MARTI 475 JAVEA/XABIA (ALICANTE),OK,12
11953B3BC5917N,0.13205234776779,38.7894317221747,CL PIC DE LA BATALLA 6 JAVEA/XABIA (ALICANTE),OK,2
5229008BC5952N,0.181601715762543,38.7490264740785,CL MARCEL DUCHAMP 31 JAVEA/XABIA (ALICANTE),OK,12
9286606BC4998N,0.11339527219668,38.7989051232133,CL TAURO 12 JAVEA/XABIA (ALICANTE),OK,2
1731324BC5913S,0.14273012309159,38.7500826753389,CL ARTHUR RIMBAUD 6 JAVEA/XABIA (ALICANTE),OK,1
5743553BC5954S,0.188829161992007,38.7616070525635,CL DAURADELLA DE LA 6 JAVEA/XABIA (ALICANTE),OK,12
6817930BC5961S,0.202597104689863,38.7364263316346,CL PASSARELL 64 JAVEA/XABIA (ALICANTE),OK,12
7436001BC5973N,0.206223804187407,38.7564239622526,CL CAMARROJA 12 JAVEA/XABIA (ALICANTE),OK,12
7036401BC5973N,0.202710751627353,38.7557435393573,UR TOSALET 1192 JAVEA/XABIA (ALICANTE),OK,12
6527503BC5962N,0.195628115265688,38.7470483468127,UR TOSALET 392 JAVEA/XABIA (ALICANTE),OK,12
0781711BC5907N,0.12959489222693,38.7929459093501,CL VEDAT 1 JAVEA/XABIA (ALICANTE),OK,2
8629223BC5982N,0.220846505622662,38.7503272064367,UR MAR AZUL 46 JAVEA/XABIA (ALICANTE),OK,12
7234207BC5973S,0.204352719356536,38.7536078047242,CL ANGILAGA 50 JAVEA/XABIA (ALICANTE),OK,12
5731607BC5953S,0.18621315248385,38.7515103837918,CL DE REYNOLDS 12 JAVEA/XABIA (ALICANTE),OK,12
9121011BC5992S,0.22690822922736,38.7432255190087,UR BALCON AL MAR E 185 JAVEA/XABIA (ALICANTE),OK,12
3829364BC5933S,0.1644872288511,38.749612960776,CL LAGO TITICACA 13 PARCELA RESULTANTE Nº63 JAVEA/XABIA (ALICANTE),OK,1
6332306BC5963S,0.194729504758347,38.7514349787069,CL TREVOL 4 JAVEA/XABIA (ALICANTE),OK,12
9780809BC4997N,0.117655682921519,38.7922934912378,CL JAMAICA 3 JAVEA/XABIA (ALICANTE),OK,1
6928509BC5962N,0.201937690910564,38.748248739143,PD CM CAP MARTI 90(A) JAVEA/XABIA (ALICANTE),OK,12
9218026BC5991N,0.228483030661954,38.7408395306683,CL CAP NEGRE 68 JAVEA/XABIA (ALICANTE),OK,12
8821016BC5982S,0.22291607683109,38.7421905363361,UR BALCON AL MAR E 66 JAVEA/XABIA (ALICANTE),OK,12
7013702BC5961S,0.202887271374905,38.7352780915838,CL GAFARRO 9 JAVEA/XABIA (ALICANTE),OK,12
7136006BC5973N,0.203730143186481,38.7558596676864,UR TOSALET 1158 JAVEA/XABIA (ALICANTE),OK,12
9020201BC5982S,0.225959739018555,38.7426813494053,UR BALCON AL MAR E 158 JAVEA/XABIA (ALICANTE),OK,12
0677425BC5907N,0.127805644842124,38.7918228604197,CL MUELA 16 JAVEA/XABIA (ALICANTE),OK,2
7123305BC5972S,0.204279127411108,38.7441630006133,CL RONCADELL 39 JAVEA/XABIA (ALICANTE),OK,12
5329209BC5952N,0.182639889262235,38.749305317977,CL FERNANDO LEGER 9 JAVEA/XABIA (ALICANTE),OK,12
6233712BC5963S,0.192712016603163,38.752950622557,CL VINYA LA 2 JAVEA/XABIA (ALICANTE),OK,12
9312702BC5991S,0.229545022870776,38.7348051353968,UR BALCON AL MAR F 55 JAVEA/XABIA (ALICANTE),OK,12
5743504BC5954S,0.186045642223198,38.7608686343241,CL PARRA 3 JAVEA/XABIA (ALICANTE),OK,12
2739001BC5923N,0.153280382588761,38.7579432654933,CL MAR DE NORUEGA 40(D) JAVEA/XABIA (ALICANTE),OK,1
4625219BC5942S,0.175280576815139,38.7451235094154,CL ROSA BONHEUR 32 JAVEA/XABIA (ALICANTE),OK,12
7226405BC5972N,0.206096919475836,38.7463515501805,UR COSTA NOVA PANORAMA 35 JAVEA/XABIA (ALICANTE),OK,12
7919301BC5972S,0.212996236464091,38.742758271562,CL REQUERET DEL 3 JAVEA/XABIA (ALICANTE),OK,12
8810309BC5981S,0.224600899879718,38.733585552227,UR SIESTA LA 34 JAVEA/XABIA (ALICANTE),OK,12
3983515BC5938S,0.165833552552458,38.7974072881545,CL ALMORADI 9 JAVEA/XABIA (ALICANTE),OK,1
6142008BC5964S,0.191276675840131,38.7600083967502,PD CM CAP MARTI 442 JAVEA/XABIA (ALICANTE),OK,12
2465938BC5926N,0.147125598616795,38.7813431294271,CM VELL DE GATA 85 JAVEA/XABIA (ALICANTE),OK,1
2950526BC5925S,0.152927103075623,38.7677961878004,CL RIO CARBO 26 FINCA RESULTANTE N¦153 JAVEA/XABIA (ALICANTE),OK,1
5026138BC5942N,0.179166307910603,38.7476859999203,CL ALBERTO DURERO 42 FINCA RESULTANTE M1B UE1 JAVEA/XABIA (ALICANTE),OK,12
8591403BC5981S,0.220771327356708,38.732735724485,UR BALCON AL MAR A 91 JAVEA/XABIA (ALICANTE),OK,12
8027811BC5972N,0.213468662515089,38.7486727956697,CL DE L'ALFABEGA 34 JAVEA/XABIA (ALICANTE),OK,12
7226409BC5972N,0.205177994560152,38.7464711940008,UR COSTA NOVA PANORAMA 39 JAVEA/XABIA (ALICANTE),OK,12
5140307BC5954S,0.183198143750142,38.7611060345561,CL JORGE LARCO 2 PARCELA RESULTANTE Nº1 JAVEA/XABIA (ALICANTE),OK,1
6939304BC5963N,0.20224561884183,38.7591561520266,PD CM CAP MARTI 522 JAVEA/XABIA (ALICANTE),OK,12
5743552BC5954S,0.189003655524657,38.7618667590805,CL DAURADELLA DE LA 4 JAVEA/XABIA (ALICANTE),OK,12
6233705BC5963S,0.193200898396911,38.7529004786423,PD CM CAP MARTI 349(A) JAVEA/XABIA (ALICANTE),OK,12
6728008BC5962N,0.199475630462644,38.7477370035996,PD CM CAP MARTI 127(B) JAVEA/XABIA (ALICANTE),OK,12
7521216BC5972S,0.208377957321075,38.7428273645293,CL COLL-VERD 56 JAVEA/XABIA (ALICANTE),OK,12
9121703BC5992S,0.226605635681931,38.7428163326936,UR BALCON AL MAR E 170 JAVEA/XABIA (ALICANTE),OK,12
7829006BC5972N,0.210750742208951,38.7492022741393,CL DE L'ALFABEGA 54 JAVEA/XABIA (ALICANTE),OK,12
2267902BC5926N,0.145696073204202,38.7837154531762,CL INGLATERRA 7 JAVEA/XABIA (ALICANTE),OK,1
8919728BC5981N,0.2232370908717,38.7416160671662,CL GUSTAV MAHLER 37 JAVEA/XABIA (ALICANTE),OK,12
3679002BC5937N,0.161358964417671,38.7943666985067,CL ALBOCASSER 10 JAVEA/XABIA (ALICANTE),OK,1
3981614BC5938S,0.165045113354176,38.7946612229352,CL ALMOINES 1 JAVEA/XABIA (ALICANTE),OK,1
5741413BC5954S,0.187516225025864,38.7604025078984,CL PARRA 16 JAVEA/XABIA (ALICANTE),OK,12
7513018BC5971S,0.209372261254113,38.7344954104018,CL DE LA GUATLA 29 JAVEA/XABIA (ALICANTE),OK,12
6235504BC5963S,0.19310913536398,38.7543732922046,CL DONZELLA LA 353(A) JAVEA/XABIA (ALICANTE),OK,12
9220604BC5991N,0.228102270213288,38.7415114308718,CL CAP NEGRE 63 JAVEA/XABIA (ALICANTE),OK,12
7015714BC5971S,0.205464235867379,38.7367739864827,CL SISET DEL 12 JAVEA/XABIA (ALICANTE),OK,12
5587008BC5958N,0.184572480475484,38.8005741853639,CL CUESTA SAN ANTONIO 48 JAVEA/XABIA (ALICANTE),OK,6
2267968BC5926N,0.145665733248699,38.7814662736191,CL CHECOSLOVAQUIA 1 JAVEA/XABIA (ALICANTE),OK,1
7912414BC5971S,0.213472431794319,38.7334251263215,CL CORRIOL 369 JAVEA/XABIA (ALICANTE),OK,12
8630001BC5983S,0.219347207738199,38.7516716781577,CL BARRACA LA 48 JAVEA/XABIA (ALICANTE),OK,12
3015317BC5931N,0.157964789001506,38.73592162088,CL JAN VERMEER 61 JAVEA/XABIA (ALICANTE),OK,
4984113BC5948S,0.175129786144512,38.7988412715208,CL BENIMUSLEM 4 JAVEA/XABIA (ALICANTE),OK,6
7327510BC5972N,0.207525165571627,38.7469515871718,UR ATALAYAS 222 JAVEA/XABIA (ALICANTE),OK,12
1730808BC5913S,0.142062883649623,38.7493363174484,CL JEAN GENET 25 JAVEA/XABIA (ALICANTE),OK,1
3981622BC5938S,0.164234145781445,38.7951466777404,CL ALCOSSER 12 JAVEA/XABIA (ALICANTE),OK,1
2949223BC5924N,0.156011939581834,38.766476712917,CL RIO JALON 16 FINCA RESULTANTE Nº47 JAVEA/XABIA (ALICANTE),OK,1
8629212BC5982N,0.22180322177754,38.7502186991817,UR MAR AZUL 34 JAVEA/XABIA (ALICANTE),OK,12
4625216BC5942S,0.17351897364811,38.7452708972459,CL ROSA BONHEUR 18 JAVEA/XABIA (ALICANTE),OK,12
1195353BC5917N,0.135184091680964,38.7915724624137,CL DE MONTALBANA 1 JAVEA/XABIA (ALICANTE),OK,2
8812829BC5981S,0.223799841852181,38.7336011132317,CL JOSE ARDEVOL 5 JAVEA/XABIA (ALICANTE),OK,12
8821008BC5982S,0.224168350810883,38.7433644132901,UR BALCON AL MAR E 87 JAVEA/XABIA (ALICANTE),OK,12
6442012BC5964S,0.194614075349925,38.760936941764,PD CM CAP MARTI 284 JAVEA/XABIA (ALICANTE),OK,12
7032404BC5973S,0.2031847560731,38.751686782053,CL ARROS 8 JAVEA/XABIA (ALICANTE),OK,12
8812823BC5981S,0.224455079598043,38.7348324211961,UR SIESTA LA 30 JAVEA/XABIA (ALICANTE),OK,12
7131602BC5973S,0.203527753054309,38.7513148883908,UR TOSCAL 120 JAVEA/XABIA (ALICANTE),OK,12
5936003BC5953N,0.190215991064391,38.7554558419789,PD CM CAP MARTI 438 JAVEA/XABIA (ALICANTE),OK,12
2669801BC5927S,0.15111188915294,38.7858116686076,CL ITALIA 15 JAVEA/XABIA (ALICANTE),OK,1
4042128BC5944S,0.168505647504666,38.7604123260916,UR TOSALET 5 FASE 4 PARCELA RESULTANTE 4 JAVEA/XABIA (ALICANTE),OK,1
1195374BC5907N,0.131682416404471,38.7914493494352,CL PIC DE LA BATALLA 18 JAVEA/XABIA (ALICANTE),OK,2
03082A01500158,0.132020060910861,38.7608206308914,CM TARRADOLAS 2(D) Polígono 15 Parcela 158 TARRAULA. JAVEA/XABIA (ALICANTE),OK,1
2281018BC5928S,0.145924007162318,38.7946400439863,CL CORDOBA 40 JAVEA/XABIA (ALICANTE),OK,2
6830412BC5962N,0.200448760941521,38.7500410677444,UR CAP MARTI 152 JAVEA/XABIA (ALICANTE),OK,12
7932105BC5973S,0.213358441123458,38.7525506177363,CL LLOBARRO 3 JAVEA/XABIA (ALICANTE),OK,12
8414414BC5981S,0.220764332120878,38.736176541134,UR BALCON AL MAR B 60 JAVEA/XABIA (ALICANTE),OK,12
6241015BC5964S,0.193189487837105,38.7601245695253,PD CM CAP MARTI 72 JAVEA/XABIA (ALICANTE),OK,12
4786013BC5948N,0.174448865672075,38.7995031022225,CL BENIMUSLEM 10 JAVEA/XABIA (ALICANTE),OK,6
8138006BC5983N,0.21454844701875,38.7574948171822,CL LLENTISCLE DEL 3 JAVEA/XABIA (ALICANTE),OK,12
2646005BC5924N,0.152328530700711,38.7633488183131,CL MAR DEL NORTE 4 JAVEA/XABIA (ALICANTE),OK,1
9321206BC5992S,0.230002304187514,38.7432801047995,CL CAP NEGRE 28 JAVEA/XABIA (ALICANTE),OK,12
1868538BC5927S,0.14410284256243,38.7862729473296,CL BRASIL 2 JAVEA/XABIA (ALICANTE),OK,1
9322512BC5992S,0.228452181207517,38.7430113404458,CL CHARLES IVES 13(D) JAVEA/XABIA (ALICANTE),OK,12
4379812BC5947N,0.16925390939168,38.7942450400511,CL PUIG MOLINS 8 JAVEA/XABIA (ALICANTE),OK,1
0975222BC5907N,0.130982330009308,38.7891303749929,CL PIC DE LA BATALLA 5 JAVEA/XABIA (ALICANTE),OK,2
4842329BC5944S,0.176769128781979,38.7606363587842,CL RICARDO GRAU 11 JAVEA/XABIA (ALICANTE),OK,1
2281010BC5928S,0.145537202378152,38.7946222069435,CL CORDOBA 44 JAVEA/XABIA (ALICANTE),OK,2
9320506BC5991N,0.229258145735461,38.7406609724805,UR BALCON AL MAR G 99 JAVEA/XABIA (ALICANTE),OK,12
4281619BC5948S,0.167380248302775,38.7945047411501,CL ALFAUIR 8 JAVEA/XABIA (ALICANTE),OK,1
6341402BC5964S,0.194474742535443,38.7599466154448,CL FLOR DE NEU LA 27 JAVEA/XABIA (ALICANTE),OK,12
5481705BC5958S,0.181980938156703,38.7961995458909,CL GRUPO BARTOLOME ROS 26 JAVEA/XABIA (ALICANTE),OK,6
3664615BC5937S,0.161694343645843,38.7888601041875,CL SANT JOSEP 7 JAVEA/XABIA (ALICANTE),OK,3
5950402BC5955S,0.189140394361853,38.7685852832964,CM DE LA MORERA 3 UE ARENAL 3  3A JAVEA/XABIA (ALICANTE),OK,11
5379425BC5957N,0.181530428650765,38.7940404961123,CL TRIANA 4 JAVEA/XABIA (ALICANTE),OK,6
0010014BC5905N,0.172097167813857,38.8041540450179,CM MONESTIR 5 JAVEA/XABIA (ALICANTE),OK,1
1195379BC5917N,0.133911306899084,38.7911791361841,CL DE MONTALBANA 7(D) JAVEA/XABIA (ALICANTE),OK,2
11953C3BC5917N,0.132961612031231,38.7900644348815,CL SERRA D'EN CANES 15 JAVEA/XABIA (ALICANTE),OK,2
6945612BC5964S,0.20088298803749,38.7632459310266,UR PARQUE CALABLANCA 55 JAVEA/XABIA (ALICANTE),OK,11
5233810BC5953S,0.181474182977944,38.7522364149984,UR PINOMAR 10(L) JAVEA/XABIA (ALICANTE),OK,12
2843719BC5924S,0.154469466366752,38.7597011392757,CL MAR CANTABRICO 6 JAVEA/XABIA (ALICANTE),OK,1
5133411BC5953S,0.181417640728062,38.7514568194172,UR PINOMAR 195 JAVEA/XABIA (ALICANTE),OK,12
3837504BC5933N,0.165979662968278,38.7553812176875,CL RIO MILLARES 3 JAVEA/XABIA (ALICANTE),OK,1
0004015BC5900S,0.160970828979621,38.7448009458008,CL LAGO ARAL 31(D) JAVEA/XABIA (ALICANTE),OK,1
2644003BC5924S,0.151682665966785,38.7620573441791,CL MAR DE NORUEGA 10 JAVEA/XABIA (ALICANTE),OK,1
8416410BC5981N,0.218537382812615,38.7377445158564,UR BALCON AL MAR B 117 JAVEA/XABIA (ALICANTE),OK,12
8610032BC5981S,0.221211270693707,38.7332614419528,UR BALCON AL MAR A 63 JAVEA/XABIA (ALICANTE),OK,12
5029003BC5952N,0.179916358914612,38.7489065070756,CL JEAN INGRES 32 JAVEA/XABIA (ALICANTE),OK,12
2465907BC5926N,0.149959498923258,38.7817809164994,CL CASTELLON 4 JAVEA/XABIA (ALICANTE),OK,1
6327009BC5962N,0.194684212384334,38.7473672245896,UR TOSALET 384(B) JAVEA/XABIA (ALICANTE),OK,12
3118217BC5931N,0.159033903843662,38.739232720983,CL AMEDEO MODIGLIANI 8 JAVEA/XABIA (ALICANTE),OK,12
9217030BC5991N,0.227327014909862,38.7387051428694,UR BALCON AL MAR G 53 JAVEA/XABIA (ALICANTE),OK,12
7436003BC5973N,0.20679489930115,38.7564256392263,CL SALVIA LA 4 JAVEA/XABIA (ALICANTE),OK,12
7720402BC5971N,0.211586908820769,38.7414038525305,CL GARSETA BLANCA 1 JAVEA/XABIA (ALICANTE),OK,12
5536007BC5953N,0.184677445351645,38.7554154319405,CL CLAUDE MONET 8 JAVEA/XABIA (ALICANTE),OK,12
7735503BC5973S,0.210765947344998,38.7547217208165,UR TOSCAL 321 JAVEA/XABIA (ALICANTE),OK,12
2028912BC5912N,0.144009860452646,38.7486947453337,CL OSCAR WILDE 2 JAVEA/XABIA (ALICANTE),OK,1
6337310BC5963N,0.194437853381262,38.7554273364208,PD CM CAP MARTI 118 JAVEA/XABIA (ALICANTE),OK,12
4479108BC5947N,0.17101111034966,38.7936960820203,CM VELL DE LA MAR 33 JAVEA/XABIA (ALICANTE),OK,1
2571632BC5926N,0.150451575021178,38.784762374976,CL ITALIA 24 JAVEA/XABIA (ALICANTE),OK,1
5144713BC5954S,0.180172198761359,38.7632625577719,CL JUAN DE BORGOÑA 9 JAVEA/XABIA (ALICANTE),OK,1
7824433BC5972S,0.211443166810205,38.7445952572595,CL XORIGUER 6 JAVEA/XABIA (ALICANTE),OK,12
6731013BC5963S,0.1992236709429,38.7512305776805,UR TOSALET 1072 JAVEA/XABIA (ALICANTE),OK,12
5837824BC5953N,0.188421413837591,38.7558805991241,CL TUYA LA 4 JAVEA/XABIA (ALICANTE),OK,12
5227501BC5952N,0.180943553299228,38.7478528821467,CL DIEGO VELAZQUEZ 42 JAVEA/XABIA (ALICANTE),OK,12
3152306BC5935S,0.156853969481129,38.7699084233296,CL RIO MUNDO 7 FINCA RESULTANTE Nº185 JAVEA/XABIA (ALICANTE),OK,1
7517009BC5971N,0.208402140647787,38.7385356676159,UR COSTA NOVA PLA 125(C) JAVEA/XABIA (ALICANTE),OK,12
5183017BC5958S,0.177826658748886,38.7980496209817,CL MEZQUIDES 67 JAVEA/XABIA (ALICANTE),OK,6
9311106BC5991S,0.229585735494394,38.7340583147275,CL LEONARDO BALADA 3 JAVEA/XABIA (ALICANTE),OK,12
9322008BC5992S,0.22794214450844,38.7432985315594,CL CARLOS CHAVEZ 2 JAVEA/XABIA (ALICANTE),OK,12
6509403BC5960N,0.197397767311853,38.7314357841529,CL PIC TORT 36 JAVEA/XABIA (ALICANTE),OK,12
6623310BC5962S,0.199970307807547,38.744937926437,CL MILA 57 JAVEA/XABIA (ALICANTE),OK,12
2651408BC5925S,0.151361419011083,38.7685204640388,CL RIO CABRIEL 32 FINCA RESULTANTE Nº208 JAVEA/XABIA (ALICANTE),OK,1
4947001BC5944N,0.177819777380922,38.7663754968429,CM ADSUBIES 391 JAVEA/XABIA (ALICANTE),OK,1
0478156BC5907N,0.125693530364383,38.7920309659152,CL CABEÇO 17 JAVEA/XABIA (ALICANTE),OK,2
8508002BC5980N,0.220218742567357,38.7308584281987,UR BALCON AL MAR A 142 JAVEA/XABIA (ALICANTE),OK,12
3976221BC5937N,0.16605088647803,38.7914439264699,CL DE CALDERON 9 JAVEA/XABIA (ALICANTE),OK,5
3769107BC5936N,0.163426943425726,38.7848544354204,CL DEL GUERRILLER CAMPANER 6 JAVEA/XABIA (ALICANTE),OK,9
3479126BC5937N,0.159032356260181,38.7943665059966,CL SAGRA 13 JAVEA/XABIA (ALICANTE),OK,2
3966413BC5937S,0.166134067358213,38.7910126897484,CL DEL PATRAIX 4 JAVEA/XABIA (ALICANTE),OK,5
3463005BC5937S,0.159600748337396,38.7882297161148,CL NOU 21 JAVEA/XABIA (ALICANTE),OK,2
3373534BC5937S,0.15867030027125,38.7876420166221,CL DE SANT DOMÈNEC 38 JAVEA/XABIA (ALICANTE),OK,2
5847051BC5954N,0.188475319437731,38.7661180910382,UR COFITSA 50 JAVEA/XABIA (ALICANTE),OK,11
2622302BC5922N,0.152296104025439,38.7435720510516,CL LAGO ILMEN 1 JAVEA/XABIA (ALICANTE),OK,1
3663820BC5937S,0.161912032623524,38.7883236688247,CL VERGE DEL PILAR 5 JAVEA/XABIA (ALICANTE),OK,3
2870014BC5927S,0.153956194206515,38.786202033026,CL BARCELONA 10 JAVEA/XABIA (ALICANTE),OK,1
2963059BC5936S,0.156227067520906,38.7781425421677,CL TORRENT 5 JAVEA/XABIA (ALICANTE),OK,1
6542508BC5964S,0.196560786395405,38.760552410842,PD CM CAP MARTI 24 JAVEA/XABIA (ALICANTE),OK,12
7538915BC5973N,0.207104501806225,38.7574767837223,CL ESCORPA 6 JAVEA/XABIA (ALICANTE),OK,12
2870005BC5927S,0.15335973896666,38.7859555046152,CL ALBANIA 5 JAVEA/XABIA (ALICANTE),OK,1
7043221BC5974S,0.20352569070275,38.7634417727142,CL ATENAS 110 JAVEA/XABIA (ALICANTE),OK,11
0015002BC5905N,0.167532872998427,38.8029255266939,CM CREUAT 27 JAVEA/XABIA (ALICANTE),OK,1
8783509BC4988S,0.106771500287375,38.7966656729186,CL TAIWAN 1 JAVEA/XABIA (ALICANTE),OK,1
5454149BC5955S,0.183545604033278,38.7709733732116,UR ISLA LA 35 JAVEA/XABIA (ALICANTE),OK,11
0478107BC5907N,0.127075745002966,38.792610953594,CL MUELA 29(D) JAVEA/XABIA (ALICANTE),OK,2
3070006BC5927S,0.155074028693577,38.7869215460728,CL PAMPLONA 3 JAVEA/XABIA (ALICANTE),OK,2
4578303BC5947N,0.171257120583211,38.7933588793995,AV PORT 5 JAVEA/XABIA (ALICANTE),OK,6
0014023BC5905N,0.16461097433355,38.8010425684766,CM CREUAT 1 JAVEA/XABIA (ALICANTE),OK,1
5454130BC5955S,0.184594839310416,38.7719154682571,UR ISLA LA 16 JAVEA/XABIA (ALICANTE),OK,11
7519314BC5971N,0.208671287922281,38.7410085229063,UR COSTA NOVA PLA 151 JAVEA/XABIA (ALICANTE),OK,12
8630011BC5983S,0.220231938179874,38.7510290123841,UR MAR AZUL 62 JAVEA/XABIA (ALICANTE),OK,12
8685901BC4988N,0.104606526975257,38.7989839354585,CR DE JESUS POBRE 185 JAVEA/XABIA (ALICANTE),OK,1
2229319BC5922N,0.149014486414738,38.748855618002,CR DEL POBLE NOU DE BENITATX 234 JAVEA/XABIA (ALICANTE),OK,1
0008017BC5900N,0.151881836896334,38.7591461481216,CL MAR DE SAN LORENZO 38 JAVEA/XABIA (ALICANTE),OK,1
0015019BC5905N,0.167887232144271,38.8027607854504,CM CREUAT 23 JAVEA/XABIA (ALICANTE),OK,1
7124332BC5972S,0.20482084828538,38.7447913995994,UR COSTA NOVA PANORAMA 172(B) JAVEA/XABIA (ALICANTE),OK,12
5370701BC5957S,0.180571963247494,38.7859689916528,UR BAHIA DE JAVEA 45 JAVEA/XABIA (ALICANTE),OK,7
1868589BC5916N,0.141907703215844,38.7841121376711,CL VENEZUELA 6 JAVEA/XABIA (ALICANTE),OK,1
9590207BC4999S,0.115105875627638,38.8026447066809,CL CANCER 3 JAVEA/XABIA (ALICANTE),OK,2
5585601BC5958S,0.182425697554143,38.7988932462365,CL CUESTA SAN ANTONIO 13(B) JAVEA/XABIA (ALICANTE),OK,6
7046005BC5974N,0.203004666610018,38.7643367216016,AV ULTRAMAR 110 JAVEA/XABIA (ALICANTE),OK,11
0013008BC5950N,,,,SIN_COORDENADAS,
8989316BC4998N,0.108835587896828,38.8015394507385,CL ANDROMEDA 27(A) JAVEA/XABIA (ALICANTE),OK,2
2843714BC5924S,0.154866587491908,38.7596714443271,CL MAR DE NORUEGA 51 JAVEA/XABIA (ALICANTE),OK,1
0282505BC5908S,0.123977461012246,38.7960255498303,CL PIC DE REBALSADORS 28 PARCELA 66 GARROFERAL JAVEA/XABIA (ALICANTE),OK,2
5847064BC5954N,0.188270644492959,38.7643848035001,UR COFITSA 73 JAVEA/XABIA (ALICANTE),OK,11
9284112BC4998S,0.113158436472203,38.7969558874174,CL ACAMAR 6 JAVEA/XABIA (ALICANTE),OK,2
7518411BC5971N,0.209308160935389,38.7393237499782,CL TADORNA 53 JAVEA/XABIA (ALICANTE),OK,12
4024307BC5932S,0.168297413012239,38.743715252503,UR CANSALADES 49 JAVEA/XABIA (ALICANTE),OK,12
6945607BC5964S,0.201012682701228,38.7637226636793,UR PARQUE CALABLANCA 87 JAVEA/XABIA (ALICANTE),OK,11
7929314BC5972N,0.212963543682269,38.7499518854573,CL DEL COCOTER 4 JAVEA/XABIA (ALICANTE),OK,12
4150420BC5944N,0.170944066640731,38.7675169246479,CL RIO DUERO 2 JAVEA/XABIA (ALICANTE),OK,1
9286601BC4998N,0.11059997684398,38.7992493036371,CL TAURO 2 JAVEA/XABIA (ALICANTE),OK,2
2669806BC5926N,0.151275162629815,38.7840230819816,CL FRANCIA 8 JAVEA/XABIA (ALICANTE),OK,1
2866710BC5926N,0.154797010196167,38.781432933914,AV GATA 34 JAVEA/XABIA (ALICANTE),OK,1
9284153BC4998S,0.111581814707983,38.7969652626009,CL MENKAR 5 JAVEA/XABIA (ALICANTE),OK,2
2065601BC5926N,0.144116517470357,38.7809217003523,CM VELL DE GATA 101 JAVEA/XABIA (ALICANTE),OK,1
0012012BC5905S,0.136638198879799,38.7774191270124,CM BARRANQUERES LES 3 JAVEA/XABIA (ALICANTE),OK,1
2578964BC5927N,0.151675970978793,38.7913949460886,CM DELS CASTELLANS 34 JAVEA/XABIA (ALICANTE),OK,2
0007001BC5900N,,,,SIN_COORDENADAS,
2625817BC5922S,0.151925768639482,38.744591709381,CL LAGO GARDA 3 JAVEA/XABIA (ALICANTE),OK,1
2843722BC5924S,0.154115789037763,38.7602650646831,CL MAR CANTABRICO 12 JAVEA/XABIA (ALICANTE),OK,1
0084928BC4998S,0.119612714316129,38.7954940388553,CL PENYAPARDA 8 JAVEA/XABIA (ALICANTE),OK,2
0017040BC5905S,0.133655105678817,38.7736239068536,CM CATARROJES 5 JAVEA/XABIA (ALICANTE),OK,1
2578956BC5927N,0.147903951508077,38.7936570619667,CL CORDOBA 14 JAVEA/XABIA (ALICANTE),OK,2
1868535BC5917S,0.142965642888286,38.7856161833136,CM TOSSALS 23 JAVEA/XABIA (ALICANTE),OK,1
6145537BC5964S,0.191585146372959,38.7634246978876,CL METEORA 4 JAVEA/XABIA (ALICANTE),OK,11
2229310BC5923S,0.147825495874989,38.7490617235084,CL GABRIEL GARCIA MARQUEZ 3 JAVEA/XABIA (ALICANTE),OK,1
9580906BC4998S,0.115853276844093,38.7945255102462,CL MEXICO 1 JAVEA/XABIA (ALICANTE),OK,1
2031916BC5923S,0.146032273947143,38.7505175088937,CL GIOVANNI BOCACCIO 21 JAVEA/XABIA (ALICANTE),OK,1
1539665BC5914S,0.138083397628134,38.7586052946418,CM TOSSAL GROS 13 JAVEA/XABIA (ALICANTE),OK,1
3667029BC5936N,0.161317027242735,38.7833073501312,CM SORTETES 29 JAVEA/XABIA (ALICANTE),OK,10
9388943BC4998N,0.111526049739243,38.8011050591312,CL LEO 7 JAVEA/XABIA (ALICANTE),OK,2
5133418BC5953S,0.18093153031996,38.7518927628195,CL MARCEL DUCHAMP 11 JAVEA/XABIA (ALICANTE),OK,12
1195380BC5917N,0.134276230508746,38.7911937718059,CL DE MONTALBANA 5 JAVEA/XABIA (ALICANTE),OK,2
3450404BC5934N,0.160241954488271,38.7669491292167,CL RIO TER 19 JAVEA/XABIA (ALICANTE),OK,1
2963020BC5936N,0.157450223328884,38.7815537723413,CL IBIZA 2 JAVEA/XABIA (ALICANTE),OK,1
1335513BC5913N,0.136418086216516,38.7553129048855,CL SOCRATES 14 JAVEA/XABIA (ALICANTE),OK,1
7835606BC5973S,0.210770142924723,38.7543509932101,UR TOSCAL 327 JAVEA/XABIA (ALICANTE),OK,12
6710515BC5960N,0.200766226075084,38.7326750846976,CL PIC TORT 6 JAVEA/XABIA (ALICANTE),OK,12
6533712BC5963S,0.196179833534134,38.7531939370946,CL SAUC 10(D) JAVEA/XABIA (ALICANTE),OK,12
7734503BC5973S,0.209745120013909,38.7547668903933,UR TOSCAL 303 JAVEA/XABIA (ALICANTE),OK,12
8525343BC5982S,0.218058131721045,38.7461227002822,CL JOAQUIN RODRIGO 17 JAVEA/XABIA (ALICANTE),OK,12
5431006BC5953S,0.185182894148293,38.75159411994,CL ANDREA DI BARTOLO 3 JAVEA/XABIA (ALICANTE),OK,12
6140512BC5963N,0.191651032808191,38.7589126682556,CM ADSUBIES 253 JAVEA/XABIA (ALICANTE),OK,12
1195358BC5917N,0.135785678562978,38.7903844930317,CL MOLA DEL MURAR 6 JAVEA/XABIA (ALICANTE),OK,2
4836801BC5943N,0.176679035175734,38.7557871368189,CL RUFINO TAMAYO 14 JAVEA/XABIA (ALICANTE),OK,1
2573404BC5927S,0.15145749825163,38.7891164038513,CL BURGOS 21 JAVEA/XABIA (ALICANTE),OK,2
7043223BC5974S,0.203641548537079,38.7632006625535,CL NICOSIA 1 JAVEA/XABIA (ALICANTE),OK,11
7816202BC5981N,0.211737260902028,38.7372879647875,CR GUARDIA LA 185 JAVEA/XABIA (ALICANTE),OK,12
5437003BC5953N,0.184000495918292,38.7566988047596,CL PAUL CEZANNE 5 JAVEA/XABIA (ALICANTE),OK,12
7124305BC5972S,0.204014777048498,38.7451119416121,CL MILA 33 JAVEA/XABIA (ALICANTE),OK,12
0012014BC5905S,0.137368033607794,38.7766635836295,CM BARRANQUERES LES 6 JAVEA/XABIA (ALICANTE),OK,1
8531105BC5983S,0.220441304013653,38.7515753722348,UR MAR AZUL 77 JAVEA/XABIA (ALICANTE),OK,12
3569010BC5936N,0.161910445635265,38.7844015363519,CL MALTA 5 JAVEA/XABIA (ALICANTE),OK,10
7825205BC5972N,0.211485876660849,38.7464539319946,CL TRENCALL 214 JAVEA/XABIA (ALICANTE),OK,12
2480604BC5928S,0.148861750021095,38.7946388631287,CL GUADIX 6 JAVEA/XABIA (ALICANTE),OK,2
2866707BC5926N,0.155000355411038,38.7819080818953,CL MIRANDA DE EBRO 5 JAVEA/XABIA (ALICANTE),OK,1
7043222BC5974S,0.203685318732724,38.7633940613637,CL ATENAS 112 JAVEA/XABIA (ALICANTE),OK,11
4947006BC5944N,0.179006119212019,38.7643682242477,CM ADSUBIES 14 JAVEA/XABIA (ALICANTE),OK,1
4727011BC5942N,0.175885420074966,38.7465933332892,CL JEAN ARP 44 JAVEA/XABIA (ALICANTE),OK,12
3471501BC5937S,0.159503502668709,38.7857444880943,CL DE SANT JOAQUIM 33 JAVEA/XABIA (ALICANTE),OK,10
5232402BC5953S,0.181803212149371,38.7513244967859,CL FRANCIS BACON 18 JAVEA/XABIA (ALICANTE),OK,12
1635136BC5913S,0.140908408005003,38.7541868769358,CM VELL DE TEULADA 64(A) JAVEA/XABIA (ALICANTE),OK,1
2074715BC5927S,0.147715224523591,38.7877728417204,CM CARRASQUETES 1 JAVEA/XABIA (ALICANTE),OK,2
8518203BC5981N,0.221480625404255,38.7402828836997,CL JOHANN SEBASTIAN BACH 102 JAVEA/XABIA (ALICANTE),OK,12
2423707BC5922S,0.151495895386373,38.7426685379278,CL LAGO ONEGA 8 JAVEA/XABIA (ALICANTE),OK,1
6241020BC5964S,0.192317675361143,38.7589931147829,CL CAMAMIRLA 11 JAVEA/XABIA (ALICANTE),OK,12
9877630BC4997N,0.118751580131804,38.7930063301032,CL CHIPRE 1 JAVEA/XABIA (ALICANTE),OK,1
4072805BC5937S,0.166587714723139,38.7887548050025,AV TRENC D'ALBA DEL 6 JAVEA/XABIA (ALICANTE),OK,8
5038003BC5953N,0.17938369451043,38.7566010821881,UR ADSUBIA TOSCAMA 9 JAVEA/XABIA (ALICANTE),OK,1
2573406BC5927S,0.152286355165378,38.7891702271013,CL BURGOS 17 JAVEA/XABIA (ALICANTE),OK,2
8620305BC5981N,0.222202120046208,38.7418440840375,UR BALCON AL MAR E 10 JAVEA/XABIA (ALICANTE),OK,12
7230101BC5972N,0.203412466682083,38.7505044336935,CL DE L'ALFALS 1 JAVEA/XABIA (ALICANTE),OK,12
8629217BC5982N,0.220488209060604,38.7504821117796,UR MAR AZUL 45 JAVEA/XABIA (ALICANTE),OK,12
9780812BC4997N,0.116302770880229,38.7927611681694,CL ESTADOS UNIDOS DE AMERICA 7 JAVEA/XABIA (ALICANTE),OK,1
7826609BC5972N,0.21271975177197,38.7468999789988,CL TRENCALL 113 JAVEA/XABIA (ALICANTE),OK,12
4180402BC5947N,0.166785230021944,38.7945238180366,CL ALFAUIR 1 JAVEA/XABIA (ALICANTE),OK,1
5338711BC5953N,0.182524500199745,38.7574472912209,UR PINO SOL 36 JAVEA/XABIA (ALICANTE),OK,1
7230003BC5972N,0.204331615098662,38.7504750861556,UR ENTREPINOS 28 JAVEA/XABIA (ALICANTE),OK,12
6633006BC5963S,0.198196396477805,38.7522975171598,UR TOSALET 47 JAVEA/XABIA (ALICANTE),OK,12
5939406BC5953N,0.189660373595673,38.7574704870173,CL GENGIBRE 10 JAVEA/XABIA (ALICANTE),OK,12
6734807BC5963S,0.198911949923508,38.7540594435409,UR TOSALET 93 JAVEA/XABIA (ALICANTE),OK,12
7015711BC5971N,0.204756571491078,38.7375026749574,CL SISET DEL 6 JAVEA/XABIA (ALICANTE),OK,12
8919719BC5981N,0.224806540053967,38.7403923121374,UR BALCON AL MAR E 44 JAVEA/XABIA (ALICANTE),OK,12
9787927BC4998N,0.118843557998272,38.7996740734402,CL DE SIRIUS 3 JAVEA/XABIA (ALICANTE),OK,2
9686139BC4998N,0.114996687463492,38.7998225740533,CL CAPELLA 3 JAVEA/XABIA (ALICANTE),OK,2
2375111BC5927S,0.1480076049204,38.7888892936206,CL CUENCA 15 JAVEA/XABIA (ALICANTE),OK,2
4833317BC5943S,0.177018456575811,38.7522774493027,CL ANDREA MANTEGNA 12(A) JAVEA/XABIA (ALICANTE),OK,12
6836009BC5963N,0.199192376603979,38.7551298197138,UR TOSALET 83 JAVEA/XABIA (ALICANTE),OK,12
3838220BC5933N,0.164926628877422,38.7574604258373,CL RIO VINALOPO 11 JAVEA/XABIA (ALICANTE),OK,1
2963027BC5936S,0.158245840096856,38.780351391762,CL IBIZA 9 JAVEA/XABIA (ALICANTE),OK,1
0025036BC4955N,0.1166663370433,38.7901698164145,CM VALLS LES 20 JAVEA/XABIA (ALICANTE),OK,1
4941507BC5944S,0.178609643156598,38.7590383406296,CL JUAN DE JUANES 9 JAVEA/XABIA (ALICANTE),OK,1
7735504BC5973S,0.210706631001947,38.7546110199665,CL CEBA 11 JAVEA/XABIA (ALICANTE),OK,12
6623324BC5962S,0.19763851880594,38.7429544345882,UR COSTA NOVA PANORAMA 220 JAVEA/XABIA (ALICANTE),OK,12
1975805BC5917N,0.143448242709825,38.7897183696596,CL BADALONA 3 JAVEA/XABIA (ALICANTE),OK,2
5337404BC5953N,0.183591849169295,38.755804859271,CL PAUL CEZANNE 8 JAVEA/XABIA (ALICANTE),OK,12
5941508BC5954S,0.189219956585262,38.7591495087166,CM ADSUBIES 296(A) JAVEA/XABIA (ALICANTE),OK,12
9016803BC5981N,0.225635026075874,38.7389065119607,UR BALCON AL MAR G 46 JAVEA/XABIA (ALICANTE),OK,12
8821017BC5982S,0.222560054100855,38.7421959458672,CL ALBAN BERG 4 JAVEA/XABIA (ALICANTE),OK,12
8783527BC4988S,0.106280947738311,38.7966283767358,CL TAIWAN 4 JAVEA/XABIA (ALICANTE),OK,1
3838203BC5933N,0.165161179248783,38.7579039747281,CL RIO VINALOPO 12 JAVEA/XABIA (ALICANTE),OK,1
5533710BC5953S,0.185031487394778,38.7521796848675,CL SANDRO BOTICELLI 20 JAVEA/XABIA (ALICANTE),OK,12
2279914BC5927N,0.14730625983513,38.7935090296108,CL CORDOBA 9 JAVEA/XABIA (ALICANTE),OK,2
7816203BC5971N,0.211778048985053,38.7371531660834,UR COSTA NOVA AMBOLO 547 JAVEA/XABIA (ALICANTE),OK,12
7234211BC5973S,0.205134215984355,38.7545328551598,UR TOSCAL 253 JAVEA/XABIA (ALICANTE),OK,12
1868565BC5917S,0.142854450273065,38.7853050753186,CM TOSSALS 25(A) JAVEA/XABIA (ALICANTE),OK,1
03082A02600144,0.180661641824995,38.7730880098273,CM MORERS 18 Polígono 26 Parcela 144 BENVENGUTS. JAVEA/XABIA (ALICANTE),OK,1
3117914BC5931N,0.160191585394502,38.7388672560874,CL LEONARDO DA VINCI 109 JAVEA/XABIA (ALICANTE),OK,12
4342903BC5944S,0.170054797528237,38.7623928366006,CL RIU LLOBREGAT DEL 11 PARCELA RESULTANTE 18 JAVEA/XABIA (ALICANTE),OK,1
11953C0BC5917N,0.134021027255491,38.7902891052775,CL PICACHO 3 JAVEA/XABIA (ALICANTE),OK,2
7616012BC5971N,0.209474959106864,38.7384640000354,CR GRANADELLA LA 35 JAVEA/XABIA (ALICANTE),OK,12
7818808BC5971N,0.212490535784353,38.7406463742485,CL FALZIA DE LA 19 JAVEA/XABIA (ALICANTE),OK,12
6236301BC5963N,0.193659941864389,38.7564432850145,PD CM CAP MARTI 57 JAVEA/XABIA (ALICANTE),OK,12
7533601BC5973S,0.207968017672381,38.7531057896546,UR TOSCAL 62 JAVEA/XABIA (ALICANTE),OK,12
3981116BC5938S,0.165413343544067,38.7957504641666,CL ALMUDAINA 12 JAVEA/XABIA (ALICANTE),OK,1
6830403BC5962N,0.200553384976055,38.7503933210753,UR CAP MARTI 161(B) JAVEA/XABIA (ALICANTE),OK,12
6427519BC5962N,0.194187071742284,38.7484959632512,CL EUCALIPTUS 4 JAVEA/XABIA (ALICANTE),OK,12
7521213BC5972S,0.208941790912803,38.742463343478,UR COSTA NOVA PLA 68 JAVEA/XABIA (ALICANTE),OK,12
9580916BC4998S,0.114406861449915,38.7939345230802,CL NICARAGUA 12 JAVEA/XABIA (ALICANTE),OK,1
4729008BC5942N,0.176456068092945,38.7483008958174,CL JEAN ARP 29 JAVEA/XABIA (ALICANTE),OK,12
6627806BC5962N,0.198168659078975,38.7476229496995,CL ROBLE 25 JAVEA/XABIA (ALICANTE),OK,12
6227713BC5962N,0.192419130191469,38.74823715979,UR TOSALET 271 JAVEA/XABIA (ALICANTE),OK,12
4837804BC5943N,0.176851144130993,38.7564416845501,CL MIGUEL CABRERA 17 JAVEA/XABIA (ALICANTE),OK,1
1533906BC5913S,0.139653734527446,38.7517004708288,CL PLATON 24 JAVEA/XABIA (ALICANTE),OK,1
9084303BC4998S,0.108397284713806,38.7972678651721,CL PISCIS 3 JAVEA/XABIA (ALICANTE),OK,2
6436206BC5963N,0.196005650969846,38.7556392315762,PD CM CAP MARTI 109 JAVEA/XABIA (ALICANTE),OK,12
9414005BC5991S,0.230424721602971,38.7364817568794,UR BALCON AL MAR F 38 JAVEA/XABIA (ALICANTE),OK,12
6939313BC5963N,0.200702262673832,38.7584666166546,CL CIPRES 12 JAVEA/XABIA (ALICANTE),OK,12
7824119BC5972S,0.210742996750278,38.74528749167,CL BOIX 7 JAVEA/XABIA (ALICANTE),OK,12
8414434BC5981S,0.218282060715494,38.7371120085922,UR BALCON AL MAR B 83 JAVEA/XABIA (ALICANTE),OK,12
7824403BC5972S,0.21120877726889,38.7451729319826,CL BOIX 8 JAVEA/XABIA (ALICANTE),OK,12
3117925BC5931N,0.157943021301598,38.7376401705266,CL LEONARDO DA VINCI 87 JAVEA/XABIA (ALICANTE),OK,12
7919714BC5971N,0.214112781471997,38.7407258894707,CL GARSA DE MAR 10 JAVEA/XABIA (ALICANTE),OK,12
3663324BC5937S,0.162139758179043,38.7881025308987,CL MAJOR 36 JAVEA/XABIA (ALICANTE),OK,3
3838212BC5933N,0.166704804823024,38.7565411103128,CL RIO CUERVO 18 JAVEA/XABIA (ALICANTE),OK,1
9284154BC4998S,0.111875853556474,38.796626314201,CL MENKAR 16 JAVEA/XABIA (ALICANTE),OK,2
3838219BC5933N,0.164931678131082,38.7572746852781,CL RIO VINALOPO 9 JAVEA/XABIA (ALICANTE),OK,1
6637013BC5963N,0.197576714095718,38.7549885337059,UR TOSALET 21 JAVEA/XABIA (ALICANTE),OK,12
8518208BC5981N,0.222592330361026,38.7395614477131,CL JOHANN SEBASTIAN BACH 107 JAVEA/XABIA (ALICANTE),OK,12
5939601BC5953N,0.18925200495561,38.7584852970319,CM ADSUBIES 26(D) JAVEA/XABIA (ALICANTE),OK,12
2176822BC5927N,0.144875432163051,38.7910479148095,CM DELS CASTELLANS 69 JAVEA/XABIA (ALICANTE),OK,2
7824429BC5972S,0.213256924389629,38.7450387437886,CL TRENCALL 390 JAVEA/XABIA (ALICANTE),OK,12
4846501BC5944N,0.176686504532872,38.7639205291311,CL FRANCESC GIMENO 2 JAVEA/XABIA (ALICANTE),OK,1
7823404BC5972S,0.211958816476855,38.7439942043037,CL MOIXETA 12 JAVEA/XABIA (ALICANTE),OK,12
1195387BC5917N,0.134859622405392,38.7897564353171,CL MOLA DEL MURAR 5 JAVEA/XABIA (ALICANTE),OK,2
3829353BC5933S,0.162703803369957,38.750348956694,CL LAGO ARAL 5 JAVEA/XABIA (ALICANTE),OK,1
7631701BC5973S,0.208217844990849,38.7518617945139,CL PEBRELLA 18 JAVEA/XABIA (ALICANTE),OK,12
4676128BC5947N,0.174033242847842,38.7928759998433,CL RAIMON 3 JAVEA/XABIA (ALICANTE),OK,7
7735502BC5973S,0.210860695869584,38.7549537237463,UR TOSCAL 322 JAVEA/XABIA (ALICANTE),OK,12
1370927BC5917N,0.136752499937812,38.7841229177719,CL MAURITANIA 35 JAVEA/XABIA (ALICANTE),OK,1
7032402BC5973S,0.202980938922422,38.7519622738437,CL ARROS 4 JAVEA/XABIA (ALICANTE),OK,12
9317601BC5991N,0.227551281343233,38.7384446867922,CL NICCOLO PAGANINI 18 JAVEA/XABIA (ALICANTE),OK,12
2548311BC5924N,0.15127563898034,38.765911971105,CL RIO JILOCA 27 FINCA RESULTANTE N¦58 JAVEA/XABIA (ALICANTE),OK,1
2132402BC5923S,0.146607478000432,38.753385728518,CL LLUCA 7 JAVEA/XABIA (ALICANTE),OK,1
4241001BC5944S,0.170648305511231,38.760310648691,CL RIO TURIA 5 JAVEA/XABIA (ALICANTE),OK,1
9284127BC4998S,0.109841948893494,38.7971907597906,CL COMPAS 2 JAVEA/XABIA (ALICANTE),OK,2
8616611BC5981N,0.221041336072459,38.7382291791881,UR BALCON AL MAR B 98 JAVEA/XABIA (ALICANTE),OK,12
5544005BC5954S,0.185352147249732,38.7626834388792,CM ADSUBIES 78 JAVEA/XABIA (ALICANTE),OK,1
2870030BC5926N,0.152692028680816,38.7839353860751,CM VELL DE GATA 46 JAVEA/XABIA (ALICANTE),OK,1
2622315BC5922N,0.152153260436642,38.7429804367488,CL LAGO ONEGA 7 JAVEA/XABIA (ALICANTE),OK,1
9787902BC4998N,0.116014970743873,38.8010483064161,CL AURIGA 28 JAVEA/XABIA (ALICANTE),OK,2
5033003BC5943S,0.179297604380203,38.7533170651155,UR PINOMAR 91 JAVEA/XABIA (ALICANTE),OK,12
9217002BC5991N,0.22679516096458,38.739301196522,UR BALCON AL MAR G 83 JAVEA/XABIA (ALICANTE),OK,12
0084937BC4998N,0.118699868005697,38.7987205044331,CL DE L'ERMITA 18 JAVEA/XABIA (ALICANTE),OK,2
2843723BC5924S,0.153805445943565,38.7606388668073,CL MAR CANTABRICO 14 JAVEA/XABIA (ALICANTE),OK,1
9580921BC4998S,0.114371738192584,38.7941172627431,CL NICARAGUA 3 JAVEA/XABIA (ALICANTE),OK,1
5454110BC5955N,0.183295335897271,38.772601726066,CL LIMOGES 5 JAVEA/XABIA (ALICANTE),OK,11
6439006BC5963N,0.195554365600418,38.7578232652447,PD CM CAP MARTI 90 JAVEA/XABIA (ALICANTE),OK,12
7512008BC5971S,0.208577451831859,38.7343679459774,UR COSTA NOVA LA MARINA 122 JAVEA/XABIA (ALICANTE),OK,12
0002011BC5900N,0.143698290709008,38.7655349372587,CM ALBERTO CAMUS 8 JAVEA/XABIA (ALICANTE),OK,1
8513032BC5981S,0.221677523182826,38.7360702403545,CL FREDERIC CHOPIN 50 JAVEA/XABIA (ALICANTE),OK,12
7721009BC5972S,0.211141580505126,38.7428085132013,CL GARSETA BLANCA 9 JAVEA/XABIA (ALICANTE),OK,12
9882423BC4998S,0.117767670229161,38.7965646466849,CL DE L'ERMITA 10 JAVEA/XABIA (ALICANTE),OK,2
4941510BC5944S,0.178131849218379,38.7595885308865,CM ADSUBIES 247 JAVEA/XABIA (ALICANTE),OK,1
3075409BC5937N,0.155318364134109,38.7899585719852,CM DELS CASTELLANS 14 JAVEA/XABIA (ALICANTE),OK,2
6538703BC5963N,0.19718342121727,38.7585294302216,UR TOSALET 3 JAVEA/XABIA (ALICANTE),OK,12
8690710BC4988N,0.104753263157686,38.801881334419,CL ANDROMEDA 5 JAVEA/XABIA (ALICANTE),OK,2
4938006BC5943N,0.178003189582622,38.7571764046996,UR ADSUBIA TOSCAMA 28 JAVEA/XABIA (ALICANTE),OK,1
5429401BC5952N,0.184116528147235,38.7489576711518,PD CA CANSALA 146 JAVEA/XABIA (ALICANTE),OK,12
8525340BC5982S,0.217114338340613,38.7458286732025,CL JOAQUIN RODRIGO 11 JAVEA/XABIA (ALICANTE),OK,12
8109420BC5980N,0.217818722081574,38.7328740977208,CL TORRE AMBOLO 22 JAVEA/XABIA (ALICANTE),OK,12
8815602BC5981S,0.223039204131983,38.7367715721674,CL CLAUDE DEBUSSY 21 JAVEA/XABIA (ALICANTE),OK,12
7620106BC5972S,0.210207108348192,38.742409873721,UR COSTA NOVA PLA 94 JAVEA/XABIA (ALICANTE),OK,12
9284159BC4998S,0.110665785635924,38.7965878980484,CR DE JESUS POBRE 190(A) JAVEA/XABIA (ALICANTE),OK,2
6131405BC5963S,0.193324656784378,38.7506519131301,UR TOSALET 209 JAVEA/XABIA (ALICANTE),OK,12
8920807BC5982S,0.224076820333431,38.7419082020996,CL MAURICE RAVEL 100 JAVEA/XABIA (ALICANTE),OK,12
7534708BC5973S,0.207559503925664,38.7531399893675,UR TOSCAL 45 JAVEA/XABIA (ALICANTE),OK,12
6442004BC5964S,0.195680932206608,38.7613440233468,PD CM CAP MARTI 14 JAVEA/XABIA (ALICANTE),OK,12
0681614BC5908S,0.128085784118099,38.7943166608704,CL ARES 2 JAVEA/XABIA (ALICANTE),OK,2
5744004BC5954S,0.188000633604651,38.7633016808394,CM ADSUBIES 105 JAVEA/XABIA (ALICANTE),OK,12
7633608BC5973S,0.208542307851523,38.7522039793271,CL PEBRELLA 14 JAVEA/XABIA (ALICANTE),OK,12
7334006BC5973S,0.206688219221509,38.7541896538837,UR TOSCAL 15 JAVEA/XABIA (ALICANTE),OK,12
6134604BC5963S,0.192424390412072,38.7540981727275,CL DONZELLA LA 335 JAVEA/XABIA (ALICANTE),OK,12
8421917BC5982S,0.218791090556796,38.7441810514397,CL JOSE CASANOVAS 2 JAVEA/XABIA (ALICANTE),OK,12
3118214BC5931N,0.159666196137283,38.7396113578193,CL AMEDEO MODIGLIANI 2 JAVEA/XABIA (ALICANTE),OK,12
6427506BC5962N,0.196824800565534,38.7485547993172,UR TOSALET 1334 JAVEA/XABIA (ALICANTE),OK,12
5025605BC5952N,0.180776461999271,38.7462543663386,CL JUAN CORDERO 5 FINCA RESULTANTE M5C UE1 JAVEA/XABIA (ALICANTE),OK,12
7233016BC5973S,0.204819194142597,38.7526662237632,CL ANGILAGA 38 JAVEA/XABIA (ALICANTE),OK,12
2549605BC5924N,0.151569091910933,38.7669331302135,CL RIO CINCA 35 FINCA RESULTANTE N¦83 JAVEA/XABIA (ALICANTE),OK,1
6627805BC5962N,0.197744075676537,38.7479391740117,UR TOSALET 1284 JAVEA/XABIA (ALICANTE),OK,12
7328821BC5972N,0.204434893743688,38.749735993033,CL DE L'AGRET 3 JAVEA/XABIA (ALICANTE),OK,12
3015314BC5931N,0.157616041895003,38.736402793743,CL JAN VERMEER 67 JAVEA/XABIA (ALICANTE),OK,
2963030BC5936N,0.158093805642079,38.7811703276431,CL IBIZA 3 JAVEA/XABIA (ALICANTE),OK,1
4341008BC5944S,0.170386232740672,38.7588937024323,CL RIO JUCAR 15 JAVEA/XABIA (ALICANTE),OK,1
9590205BC4999S,0.114570734330466,38.8028893226462,CL CANCER 9 JAVEA/XABIA (ALICANTE),OK,2
9121708BC5992S,0.226892788312998,38.7422868172573,UR BALCON AL MAR E 168 JAVEA/XABIA (ALICANTE),OK,12
2548313BC5924N,0.150459113691296,38.7660003412936,CL RIO JILOCA 23 FINCA RESULTANTE Nº60 JAVEA/XABIA (ALICANTE),OK,1
7318408BC5971N,0.207210292907284,38.7398316545605,CL TADORNA 40 JAVEA/XABIA (ALICANTE),OK,12
3781808BC5938S,0.162637557334489,38.7954379870019,CL ALMEDIJAR 26(D) JAVEA/XABIA (ALICANTE),OK,1
5440405BC5953N,0.184414735981551,38.7585835555937,CL APOLODORO 3(0) JAVEA/XABIA (ALICANTE),OK,1
7616011BC5971N,0.209905825530836,38.7382464438203,CL CANELLAT 13 JAVEA/XABIA (ALICANTE),OK,12
9580925BC4998S,0.115528216776914,38.7934915074216,CL MEXICO 5 JAVEA/XABIA (ALICANTE),OK,1
2267911BC5926N,0.148298989305312,38.7835816799824,CL SUECIA 11 JAVEA/XABIA (ALICANTE),OK,1
8525316BC5982N,0.222168052309854,38.7475124702756,CL DENTOL 27 JAVEA/XABIA (ALICANTE),OK,12
7827611BC5972N,0.21200812451569,38.7477533061959,CL DE L'ALFABEGA 20 JAVEA/XABIA (ALICANTE),OK,12
7734505BC5973S,0.210251874826904,38.7543611387471,UR TOSCAL 339 JAVEA/XABIA (ALICANTE),OK,12
2035812BC5923S,0.145875111765152,38.752340131327,CL LLUCA 20 JAVEA/XABIA (ALICANTE),OK,1
6239206BC5963N,0.193441195926377,38.7583818055205,PD CM CAP MARTI 66 JAVEA/XABIA (ALICANTE),OK,12
7919205BC5971N,0.213769975048163,38.7414330626039,CR GUARDIA LA 799(P) JAVEA/XABIA (ALICANTE),OK,12
5025601BC5952N,0.180154281895435,38.7456261662806,CL ALBERTO DURERO 57 FINCA RESULTANTE M5G UE1 JAVEA/XABIA (ALICANTE),OK,12
8414422BC5981S,0.221474630010719,38.7368858157183,CL JOHANNES BRAHNS 38 JAVEA/XABIA (ALICANTE),OK,12
2650302BC5925S,0.151707600924043,38.7681697964829,CL RIO CABRIEL 31 FINCA RESULTANTE Nº160 JAVEA/XABIA (ALICANTE),OK,1
9789811BC4998N,0.11851947842467,38.8011466482739,CL ANTARES 7 JAVEA/XABIA (ALICANTE),OK,2
3983508BC5938S,0.166073959767668,38.7973225808116,CL ALMORADI 7 JAVEA/XABIA (ALICANTE),OK,1
9322509BC5992S,0.229148323150309,38.7435726584222,CL CHARLES IVES 16(D) JAVEA/XABIA (ALICANTE),OK,12
1179414BC5917N,0.132653693715951,38.7924363897791,CM DELS CASTELLANS 136 JAVEA/XABIA (ALICANTE),OK,2
7228008BC5972N,0.205436081637183,38.7485968357994,CR GUARDIA LA 83 JAVEA/XABIA (ALICANTE),OK,12
3543201BC5924S,0.15580144569923,38.7585279566815,CL MAR DE BARENTS 9 JAVEA/XABIA (ALICANTE),OK,1
7614309BC5971S,0.210325683910205,38.7356723836999,CL FAISA 17 JAVEA/XABIA (ALICANTE),OK,12
3118202BC5931N,0.157035129880301,38.7387615441204,CL LEONARDO DA VINCI 73 JAVEA/XABIA (ALICANTE),OK,12
8019504BC5982S,0.214951073051432,38.7420454021501,"CL BEQUET DEL 7 PD LA GUARDIA, 800 R JAVEA/XABIA (ALICANTE)",OK,12
3519515BC5931N,0.163476131554242,38.7398584625407,CL HANS HOLBEIN 16(D) JAVEA/XABIA (ALICANTE),OK,12
3118204BC5931N,0.157474977885343,38.7389394640822,CL LEONARDO DA VINCI 69 JAVEA/XABIA (ALICANTE),OK,12
3630601BC5933S,0.164243302494586,38.750482748838,CL LAGO COMO 25 PARCELA RESULTANTE N¦44 JAVEA/XABIA (ALICANTE),OK,1
9686105BC4998N,0.114893056841815,38.8005185872359,CL FENIX 9 JAVEA/XABIA (ALICANTE),OK,2
5144715BC5954S,0.180147736367576,38.7634805344774,CL JUAN DE BORGOÑA 7 JAVEA/XABIA (ALICANTE),OK,1
6236308BC5963N,0.193663775371202,38.7551589072136,PD CM CAP MARTI 121 JAVEA/XABIA (ALICANTE),OK,12
7829009BC5972N,0.210729070136598,38.7496318666796,UR TOSALET 828 JAVEA/XABIA (ALICANTE),OK,12
0975213BC5907S,0.130257177108237,38.788431450939,CR DE JESUS POBRE 108 JAVEA/XABIA (ALICANTE),OK,2
6941504BC5964S,0.201332719208083,38.7602359479574,UR TOSALET 1243 JAVEA/XABIA (ALICANTE),OK,12
2748901BC5924N,0.15073641306834,38.7657552967235,CL RIO JILOCA 42 FINCA RESULTANTE N¦19 JAVEA/XABIA (ALICANTE),OK,1
8821004BC5982S,0.223298391449243,38.7438015061412,UR BALCON AL MAR E 84 JAVEA/XABIA (ALICANTE),OK,12
8323404BC5982S,0.218606928116115,38.7453008647559,PL PP LA CALA S U P 60 JAVEA/XABIA (ALICANTE),OK,12
8109413BC5480N,0.216499807687655,38.7316018047634,CL TORRE AMBOLO 36 JAVEA/XABIA (ALICANTE),OK,12
6937017BC5963N,0.200818171339819,38.7567874291766,UR TOSALET 1213 JAVEA/XABIA (ALICANTE),OK,12
7421011BC5972S,0.206925067475611,38.7418874540794,UR COSTA NOVA PLA 75(A) JAVEA/XABIA (ALICANTE),OK,12
2127405BC5922N,0.147720852104368,38.7476554201556,CL MARK TWAIN 3 JAVEA/XABIA (ALICANTE),OK,1
4842320BC5944S,0.177570893121881,38.7613320728346,CL SEBASTIAN GOMEZ 11 JAVEA/XABIA (ALICANTE),OK,1
7626305BC5972N,0.208896719060446,38.7470111280171,UR TOSALET 707 JAVEA/XABIA (ALICANTE),OK,12
5025602BC5952N,0.180090341616192,38.7458828316757,CL ALBERTO DURERO 55 FINCA RESULTANTE M5F UE1 JAVEA/XABIA (ALICANTE),OK,12
5125817BC5952N,0.18100883051676,38.7464567405168,CL JUAN CORDERO 4 FINCA RESULTANTE M4J UE1 JAVEA/XABIA (ALICANTE),OK,12
1234808BC5913S,0.137834008662362,38.751276221057,CL VIRGILIO 12 JAVEA/XABIA (ALICANTE),OK,1
3152301BC5935S,0.156665880246899,38.7702921460714,CL RIO MUNDO 5 FINCA RESULTANTE Nº186 JAVEA/XABIA (ALICANTE),OK,1
7512012BC5971S,0.209891995856972,38.7339178872986,CL DE LA GUATLA 34 JAVEA/XABIA (ALICANTE),OK,12
7513011BC5971S,0.210270763938562,38.7345565137663,CL FAISA 23 JAVEA/XABIA (ALICANTE),OK,12
8688910BC4988N,0.107205793287737,38.8014890696469,CL ANDROMEDA 34 JAVEA/XABIA (ALICANTE),OK,2
8619011BC5981N,0.223501324217368,38.7400099258655,CL LUDWIG VAN BEETHOVEN 50 JAVEA/XABIA (ALICANTE),OK,12
4022313BC5942S,0.168591143779335,38.742893240452,CL CARAVAGGIO 2(D) JAVEA/XABIA (ALICANTE),OK,12
6436205BC5963N,0.19631289934207,38.7559440085502,PD CM CAP MARTI 108(A) JAVEA/XABIA (ALICANTE),OK,12
5835101BC5953N,0.188209373680771,38.7551209574502,CM ADSUBIES 385 JAVEA/XABIA (ALICANTE),OK,12
2650303BC5925S,0.152067638238086,38.7681883078991,CL RIO CABRIEL 29 FINCA RESULTANTE Nº161 JAVEA/XABIA (ALICANTE),OK,1
1841115BC5914S,0.14260947759787,38.7592559999502,CM TARRAULLA 17 JAVEA/XABIA (ALICANTE),OK,1
9220605BC5991N,0.227856259316149,38.7413464855397,UR BALCON AL MAR E 178 JAVEA/XABIA (ALICANTE),OK,12
0881262BC5907N,0.123464083604214,38.7923251528053,CL PIEZARROYA 6 JAVEA/XABIA (ALICANTE),OK,2
7921505BC5982S,0.214610891271669,38.7431023867412,CR GUARDIA LA 800(J) JAVEA/XABIA (ALICANTE),OK,12
5125801BC5952N,0.179750174177701,38.7461980549682,CL JUAN CORDERO 11 FINCA RESULTANTE M6A UE1 JAVEA/XABIA (ALICANTE),OK,12
7529017BC5972N,0.207009993390531,38.7498054373079,CL DE LA VIOLETA 23 JAVEA/XABIA (ALICANTE),OK,12
7736611BC5973N,0.209383834332882,38.7551420599609,CL CARXOFA 6 JAVEA/XABIA (ALICANTE),OK,12
5233809BC5953S,0.181576974752316,38.7519076205438,UR PINOMAR 10(K) JAVEA/XABIA (ALICANTE),OK,12
8623107BC5982S,0.221910466660645,38.7446401683068,CL LUIGI BOCHERINI 11 JAVEA/XABIA (ALICANTE),OK,12
3216301BC5931N,0.157751077742939,38.7371922382641,CL LEONARDO DA VINCI 90 JAVEA/XABIA (ALICANTE),OK,12
3015316BC5931N,0.157848469827607,38.7360818600955,CL JAN VERMEER 63 JAVEA/XABIA (ALICANTE),OK,
7521207BC5972S,0.209878782875674,38.743042331995,CL XARXET 1 JAVEA/XABIA (ALICANTE),OK,12
7134023BC5973S,0.203584264088749,38.7541291606896,CL ROMERO 45 JAVEA/XABIA (ALICANTE),OK,12
7518407BC5971N,0.209674803351606,38.7398400106228,CL COLL-VERD 38 URB. COSTA NOVA P-133 JAVEA/XABIA (ALICANTE),OK,12
2650306BC5925S,0.152101423554751,38.7677554225232,CL RIO CARBO 30 FINCA RESULTANTE Nº155 JAVEA/XABIA (ALICANTE),OK,1
7915709BC5971S,0.212858909389144,38.7366433494918,CL CORB MARI 5 JAVEA/XABIA (ALICANTE),OK,12
9218015BC5991N,0.227031334590361,38.7393960871583,UR BALCON AL MAR G 86 JAVEA/XABIA (ALICANTE),OK,12
7033002BC5973S,0.202649146034286,38.7538237801105,CL BLEDA 4 JAVEA/XABIA (ALICANTE),OK,12
4983004BC5948S,0.176910810050738,38.7978311667528,CL CASTELL DE GUADALEST 53 JAVEA/XABIA (ALICANTE),OK,6
6131403BC5963S,0.192779257591697,38.7508323266083,UR TOSALET 211 JAVEA/XABIA (ALICANTE),OK,12
1635121BC5913S,0.139543285948993,38.7530865532533,CL PLATON 9 JAVEA/XABIA (ALICANTE),OK,1
7328820BC5972N,0.204670691594865,38.749637127313,CL DE L'AGRET 5 JAVEA/XABIA (ALICANTE),OK,12
5629709BC5952N,0.186132980093079,38.748925998891,CL TIZIANO 5(H) JAVEA/XABIA (ALICANTE),OK,12
6424115BC5962S,0.196448957524708,38.7452639191501,CL PALMERA 7 JAVEA/XABIA (ALICANTE),OK,12
5542611BC5954S,0.183532877180804,38.7602838035287,CL JORGE LARCO 7 PARCELA RESULTANTE Nº10 JAVEA/XABIA (ALICANTE),OK,1
9877605BC5907N,0.120884033547793,38.7918800912785,CR DE JESUS POBRE 135(D) JAVEA/XABIA (ALICANTE),OK,1
2650304BC5925S,0.152444032109831,38.7682209112535,CL RIO CABRIEL 27 FINCA RESULTANTE Nº162 JAVEA/XABIA (ALICANTE),OK,1
5437009BC5953N,0.184312231737536,38.7554772607118,UR PINO SOL 15 JAVEA/XABIA (ALICANTE),OK,12
8723803BC5982S,0.223145788352218,38.7448153157439,CL GABRIEL FAURE 8 JAVEA/XABIA (ALICANTE),OK,12
4141307BC5944S,0.169314004299891,38.7592007934608,CL RIO TURIA 22 JAVEA/XABIA (ALICANTE),OK,1
8619013BC5981N,0.223610606769789,38.7396031336695,UR BALCON AL MAR D 64 JAVEA/XABIA (ALICANTE),OK,12
6134614BC5963S,0.191745306668795,38.7533588409923,CL ALEGRIA 13(D) JAVEA/XABIA (ALICANTE),OK,12
9311104BC5991S,0.230076249501634,38.7343101396191,UR BALCON AL MAR F 60 JAVEA/XABIA (ALICANTE),OK,12
8623108BC5982S,0.221544396400869,38.7446611021567,CL LUIGI BOCHERINI 9 JAVEA/XABIA (ALICANTE),OK,12
6826511BC5962N,0.199444853248024,38.7467995566776,CL TRENCALOS 14 JAVEA/XABIA (ALICANTE),OK,12
2650305BC5925S,0.15247832513435,38.767740468841,CL RIO CARBO 28 FINCA RESULTANTE Nº154 JAVEA/XABIA (ALICANTE),OK,1
5139411BC5953N,0.180687416319872,38.7569851004063,CM ADSUBIES 288 JAVEA/XABIA (ALICANTE),OK,1
8610046BC5981S,0.221008414342108,38.7329724577308,CL TOMMASO ALBINONI 13 JAVEA/XABIA (ALICANTE),OK,12
8421928BC5982S,0.221511505210971,38.7443878740154,CL LUIGI BOCHERINI 22 JAVEA/XABIA (ALICANTE),OK,12
6529706BC5962N,0.196453929772087,38.7489269951035,UR TOSALET 1318 JAVEA/XABIA (ALICANTE),OK,12
6710512BC5960N,0.200131571718547,38.7324647283807,CL PIC TORT 12 JAVEA/XABIA (ALICANTE),OK,12
3983514BC5938S,0.165646739917938,38.7971886930457,CL ALMORADI 5 JAVEA/XABIA (ALICANTE),OK,1
7191016BC5974S,0.203159431621979,38.7600559170378,PD PORTITXOL 51 JAVEA/XABIA (ALICANTE),OK,12
7611002BC5971S,0.209315093140417,38.7336356248284,UR COSTA NOVA LA MARINA 160 JAVEA/XABIA (ALICANTE),OK,12
4022709BC5932S,0.168139046265571,38.7418302534543,CL CARAVAGGIO 8 JAVEA/XABIA (ALICANTE),OK,12
9218034BC5991N,0.228333325003774,38.7410756302047,CL CAP NEGRE 68(D) JAVEA/XABIA (ALICANTE),OK,12
8416402BC5981N,0.218802930505177,38.7380721158658,UR BALCON AL MAR B 119 JAVEA/XABIA (ALICANTE),OK,12
4241004BC5944S,0.170849285562221,38.7598718066096,CL RIO JUCAR 4 JAVEA/XABIA (ALICANTE),OK,1
9490804BC4999S,0.113871262281653,38.8025786892798,CL CENTAURO 19 JAVEA/XABIA (ALICANTE),OK,2
4042146BC5944S,0.169430229188246,38.759905259965,CL RIU PALANCIA DEL 22 PARCELA RESULTANTE 36 JAVEA/XABIA (ALICANTE),OK,1
7818813BC5971N,0.212625237572344,38.7398627041222,PL SUELOS NUEVOS 2(D) JAVEA/XABIA (ALICANTE),OK,12
7338502BC5973N,0.205899757398864,38.7576814021308,PD CM CAP MARTI 185 JAVEA/XABIA (ALICANTE),OK,12
2028923BC5922N,0.147195324887745,38.7478165511373,CL WILLIAM SHAKESPEARE 7 JAVEA/XABIA (ALICANTE),OK,1
0084931BC4998S,0.119780902421138,38.7973024660622,CL PENYAPARDA 14(D) JAVEA/XABIA (ALICANTE),OK,2
8916009BC5981N,0.22523393742834,38.7376221460199,UR BALCON AL MAR C 70 JAVEA/XABIA (ALICANTE),OK,12
8525367BC5982S,0.223751911542656,38.7446202541148,CL GABRIEL FAURE 11 JAVEA/XABIA (ALICANTE),OK,12
4837806BC5943N,0.176730496566135,38.7560316341324,CL RUFINO TAMAYO 16 JAVEA/XABIA (ALICANTE),OK,1
2279915BC5927N,0.146981205299195,38.7932971160075,CL CORDOBA 9(D) JAVEA/XABIA (ALICANTE),OK,2
7921503BC5972S,0.213994770627583,38.7429950757584,CL SERRANET DEL 1(H) JAVEA/XABIA (ALICANTE),OK,12
1642925BC5914S,0.14080701599201,38.7605243479599,CL ELSA MORANTE 17 JAVEA/XABIA (ALICANTE),OK,1
8616303BC5981N,0.221963742307676,38.7384377960685,UR BALCON AL MAR B 36 JAVEA/XABIA (ALICANTE),OK,12
3550502BC5934N,0.161722216932293,38.767102508994,CL RIO NALON 5 JAVEA/XABIA (ALICANTE),OK,1
5833708BC5953S,0.188788500455645,38.7521645920818,PD CM CAP MARTI 332 JAVEA/XABIA (ALICANTE),OK,12
9580920BC4998S,0.114106085463282,38.7941985349243,CL NICARAGUA 4 JAVEA/XABIA (ALICANTE),OK,1
8623101BC5982S,0.220925987122071,38.7449681176361,CL JOSE CASANOVAS 14 JAVEA/XABIA (ALICANTE),OK,12
2650309BC5925S,0.150960804088405,38.7678122870399,CL RIO CARBO 36 FINCA RESULTANTE Nº158 JAVEA/XABIA (ALICANTE),OK,1
7126702BC5972N,0.203179696216746,38.7468532886688,UR COSTA NOVA PANORAMA 28 JAVEA/XABIA (ALICANTE),OK,12
8531103BC5983S,0.220198142301579,38.7521608747203,UR MAR AZUL 88 JAVEA/XABIA (ALICANTE),OK,12
5384109BC5958S,0.18070348849768,38.7983267899914,CL CUESTA SAN ANTONIO 74 JAVEA/XABIA (ALICANTE),OK,6
7328803BC5972N,0.205235202756686,38.7494788266271,UR ENTREPINOS 32 JAVEA/XABIA (ALICANTE),OK,12
9322504BC5992S,0.22946075786766,38.7434361884413,CL CAP NEGRE 81 JAVEA/XABIA (ALICANTE),OK,12
03082A03000248,0.146324894144755,38.7643682298069,CM VELL DE TEULADA 2 Polígono 30 Parcela 248 03082A03000250 COVATELLES. JAVEA/XABIA (ALICANTE),OK,1
4938024BC5943N,0.178339416355495,38.7564399038448,UR ADSUBIA TOSCAMA 43 JAVEA/XABIA (ALICANTE),OK,1
5741403BC5954S,0.187199244641008,38.7600090916053,CM ADSUBIES 11 JAVEA/XABIA (ALICANTE),OK,12
6230509BC5962N,0.192507128582976,38.7495881633464,CL SAUCE 12 JAVEA/XABIA (ALICANTE),OK,12
7630506BC5972N,0.209223568858068,38.7499261899075,UR TOSALET 824 JAVEA/XABIA (ALICANTE),OK,12
3631510BC5933S,0.165896850046888,38.7507351489475,CL LAGO GINEBRA 14 PARCELA RESULTANTE Nº26 JAVEA/XABIA (ALICANTE),OK,1
7919702BC5971N,0.213663105871023,38.7410306743341,CL FALZIA DE LA 25 JAVEA/XABIA (ALICANTE),OK,12
7015721BC5971S,0.20388671006637,38.7366503740911,CL VOLTOR 25 JAVEA/XABIA (ALICANTE),OK,12
6624218BC5962S,0.199819786994149,38.7455631750418,CL MILA 50 JAVEA/XABIA (ALICANTE),OK,12
1934817BC5913S,0.144266495919167,38.7535605714148,CL LLUCA 43 JAVEA/XABIA (ALICANTE),OK,1
7512004BC5971S,0.207979380659264,38.7341567060395,CL RASCLO 5 JAVEA/XABIA (ALICANTE),OK,12
6243410BC5964S,0.193015508649841,38.7613399892153,CL FLOR DE NEU LA 13 JAVEA/XABIA (ALICANTE),OK,12
2842503BC5924S,0.153840021177977,38.759939503183,CL MAR CANTABRICO 9 JAVEA/XABIA (ALICANTE),OK,1
2980401BC5928S,0.151859739520476,38.7947867233814,CL DE LASTRES 47 JAVEA/XABIA (ALICANTE),OK,2
3921018BC5932S,0.167227678376965,38.7412111900212,CL CARAVAGGIO 14 JAVEA/XABIA (ALICANTE),OK,12
5125802BC5952N,0.179805998670236,38.7459868714314,CL ALBERTO DURERO 50 FINCA RESULTANTE M6B UE1 JAVEA/XABIA (ALICANTE),OK,12
6224110BC5962S,0.196208506435425,38.7447937116123,UR TOSALET 445 JAVEA/XABIA (ALICANTE),OK,12
4625210BC5942S,0.175732480320919,38.745239938406,CL JEAN ARP 54 JAVEA/XABIA (ALICANTE),OK,12
7616004BC5971N,0.210745685894124,38.7374923204517,UR COSTA NOVA AMBOLO 577 JAVEA/XABIA (ALICANTE),OK,12
5333110BC5953S,0.183137860979599,38.7516163465527,CL PAUL GAUGUIN 32 JAVEA/XABIA (ALICANTE),OK,12
5936017BC5953N,0.189870995098922,38.7555244812161,CL CLAVELLINES 19 JAVEA/XABIA (ALICANTE),OK,12
6326502BC5962N,0.193667877032349,38.7463951077934,CL POMELO 26 JAVEA/XABIA (ALICANTE),OK,12
2944007BC5924S,0.154070386511279,38.761089304316,CL MAR DE NORUEGA 61 JAVEA/XABIA (ALICANTE),OK,1
7328802BC5972N,0.204977610858479,38.7496704194627,UR ENTREPINOS 31 JAVEA/XABIA (ALICANTE),OK,12
8609011BC5981S,0.222363688913006,38.7316704802213,UR BALCON AL MAR A 123 JAVEA/XABIA (ALICANTE),OK,12
7412704BC5971S,0.207428831492629,38.7343171574778,CL RASCLO 4 JAVEA/XABIA (ALICANTE),OK,12
3533915BC5933S,0.163986922805958,38.7518530645638,CL LAGO VANERN 1 JAVEA/XABIA (ALICANTE),OK,1
5931007BC5953S,0.189277580281022,38.7510359543176,CL FALGUERA 27 JAVEA/XABIA (ALICANTE),OK,12
7529006BC5972N,0.209602916504002,38.7493110803062,CL DE LA BEGONIA 5 JAVEA/XABIA (ALICANTE),OK,12
7331401BC5973S,0.205292105308464,38.7516507372851,CL DE LA VIOLETA 39 JAVEA/XABIA (ALICANTE),OK,12
3216604BC5931N,0.159206783699885,38.7364375322519,CL HANS HOLBEIN 51 JAVEA/XABIA (ALICANTE),OK,12
3216603BC5931N,0.159034246485038,38.7363357639039,CL HANS HOLBEIN 53 JAVEA/XABIA (ALICANTE),OK,12
2980406BC5928S,0.153631347436406,38.7947032579025,CL DE LASTRES 57 JAVEA/XABIA (ALICANTE),OK,2
6127709BC5962N,0.192610270890205,38.7470056640214,UR TOSALET 287 JAVEA/XABIA (ALICANTE),OK,12
8513016BC5981S,0.220143330305662,38.7354815501738,CL FREDERIC CHOPIN 38 JAVEA/XABIA (ALICANTE),OK,12
8127603BC5982N,0.214887691573412,38.7477813720466,CL DEL FICUS 46 JAVEA/XABIA (ALICANTE),OK,12
2949224BC5924N,0.155676762876131,38.7665828779116,CL RIO JALON 18 FINCA RESULTANTE N¦48 JAVEA/XABIA (ALICANTE),OK,1
9220601BC5991N,0.227315803561641,38.7417154788177,UR BALCON AL MAR E 166 JAVEA/XABIA (ALICANTE),OK,12
4840512BC5943N,0.177455758503952,38.7581245655517,CL JUAN ECHEVERRIA 5 AR-32 PARCELA 04 JAVEA/XABIA (ALICANTE),OK,1
1868502BC5927S,0.144546563328046,38.785208189315,CL COLOMBIA 10 JAVEA/XABIA (ALICANTE),OK,1
8610005BC5981S,0.222377592160569,38.7346957383209,CL TOMMASO ALBINONI 43 JAVEA/XABIA (ALICANTE),OK,12
0084969BC5908N,0.120622267707772,38.7998168862331,CL OFIUCO 3 JAVEA/XABIA (ALICANTE),OK,2
0478159BC5907N,0.125560802124815,38.7906282937456,CL CABEÇO 1 JAVEA/XABIA (ALICANTE),OK,2
8513025BC5981S,0.222451480111997,38.7366063297679,UR BALCON AL MAR B 44 JAVEA/XABIA (ALICANTE),OK,12
5827002BC5952N,0.188570301634345,38.7474629198473,UR TOSALET 332 JAVEA/XABIA (ALICANTE),OK,12
7125005BC5972N,0.205039827268064,38.7460051638852,CL ROGET 29 JAVEA/XABIA (ALICANTE),OK,12
6436203BC5963N,0.196390354760254,38.7561963293837,PD CM CAP MARTI 107(A) JAVEA/XABIA (ALICANTE),OK,12
5144703BC5954S,0.179956273194555,38.7631031031893,CL JUAN DE BORGOÑA 11(A) JAVEA/XABIA (ALICANTE),OK,1
1195396BC5917N,0.132509696360704,38.7899342318775,CL SERRA D'EN CANES 11 JAVEA/XABIA (ALICANTE),OK,2
1195348BC5917N,0.132279504625735,38.7917488922168,CM DELS CASTELLANS 135 JAVEA/XABIA (ALICANTE),OK,2
7513014BC5971S,0.210672053911632,38.734394827267,UR COSTA NOVA LA MARINA 324 JAVEA/XABIA (ALICANTE),OK,12
3830303BC5933S,0.166297695819315,38.7505488319038,CL LAGO COMO 13 PARCELA RESULTANTE Nº37 JAVEA/XABIA (ALICANTE),OK,1
8688935BC4998N,0.104186324322408,38.8012960862905,CL CAMALEON 6 JAVEA/XABIA (ALICANTE),OK,2
7318409BC5971N,0.207255552398345,38.7396207446941,CL TADORNA 42 JAVEA/XABIA (ALICANTE),OK,12
6731006BC5963S,0.197981782013177,38.7503539939017,UR TOSALET 1083 JAVEA/XABIA (ALICANTE),OK,12
3630603BC5933S,0.16488198248338,38.7503162660886,CL LAGO COMO 21 PARCELA RESULTANTE Nº42 JAVEA/XABIA (ALICANTE),OK,1
7513016BC5971S,0.209982170981225,38.734266724577,UR COSTA NOVA LA MARINA 133 JAVEA/XABIA (ALICANTE),OK,12
9877612BC4997N,0.120395996403896,38.7901951286782,CL BERMUDAS 12 JAVEA/XABIA (ALICANTE),OK,1
7828516BC5972N,0.209296484562634,38.7480424393941,CL DE L'ALFABEGA 1 JAVEA/XABIA (ALICANTE),OK,12
6334104BC5963S,0.194709031549395,38.7546257075103,PD CM CAP MARTI 128 JAVEA/XABIA (ALICANTE),OK,12
7333021BC5973S,0.206753702719528,38.7532066708943,PD CM CAP MARTI 503 JAVEA/XABIA (ALICANTE),OK,12
8816412BC5981N,0.223861260124327,38.7376878238619,CL MANUEL DE FALLA 24 JAVEA/XABIA (ALICANTE),OK,12
6326506BC5962N,0.194927033720951,38.7462603947864,UR TOSALET 415 JAVEA/XABIA (ALICANTE),OK,12
8515611BC5981S,0.219389335922158,38.7364597798809,UR BALCON AL MAR B 111 JAVEA/XABIA (ALICANTE),OK,12
7014406BC5971S,0.203236114780904,38.7356829504653,CL GAFARRO 5 JAVEA/XABIA (ALICANTE),OK,12
1533911BC5913S,0.139712611711942,38.7520730977634,CL VIRGILIO 7 JAVEA/XABIA (ALICANTE),OK,1
8513003BC5981S,0.217400843221453,38.7366698280049,UR BALCON AL MAR B 4 JAVEA/XABIA (ALICANTE),OK,12
3479128BC5937N,0.159329571918772,38.7931570381976,CR DENIA DE 28 JAVEA/XABIA (ALICANTE),OK,2
2949210BC5934N,0.156551381136195,38.7668689625521,CL RIO CINCA 11 FINCA RESULTANTE Nº95 JAVEA/XABIA (ALICANTE),OK,1
9322013BC5992S,0.228380282053079,38.7435585808532,CL CARLOS CHAVEZ 4 JAVEA/XABIA (ALICANTE),OK,12
3519719BC5931N,0.162735671968213,38.7385035746975,CL PIETER BRUEGEL 32 JAVEA/XABIA (ALICANTE),OK,12
7225505BC5972S,0.204701051302431,38.7454854116633,CL MILA 28 JAVEA/XABIA (ALICANTE),OK,12
9789810BC4998N,0.119341240482513,38.8013599993455,CL ANTARES 9 JAVEA/XABIA (ALICANTE),OK,2
4625221BC5942S,0.174501327773213,38.7449645636031,CL ROSA BONHEUR 28 JAVEA/XABIA (ALICANTE),OK,12
7039303BC5973N,0.203445331897093,38.7582476387476,PD CM CAP MARTI 507 JAVEA/XABIA (ALICANTE),OK,12
1195334BC5907S,0.129690880019258,38.7890285332073,CR DE JESUS POBRE 114 JAVEA/XABIA (ALICANTE),OK,2
5936007BC5953N,0.190637144685861,38.7547801788356,CL BALADRE 3 JAVEA/XABIA (ALICANTE),OK,12
4182015BC5948S,0.167349550054361,38.7970646095433,CL ALFARRASI 22 JAVEA/XABIA (ALICANTE),OK,1
8986303BC4988N,0.10831720062475,38.8004507290555,CL ACUARIO 11 JAVEA/XABIA (ALICANTE),OK,2
5246308BC5954N,0.182946746990375,38.7645398408036,CL JAUME HUGUET 6 JAVEA/XABIA (ALICANTE),OK,1
8318705BC5981N,0.217317548332487,38.7396181685809,UR BALCON AL MAR D 6 JAVEA/XABIA (ALICANTE),OK,12
2742602BC5924S,0.152095377742747,38.760266802809,CL MAR DE NORUEGA 53(D) JAVEA/XABIA (ALICANTE),OK,1
6827513BC5962N,0.201598678594035,38.7469782169651,CL MIRLOS 25 JAVEA/XABIA (ALICANTE),OK,12
1370938BC5917S,0.135919965067704,38.785922449836,CL ARGELIA 3 JAVEA/XABIA (ALICANTE),OK,1
9418004BC5991N,0.230206594683471,38.7411972761565,CL FRANZ JOSEPH HAYDN 34 JAVEA/XABIA (ALICANTE),OK,12
7633620BC5973S,0.208462375311166,38.753593844178,CL PEBRELLA 424(B) JAVEA/XABIA (ALICANTE),OK,12
1868584BC5916N,0.141846513799001,38.7824472625946,CL VENEZUELA 20 JAVEA/XABIA (ALICANTE),OK,1
1072605BC5917S,0.133044669652606,38.7880658841936,CR DE JESUS POBRE 113(D) JAVEA/XABIA (ALICANTE),OK,1
8812844BC5981S,0.221332957717341,38.735113258248,CL TOMMASO ALBINONI 64(D) JAVEA/XABIA (ALICANTE),OK,12
3070058BC5926N,0.153416660917227,38.7842260347479,CL BARCELONA 29 JAVEA/XABIA (ALICANTE),OK,2
9314001BC5991S,0.229014018855751,38.7368621958418,CL LUIS DE PABLO 29(F) JAVEA/XABIA (ALICANTE),OK,12
7331404BC5973S,0.206507488388993,38.7515277333471,UR TOSALET 818 JAVEA/XABIA (ALICANTE),OK,12
2571639BC5927S,0.148951157239831,38.7850511617165,CL CANTALLOPS 13 JAVEA/XABIA (ALICANTE),OK,1
9121008BC5992S,0.22694597128066,38.7428953174267,UR BALCON AL MAR E 184 JAVEA/XABIA (ALICANTE),OK,12
2950505BC5925S,0.154532933249101,38.7683140848231,CL RIO CABRIEL 17 FINCA RESULTANTE Nº167 JAVEA/XABIA (ALICANTE),OK,1
7429619BC5972N,0.206949586095829,38.7493186552188,CL DE LA PRIMULA 1 JAVEA/XABIA (ALICANTE),OK,12
5939610BC5953N,0.189067714608453,38.7569829600513,CM ADSUBIES 151 JAVEA/XABIA (ALICANTE),OK,12
9190505BC4999S,0.111139934701435,38.8030260877218,CL CANCER 25 JAVEA/XABIA (ALICANTE),OK,2
8513010BC5981S,0.218521273949067,38.7356726785762,UR BALCON AL MAR B 11 JAVEA/XABIA (ALICANTE),OK,12
8810306BC5981S,0.224307305040555,38.7336314618109,UR SIESTA LA 32 JAVEA/XABIA (ALICANTE),OK,12
6424114BC5962S,0.196202553207431,38.745328097226,CL PALMERA 5 JAVEA/XABIA (ALICANTE),OK,12
7513009BC5971S,0.209696386831685,38.7349479495577,CL FAISA 27 JAVEA/XABIA (ALICANTE),OK,12
9220607BC5991N,0.227441799448203,38.7413876421342,UR BALCON AL MAR E 165 JAVEA/XABIA (ALICANTE),OK,12
5437011BC5953N,0.184068896340871,38.7549177667056,UR PINO SOL 51 JAVEA/XABIA (ALICANTE),OK,12
9111005BC5991S,0.227030950320676,38.7343723996446,CL LOUIS ARMSTRONG 10 JAVEA/XABIA (ALICANTE),OK,12
2346303BC5924N,0.148778658809475,38.7644826924204,CL MAR CELTICO 12 JAVEA/XABIA (ALICANTE),OK,1
6538713BC5963N,0.194988182370137,38.7574577603802,PD CM CAP MARTI 94 JAVEA/XABIA (ALICANTE),OK,12
6134615BC5953S,0.191156888591751,38.7538611089479,CL ALEGRIA 9 JAVEA/XABIA (ALICANTE),OK,12
1731322BC5913S,0.14206915083621,38.7503013710544,CL ARTHUR RIMBAUD 10 JAVEA/XABIA (ALICANTE),OK,1
9322507BC5992S,0.228807351385441,38.7431559903626,CL CHARLES IVES 20 JAVEA/XABIA (ALICANTE),OK,12
7331411BC5973S,0.208398550332586,38.7508206603735,UR TOSALET 820 JAVEA/XABIA (ALICANTE),OK,12
2270439BC5926N,0.147660002972607,38.7844269009421,CL MONACO 1 JAVEA/XABIA (ALICANTE),OK,1
9686145BC4998N,0.115569370223778,38.799334733903,CL BELLATRIX 6 JAVEA/XABIA (ALICANTE),OK,2
6928503BC5962N,0.201235655726406,38.7485140023642,PD CM CAP MARTI 85(A) JAVEA/XABIA (ALICANTE),OK,12
2646003BC5924N,0.151583607935606,38.7636282289637,CL MAR AZOV 18 JAVEA/XABIA (ALICANTE),OK,1
7524103BC5972S,0.207685940786641,38.7456600554319,UR COSTA NOVA PANORAMA 60 JAVEA/XABIA (ALICANTE),OK,12
7919302BC5972S,0.213258608365991,38.7425727205674,CL REQUERET DEL 1 JAVEA/XABIA (ALICANTE),OK,12
5536009BC5953N,0.18514821291976,38.7560230211654,PD CA CANSALA 99 JAVEA/XABIA (ALICANTE),OK,12
7429613BC5972N,0.205890914791619,38.7494658646368,CL DE LES ALBERGINES 4 JAVEA/XABIA (ALICANTE),OK,12
8609015BC5980N,0.223449373165731,38.7327841838755,UR BALCON AL MAR A 29 JAVEA/XABIA (ALICANTE),OK,12
0881216BC5908S,0.125279873026975,38.7946529149552,CL TARRAC 9 JAVEA/XABIA (ALICANTE),OK,2
8027808BC5972N,0.213083482007422,38.7478209534881,CL DE L'ALFABEGA 26 JAVEA/XABIA (ALICANTE),OK,12
3832822BC5933S,0.165679949647872,38.7513670277603,CL LAGO GINEBRA 5 PARCELA RESULTANTE Nº5 JAVEA/XABIA (ALICANTE),OK,1
6934701BC5963S,0.201413362022648,38.7547443053958,CL ROSAL 1(A) JAVEA/XABIA (ALICANTE),OK,12
9580915BC4998S,0.114766387951914,38.7938606158296,CL NICARAGUA 14 JAVEA/XABIA (ALICANTE),OK,1
6134603BC5963S,0.191935592079411,38.754257509207,CL DONZELLA LA 365 JAVEA/XABIA (ALICANTE),OK,12
5544004BC5954S,0.185801271628782,38.7630172492395,CM ADSUBIES 47 JAVEA/XABIA (ALICANTE),OK,1
0881288BC5908S,0.12495415272957,38.7965449380987,CL PIC DE REBALSADORS 11 PARCELA 72 GARROFERAL JAVEA/XABIA (ALICANTE),OK,2
8532006BC5983S,0.220248377279806,38.7524318128821,CL ESTURIO DEL 7 JAVEA/XABIA (ALICANTE),OK,12
8629211BC5982N,0.222038884661348,38.7498557280723,CL TRUITA 32 JAVEA/XABIA (ALICANTE),OK,12
3863104BC5937S,0.164372417299901,38.7886520143855,CL PLANET 8 JAVEA/XABIA (ALICANTE),OK,4
5229014BC5952N,0.182135175704121,38.7489949303771,CL FERNANDO LEGER 6 JAVEA/XABIA (ALICANTE),OK,12
2573410BC5927S,0.15008337517416,38.788421322455,CL ASTORGA 6 JAVEA/XABIA (ALICANTE),OK,2
1868555BC5916N,0.141581644266593,38.7815177795161,CL VENEZUELA 26 JAVEA/XABIA (ALICANTE),OK,1
8812831BC5981S,0.223875751203551,38.7330696469966,CL JOSE ARDEVOL 1 JAVEA/XABIA (ALICANTE),OK,12
6624219BC5962S,0.199325232064845,38.745415454535,CL MILA 52 JAVEA/XABIA (ALICANTE),OK,12
9218012BC5991N,0.228019236234721,38.7396044994704,UR BALCON AL MAR G 89 JAVEA/XABIA (ALICANTE),OK,12
3552706BC5935S,0.161233185281593,38.7684483301336,CL RIO TER 4 JAVEA/XABIA (ALICANTE),OK,1
6533710BC5963S,0.19575526431417,38.7526004743492,CL ENEBRO 22 JAVEA/XABIA (ALICANTE),OK,12
3750472BC5934N,0.166015784319172,38.7664885619741,CL SHARQ AL-ANDALUS 19 JAVEA/XABIA (ALICANTE),OK,1
4986511BC5948N,0.176493582430514,38.7994624774816,UR CORONA LA 4 JAVEA/XABIA (ALICANTE),OK,6
4177319BC5947N,0.167519442961037,38.7920913820571,CM VELL DE LA MAR 1 JAVEA/XABIA (ALICANTE),OK,5
5684104BC5958S,0.185411914995129,38.7992474463577,CL CALETA LA 21 JAVEA/XABIA (ALICANTE),OK,6
3519705BC5931N,0.163733790683602,38.7395827263781,CL HANS HOLBEIN 17 JAVEA/XABIA (ALICANTE),OK,12
8688924BC4988N,0.104771617103258,38.7992996592676,CR DE JESUS POBRE 220 JAVEA/XABIA (ALICANTE),OK,2
7616006BC5971N,0.210496629951165,38.737832605874,UR COSTA NOVA AMBOLO 579 JAVEA/XABIA (ALICANTE),OK,12
6241003BC5964S,0.193757625519553,38.760402288497,PD CM CAP MARTI 468 JAVEA/XABIA (ALICANTE),OK,12
7011604BC5961S,0.202552142181941,38.7323259621986,CL TEULADI 11 JAVEA/XABIA (ALICANTE),OK,12
4739305BC5943N,0.176544145967874,38.7582345161751,CL AMELIA PELAEZ 13 JAVEA/XABIA (ALICANTE),OK,1
9019311BC5991N,0.226445404619325,38.7402715901468,UR BALCON AL MAR E 137 JAVEA/XABIA (ALICANTE),OK,12
8313509BC5981S,0.217476461394276,38.7353471495709,UR COSTA NOVA AMBOLO 46 JAVEA/XABIA (ALICANTE),OK,12
6621110BC5962S,0.198874570610749,38.7429470576037,CL RONCADELL 85 JAVEA/XABIA (ALICANTE),OK,12
2949222BC5934N,0.156313937821237,38.7664757789387,CL RIO JALON 14 FINCA RESULTANTE Nº46 JAVEA/XABIA (ALICANTE),OK,1
4747505BC5944N,0.174542473578642,38.7641857132289,CL RIO ALFAMBRA 16 JAVEA/XABIA (ALICANTE),OK,1
6227706BC5962N,0.193315369174957,38.7473469497416,UR TOSALET 266 JAVEA/XABIA (ALICANTE),OK,12
5441510BC5954S,0.183392113296749,38.7599365204848,CL JORGE LARCO 9 JAVEA/XABIA (ALICANTE),OK,1
6830407BC5962N,0.201092666230954,38.750227589904,UR CAP MARTI 160(A) JAVEA/XABIA (ALICANTE),OK,12
6924005BC5962S,0.202075540762794,38.7451693788749,CL MILA 45 JAVEA/XABIA (ALICANTE),OK,12
8882607BC4988S,0.107465827707441,38.7947629266181,CL SINGAPUR 10 JAVEA/XABIA (ALICANTE),OK,1
9877611BC4997N,0.120364765820617,38.7906445494082,CL BERMUDAS 12 JAVEA/XABIA (ALICANTE),OK,1
5185201BC5948S,0.177890475014042,38.7992611098228,CL PETRER 17 JAVEA/XABIA (ALICANTE),OK,6
8912405BC5981S,0.225213995795177,38.7338971594959,UR SIESTA LA 40 JAVEA/XABIA (ALICANTE),OK,12
0979807BC5907N,0.131612063361946,38.7925825134642,CM DELS CASTELLANS 140 JAVEA/XABIA (ALICANTE),OK,2
5244306BC5954S,0.18152454613172,38.7614403544343,CL PABLO PICASSO 17 JAVEA/XABIA (ALICANTE),OK,1
5934101BC5953S,0.18995193005402,38.7541915967279,CL BALADRE 8 JAVEA/XABIA (ALICANTE),OK,12
3479110BC5937N,0.16004044024287,38.793408932698,CR DENIA DE 16 JAVEA/XABIA (ALICANTE),OK,2
4840525BC5943N,0.178207924024413,38.7578939936349,CL JUAN ECHEVERRIA 6(B) JAVEA/XABIA (ALICANTE),OK,1
8920801BC5982S,0.22390930682067,38.7420957620279,UR BALCON AL MAR E 96 JAVEA/XABIA (ALICANTE),OK,12
2346311BC5924N,0.149070785397839,38.7630527461224,CL MAR DE IRLANDA 7 JAVEA/XABIA (ALICANTE),OK,1
2794524BC5924S,0.151897720545584,38.7624164762796,CL MAR DE NORUEGA 3 JAVEA/XABIA (ALICANTE),OK,1
6710501BC5960N,0.197690925706407,38.7316308449421,CL PIC TORT 32 JAVEA/XABIA (ALICANTE),OK,12
8127602BC5982N,0.214570851844234,38.7477044439677,UR TOSALET 724 JAVEA/XABIA (ALICANTE),OK,12
7238704BC5973N,0.204743765177003,38.7582729577068,CL SAFANORIA 7(D) JAVEA/XABIA (ALICANTE),OK,12
5731601BC5953S,0.187337141402302,38.7506743589941,PD CA CANSALA 62(C) JAVEA/XABIA (ALICANTE),OK,12
0282501BC5908S,0.123185298075457,38.7964592826597,CL PIC DE REBALSADORS 20 PARCELA 34 GARROFERAL JAVEA/XABIA (ALICANTE),OK,2
8812843BC5981S,0.222051504242627,38.7352623371234,UR BALCON AL MAR A 16 JAVEA/XABIA (ALICANTE),OK,12
3216319BC5931N,0.1610939021178,38.7383008799463,CL HANS HOLBEIN 30 JAVEA/XABIA (ALICANTE),OK,12
3533916BC5933S,0.164305062926811,38.7518788086248,CL LAGO VANERN 3 PARCELA RESULTANTE Nº11 JAVEA/XABIA (ALICANTE),OK,1
9317607BC5991N,0.227818015839118,38.7384364220392,UR BALCON AL MAR G 38 JAVEA/XABIA (ALICANTE),OK,12
8609013BC5980N,0.223084090090436,38.7325488227131,UR BALCON AL MAR A 31 JAVEA/XABIA (ALICANTE),OK,12
8989319BC4988N,0.107437515176514,38.8016865283691,CL ANDROMEDA 21 JAVEA/XABIA (ALICANTE),OK,2
2028903BC5912N,0.144924748853938,38.7489117232264,CL JEAN GENET 9 JAVEA/XABIA (ALICANTE),OK,1
6539802BC5963N,0.196573758220264,38.7591127503097,PD CM CAP MARTI 444(0) JAVEA/XABIA (ALICANTE),OK,12
5936011BC5953N,0.189276609246424,38.7547352792577,CL DONZELLA LA 2 CM CAP MARTI 453 A JAVEA/XABIA (ALICANTE),OK,12
6527515BC5962N,0.197588462384858,38.7469231424779,CL POMELO 33 JAVEA/XABIA (ALICANTE),OK,12
7536001BC5973N,0.206999803927002,38.7567919971534,CL SALVIA LA 3 JAVEA/XABIA (ALICANTE),OK,12
7926105BC5972N,0.213376606474464,38.7473214367966,UR TOSALET 720 JAVEA/XABIA (ALICANTE),OK,12
7736602BC5973N,0.209855456627968,38.7559514720361,UR TOSCAL 300 JAVEA/XABIA (ALICANTE),OK,12
6126619BC5962N,0.194066003971895,38.7457851866045,CL LIMONERO 22 JAVEA/XABIA (ALICANTE),OK,12
8609009BC5981S,0.221860349711022,38.7319050996878,CL IGOR STRAVINSKY 36 JAVEA/XABIA (ALICANTE),OK,12
6624221BC5962S,0.198288754200564,38.7450752653954,CL MILA 58 JAVEA/XABIA (ALICANTE),OK,12
6131404BC5963S,0.192999907283436,38.7508269990731,UR TOSALET 210 JAVEA/XABIA (ALICANTE),OK,12
5684101BC5958S,0.183917266722973,38.7994670877853,CL BIAR 2 JAVEA/XABIA (ALICANTE),OK,6
9120502BC5991N,0.226904619260516,38.74163625474,UR BALCON AL MAR E 1(P) JAVEA/XABIA (ALICANTE),OK,12
0188801BC5908N,0.121002885253377,38.8011659455688,CL DE L'ERMITA 25 JAVEA/XABIA (ALICANTE),OK,2
6232307BC5963S,0.193899186621964,38.751349172428,PD CM CAP MARTI 230 JAVEA/XABIA (ALICANTE),OK,12
3519703BC5931N,0.163121917894973,38.7391381181581,CL HANS HOLBEIN 21 JAVEA/XABIA (ALICANTE),OK,12
2748914BC5924N,0.155669932074676,38.766273871347,CL RIO JALON 15 FINCA RESULTANTE Nº31 JAVEA/XABIA (ALICANTE),OK,1
6832003BC5963S,0.200456881742809,38.7526391262624,UR TOSALET 1108 JAVEA/XABIA (ALICANTE),OK,12
6323302BC5962S,0.195654747440855,38.7442512933961,CR GRANADELLA LA 2 JAVEA/XABIA (ALICANTE),OK,12
8432706BC5983S,0.218379580220002,38.7523420938999,UR MAR AZUL 96 JAVEA/XABIA (ALICANTE),OK,12
7732215BC5973S,0.210614806015048,38.7518544661445,PD PORTITXOL 33 JAVEA/XABIA (ALICANTE),OK,12
9418010BC5991N,0.23058593762481,38.7398649412311,CL FRANZ JOSEPH HAYDN 40 JAVEA/XABIA (ALICANTE),OK,12
6232302BC5963S,0.19423789798412,38.7531354962399,PD CM CAP MARTI 508 JAVEA/XABIA (ALICANTE),OK,12
6033007BC5953S,0.190930452934729,38.7519127858534,CL BALADRE 19 JAVEA/XABIA (ALICANTE),OK,12
7015804BC5971N,0.20441982474067,38.7371088321716,CL VOLTOR 14 JAVEA/XABIA (ALICANTE),OK,12
5736703BC5953N,0.187470062470016,38.7557875983152,CL MAGRANER 8 JAVEA/XABIA (ALICANTE),OK,12
4984105BC5948S,0.176531300165921,38.799186894958,CL PETRER 8 JAVEA/XABIA (ALICANTE),OK,6
2632307BC5923S,0.152063285398099,38.7501581612942,CL MAR DE JAVA 4 JAVEA/XABIA (ALICANTE),OK,1
0677434BC5907N,0.128348730142462,38.7902086148736,CL MONTGO 1 JAVEA/XABIA (ALICANTE),OK,2
5227510BC5952N,0.181894821830518,38.7473541962555,CL DIEGO VELAZQUEZ 58 JAVEA/XABIA (ALICANTE),OK,12
4842303BC5944S,0.177514995808121,38.7618599323721,CL SEBASTIAN GOMEZ 15 JAVEA/XABIA (ALICANTE),OK,1
2035806BC5923N,0.146192260451604,38.7540029903316,CL PIO BAROJA 24 JAVEA/XABIA (ALICANTE),OK,1
5646010BC5954N,0.185337866991334,38.7644638886002,CL SALVADOR DALI 3(B) JAVEA/XABIA (ALICANTE),OK,1
8609006BC5981S,0.220946057833824,38.7319847984683,UR BALCON AL MAR A 118 JAVEA/XABIA (ALICANTE),OK,12
1731327BC5913S,0.143349959103806,38.7496835933321,CL JEAN GENET 24 JAVEA/XABIA (ALICANTE),OK,1
6708001BC5960N,0.200892278745365,38.7314970588206,UR COSTA NOVA GRANADELLA 58 JAVEA/XABIA (ALICANTE),OK,12
9320803BC5992S,0.228835280997532,38.7421898476131,UR BALCON AL MAR G 108 JAVEA/XABIA (ALICANTE),OK,12
6739112BC5963N,0.197760089913842,38.7584715541801,UR TOSALET 1 JAVEA/XABIA (ALICANTE),OK,12
2773601BC5927S,0.152748495898455,38.7883652600039,CL LEON 10 JAVEA/XABIA (ALICANTE),OK,2
8591407BC5981S,0.222036232308339,38.7322015495286,CL TOMMASO ALBINONI 24 JAVEA/XABIA (ALICANTE),OK,12
5386315BC5958N,0.181819908797662,38.8005357028053,CL CUESTA SAN ANTONIO 54 JAVEA/XABIA (ALICANTE),OK,6
0781713BC5908S,0.129651487434714,38.7940131829492,CL VEDAT 5 JAVEA/XABIA (ALICANTE),OK,2
8810308BC5981S,0.224406411618114,38.7332731677786,CL JOSE ARDEVOL 2 JAVEA/XABIA (ALICANTE),OK,12
2963069BC5926S,0.155111526009309,38.7794014411382,CL MEDINA DEL CAMPO 7 JAVEA/XABIA (ALICANTE),OK,1
4182029BC5948S,0.16736044459064,38.7963630522402,CL ALBERIC 13 JAVEA/XABIA (ALICANTE),OK,1
1868557BC5916N,0.141570254544717,38.7817565159104,CL MOZAMBIQUE 5 JAVEA/XABIA (ALICANTE),OK,1
7734508BC5973S,0.212093316021032,38.7547201677763,CL MITJA LLUNA LA 22 JAVEA/XABIA (ALICANTE),OK,12
1195308BC5917N,0.132695432270815,38.792102001398,CM DELS CASTELLANS 133 JAVEA/XABIA (ALICANTE),OK,2
0011008BC5955S,0.180409997525492,38.7784814127387,CM MORERS 7 JAVEA/XABIA (ALICANTE),OK,1
3829362BC5933S,0.164117192827919,38.7498144347619,CL LAGO TITICACA 14 PARC RESULTANTE Nº64 Y 65 JAVEA/XABIA (ALICANTE),OK,1
3216305BC5931N,0.1589511971558,38.7374591052254,CL LEONARDO DA VINCI 98 JAVEA/XABIA (ALICANTE),OK,12
9780805BC4997N,0.117991760190938,38.793206225925,CM VALLS LES 2 JAVEA/XABIA (ALICANTE),OK,1
3781802BC5938S,0.162262629997515,38.7956690615271,CL PUTXOL 43 JAVEA/XABIA (ALICANTE),OK,1
03082A01500031,0.123573037280938,38.7636966887062,CM TOSSAL GROS 210 Polígono 15 Parcela 31 BENISAINA. JAVEA/XABIA (ALICANTE),OK,1
5538001BC5953N,0.184247505817307,38.7575366873372,TR DE LES CANSALADES 43 JAVEA/XABIA (ALICANTE),OK,12
7028314BC5972N,0.203366377263409,38.7486345967193,CL MIRLOS 10 JAVEA/XABIA (ALICANTE),OK,12
6731010BC5963S,0.197899226233648,38.7513410661057,CL ROSAL 34 JAVEA/XABIA (ALICANTE),OK,12
2267960BC5926N,0.147379923101032,38.7820511653709,CL ALEMANIA 2 JAVEA/XABIA (ALICANTE),OK,1
1731315BC5913S,0.142637070580007,38.7493692908334,CL JEAN GENET 26 JAVEA/XABIA (ALICANTE),OK,1
03082A01500153,0.134620264870982,38.7613898130033,CM TARRADOLAS 6(D) Polígono 15 Parcela 153 TARRAULA. JAVEA/XABIA (ALICANTE),OK,1
5733007BC5953S,0.187814131188829,38.7526181810081,CM ADSUBIES 161(A) JAVEA/XABIA (ALICANTE),OK,12
5743507BC5954S,0.187616631454399,38.7609458494867,CL BORRATJA 3 JAVEA/XABIA (ALICANTE),OK,12
3750469BC5934N,0.165611743506806,38.7663665893116,CL SHARQ AL-ANDALUS 18 JAVEA/XABIA (ALICANTE),OK,1
4784806BC5948S,0.174205447384929,38.7986424109982,CL BENIMUSLEM 20 JAVEA/XABIA (ALICANTE),OK,6
0982801BC5908S,0.131011820806772,38.795446570559,CL CAROIX 1 JAVEA/XABIA (ALICANTE),OK,2
2236902BC5923N,0.146048964675912,38.7557141451808,CL TRUMAN CAPOTE 23 JAVEA/XABIA (ALICANTE),OK,1
7327520BC5972N,0.204629180317265,38.7473099916672,CL COLOM 206 JAVEA/XABIA (ALICANTE),OK,12
6628208BC5962N,0.198002703447819,38.7483922461255,UR TOSALET 1294 JAVEA/XABIA (ALICANTE),OK,12
3829354BC5933S,0.163433246470741,38.7502671226744,CL LAGO HURON 6 PARCELA RESULTANTE N¦73 JAVEA/XABIA (ALICANTE),OK,1
2863113BC5926S,0.15391034205078,38.7787142231354,CL ALGECIRAS 3 JAVEA/XABIA (ALICANTE),OK,1
6826514BC5962N,0.20004823048589,38.7465827519981,UR COSTA NOVA PANORAMA 116 JAVEA/XABIA (ALICANTE),OK,12
7731005BC5973S,0.211410281889414,38.7514111874409,PD PORTITXOL 34 JAVEA/XABIA (ALICANTE),OK,12
6542501BC5964S,0.196338424018733,38.7609828570951,PD CM CAP MARTI 443 JAVEA/XABIA (ALICANTE),OK,12
8432502BC5983S,0.22006898732729,38.7533632634848,CL SARDINA 19 JAVEA/XABIA (ALICANTE),OK,12
6235503BC5963S,0.192772657616002,38.7546974712087,CL DONZELLA LA 19 JAVEA/XABIA (ALICANTE),OK,12
6553602BC5965S,0.19547271610209,38.7709590678176,CL ARENAL-MONTAÑAR 15 JAVEA/XABIA (ALICANTE),OK,11
9686171BC4998S,0.115480630485197,38.796889691231,CL FENIX 23(C) JAVEA/XABIA (ALICANTE),OK,2
5587001BC5958N,0.183017757978808,38.8014785132693,CL CUESTA SAN ANTONIO 69 JAVEA/XABIA (ALICANTE),OK,6
5487710BC5958N,0.180958491823861,38.8014779082101,CL SALEM 6 JAVEA/XABIA (ALICANTE),OK,6
3763028BC5937S,0.163771637736931,38.7881098394938,RD SUD 22 JAVEA/XABIA (ALICANTE),OK,9
8114706BC5981S,0.215279325968391,38.7361229403093,UR COSTA NOVA AMBOLO 423 JAVEA/XABIA (ALICANTE),OK,12
7616018BC5971N,0.210060119300181,38.7371284538258,UR COSTA NOVA AMBOLO 591 JAVEA/XABIA (ALICANTE),OK,12
2267936BC5926N,0.146196402312473,38.7823908945801,CL CHECOSLOVAQUIA 10 JAVEA/XABIA (ALICANTE),OK,1
6332308BC5963S,0.194556110508089,38.7516819957715,CL TREVOL 1 JAVEA/XABIA (ALICANTE),OK,12
3068436BC5936N,0.155783989461482,38.7822574522473,AV GATA 28 JAVEA/XABIA (ALICANTE),OK,1
6533717BC5963S,0.196345448980686,38.7525459024672,CL ENEBRO 18 JAVEA/XABIA (ALICANTE),OK,12
7429618BC5972N,0.206724195843262,38.7494428206943,CL DE LES ALBERGINES 5 JAVEA/XABIA (ALICANTE),OK,12
2549602BC5924N,0.15044109620821,38.7670230015774,CL RIO CINCA 41 FINCA RESULTANTE Nº80 JAVEA/XABIA (ALICANTE),OK,1
7818810BC5971N,0.212999691021567,38.7400752524988,CL BUSQUETA DE LA 4(D) JAVEA/XABIA (ALICANTE),OK,12
7027606BC5972N,0.203701657617596,38.7471983248053,CL MORELL 20 JAVEA/XABIA (ALICANTE),OK,12
5539808BC5953N,0.186358127055682,38.7583271382308,CM ADSUBIES 415 JAVEA/XABIA (ALICANTE),OK,12
8115004BC5981S,0.216217278701775,38.7374702268188,CL ESCABUSSO 35(D) JAVEA/XABIA (ALICANTE),OK,12
6937009BC5963N,0.202391280723576,38.7554387564821,UR TOSALET 1184 JAVEA/XABIA (ALICANTE),OK,12
4281615BC5948S,0.168912068507709,38.7948794727074,CL PUIG MOLINS 19 JAVEA/XABIA (ALICANTE),OK,1
5641008BC5954S,0.185663134073688,38.7597358565201,CM ADSUBIES 148 JAVEA/XABIA (ALICANTE),OK,12
7626306BC5972N,0.209307632845128,38.746988242307,UR TOSALET 708 JAVEA/XABIA (ALICANTE),OK,12
7513008BC5971S,0.209256040408781,38.7350638325046,CL FAISA 29 JAVEA/XABIA (ALICANTE),OK,12
8619050BC5981N,0.220421159966201,38.7408610402695,UR BALCON AL MAR D 50 JAVEA/XABIA (ALICANTE),OK,12
3533918BC5933S,0.164950463565119,38.7518975412655,CL LAGO VANERN 7 PARCELA RESULTANTE Nº9 JAVEA/XABIA (ALICANTE),OK,1
8010106BC5971S,0.214540667074964,38.732456951332,CL OCA 387 JAVEA/XABIA (ALICANTE),OK,12
1170507BC5916N,0.134723875509311,38.7843878317508,CL MAURITANIA 38(D) JAVEA/XABIA (ALICANTE),OK,1
8911405BC5981S,0.226257729828534,38.7337515787471,UR SIESTA LA 2 JAVEA/XABIA (ALICANTE),OK,12
7327521BC5972N,0.204230583596978,38.7477571387174,CL COLOM 205 JAVEA/XABIA (ALICANTE),OK,12
9780801BC4998S,0.116738070173304,38.7942703357964,CR DE JESUS POBRE 153 JAVEA/XABIA (ALICANTE),OK,1
6928501BC5962N,0.200389112268739,38.748693901725,UR CAP MARTI 96 JAVEA/XABIA (ALICANTE),OK,12
3864120BC5937S,0.164317179829538,38.7891186142092,CL ROQUES 29 JAVEA/XABIA (ALICANTE),OK,4
2963068BC5926S,0.155397645831705,38.7791443502842,CL ALBACETE 6 JAVEA/XABIA (ALICANTE),OK,1
3864409BC5937S,0.164483902591686,38.7887637340304,CL ROQUES 41 JAVEA/XABIA (ALICANTE),OK,4
3864503BC5937S,0.164165097647236,38.789017530347,CL ROQUES 16 JAVEA/XABIA (ALICANTE),OK,4
3763019BC5937S,0.163807430777936,38.7883333279404,CL AVALL D 7 JAVEA/XABIA (ALICANTE),OK,9
2866706BC5926N,0.154776726041264,38.782034978888,CL MIRANDA DE EBRO 7 JAVEA/XABIA (ALICANTE),OK,1
3563414BC5937S,0.1615288069234,38.7878111856619,CL MAJOR 54 JAVEA/XABIA (ALICANTE),OK,3
3765517BC5937S,0.162824286042111,38.7898923699862,CL TOSSAL DE DALT 10 JAVEA/XABIA (ALICANTE),OK,4
2843715BC5924S,0.154706237241587,38.7594673498476,CL MAR DE NORUEGA 49 JAVEA/XABIA (ALICANTE),OK,1
9284131BC4998S,0.110914697409196,38.7975191258665,CL COMPAS 8 JAVEA/XABIA (ALICANTE),OK,2
2843718BC5924S,0.154397308123729,38.7594204516128,CL MAR CANTABRICO 43(D) JAVEA/XABIA (ALICANTE),OK,1
4833313BC5943S,0.177301069712911,38.752901423108,CL ANDREA MANTEGNA 7 JAVEA/XABIA (ALICANTE),OK,12
2942308BC5924S,0.15566839591442,38.7598793618154,CL MAR BALTICO 12 JAVEA/XABIA (ALICANTE),OK,1
9284106BC4998N,0.111735656810939,38.7978334138948,CL OSA MAYOR 12 JAVEA/XABIA (ALICANTE),OK,2
7043217BC5974S,0.202731168795977,38.7624681979793,CL NICOSIA 8 JAVEA/XABIA (ALICANTE),OK,12
6749508BC5964N,0.198871864218782,38.7671467061156,CL ARENAL-MONTAÑAR 77 JAVEA/XABIA (ALICANTE),OK,11
5370715BC5956N,0.180845898710849,38.7857010926197,UR BAHIA DE JAVEA 49 JAVEA/XABIA (ALICANTE),OK,7
7620107BC5972S,0.2104775210151,38.7424464234966,UR COSTA NOVA PLA 95 JAVEA/XABIA (ALICANTE),OK,12
1437202BC5913N,0.138813607163373,38.7557795799515,CL MELISO 16 JAVEA/XABIA (ALICANTE),OK,1
3981105BC5938S,0.164972633686343,38.7958436402645,CL ALMUDAINA 32 JAVEA/XABIA (ALICANTE),OK,1
6710514BC5960N,0.200525955309264,38.7328838406831,CL PIC TORT 8 JAVEA/XABIA (ALICANTE),OK,12
6345728BC5964S,0.193674652941563,38.7623494765599,PD PORTITXOL 23 JAVEA/XABIA (ALICANTE),OK,11
9580907BC4998S,0.116218458765263,38.7944427290413,CL ESTADOS UNIDOS DE AMERICA 2 JAVEA/XABIA (ALICANTE),OK,1
6637010BC5963N,0.197768940044057,38.7554189307167,UR TOSALET 18 JAVEA/XABIA (ALICANTE),OK,12
2031914BC5923S,0.146129436453308,38.7501983404047,CL MIGUEL DELIBES 20 JAVEA/XABIA (ALICANTE),OK,1
1871414BC5927S,0.143919400729263,38.7873315494553,CL CUBA 1 JAVEA/XABIA (ALICANTE),OK,1
2764610BC5926S,0.154301223396862,38.7803847872367,CM SENIOLES LES 8 JAVEA/XABIA (ALICANTE),OK,1
2669809BC5926N,0.150570731544621,38.7834801135791,CL ITALIA 27 JAVEA/XABIA (ALICANTE),OK,1
4676112BC5947N,0.174189751078071,38.7914743400901,CL MANUEL VAZQUEZ MONTALBAN 13 JAVEA/XABIA (ALICANTE),OK,7
2145903BC5924N,0.146238761224798,38.7629225592504,CM VELL DE TEULADA 7 JAVEA/XABIA (ALICANTE),OK,1
2742611BC5924S,0.152219805040997,38.7597679266533,"CL MAR BLANCO 8 UR RAFALET, 57 JAVEA/XABIA (ALICANTE)",OK,1
8013002BC5971S,0.214897696928709,38.7353671385657,CL LLESNA 7 JAVEA/XABIA (ALICANTE),OK,12
9682515BC4998S,0.116742629397786,38.7963574348314,CL PENYAPARDA 17(D) JAVEA/XABIA (ALICANTE),OK,2
6442001BC5969S,0.194733459772014,38.7615611874792,PD CM CAP MARTI 11 JAVEA/XABIA (ALICANTE),OK,12
2622314BC5922N,0.151741371168253,38.7433898682415,CL LAGO ILMEN 2 JAVEA/XABIA (ALICANTE),OK,1
2870028BC5926N,0.153310518386624,38.7845789521471,CL BARCELONA 22 JAVEA/XABIA (ALICANTE),OK,1
4341003BC5944S,0.171188158167036,38.7595862203044,CL RIO JUCAR 5 JAVEA/XABIA (ALICANTE),OK,1
5628007BC5952N,0.186435304824515,38.7482615419276,PD CA CANSALA 134(E) JAVEA/XABIA (ALICANTE),OK,12
7132005BC5973S,0.204095290856142,38.7515955157511,CL BLEDA 22 JAVEA/XABIA (ALICANTE),OK,12
7934705BC5973S,0.212128074732928,38.7537797829195,UR TOSCAL 362 JAVEA/XABIA (ALICANTE),OK,12
6131407BC5963S,0.194096065664909,38.7505495431384,UR TOSALET 207 JAVEA/XABIA (ALICANTE),OK,12
6817922BC5971N,0.203256009117176,38.7382125545761,CL PASSARELL 48 JAVEA/XABIA (ALICANTE),OK,12
2571646BC5927S,0.148399916109944,38.7867782831183,CL CANTALLOPS 3 JAVEA/XABIA (ALICANTE),OK,1
0084967BC5908N,0.120277640545921,38.7988634974089,CL OCTANTE 4 JAVEA/XABIA (ALICANTE),OK,2
7826610BC5972N,0.213056853164931,38.7470473988097,CL TRENCALL 19 JAVEA/XABIA (ALICANTE),OK,12
9787913BC4998N,0.119053758927324,38.7994293460688,CL DE L'ERMITA 19 JAVEA/XABIA (ALICANTE),OK,2
7734520BC5973S,0.208937706084841,38.7549394990538,PD CM CAP MARTI 208 JAVEA/XABIA (ALICANTE),OK,12
9188801BC4998N,0.110492404151284,38.8006283840224,CL LEO 3 JAVEA/XABIA (ALICANTE),OK,2
5646013BC5954N,0.185808909634966,38.7640235107578,CM ADSUBIES 298 JAVEA/XABIA (ALICANTE),OK,1
6923725BC5962S,0.199803277054449,38.7435774636591,CL DEL PIT BLAU 26 JAVEA/XABIA (ALICANTE),OK,12
8518210BC5981N,0.22222644495592,38.7393438180139,CL ISAAC ALBENIZ 31 JAVEA/XABIA (ALICANTE),OK,12
5340402BC5953N,0.18302185583739,38.7581422906446,UR PINO SOL 50 JAVEA/XABIA (ALICANTE),OK,1
8525329BC5982N,0.220154285036559,38.7476545698919,CL DENTOL 10 JAVEA/XABIA (ALICANTE),OK,12
2863109BC5926S,0.153913137778704,38.7795082774063,CL MEDINA DEL CAMPO 4 JAVEA/XABIA (ALICANTE),OK,1
1179441BC5918S,0.132003377042197,38.7946617290958,CL DE MONTEMAJOR 20 JAVEA/XABIA (ALICANTE),OK,2
5233808BC5953S,0.181773302550125,38.7521726396467,CL HONORE DAUMIER 15 JAVEA/XABIA (ALICANTE),OK,12
7137012BC5973N,0.202533598134162,38.7568502460883,PD CM CAP MARTI 163 JAVEA/XABIA (ALICANTE),OK,12
0677420BC5907N,0.127810276801196,38.7908282652253,CL TEJO 2 JAVEA/XABIA (ALICANTE),OK,2
2578914BC5927N,0.151538884921046,38.7922982016736,CL OVIEDO 5 JAVEA/XABIA (ALICANTE),OK,2
7331410BC5973S,0.207836679146039,38.7506483936368,UR TOSALET 812 JAVEA/XABIA (ALICANTE),OK,12
4933017BC5943S,0.177551810621971,38.7534116482926,CL RENE MAGRITTE 4 JAVEA/XABIA (ALICANTE),OK,12
7338527BC5973N,0.204667760266012,38.7578706703978,CL GINJOLER 14 JAVEA/XABIA (ALICANTE),OK,12
4351307BC5945S,0.171016151893925,38.7681653626545,CM REBALDI 16 JAVEA/XABIA (ALICANTE),OK,1
9882414BC4998S,0.119053925039287,38.7938423713483,CR DE JESUS POBRE 150 JAVEA/XABIA (ALICANTE),OK,2
7319410BC5971N,0.207560507262278,38.7395173996043,UR COSTA NOVA PLA 175 JAVEA/XABIA (ALICANTE),OK,12
7929306BC5972N,0.213909948293532,38.7498660809721,CL DEL BEDOLL 3 JAVEA/XABIA (ALICANTE),OK,12
2465909BC5926N,0.14978955720706,38.7813954968705,CL CASTELLON 7 JAVEA/XABIA (ALICANTE),OK,1
7818712BC5971N,0.211311682077091,38.7398651367526,CR GUARDIA LA 173 JAVEA/XABIA (ALICANTE),OK,12
2944016BC5924S,0.154378607013683,38.7615539495173,CL MAR DE NORUEGA 65 JAVEA/XABIA (ALICANTE),OK,1
8128036BC5982N,0.215113231643303,38.7485940853241,CL DEL CASTANYER 4(A) JAVEA/XABIA (ALICANTE),OK,12
1533909BC5913S,0.139040836251728,38.7517202295108,CL VIRGILIO 11 JAVEA/XABIA (ALICANTE),OK,1
7191011BC5974S,0.202657596524246,38.7601125490595,CL CONGRE 2 JAVEA/XABIA (ALICANTE),OK,12
8821013BC5982S,0.2235272999288,38.7424897654087,UR BALCON AL MAR E 69 JAVEA/XABIA (ALICANTE),OK,12
5143512BC5954S,0.180681128874594,38.7605331124907,CM ADSUBIES 424(O) Polígono 27 JAVEA/XABIA (ALICANTE),OK,1
4341007BC5944S,0.170545082845612,38.759029088047,CL RIO JUCAR 13 JAVEA/XABIA (ALICANTE),OK,1
7230002BC5972N,0.203732545750601,38.7505043497117,CL DE L'ALFALS 3 JAVEA/XABIA (ALICANTE),OK,12
8986308BC4998N,0.109403439862093,38.8000395164683,CL ACUARIO 1 JAVEA/XABIA (ALICANTE),OK,2
3250526BC5935S,0.158518333999554,38.7680945422988,CL RIO GUADALQUIVIR 21 JAVEA/XABIA (ALICANTE),OK,1
0013048BC5905S,0.147387850690316,38.7788937973312,CR GATA 28 JAVEA/XABIA (ALICANTE),OK,1
4739302BC5943N,0.176125778437691,38.7581993543797,CL AMELIA PELAEZ 34 JAVEA/XABIA (ALICANTE),OK,1
2281009BC5928S,0.144563864404743,38.7948453434848,CL UTRERA 2 JAVEA/XABIA (ALICANTE),OK,2
8528408BC5982N,0.221269984604298,38.7486963921419,CL TRUITA 9 JAVEA/XABIA (ALICANTE),OK,12
5639607BC5953N,0.18544474297991,38.7587049649212,CM ADSUBIES 93 JAVEA/XABIA (ALICANTE),OK,12
2267907BC5926N,0.147570157464049,38.7841947895144,CL HOLANDA 12 JAVEA/XABIA (ALICANTE),OK,1
2074707BC5927S,0.145260584564805,38.7890149408104,CM CARRASQUETES 15 JAVEA/XABIA (ALICANTE),OK,2
7331416BC5973S,0.205621488454349,38.7514623030042,CL DE LA VIOLETA 37 JAVEA/XABIA (ALICANTE),OK,12
4281607BC5948S,0.167897378372141,38.795524071903,CL PUIG MOLINS 27 JAVEA/XABIA (ALICANTE),OK,1
0478152BC5907N,0.126121269761229,38.7918233846235,CL CABEÇO 12 JAVEA/XABIA (ALICANTE),OK,2
3550803BC5935S,0.161636687009277,38.768125243228,CL RIO SIL 20 JAVEA/XABIA (ALICANTE),OK,1
1871453BC5917S,0.141307050762912,38.7862791070675,CM TOSSALS 24(D) JAVEA/XABIA (ALICANTE),OK,1
8513026BC5981S,0.222448616894141,38.7369503329537,UR BALCON AL MAR B 43 JAVEA/XABIA (ALICANTE),OK,12
1472720BC5917S,0.137190221458943,38.7866614667797,CL PUERTO RICO 5(G) JAVEA/XABIA (ALICANTE),OK,1
11953B8BC5917N,0.133715121275917,38.7905941242386,CL SERRA D'EN CANES 12 JAVEA/XABIA (ALICANTE),OK,2
8616312BC5981N,0.221844667398584,38.7382542343773,UR BALCON AL MAR B 32 JAVEA/XABIA (ALICANTE),OK,12
6924001BC5962S,0.200666647175728,38.7450621012062,CL MILA 53 JAVEA/XABIA (ALICANTE),OK,12
7328814BC5972N,0.206401094850368,38.7484141455364,CL DE L'AGRET 17 JAVEA/XABIA (ALICANTE),OK,12
1871418BC5927S,0.145863237370157,38.7869599853452,CM TOSSALS 6 JAVEA/XABIA (ALICANTE),OK,1
0084974BC5908S,0.121347137110185,38.7965394626988,CL ALTAR 18 JAVEA/XABIA (ALICANTE),OK,2
3550503BC5934N,0.16199045233366,38.767381561044,CL RIO SIL 24 JAVEA/XABIA (ALICANTE),OK,1
6538709BC5963N,0.196214658309584,38.7573809017037,CL NOGUERA LA 10 JAVEA/XABIA (ALICANTE),OK,12
7014702BC5971S,0.202516074142582,38.7358145423893,CL GAFARRO 8 JAVEA/XABIA (ALICANTE),OK,12
1731319BC5913S,0.141664612733593,38.7500475850747,CL ARTHUR RIMBAUD 7 JAVEA/XABIA (ALICANTE),OK,1
8510806BC5981S,0.220453290193056,38.7337175763188,UR BALCON AL MAR A 89 JAVEA/XABIA (ALICANTE),OK,12
8518220BC5981N,0.219950764414079,38.7397493410863,UR BALCON AL MAR D 119 CL/ ISAAC ALBENIZ JAVEA/XABIA (ALICANTE),OK,12
6627812BC5962N,0.197792994662207,38.7476708762361,CL ROBLE 23(A) JAVEA/XABIA (ALICANTE),OK,12
7626304BC5972N,0.208527132741671,38.7470274320604,CL DEL FICUS 8 JAVEA/XABIA (ALICANTE),OK,12
8814007BC5981S,0.224139132998553,38.7366048232372,CL GEORGE GERSHWIN 25 JAVEA/XABIA (ALICANTE),OK,12
03082A02500101,0.181080731831567,38.7794283584813,CR CABO DE LA NAO PLA 94 Polígono 25 Parcela 101 CERVERAS. JAVEA/XABIA (ALICANTE),OK,1
0681610BC5907N,0.128893328872736,38.7934529920687,CL MONTGO 18 JAVEA/XABIA (ALICANTE),OK,2
5640103BC5954S,0.186317100689829,38.7593861941265,CM ADSUBIES 92 JAVEA/XABIA (ALICANTE),OK,12
9686165BC4998S,0.114442250140357,38.797925311704,CL OSA MENOR 5 JAVEA/XABIA (ALICANTE),OK,2
2267926BC5926N,0.148340921203873,38.7826289855263,CL NORUEGA 1 JAVEA/XABIA (ALICANTE),OK,1
7039316BC5973N,0.202728148444196,38.7584593914956,CL LLIDONER 7 JAVEA/XABIA (ALICANTE),OK,12
0871717BC5907S,0.130035087321634,38.7858979988535,CL GROENLANDIA 3 JAVEA/XABIA (ALICANTE),OK,1
4938027BC5943N,0.177041049123482,38.7574768578814,CL ALBERTO BURRI 11 JAVEA/XABIA (ALICANTE),OK,1
9217008BC5991N,0.228215024804287,38.7395331056732,CL FELIX MENDELSSOHN 18 JAVEA/XABIA (ALICANTE),OK,12
5736717BC5953S,0.187204844916219,38.7543723220765,CL PITA LA 4 JAVEA/XABIA (ALICANTE),OK,12
5144708BC5954S,0.179674922199553,38.7625011494,CM ADSUBIES 60 JAVEA/XABIA (ALICANTE),OK,1
6241005BC5964S,0.193488147508492,38.7600320133686,CL FLOR DE NEU LA 30 JAVEA/XABIA (ALICANTE),OK,12
7014401BC5971S,0.203650158018714,38.7360236004823,CL GAFARRO 1 JAVEA/XABIA (ALICANTE),OK,12
2843703BC5924S,0.153462301772756,38.7620407355179,CL MAR CANTABRICO 36 JAVEA/XABIA (ALICANTE),OK,1
0881261BC5908S,0.124439070961189,38.7944534613508,CL TARRAC 13 JAVEA/XABIA (ALICANTE),OK,2
7718703BC5971N,0.210517273248619,38.7401454616724,UR COSTA NOVA PLA 109 JAVEA/XABIA (ALICANTE),OK,12
6223702BC5962S,0.194862999106803,38.7442108372033,CR GRANADELLA LA 9 JAVEA/XABIA (ALICANTE),OK,12
7921502BC5972S,0.213733277234246,38.7429183845705,CR GUARDIA LA 800(G) JAVEA/XABIA (ALICANTE),OK,12
5538009BC5953N,0.184927125950796,38.7574649599536,CM ADSUBIES 139 JAVEA/XABIA (ALICANTE),OK,12
6939318BC5963N,0.201488939904338,38.7586261976199,UR TOSALET 1250 JAVEA/XABIA (ALICANTE),OK,12
7137009BC5973N,0.203261022218798,38.7563227796174,PD CM CAP MARTI 173 JAVEA/XABIA (ALICANTE),OK,12
9787921BC4998N,0.116580625885198,38.8004065905054,CL FENIX 8 JAVEA/XABIA (ALICANTE),OK,2
5839409BC5953N,0.189946605913197,38.7610292366067,CL RABET DE GAT 5 JAVEA/XABIA (ALICANTE),OK,12
2176813BC5927N,0.145287787268359,38.7894520136164,CM CARRASQUETES 16 JAVEA/XABIA (ALICANTE),OK,2
1733302BC5913S,0.141952436660636,38.7525785068657,CL LUIS CERNUDA 3 JAVEA/XABIA (ALICANTE),OK,1
0084927BC4998S,0.119364229777639,38.7951865482219,CL PENYAPARDA 6 JAVEA/XABIA (ALICANTE),OK,2
3631516BC5933S,0.164565091305932,38.7511313984285,CL LAGO TANGANYKA 17 PARCELA RESULTANTE Nº36 JAVEA/XABIA (ALICANTE),OK,1
0007003BC5900N,0.137068516673424,38.7612474394516,CM TARRAULLA 50 JAVEA/XABIA (ALICANTE),OK,1
8525317BC5982N,0.222417832143258,38.747666435579,CL DENTOL 29 JAVEA/XABIA (ALICANTE),OK,12
6331409BC5963S,0.194720163253206,38.7511064516044,CL ENEBRO 9 JAVEA/XABIA (ALICANTE),OK,12
7616016BC5971N,0.209715091812196,38.737531673637,CR GRANADELLA LA 43 JAVEA/XABIA (ALICANTE),OK,12
2578934BC5927N,0.149599812054788,38.7938855138633,CL MALAGA 16 JAVEA/XABIA (ALICANTE),OK,2
7331412BC5973S,0.206341829698293,38.7505448075948,CL DE LA VIOLETA 29 JAVEA/XABIA (ALICANTE),OK,12
2794507BC5924S,0.152503537172419,38.7615342800554,CL MAR CANTABRICO 75 JAVEA/XABIA (ALICANTE),OK,1
2270404BC5927S,0.147872583343303,38.7860628586238,CL CANTALLOPS 6 JAVEA/XABIA (ALICANTE),OK,1
9320502BC5991N,0.229705400625675,38.7418216389354,UR BALCON AL MAR G 104 JAVEA/XABIA (ALICANTE),OK,12
8338402BC5983N,0.218037530668379,38.7577691572628,PD PORTITXOL 90 JAVEA/XABIA (ALICANTE),OK,12
8609008BC5980N,0.221369083984143,38.731854854595,UR BALCON AL MAR A 120 JAVEA/XABIA (ALICANTE),OK,12
2346310BC5924N,0.149211148432213,38.7634089784026,CL MAR DE IRLANDA 9 JAVEA/XABIA (ALICANTE),OK,1
2650103BC5925S,0.151653066287032,38.7675213258398,CL RIO CARBO 35 FINCA RESULTANTE Nº124 JAVEA/XABIA (ALICANTE),OK,1
7921523BC5972S,0.213407206691223,38.7432717043557,CL REQUERET DEL 6 JAVEA/XABIA (ALICANTE),OK,12
2650102BC5925S,0.151211089551312,38.7675492844412,CL RIO CARBO 37 FINCA RESULTANTE Nº123 JAVEA/XABIA (ALICANTE),OK,1
0178311BC5907N,0.122814956000006,38.7930330454592,CL PUIG DE GOÇALBO 6 PARCELA 44 GARROFERAL JAVEA/XABIA (ALICANTE),OK,2
7314701BC5971S,0.205816898641353,38.7357268774827,UR COSTA NOVA LA MARINA 12 JAVEA/XABIA (ALICANTE),OK,12
9582909BC4998S,0.114225535672661,38.7957137762087,CR DE JESUS POBRE 174 JAVEA/XABIA (ALICANTE),OK,2
2650109BC5925S,0.151214890060079,38.7671586423516,CL RIO CINCA 38 FINCA RESULTANTE Nº119 JAVEA/XABIA (ALICANTE),OK,1
7513006BC5971S,0.208807285903437,38.7353335743123,CL FAISA 33 JAVEA/XABIA (ALICANTE),OK,12
4647103BC5944N,0.174591485571199,38.765486860341,CL RIO ESCALONA 11 JAVEA/XABIA (ALICANTE),OK,1
3216601BC5931N,0.158354900733612,38.7361989619224,CL HANS HOLBEIN 57 JAVEA/XABIA (ALICANTE),OK,12
0681619BC5908S,0.129008423372156,38.7937460102713,CL BOVALAR 4 JAVEA/XABIA (ALICANTE),OK,2
9418009BC5991N,0.230441481280583,38.7402303638256,CL FRANZ JOSEPH HAYDN 39 JAVEA/XABIA (ALICANTE),OK,12
8821020BC5982S,0.223010078116193,38.7434072455146,CL CARL NIELSEN 41 JAVEA/XABIA (ALICANTE),OK,12
5229007BC5952N,0.181360605009583,38.7489232636544,CL MARCEL DUCHAMP 33 JAVEA/XABIA (ALICANTE),OK,12
8819719BC5981N,0.223641422523107,38.7405833743437,UR BALCON AL MAR E JAVEA/XABIA (ALICANTE),OK,12
9220606BC5991N,0.227489074234859,38.7412896601697,UR BALCON AL MAR E 164 JAVEA/XABIA (ALICANTE),OK,12
3216313BC5931N,0.160770021150379,38.7384884203001,CL LEONARDO DA VINCI 114 JAVEA/XABIA (ALICANTE),OK,12
5936013BC5953N,0.189327113008183,38.7557999635948,CL MELISSA 6 JAVEA/XABIA (ALICANTE),OK,12
8128005BC5982N,0.215413992422993,38.7499906009226,CL DE L'ALBER 19 JAVEA/XABIA (ALICANTE),OK,12
7137002BC5973N,0.203376295425429,38.7568979078562,PD CM CAP MARTI 236 JAVEA/XABIA (ALICANTE),OK,12
6436209BC5963N,0.19533266376539,38.7554863986003,PD CM CAP MARTI 111 JAVEA/XABIA (ALICANTE),OK,12
3939405BC5933N,0.167544780416993,38.7579518115649,CL RIO AMADORIO 14 JAVEA/XABIA (ALICANTE),OK,1
2132418BC5923S,0.146193272084145,38.7517386969107,CL LLUCA 19 JAVEA/XABIA (ALICANTE),OK,1
7512101BC5971S,0.20465888759143,38.7360314392322,CL PERDIU LA 2 JAVEA/XABIA (ALICANTE),OK,12
6710511BC5960N,0.200102505850161,38.7323666396444,CL PIC TORT 14 JAVEA/XABIA (ALICANTE),OK,12
6236302BC5963N,0.193994497250146,38.7562241069572,PD CM CAP MARTI 56 JAVEA/XABIA (ALICANTE),OK,12
2074725BC5927S,0.144739555768313,38.7884763277401,CL SABADELL 6 JAVEA/XABIA (ALICANTE),OK,2
6728002BC5962N,0.198997754625577,38.7491311021052,CL AVELLANO 304 JAVEA/XABIA (ALICANTE),OK,12
3051720BC5935S,0.157462491345807,38.7703992011772,CL RIO MUNDO 2 FINCA RESULTANTE Nº189 JAVEA/XABIA (ALICANTE),OK,1
8313516BC5981S,0.21897600704333,38.7345749821458,CL TORLIT 4 JAVEA/XABIA (ALICANTE),OK,12
6526519BC5962N,0.196948412232626,38.7462449600001,UR TOSALET 474 JAVEA/XABIA (ALICANTE),OK,12
2949214BC5934N,0.157749063714296,38.7670874962145,CL RIO CINCA 3 FINCA RESULTANTE Nº99 JAVEA/XABIA (ALICANTE),OK,1
3781806BC5938S,0.163359381771498,38.7958555378845,CL ALMUDAINA 23 JAVEA/XABIA (ALICANTE),OK,1
9316306BC5991N,0.230184322098582,38.7383804786061,UR BALCON AL MAR G 118 JAVEA/XABIA (ALICANTE),OK,12
7937404BC5973N,0.21365968786086,38.7568238579357,CL XICORIA 23 JAVEA/XABIA (ALICANTE),OK,12
8518213BC5981N,0.221796927023539,38.7399724635176,UR BALCON AL MAR D 112 JAVEA/XABIA (ALICANTE),OK,12
8529016BC5982N,0.220006547074287,38.7501455879518,CL BARRACA LA 14 JAVEA/XABIA (ALICANTE),OK,12
6140515BC5963N,0.191283488250197,38.7585612018664,CM ADSUBIES 323 JAVEA/XABIA (ALICANTE),OK,12
4786012BC5948N,0.174882946194851,38.7994846872023,CL PENAGUILA 33(D) JAVEA/XABIA (ALICANTE),OK,6
1524501BC5912N,0.139617916195297,38.7445097824764,CL EURIPIDES 2 JAVEA/XABIA (ALICANTE),OK,1
8317601BC5981N,0.217641328614155,38.7390858550432,UR BALCON AL MAR D 4 JAVEA/XABIA (ALICANTE),OK,12
2270411BC5926N,0.148396561853041,38.7847653559532,CL HOLANDA 2 JAVEA/XABIA (ALICANTE),OK,1
8013001BC5971S,0.214840745048254,38.7355747098107,CL TIBO 2 JAVEA/XABIA (ALICANTE),OK,12
9877613BC4997N,0.120444405759055,38.7897850515829,CL BERMUDAS 16 JAVEA/XABIA (ALICANTE),OK,1
3829368BC5932N,0.164103072053972,38.7489124340815,CL LAGO SAN MARTIN 14 PARCELA RESULTANTE Nº59 JAVEA/XABIA (ALICANTE),OK,1
3981102BC5938S,0.163887170278655,38.7958453863861,CL ALMUDAINA 20 JAVEA/XABIA (ALICANTE),OK,1
4729013BC5942N,0.175925968006418,38.7490383801494,CL JEAN ARP 28 JAVEA/XABIA (ALICANTE),OK,12
5928009BC5952N,0.188768267232602,38.7484753868295,UR TOSALET 343 JAVEA/XABIA (ALICANTE),OK,12
5743519BC5954S,0.187080269985752,38.7620745102704,CL ARBORCER 26 JAVEA/XABIA (ALICANTE),OK,12
1179437BC5917N,0.133017498457576,38.7932193090643,CL DEL PIC D'ESPADA 5 JAVEA/XABIA (ALICANTE),OK,2
1425201BC5912N,0.138506303272458,38.7453837485187,CL OVIDIO 2 JAVEA/XABIA (ALICANTE),OK,1
3578203BC5937N,0.160495455757876,38.7937260441422,CR DENIA DE 13 JAVEA/XABIA (ALICANTE),OK,3
5744007BC5954S,0.188515961168765,38.7625240557423,CL GINESTA LA 8 JAVEA/XABIA (ALICANTE),OK,12
0281210BC5908S,0.122591261198395,38.7945915329749,CL PIC DE REBALSADORS 10 PARCELA 29 GARROFERAL JAVEA/XABIA (ALICANTE),OK,2
6532511BC5963S,0.195963338745604,38.7514085708718,CL ENEBRO 10 JAVEA/XABIA (ALICANTE),OK,12
5833706BC5953S,0.189036308870758,38.7530301434562,CM ADSUBIES 397 JAVEA/XABIA (ALICANTE),OK,12
9020002BC5982S,0.225859593430378,38.7421718286032,CL CLAUDIO MONTEVERDI 19 JAVEA/XABIA (ALICANTE),OK,12
8531101BC5983S,0.218817857787491,38.7520062982949,CL SARDINA 2 JAVEA/XABIA (ALICANTE),OK,12
9322011BC5992S,0.228265850546761,38.7431562058483,CL CHARLES IVES 18 JAVEA/XABIA (ALICANTE),OK,12
2866719BC5926N,0.153020517859848,38.7818382034865,CL MEDINACELI 13 2 JAVEA/XABIA (ALICANTE),OK,1
6033009BC5953S,0.191069175988708,38.7511741082797,CL BALADRE 23 JAVEA/XABIA (ALICANTE),OK,12
0826503BC5981N,0.216857488006161,38.7371515921608,UR BALCON AL MAR B 2 JAVEA/XABIA (ALICANTE),OK,12
7411703BC5971S,0.20668713489661,38.7337005661346,UR COSTA NOVA LA MARINA 174 JAVEA/XABIA (ALICANTE),OK,12
6708014BC5960N,0.200634845541559,38.7311704235359,CL TRENCAPINYOLS 6 JAVEA/XABIA (ALICANTE),OK,12
4786018BC5948N,0.172483216300901,38.7998468759388,CL PENAGUILA 52 JAVEA/XABIA (ALICANTE),OK,6
9580918BC4998S,0.11368592765131,38.7941203066584,CL NICARAGUA 8 JAVEA/XABIA (ALICANTE),OK,1
2578965BC5927N,0.151430984741406,38.7916927608575,CM DELS CASTELLANS 34(A) JAVEA/XABIA (ALICANTE),OK,2
4938002BC5943N,0.17710133791091,38.7570419010078,CL MIGUEL CABRERA 24 JAVEA/XABIA (ALICANTE),OK,1
2236921BC5923N,0.148582555620951,38.7540609435955,CL DANTE ALIGHIERI 6 JAVEA/XABIA (ALICANTE),OK,1
7132002BC5973S,0.203472532374137,38.7525025385633,CL BLEDA 16 JAVEA/XABIA (ALICANTE),OK,12
8920802BC5982S,0.224082194049455,38.7421496030358,CL GUSTAV MAHLER 31 JAVEA/XABIA (ALICANTE),OK,12
3750483BC5934N,0.166492962792009,38.7662104907645,CL SHARQ AL-ANDALUS 31 JAVEA/XABIA (ALICANTE),OK,1
2963083BC5936N,0.158424052653546,38.7814071102035,TR SORTS LES 11 JAVEA/XABIA (ALICANTE),OK,1
8821019BC5982S,0.223223991572151,38.7432307004306,UR BALCON AL MAR E 76 JAVEA/XABIA (ALICANTE),OK,12
5431020BC5953S,0.185189997477499,38.7502360349132,PD CA CANSALA 142 JAVEA/XABIA (ALICANTE),OK,12
3983509BC5938S,0.165819068037989,38.7969221482394,CL ALMORADI 2 JAVEA/XABIA (ALICANTE),OK,1
8630010BC5983S,0.222033224563284,38.7508176217889,CL ANGUILA 56 JAVEA/XABIA (ALICANTE),OK,12
8138008BC5983N,0.213740158975563,38.7576982502072,CL XICORIA 29 JAVEA/XABIA (ALICANTE),OK,12
6158202BC5958S,0.178203247591239,38.7991920909565,UR CORONA LA 4 28 JAVEA/XABIA (ALICANTE),OK,6
5144403BC5954S,0.181070310843325,38.7621756372326,CM ADSUBIES 271 JAVEA/XABIA (ALICANTE),OK,1
6834005BC5963S,0.200112752102133,38.7536340741791,UR TOSALET 1010 JAVEA/XABIA (ALICANTE),OK,12
2942302BC5924S,0.154731536261993,38.7607743214876,CL MAR BALTICO 4 JAVEA/XABIA (ALICANTE),OK,1
8529015BC5982N,0.219279913782675,38.7503849697756,CL BARRACA LA 14 JAVEA/XABIA (ALICANTE),OK,12
3983503BC5938S,0.164142935101214,38.7967657685324,CL AZUEBAR 6 JAVEA/XABIA (ALICANTE),OK,1
7327509BC5972N,0.207051979330955,38.7470107270486,CL BLAUET 221 JAVEA/XABIA (ALICANTE),OK,12
6227704BC5962N,0.192511823579771,38.7477095449082,UR TOSALET 269 JAVEA/XABIA (ALICANTE),OK,12
1524507BC5912S,0.142571074187148,38.7444916389424,CL DIOGENES 34 JAVEA/XABIA (ALICANTE),OK,1
6928510BC5962N,0.201520628004508,38.748066396189,PD CM CAP MARTI 91(A) JAVEA/XABIA (ALICANTE),OK,12
9286612BC4998N,0.112143671026551,38.7987111871039,CL CORONA BOREAL 5 JAVEA/XABIA (ALICANTE),OK,2
7633615BC5973S,0.208119406372052,38.7535078951295,PD CM CAP MARTI 448 JAVEA/XABIA (ALICANTE),OK,12
0084950BC4998N,0.118317923569455,38.7983848517104,CL PENYAPARDA 24 JAVEA/XABIA (ALICANTE),OK,2
7238703BC5973N,0.20454125623598,38.7584320820125,CL SAFANORIA 5(B) JAVEA/XABIA (ALICANTE),OK,12
1871427BC5917S,0.142278294598305,38.7860855863604,CM TOSSALS 20 JAVEA/XABIA (ALICANTE),OK,1
8630012BC5983S,0.219864754420061,38.7512171292473,UR MAR AZUL 79 JAVEA/XABIA (ALICANTE),OK,12
5638308BC5953N,0.187323261346588,38.7564904890766,CM ADSUBIES 351 JAVEA/XABIA (ALICANTE),OK,12
6827507BC5962N,0.2000067732573,38.7472285440879,UR CAP MARTI 37 JAVEA/XABIA (ALICANTE),OK,12
6033002BC5953S,0.190676643222095,38.7545094056159,CL ALEGRIA 4(A) JAVEA/XABIA (ALICANTE),OK,12
0574707BC5907S,0.127558614790043,38.7878955132002,CL JAPON 10 JAVEA/XABIA (ALICANTE),OK,1
7132001BC5973S,0.202829003501637,38.7525797438945,CL AVELLANER 6 JAVEA/XABIA (ALICANTE),OK,12
6827508BC5962N,0.200578676679137,38.7472814448077,UR CAP MARTI 36(B) JAVEA/XABIA (ALICANTE),OK,12
4180401BC5947N,0.166597363743706,38.7941693391485,CL ALCANALI 2 JAVEA/XABIA (ALICANTE),OK,1
4783005BC5948S,0.174889195790823,38.7965697072765,CL BUSSOT 9 JAVEA/XABIA (ALICANTE),OK,6
1836906BC5913N,0.144468865840767,38.7548862902548,CL TRUMAN CAPOTE 34 JAVEA/XABIA (ALICANTE),OK,1
5743525BC5954S,0.188315112311682,38.7601159665285,CL PARRA 22 JAVEA/XABIA (ALICANTE),OK,12
0881217BC5908S,0.125079380121242,38.7942050834169,CL TARRAC 11 JAVEA/XABIA (ALICANTE),OK,2
7191012BC5974S,0.203142568697104,38.7603904828378,CL CONGRE 4 JAVEA/XABIA (ALICANTE),OK,12
4281616BC5948S,0.168531840179666,38.7949282718148,CL PUIG MOLINS 21 JAVEA/XABIA (ALICANTE),OK,1
6454602BC5965S,0.194326678865217,38.7718348188469,AV ULTRAMAR 21 JAVEA/XABIA (ALICANTE),OK,11
4786028BC5948N,0.173858222253415,38.7998325097636,CL PENAGUILA 39 JAVEA/XABIA (ALICANTE),OK,6
6933005BC5963S,0.200898361538767,38.7526241216083,UR TOSALET 1096 JAVEA/XABIA (ALICANTE),OK,12
7934706BC5973S,0.211717617594313,38.7538313389828,UR TOSCAL 361 JAVEA/XABIA (ALICANTE),OK,12
7491002BC5974S,0.206366617072015,38.7607214436315,CM CALABLANCA 71 JAVEA/XABIA (ALICANTE),OK,12
8591405BC5981S,0.221132235315976,38.7323093337891,UR BALCON AL MAR A 93 JAVEA/XABIA (ALICANTE),OK,12
8920805BC5982S,0.224677217752627,38.7421246412844,UR BALCON AL MAR E 127 JAVEA/XABIA (ALICANTE),OK,12
7934702BC5973S,0.213033270553876,38.7542132968925,UR TOSCAL 365 JAVEA/XABIA (ALICANTE),OK,12
9322003BC5992S,0.230002583181623,38.7443471921371,CL CHARLES IVES 12 JAVEA/XABIA (ALICANTE),OK,12
4042130BC5944S,0.168595216753558,38.7598434843565,CL RIU MATARRAÑA DEL 18 PARCELA RESULTANTE 2 JAVEA/XABIA (ALICANTE),OK,1
3782002BC5938S,0.1620387027359,38.7959938979084,CL PUTXOL 42 JAVEA/XABIA (ALICANTE),OK,1
8690708BC4988N,0.10565097511413,38.8018788231201,CL ANDROMEDA 9 JAVEA/XABIA (ALICANTE),OK,2
7028309BC5972N,0.20275487766327,38.7477243259071,CL MIRLOS 19 JAVEA/XABIA (ALICANTE),OK,12
9418006BC5991N,0.230470920081852,38.7408289300492,CL FRANZ JOSEPH HAYDN 70 JAVEA/XABIA (ALICANTE),OK,12
4747501BC5944N,0.174979927400185,38.76526066314,CL RIO ALFAMBRA 10 JAVEA/XABIA (ALICANTE),OK,1
0478145BC5907N,0.125336977757645,38.7914475767218,CL CABEÇO 7 JAVEA/XABIA (ALICANTE),OK,2
5587002BC5958N,0.183758163188122,38.8015199802828,CL CUESTA SAN ANTONIO 30(D) JAVEA/XABIA (ALICANTE),OK,6
7137007BC5973N,0.204201640467714,38.7562493514045,PD CM CAP MARTI 457 JAVEA/XABIA (ALICANTE),OK,12
4182007BC5948S,0.168078705162359,38.7962819151538,CL PUIG MOLINS 33(D) JAVEA/XABIA (ALICANTE),OK,1
7711914BC5971S,0.211481320673783,38.7333198613824,CL DE LA GUATLA 46 JAVEA/XABIA (ALICANTE),OK,12
9011301BC5991S,0.226791219751675,38.7338228068717,UR SIESTA LA 1 JAVEA/XABIA (ALICANTE),OK,12
2571630BC5927S,0.150506842649876,38.7855904123089,CL ITALIA 20 JAVEA/XABIA (ALICANTE),OK,1
5587015BC5958N,0.184356908917083,38.8009287274964,CL CUESTA SAN ANTONIO 75 JAVEA/XABIA (ALICANTE),OK,6
5386303BC5958N,0.181801473582486,38.8003142600544,CL CUESTA SAN ANTONIO 87(A) JAVEA/XABIA (ALICANTE),OK,6
4783004BC5948S,0.175355405128028,38.797025234923,CL PENAGUILA 29 JAVEA/XABIA (ALICANTE),OK,6
3073344BC5937S,0.153957666137638,38.7892082756326,CL BURGOS 16 JAVEA/XABIA (ALICANTE),OK,2
8432505BC5983S,0.21967670427931,38.7531839179175,CL TINTORERA 5 JAVEA/XABIA (ALICANTE),OK,12
8328108BC5982N,0.218031376847149,38.7503464992769,CL TONYINA 2 JAVEA/XABIA (ALICANTE),OK,12
7027603BC5972N,0.203430819852437,38.7475082506722,CL FAISANES 10 JAVEA/XABIA (ALICANTE),OK,12
5487705BC5958N,0.182084512883013,38.8007421859466,CL SALEM 1 JAVEA/XABIA (ALICANTE),OK,6
5287105BC5958N,0.179528406299131,38.8018162620974,CL SALEM 13 JAVEA/XABIA (ALICANTE),OK,6
5734601BC5973S,0.208740279432649,38.7542954726235,PD CM CAP MARTI 344(B) JAVEA/XABIA (ALICANTE),OK,12
9284117BC4998S,0.112909362254385,38.7956261824029,CR DE JESUS POBRE 182 JAVEA/XABIA (ALICANTE),OK,2
7412706BC5971S,0.207501935740864,38.7339582572065,CL RASCLO 8 JAVEA/XABIA (ALICANTE),OK,12
3864119BC5937S,0.164418059303413,38.7891089016934,CL ROQUES 31 JAVEA/XABIA (ALICANTE),OK,4
3070043BC5937S,0.15702135277192,38.7855931739224,CL VIGO 10 JAVEA/XABIA (ALICANTE),OK,2
2267917BC5926N,0.150068047320908,38.7834576647263,CL CANTALLOPS 28 JAVEA/XABIA (ALICANTE),OK,1
5646006BC5954N,0.186440760965102,38.7636753874405,CM ADSUBIES 301 JAVEA/XABIA (ALICANTE),OK,1
5446018BC5954N,0.184284981760111,38.7648023051616,CM ADSUBIES 326 JAVEA/XABIA (ALICANTE),OK,1
9686107BC4998N,0.116041574615742,38.8000126335864,CL FENIX 5 JAVEA/XABIA (ALICANTE),OK,2
9111002BC5991S,0.226394923299723,38.7348314678201,CL LOUIS ARMSTRONG 4 JAVEA/XABIA (ALICANTE),OK,12
8010115BC5971N,0.214342493404936,38.732468532743,CL OCA 11 JAVEA/XABIA (ALICANTE),OK,12
7630102BC5973S,0.208902170588239,38.750689716753,CL CANYAMEL 15 JAVEA/XABIA (ALICANTE),OK,12
6047229BC5964S,0.191166786448637,38.7631419218988,CR CABO DE LA NAO PLA 95 JAVEA/XABIA (ALICANTE),OK,11
4177316BC5947N,0.168513979717806,38.7924218203734,CM VELL DE LA MAR 9 JAVEA/XABIA (ALICANTE),OK,5
3075405BC5927N,0.154951754788331,38.7906284862204,CL LAGO LANGREO 8 JAVEA/XABIA (ALICANTE),OK,2
5469001BC5956N,0.183263203528288,38.785253379215,PD MT MONTAÑAR I 35 JAVEA/XABIA (ALICANTE),OK,7
9217010BC5991N,0.228572583208775,38.7397970080621,UR BALCON AL MAR G 74 JAVEA/XABIA (ALICANTE),OK,12
7412702BC5971S,0.207324690270762,38.7349501035837,UR COSTA NOVA LA MARINA 36 JAVEA/XABIA (ALICANTE),OK,12
2270419BC5927S,0.144912712924384,38.785352824935,CL COLOMBIA 9 JAVEA/XABIA (ALICANTE),OK,1
5939403BC5953N,0.190328005824491,38.7584111853378,CL GENGIBRE 16 JAVEA/XABIA (ALICANTE),OK,12
4938021BC5943N,0.178463778852933,38.7571005932491,UR ADSUBIA TOSCAMA 31 JAVEA/XABIA (ALICANTE),OK,1
8024317BC5982S,0.21441253509931,38.7451657732887,CL MOIXETA 43 JAVEA/XABIA (ALICANTE),OK,12
7319408BC5971N,0.206691523611296,38.7402351253566,CL TADORNA 36 JAVEA/XABIA (ALICANTE),OK,12
1738902BC5913N,0.141963515756366,38.7566619880383,CL BLAS DE OTERO 3 JAVEA/XABIA (ALICANTE),OK,1
2265902BC5926N,0.146795212094924,38.781156490873,CM VELL DE GATA 87 JAVEA/XABIA (ALICANTE),OK,1
4676124BC5947N,0.173748132008917,38.7928836936583,CL RAIMON 4 JAVEA/XABIA (ALICANTE),OK,7
2038520BC5923N,0.148475267019502,38.7573378144159,CL TRUMAN CAPOTE 2 JAVEA/XABIA (ALICANTE),OK,1
7614303BC5971S,0.208480203973551,38.7368355602234,CL FAISA 3 JAVEA/XABIA (ALICANTE),OK,12
7291113BC5974S,0.205106835535311,38.7605097633457,CM CALABLANCA 31 JAVEA/XABIA (ALICANTE),OK,12
7919201BC5972S,0.213368150683266,38.7418798051985,CL L'ORONETA DE 11 JAVEA/XABIA (ALICANTE),OK,12
7291114BC5974S,0.205494160941244,38.7607218334398,CM CALABLANCA 33 JAVEA/XABIA (ALICANTE),OK,12
8313504BC5981S,0.217069687113649,38.7363080475991,CR CABO DE LA NAO PLA 66 JAVEA/XABIA (ALICANTE),OK,12
1179401BC5908S,0.131228752237662,38.7951218042566,CL CAROIX 2 JAVEA/XABIA (ALICANTE),OK,2
6139418BC5963N,0.192817698189089,38.7576527351081,CL ANEMONE 7 JAVEA/XABIA (ALICANTE),OK,12
2423706BC5922S,0.151403216926692,38.7429511535022,CL LAGO ONEGA 6 JAVEA/XABIA (ALICANTE),OK,1
9014002BC5981S,0.225422646141345,38.7370798442207,UR BALCON AL MAR C 90 JAVEA/XABIA (ALICANTE),OK,12
0773101BC5907S,0.128646552782954,38.7882915692076,CM VELL DE PEDREGUER 5(D) JAVEA/XABIA (ALICANTE),OK,1
5733003BC5953S,0.187588525279067,38.7534325130204,CM ADSUBIES 300 JAVEA/XABIA (ALICANTE),OK,12
6728004BC5962N,0.199187987508453,38.7484733824415,UR CAP MARTI 132 JAVEA/XABIA (ALICANTE),OK,12
3550801BC5935S,0.161562425321412,38.7685616527159,CL RIO SIL 18 JAVEA/XABIA (ALICANTE),OK,1
7291107BC5974S,0.20506359995076,38.7611340715562,CM CALABLANCA 35 JAVEA/XABIA (ALICANTE),OK,12
2546003BC5924N,0.150058674526081,38.763865356994,CL MAR AZOV 4 JAVEA/XABIA (ALICANTE),OK,1
9580905BC4998S,0.115461005685025,38.7946405045257,CL MEXICO 2 JAVEA/XABIA (ALICANTE),OK,1
7411720BC5971S,0.208568128043615,38.7339457208739,CL SISO 1 JAVEA/XABIA (ALICANTE),OK,12
6541408BC5964S,0.196135981366444,38.759564152191,PD CM CAP MARTI 498 JAVEA/XABIA (ALICANTE),OK,12
4072803BC5937S,0.166456996371319,38.7883064846494,CM FONDO 3 JAVEA/XABIA (ALICANTE),OK,8
8516505BC5981N,0.220594408251265,38.7375803158182,CL JOHANNES BRAHNS 31 JAVEA/XABIA (ALICANTE),OK,12
3463018BC5937S,0.159728242671659,38.7877820843149,CL DEL DOCTOR BORRULL 4 JAVEA/XABIA (ALICANTE),OK,2
6624208BC5962S,0.198077979673762,38.7453433744163,CL MILA 91 JAVEA/XABIA (ALICANTE),OK,12
2549608BC5924N,0.15256966538034,38.7665545449452,CL RIO JALON 32 FINCA RESULTANTE N¦71 JAVEA/XABIA (ALICANTE),OK,1
6734813BC5963S,0.197776065569739,38.7541661638204,UR TOSALET 39 JAVEA/XABIA (ALICANTE),OK,12
6836019BC5963N,0.199521172575769,38.7566201121685,UR TOSALET 174 JAVEA/XABIA (ALICANTE),OK,12
1642905BC5914S,0.139347122582794,38.760618588477,CL ELSA MORANTE 25 JAVEA/XABIA (ALICANTE),OK,1
5729009BC5952N,0.188460256481318,38.7486841978634,CL BOTJA DE LA 8 JAVEA/XABIA (ALICANTE),OK,12
9686122BC4998S,0.115927989188512,38.7970617404829,CL FENIX 23 JAVEA/XABIA (ALICANTE),OK,2
0881214BC5908S,0.126291422290608,38.7944427725853,CL TARRAC 7 JAVEA/XABIA (ALICANTE),OK,2
7836014BC5973N,0.212366578188735,38.7553085187745,CL MITJA LLUNA LA 15 UE PORT. 1 SUR 5 PARC - 3 JAVEA/XABIA (ALICANTE),OK,12
11953B6BC5917N,0.132699537422543,38.7903758432122,CL SERRA D'EN CANES 19 JAVEA/XABIA (ALICANTE),OK,2
1973102BC5917S,0.141787465034791,38.788013438353,CR DE JESUS POBRE 62 JAVEA/XABIA (ALICANTE),OK,2
3631512BC5933S,0.16551383215945,38.7502845744091,CL LAGO COMO 16(D) PARCELA RESULTANTE Nº24 JAVEA/XABIA (ALICANTE),OK,1
8318401BC5981N,0.218200958135246,38.740295188506,UR BALCON AL MAR D 20 JAVEA/XABIA (ALICANTE),OK,12
7124339BC5972S,0.204236768190115,38.7448683254853,UR COSTA NOVA PANORAMA 174(B) JAVEA/XABIA (ALICANTE),OK,12
8688911BC4988N,0.107359476795114,38.8011796280633,CL ANDROMEDA 40 JAVEA/XABIA (ALICANTE),OK,2
8882302BC5938S,0.164064254720149,38.7962914118906,PD PUCHOL 159 JAVEA/XABIA (ALICANTE),OK,1
6337308BC5963N,0.194599692782506,38.755978004705,PD CM CAP MARTI 450 JAVEA/XABIA (ALICANTE),OK,12
6531602BC5963S,0.196162430305327,38.7505724128089,CL ALGARROBO 18 JAVEA/XABIA (ALICANTE),OK,12
5735401BC5953S,0.187183311981418,38.7539683628495,CL DEL LLIRI DE MAR 1 JAVEA/XABIA (ALICANTE),OK,12
2279923BC5927N,0.146151941688893,38.7939805554369,CL GRANADA 16 JAVEA/XABIA (ALICANTE),OK,2
0478153BC5907N,0.125834587458617,38.7916237085379,CL CABEÇO 10 JAVEA/XABIA (ALICANTE),OK,2
8919216BC5981N,0.225292920008121,38.7411496698723,CL MAURICE RAVEL 105 JAVEA/XABIA (ALICANTE),OK,12
6139402BC5963N,0.191683796832431,38.7585113669632,CM ADSUBIES 259 JAVEA/XABIA (ALICANTE),OK,12
5542613BC5954S,0.183709194463099,38.7608038427989,CL JORGE LARCO 3 PARCELA RESULTANTE Nº8 JAVEA/XABIA (ALICANTE),OK,1
6427507BC5962N,0.197294758695681,38.748811134317,UR TOSALET 1335 JAVEA/XABIA (ALICANTE),OK,12
3015303BC5931N,0.156227693991151,38.7383009679502,CL LEONARDO DA VINCI 76 JAVEA/XABIA (ALICANTE),OK,
2571631BC5927S,0.150363502068062,38.7853141140587,CL ITALIA 22(A) JAVEA/XABIA (ALICANTE),OK,1
1179405BC5918S,0.134446134204042,38.793995849892,CL DEL PIC D'ESPADA 14 JAVEA/XABIA (ALICANTE),OK,2
6533709BC5963S,0.195939522155566,38.7521228953868,CL ENEBRO 14 JAVEA/XABIA (ALICANTE),OK,12
8316408BC5981N,0.21728790757504,38.7374810515346,UR BALCON AL MAR B 75 JAVEA/XABIA (ALICANTE),OK,12
2963015BC5936N,0.157192942911736,38.7808831656462,CL MAHON 6 JAVEA/XABIA (ALICANTE),OK,1
2279924BC5927N,0.145727779277368,38.7939382915664,CL GRANADA 15 JAVEA/XABIA (ALICANTE),OK,2
7534705BC5973S,0.207836534244647,38.7540644920029,UR TOSCAL 48 JAVEA/XABIA (ALICANTE),OK,12
3479101BC5938S,0.1581033228172,38.7942304695462,CR DENIA DE 64 JAVEA/XABIA (ALICANTE),OK,2
5544007BC5954S,0.185091250736411,38.7616448555486,CM ADSUBIES 381 JAVEA/XABIA (ALICANTE),OK,1
7524100BC5972S,,,,SIN_COORDENADAS,
6134619BC5963S,0.191669977580654,38.7538217343635,CL ALEGRIA 7 JAVEA/XABIA (ALICANTE),OK,12
8619054BC5981N,0.219365020823188,38.7384385782215,UR BALCON AL MAR D 88 JAVEA/XABIA (ALICANTE),OK,12
6341403BC5964S,0.195046024660386,38.7598121338008,CL NADALETA 2 JAVEA/XABIA (ALICANTE),OK,12
6928514BC5962N,0.200206160529753,38.7484766234836,PD CM CAP MARTI 95(A) JAVEA/XABIA (ALICANTE),OK,12
6734810BC5963S,0.198062737226885,38.7535085983656,UR TOSALET 54 JAVEA/XABIA (ALICANTE),OK,12
5762006BC5956S,0.187345993325347,38.7792025810366,AV MEDITERRANEO 190 JAVEA/XABIA (ALICANTE),OK,11
3453806BC5935S,0.1606383632838,38.7700440183111,CL RIO MIÑO 3 JAVEA/XABIA (ALICANTE),OK,1
6526513BC5962N,0.196071075834462,38.7460009170431,UR TOSALET 476 JAVEA/XABIA (ALICANTE),OK,12
6442008BC5964S,0.195556346517049,38.7602881936747,PD CM CAP MARTI 355 JAVEA/XABIA (ALICANTE),OK,12
2571621BC5927S,0.15157969983223,38.7868797766783,CL ITALIA 12(D) JAVEA/XABIA (ALICANTE),OK,1
7734506BC5973S,0.210604418376295,38.7541629729014,CL CEBA 18 JAVEA/XABIA (ALICANTE),OK,12
4282302BC5948S,0.168839939279516,38.7964003799399,CL PUIG MOLINS 30 JAVEA/XABIA (ALICANTE),OK,1
8609018BC5981S,0.223175306320787,38.7321211494584,UR BALCON AL MAR A 125 JAVEA/XABIA (ALICANTE),OK,12
7731006BC5973S,0.212103766892579,38.7516549602616,PD PORTITXOL 32 JAVEA/XABIA (ALICANTE),OK,12
5047401BC5954N,0.178984751704431,38.7652290939616,CM ADSUBIES 375 JAVEA/XABIA (ALICANTE),OK,1
5329206BC5952N,0.183018735470115,38.7487993895519,PD CA CANSALA 146(B) JAVEA/XABIA (ALICANTE),OK,12
5638307BC5953N,0.187269821491534,38.7566324512857,CM ADSUBIES 358 JAVEA/XABIA (ALICANTE),OK,12
3763026BC5937S,0.163915759663697,38.7881910001964,RD SUD 18 JAVEA/XABIA (ALICANTE),OK,9
8986337BC4988N,0.105764086843739,38.7995948194311,CL ESTRELLA POLAR 4 JAVEA/XABIA (ALICANTE),OK,2
5538007BC5953N,0.184577181392082,38.7568892028936,CM ADSUBIES 356 JAVEA/XABIA (ALICANTE),OK,12
2270429BC5927S,0.145329315845804,38.7860700594735,CL URUGUAY 4 JAVEA/XABIA (ALICANTE),OK,1
5641010BC5954S,0.185987441062313,38.7603262184058,CM ADSUBIES 128 JAVEA/XABIA (ALICANTE),OK,12
9776605BC4997N,0.118865747543952,38.7895202345636,CL BAHAMAS 1 JAVEA/XABIA (ALICANTE),OK,1
7132011BC5973S,0.203560941273345,38.7520916639827,CL ARROS 7 JAVEA/XABIA (ALICANTE),OK,12
9787904BC4998N,0.116814502312444,38.8009934622132,CL AURIGA 32(D) JAVEA/XABIA (ALICANTE),OK,2
6733003BC5963S,0.199723022057957,38.7531492133619,UR TOSALET 1008 JAVEA/XABIA (ALICANTE),OK,12
5587004BC5958N,0.183998563009076,38.8014236137372,CL CUESTA SAN ANTONIO 56 JAVEA/XABIA (ALICANTE),OK,6
5288006BC5958N,0.180492665572772,38.8018336072581,CL CUESTA SAN ANTONIO 61 JAVEA/XABIA (ALICANTE),OK,6
7411702BC5971S,0.206675782794276,38.7333483859205,UR COSTA NOVA LA MARINA 176 JAVEA/XABIA (ALICANTE),OK,12
2074739BC5917S,0.142141390072608,38.7885732894045,CL TARRASSA 10 JAVEA/XABIA (ALICANTE),OK,2
5287113BC5958N,0.177842514942265,38.8027772622522,CL CUESTA SAN ANTONIO 86 JAVEA/XABIA (ALICANTE),OK,6
4625207BC5942N,0.176438090295426,38.7456299884502,CL JEAN ARP 49 JAVEA/XABIA (ALICANTE),OK,12
6927002BC5962N,0.201030602240245,38.7477933802195,PD CM CAP MARTI 106(A) JAVEA/XABIA (ALICANTE),OK,12
5443201BC5954S,0.183395427481503,38.7624564338411,CM ADSUBIES 386 JAVEA/XABIA (ALICANTE),OK,1
0575801BC5907N,0.126312398013993,38.7897843462027,CR DE JESUS POBRE 113 JAVEA/XABIA (ALICANTE),OK,1
6345726BC5964S,0.194125393612068,38.7622141750506,PD PORTITXOL 29(D) JAVEA/XABIA (ALICANTE),OK,11
0016002BC5905S,0.132151453276331,38.7721889121847,CM FONTANELLES 32 JAVEA/XABIA (ALICANTE),OK,1
1539633BC5913N,0.141403211949106,38.7559623897451,CM COVATELLES 4 JAVEA/XABIA (ALICANTE),OK,1
9580913BC4997N,0.115469007628987,38.793229947923,CL MEXICO 8 JAVEA/XABIA (ALICANTE),OK,1
1836915BC5913S,0.1417172989031,38.7534801706282,CL LUIS CERNUDA 6 JAVEA/XABIA (ALICANTE),OK,1
3921014BC5932S,0.16672603980636,38.7413295676846,CL JUAN GRIS 2 JAVEA/XABIA (ALICANTE),OK,12
6029306BC5962N,0.191464407177086,38.7488929730366,UR TOSALET 359 JAVEA/XABIA (ALICANTE),OK,12
0002001BC5900N,0.13987969717363,38.7666696829169,CM TARRAULLA 70 JAVEA/XABIA (ALICANTE),OK,1
2741707BC5924S,0.152530786671262,38.7588194382066,CL MAR DE NORUEGA 34(D) JAVEA/XABIA (ALICANTE),OK,1
4038807BC5933N,0.167421645806475,38.7569453618725,CL RIO SEGURA 6 JAVEA/XABIA (ALICANTE),OK,1
7333018BC5973S,0.20614765878848,38.7527152169629,PD CM CAP MARTI 503(B) JAVEA/XABIA (ALICANTE),OK,12
7132009BC5973S,0.203894621121887,38.7514455698401,CL ARROS 11 JAVEA/XABIA (ALICANTE),OK,12
7131601BC5973S,0.202981630929543,38.7513993822142,CL API L' 2 JAVEA/XABIA (ALICANTE),OK,12
03082A01500155,0.132841205220143,38.7616460529284,CM TARRADOLAS 7 Polígono 15 Parcela 155 TARRAULA. JAVEA/XABIA (ALICANTE),OK,1
2632303BC5923S,0.152321523305148,38.7515346911491,CL MAR DE JAVA 14 JAVEA/XABIA (ALICANTE),OK,1
0478151BC5907N,0.126189310993893,38.7922355203398,CL CABEÇO 34 JAVEA/XABIA (ALICANTE),OK,2
6334101BC5963S,0.193910731969171,38.7544500355465,CL DONZELLA LA 27(C) JAVEA/XABIA (ALICANTE),OK,12
0979803BC5917N,0.132209798362184,38.7934398339088,CL DE MONTEMAJOR 11 JAVEA/XABIA (ALICANTE),OK,2
3765501BC5937S,0.162775301351333,38.7899547850603,RD NORD 10 JAVEA/XABIA (ALICANTE),OK,4
0677432BC5907N,0.128717689670517,38.790778786337,CL TEJO 6 JAVEA/XABIA (ALICANTE),OK,2
8986306BC4988N,0.108882495650997,38.7999303958426,CL ACUARIO 5 JAVEA/XABIA (ALICANTE),OK,2
5743503BC5954S,0.188618946744262,38.7607535781227,CL PARRA 11 JAVEA/XABIA (ALICANTE),OK,12
4786027BC5948N,0.174223132711235,38.7998280989461,CL PENAGUILA 37 JAVEA/XABIA (ALICANTE),OK,6
5544003BC5954S,0.185900150393197,38.7633151397041,CM ADSUBIES 34(D) JAVEA/XABIA (ALICANTE),OK,1
7327506BC5972N,0.206320666353869,38.747425960289,UR ATALAYAS 212 JAVEA/XABIA (ALICANTE),OK,12
0188804BC5908N,0.121952894142677,38.8006167479911,CL DE L'ERMITA 49 JAVEA/XABIA (ALICANTE),OK,2
2963035BC5936N,0.160445014164526,38.7815426734338,TR SORTS LES 1 JAVEA/XABIA (ALICANTE),OK,1
6339010BC5963N,0.194176109943289,38.7584788376973,PD CM CAP MARTI 65(A) JAVEA/XABIA (ALICANTE),OK,12
4983010BC5948S,0.175611608307782,38.7979064141079,CL PENAGUILA 85 JAVEA/XABIA (ALICANTE),OK,6
1539615BC5913N,0.141394325852962,38.7571857292466,CL BLAS DE OTERO 10 JAVEA/XABIA (ALICANTE),OK,1
3832812BC5943S,0.168623433234877,38.7512076976,CM CANSALADES 130 JAVEA/XABIA (ALICANTE),OK,1
7512001BC5971S,0.208323527595134,38.7338024814369,UR COSTA NOVA LA MARINA 45(T) JAVEA/XABIA (ALICANTE),OK,12
3779303BC5937N,0.163731389410949,38.7938246991917,CL DE LA SOBERANA 41 JAVEA/XABIA (ALICANTE),OK,1
7124324BC5972S,0.204229393203286,38.7445590356068,UR COSTA NOVA PANORAMA 174 JAVEA/XABIA (ALICANTE),OK,12
1370921BC5917S,0.135795546774734,38.787889447124,CL MAURITANIA 1 JAVEA/XABIA (ALICANTE),OK,1
3663835BC5937S,0.160895995263444,38.7880064365607,CL FORN 34 JAVEA/XABIA (ALICANTE),OK,3
8510812BC5981S,0.220034366687516,38.7345273780331,CL IGOR STRAVINSKY 3 JAVEA/XABIA (ALICANTE),OK,12
0013049BC5905S,,,,SIN_COORDENADAS,
8813701BC5981S,0.222422028750076,38.7359296496552,UR BALCON AL MAR C 83 JAVEA/XABIA (ALICANTE),OK,12
7491012BC5974S,0.205964370221077,38.7604700087006,CL MOLL 5 JAVEA/XABIA (ALICANTE),OK,12
7028311BC5972N,0.202941020646401,38.7486291853565,CL PERDICES 18 JAVEA/XABIA (ALICANTE),OK,12
5538010BC5953N,0.184988942006201,38.7579825076441,CL CAMILE PISARRO 2 JAVEA/XABIA (ALICANTE),OK,12
7217201BC5971N,0.204534628108021,38.7383445205411,CL SISET DEL 1 JAVEA/XABIA (ALICANTE),OK,12
7711903BC5971S,0.212335101611465,38.7347554436579,CL CORRIOL 6 JAVEA/XABIA (ALICANTE),OK,12
6627807BC5962N,0.198443346330445,38.747806574215,UR TOSALET 1286 JAVEA/XABIA (ALICANTE),OK,12
5431013BC5953S,0.183948544140602,38.7503894478603,PD CA CANSALA 74 JAVEA/XABIA (ALICANTE),OK,12
6139407BC5963N,0.192530362910324,38.7576591618054,CL BRUC 1 JAVEA/XABIA (ALICANTE),OK,12
6541402BC5964S,0.19738664964022,38.7601990642507,PD CM CAP MARTI 19 JAVEA/XABIA (ALICANTE),OK,12
6508109BC5960N,0.198287065290943,38.7307278058218,CL PIC TORT 49 JAVEA/XABIA (ALICANTE),OK,12
2748908BC5924N,0.153154695955511,38.7662944745495,CL RIO JALON 27 FINCA RESULTANTE Nº26 JAVEA/XABIA (ALICANTE),OK,1
6827514BC5962N,0.201943832720769,38.7469808107318,CL GAVIOTAS 6 JAVEA/XABIA (ALICANTE),OK,12
6650703BC5965S,0.19771567761542,38.7684049672477,CL ARENAL-MONTAÑAR 74 JAVEA/XABIA (ALICANTE),OK,11
6139406BC5963N,0.192937440737177,38.7570958596213,PD CM CAP MARTI 60 JAVEA/XABIA (ALICANTE),OK,12
1934802BC5913N,0.144194459785352,38.7538552165919,CL LLUCA 41 JAVEA/XABIA (ALICANTE),OK,1
4846503BC5944N,0.176452785216715,38.7634478326508,CL FRANCESC GIMENO 6 JAVEA/XABIA (ALICANTE),OK,1
7725303BC5972S,0.211972524643645,38.7460102123609,CL TRENCALL 312 JAVEA/XABIA (ALICANTE),OK,12
1868512BC5916N,0.143515831307122,38.7819572102348,CL COLOMBIA 38 JAVEA/XABIA (ALICANTE),OK,1
8431402BC5983S,0.219153330986979,38.7511710927864,CL BARRACA LA 7(C) JAVEA/XABIA (ALICANTE),OK,12
11953B2BC5917N,0.134066316006898,38.7896248852929,CL SERRA D'EN CANES 7 JAVEA/XABIA (ALICANTE),OK,2
6628203BC5962N,0.198184055546164,38.7489532885476,CL AVELLANO 297(A) JAVEA/XABIA (ALICANTE),OK,12
1642919BC5914S,0.139655471505179,38.7600290059579,CM TARRAULLA 34 JAVEA/XABIA (ALICANTE),OK,1
5183022BC5958S,0.179118047541653,38.7976357714985,CL SAX 3 JAVEA/XABIA (ALICANTE),OK,6
3070035BC5937S,0.157654108048985,38.7862932826659,CL PONTEVEDRA 8 JAVEA/XABIA (ALICANTE),OK,2
1841117BC5914S,0.142947293688953,38.7598741993332,CM TARRAULLA 13 JAVEA/XABIA (ALICANTE),OK,1
7836009BC5973N,0.212844866624715,38.7557464395365,CL CELIANDRE 11 JAVEA/XABIA (ALICANTE),OK,12
