N_Fijo,CODIGO_VT,Ref_Catastral_Fin,AFORO,VALORCATASTRAL,COEFICIENTE_CATASTRAL,TASA_VIVIENDA,PLUS_VIVIENDA_TURISTICA,TASA_TOTAL,VALORCATASTRAL_NUM,COEFICIENTE_CATASTRAL_NUM,TASA_VIVIENDA_NUM,TASA_TOTAL_NUM,FINCA,HOJA,INMUEBLE,CONTROL,HOJA_BASE,ZONA
1013798,455442,5373001BC5957S0032AS,0,"27.061,66","0,472","129,24",80,"209,24",27061.66,0.472,129.24,209.24,5373001,BC5957S,0032,AS,BC5957,Arenal / Canal / Montañar
1022500,481707,5652204BC5955S0019OJ,0,"38.671,31","0,674","131,07",80,"211,07",38671.31,0.674,131.07,211.07,5652204,BC5955S,0019,OJ,BC5955,Arenal / Canal / Montañar
1025842,502455,5457312BC5955N0028DG,0,"40.404,11","0,704","131,34",80,"211,34",40404.11,0.704,131.34,211.34,5457312,BC5955N,0028,DG,BC5955,Arenal / Canal / Montañar
1011245,496243,5960704BC5956S0015EU,0,"40.890,35","0,713","131,41",80,"211,41",40890.35,0.713,131.41,211.41,5960704,BC5956S,0015,EU,BC5956,Arenal / Canal / Montañar
1012640,496184,4835003BC5943S0001IP,0,"47.562,81","0,829","132,46",80,"212,46",47562.81,0.829,132.46,212.46,4835003,BC5943S,0001,IP,BC5943,Casco urbano / Pueblo
1012097,502429,1526101BC5912N0001KL,0,"51.604,15","0,899","133,09",80,"213,09",51604.15,0.899,133.09,213.09,1526101,BC5912N,0001,KL,BC5912,Montgó / Toscamar
1020225,501793,5859008BC5955N0035BL,0,"53.158,30","0,926","133,34",80,"213,34",53158.3,0.926,133.34,213.34,5859008,BC5955N,0035,BL,BC5955,Arenal / Canal / Montañar
1026516,502454,5750201BC5955S0036ZT,0,"55.801,76","0,972","133,75",80,"213,75",55801.76,0.972,133.75,213.75,5750201,BC5955S,0036,ZT,BC5955,Arenal / Canal / Montañar
1013882,501792,0881252BC5908S0001AP,0,"58.987,32","1,028","134,25",80,"214,25",58987.32,1.028,134.25,214.25,0881252,BC5908S,0001,AP,BC5908,Montgó / Toscamar
1016463,506966,6734802BC5963S0001FK,0,"66.925,84","1,166","135,50",80,"215,50",66925.84,1.166,135.5,215.5,6734802,BC5963S,0001,FK,BC5963,Puerto / Aduanas
1010613,497205,2877424BC5927N0001UH,0,"67.230,17","1,172","135,55",80,"215,55",67230.17,1.172,135.55,215.55,2877424,BC5927N,0001,UH,BC5927,Rafalet / Lluca / Covatelles
1005980,495844,7633618BC5973S0001QX,0,"70.256,32","1,224","136,02",80,"216,02",70256.32,1.224,136.02,216.02,7633618,BC5973S,0001,QX,BC5973,Tosalet / Cap Martí
1004144,496174,9021604BC5982S0001MO,0,"98.857,64","1,723","140,51",80,"220,51",98857.64,1.723,140.51,220.51,9021604,BC5982S,0001,MO,BC5982,Costa Nova / Balcón al Mar / Ambolo
1003714,502405,8410103BC5981S0001QG,0,"99.897,17","1,741","140,67",80,"220,67",99897.17,1.741,140.67,220.67,8410103,BC5981S,0001,QG,BC5981,Portitxol / Toscal / Trencall
1004220,502420,8919726BC5981N0001XU,0,"101.678,00","1,772","140,95",80,"220,95",101678.0,1.772,140.95,220.95,8919726,BC5981N,0001,XU,BC5981,Portitxol / Toscal / Trencall
1019752,504022,6834006BC5963S0001PK,0,"120.485,61","2,100","143,90",80,"223,90",120485.61,2.1,143.9,223.9,6834006,BC5963S,0001,PK,BC5963,Puerto / Aduanas
1028108,502183,3177713BC5937N0001HB,0,"156.561,18","2,729","149,56",80,"229,56",156561.18,2.729,149.56,229.56,3177713,BC5937N,0001,HB,BC5937,Casco urbano / Pueblo
1024637,510624,5227007BC5957N0038HP,1,"8.174,03","0,142","126,28",20,"146,28",8174.03,0.142,126.28,146.28,5227007,BC5957N,0038,HP,BC5957,Arenal / Canal / Montañar
1000671,488605,5481301BC5958S0027GR,1,"10.036,24","0,175","126,57",20,"146,57",10036.24,0.175,126.57,146.57,5481301,BC5958S,0027,GR,BC5958,Arenal / Canal / Montañar
1009051,490359,5454113BC5955S0027ZX,1,"16.341,50","0,285","127,56",20,"147,56",16341.5,0.285,127.56,147.56,5454113,BC5955S,0027,ZX,BC5955,Arenal / Canal / Montañar
1028059,504945,4873902BC5947S0032EI,1,"16.431,55","0,286","127,58",20,"147,58",16431.55,0.286,127.58,147.58,4873902,BC5947S,0032,EI,BC5947,Casco urbano / Pueblo
1015804,488778,5454103BC5955S0023MK,2,"7.194,42","0,125","126,13",40,"166,13",7194.42,0.125,126.13,166.13,5454103,BC5955S,0023,MK,BC5955,Arenal / Canal / Montañar
1015803,488777,5454103BC5955S0022XJ,2,"7.194,42","0,125","126,13",40,"166,13",7194.42,0.125,126.13,166.13,5454103,BC5955S,0022,XJ,BC5955,Arenal / Canal / Montañar
1024612,437256,5227007BC5957N0008KS,2,"8.174,03","0,142","126,28",40,"166,28",8174.03,0.142,126.28,166.28,5227007,BC5957N,0008,KS,BC5957,Arenal / Canal / Montañar
1024614,437258,5227007BC5957N0011KS,2,"8.174,03","0,142","126,28",40,"166,28",8174.03,0.142,126.28,166.28,5227007,BC5957N,0011,KS,BC5957,Arenal / Canal / Montañar
1024628,437272,5227007BC5957N0027IW,2,"8.174,03","0,142","126,28",40,"166,28",8174.03,0.142,126.28,166.28,5227007,BC5957N,0027,IW,BC5957,Arenal / Canal / Montañar
1024636,437280,5227007BC5957N0036FI,2,"8.174,03","0,142","126,28",40,"166,28",8174.03,0.142,126.28,166.28,5227007,BC5957N,0036,FI,BC5957,Arenal / Canal / Montañar
1024624,437268,5227007BC5957N0022EB,2,"8.174,03","0,142","126,28",40,"166,28",8174.03,0.142,126.28,166.28,5227007,BC5957N,0022,EB,BC5957,Arenal / Canal / Montañar
1024627,499628,5227007BC5957N0025YM,2,"8.174,03","0,142","126,28",40,"166,28",8174.03,0.142,126.28,166.28,5227007,BC5957N,0025,YM,BC5957,Arenal / Canal / Montañar
1024622,437266,5227007BC5957N0020QK,2,"8.174,03","0,142","126,28",40,"166,28",8174.03,0.142,126.28,166.28,5227007,BC5957N,0020,QK,BC5957,Arenal / Canal / Montañar
1024620,437264,5227007BC5957N0018WL,2,"8.174,03","0,142","126,28",40,"166,28",8174.03,0.142,126.28,166.28,5227007,BC5957N,0018,WL,BC5957,Arenal / Canal / Montañar
1024615,437259,5227007BC5957N0012LD,2,"8.174,03","0,142","126,28",40,"166,28",8174.03,0.142,126.28,166.28,5227007,BC5957N,0012,LD,BC5957,Arenal / Canal / Montañar
1024634,509491,5227007BC5957N0033AT,2,"8.174,03","0,142","126,28",40,"166,28",8174.03,0.142,126.28,166.28,5227007,BC5957N,0033,AT,BC5957,Arenal / Canal / Montañar
1024610,437255,5227007BC5957N0005GO,2,"8.174,03","0,142","126,28",40,"166,28",8174.03,0.142,126.28,166.28,5227007,BC5957N,0005,GO,BC5957,Arenal / Canal / Montañar
1024618,437262,5227007BC5957N0015XH,2,"8.174,03","0,142","126,28",40,"166,28",8174.03,0.142,126.28,166.28,5227007,BC5957N,0015,XH,BC5957,Arenal / Canal / Montañar
1024608,437252,5227007BC5957N0003DU,2,"8.174,03","0,142","126,28",40,"166,28",8174.03,0.142,126.28,166.28,5227007,BC5957N,0003,DU,BC5957,Arenal / Canal / Montañar
1000991,478267,5754101BC5955S0046ZS,2,"8.764,59","0,153","126,37",40,"166,37",8764.59,0.153,126.37,166.37,5754101,BC5955S,0046,ZS,BC5955,Arenal / Canal / Montañar
1005243,492932,5555101BC5955N0041FX,2,"9.923,22","0,173","126,56",40,"166,56",9923.22,0.173,126.56,166.56,5555101,BC5955N,0041,FX,BC5955,Arenal / Canal / Montañar
1000663,485526,5481301BC5958S0022PX,2,"10.036,24","0,175","126,57",40,"166,57",10036.24,0.175,126.57,166.57,5481301,BC5958S,0022,PX,BC5958,Arenal / Canal / Montañar
1000654,424535,5481301BC5958S0023AM,2,"10.036,24","0,175","126,57",40,"166,57",10036.24,0.175,126.57,166.57,5481301,BC5958S,0023,AM,BC5958,Arenal / Canal / Montañar
1005276,507316,5555101BC5955N0034PK,2,"11.251,13","0,196","126,76",40,"166,76",11251.13,0.196,126.76,166.76,5555101,BC5955N,0034,PK,BC5955,Arenal / Canal / Montañar
1015970,483281,5454103BC5955S0175JS,2,"11.690,61","0,204","126,83",40,"166,83",11690.61,0.204,126.83,166.83,5454103,BC5955S,0175,JS,BC5955,Arenal / Canal / Montañar
1015951,4436,5454103BC5955S0100OR,2,"11.704,25","0,204","126,84",40,"166,84",11704.25,0.204,126.84,166.84,5454103,BC5955S,0100,OR,BC5955,Arenal / Canal / Montañar
1015885,479634,5454103BC5955S0103SU,2,"11.704,25","0,204","126,84",40,"166,84",11704.25,0.204,126.84,166.84,5454103,BC5955S,0103,SU,BC5955,Arenal / Canal / Montañar
1027044,499370,5328602BC5957N0010HA,2,"11.705,83","0,204","126,84",40,"166,84",11705.83,0.204,126.84,166.84,5328602,BC5957N,0010,HA,BC5957,Arenal / Canal / Montañar
1009903,501394,5279802BC5957N0029ZR,2,"11.838,27","0,206","126,86",40,"166,86",11838.27,0.206,126.86,166.86,5279802,BC5957N,0029,ZR,BC5957,Arenal / Canal / Montañar
1001859,478063,5656503BC5955N0036BB,2,"12.326,50","0,215","126,93",40,"166,93",12326.5,0.215,126.93,166.93,5656503,BC5955N,0036,BB,BC5955,Arenal / Canal / Montañar
1001932,485884,5656508BC5955N0042XM,2,"12.427,12","0,217","126,95",40,"166,95",12427.12,0.217,126.95,166.95,5656508,BC5955N,0042,XM,BC5955,Arenal / Canal / Montañar
1030515,470722,6846003BC5964N0013FD,2,"12.909,60","0,225","127,02",40,"167,02",12909.6,0.225,127.02,167.02,6846003,BC5964N,0013,FD,BC5964,Puerto / Aduanas
1010283,485473,3662808BC5937S0007MA,2,"13.721,68","0,239","127,15",40,"167,15",13721.68,0.239,127.15,167.15,3662808,BC5937S,0007,MA,BC5937,Casco urbano / Pueblo
1012775,511046,5658009BC5955N0014WR,2,"14.225,25","0,248","127,23",40,"167,23",14225.25,0.248,127.23,167.23,5658009,BC5955N,0014,WR,BC5955,Arenal / Canal / Montañar
1001390,495969,5656507BC5955N0017BU,2,"14.252,52","0,248","127,24",40,"167,24",14252.52,0.248,127.24,167.24,5656507,BC5955N,0017,BU,BC5955,Arenal / Canal / Montañar
1001632,472571,5656507BC5955N0035OL,2,"14.252,52","0,248","127,24",40,"167,24",14252.52,0.248,127.24,167.24,5656507,BC5955N,0035,OL,BC5955,Arenal / Canal / Montañar
1001529,453334,5658008BC5955N0035IL,2,"14.252,52","0,248","127,24",40,"167,24",14252.52,0.248,127.24,167.24,5658008,BC5955N,0035,IL,BC5955,Arenal / Canal / Montañar
1001526,509028,5658008BC5955N0031RG,2,"14.252,52","0,248","127,24",40,"167,24",14252.52,0.248,127.24,167.24,5658008,BC5955N,0031,RG,BC5955,Arenal / Canal / Montañar
1003197,482593,6352010BC5965S0021KB,2,"14.541,35","0,253","127,28",40,"167,28",14541.35,0.253,127.28,167.28,6352010,BC5965S,0021,KB,BC5965,Puerto / Aduanas
1001968,488703,5656512BC5955N0010IM,2,"14.637,72","0,255","127,30",40,"167,30",14637.72,0.255,127.3,167.3,5656512,BC5955N,0010,IM,BC5955,Arenal / Canal / Montañar
1001508,479320,5656511BC5955N0019IO,2,"14.637,72","0,255","127,30",40,"167,30",14637.72,0.255,127.3,167.3,5656511,BC5955N,0019,IO,BC5955,Arenal / Canal / Montañar
1001621,476756,5656513BC5955N0015XT,2,"14.637,72","0,255","127,30",40,"167,30",14637.72,0.255,127.3,167.3,5656513,BC5955N,0015,XT,BC5955,Arenal / Canal / Montañar
1001603,510591,5656513BC5955N0021WI,2,"14.637,72","0,255","127,30",40,"167,30",14637.72,0.255,127.3,167.3,5656513,BC5955N,0021,WI,BC5955,Arenal / Canal / Montañar
1020243,472193,5656513BC5955N0033AJ,2,"14.637,72","0,255","127,30",40,"167,30",14637.72,0.255,127.3,167.3,5656513,BC5955N,0033,AJ,BC5955,Arenal / Canal / Montañar
1001985,479319,5656513BC5955N0036FB,2,"14.637,72","0,255","127,30",40,"167,30",14637.72,0.255,127.3,167.3,5656513,BC5955N,0036,FB,BC5955,Arenal / Canal / Montañar
1002010,506009,5656511BC5955N0003KL,2,"14.637,72","0,255","127,30",40,"167,30",14637.72,0.255,127.3,167.3,5656511,BC5955N,0003,KL,BC5955,Arenal / Canal / Montañar
1001392,471688,5656513BC5955N0018WI,2,"14.637,72","0,255","127,30",40,"167,30",14637.72,0.255,127.3,167.3,5656513,BC5955N,0018,WI,BC5955,Arenal / Canal / Montañar
1001909,477841,5656512BC5955N0037YZ,2,"14.637,72","0,255","127,30",40,"167,30",14637.72,0.255,127.3,167.3,5656512,BC5955N,0037,YZ,BC5955,Arenal / Canal / Montañar
1001369,474680,5656511BC5955N0027DF,2,"14.637,72","0,255","127,30",40,"167,30",14637.72,0.255,127.3,167.3,5656511,BC5955N,0027,DF,BC5955,Arenal / Canal / Montañar
1020244,472598,5656511BC5955N0011MQ,2,"14.637,72","0,255","127,30",40,"167,30",14637.72,0.255,127.3,167.3,5656511,BC5955N,0011,MQ,BC5955,Arenal / Canal / Montañar
1026612,464054,4372807BC5947S0036FS,2,"14.638,76","0,255","127,30",40,"167,30",14638.76,0.255,127.3,167.3,4372807,BC5947S,0036,FS,BC5947,Casco urbano / Pueblo
1025983,490402,4475723BC5947N0102HT,2,"14.677,20","0,256","127,30",40,"167,30",14677.2,0.256,127.3,167.3,4475723,BC5947N,0102,HT,BC5947,Casco urbano / Pueblo
1009000,444737,5454113BC5955S0029MQ,2,"14.795,13","0,258","127,32",40,"167,32",14795.13,0.258,127.32,167.32,5454113,BC5955S,0029,MQ,BC5955,Arenal / Canal / Montañar
10000799,489985,3663325BC5937S0002PY,2,"14.900,33","0,260","127,34",40,"167,34",14900.33,0.26,127.34,167.34,3663325,BC5937S,0002,PY,BC5937,Casco urbano / Pueblo
1020357,501213,4778301BC5947N0028WX,2,"15.044,51","0,262","127,36",40,"167,36",15044.51,0.262,127.36,167.36,4778301,BC5947N,0028,WX,BC5947,Casco urbano / Pueblo
1026925,490357,4471422BC5947S0009WJ,2,"15.257,90","0,266","127,39",40,"167,39",15257.9,0.266,127.39,167.39,4471422,BC5947S,0009,WJ,BC5947,Casco urbano / Pueblo
1020260,501809,5656509BC5955N0017GU,2,"15.408,15","0,269","127,42",40,"167,42",15408.15,0.269,127.42,167.42,5656509,BC5955N,0017,GU,BC5955,Arenal / Canal / Montañar
1002002,507101,5656509BC5955N0023KP,2,"15.408,15","0,269","127,42",40,"167,42",15408.15,0.269,127.42,167.42,5656509,BC5955N,0023,KP,BC5955,Arenal / Canal / Montañar
1008974,478689,5454114BC5955S0005FY,2,"15.847,70","0,276","127,49",40,"167,49",15847.7,0.276,127.49,167.49,5454114,BC5955S,0005,FY,BC5955,Arenal / Canal / Montañar
1008930,480022,5454113BC5955S0019HJ,2,"16.341,50","0,285","127,56",40,"167,56",16341.5,0.285,127.56,167.56,5454113,BC5955S,0019,HJ,BC5955,Arenal / Canal / Montañar
1024046,500245,4876901BC5947N0040FT,2,"16.487,42","0,287","127,59",40,"167,59",16487.42,0.287,127.59,167.59,4876901,BC5947N,0040,FT,BC5947,Casco urbano / Pueblo
1021541,490427,4877001BC5947N0010IU,2,"16.733,48","0,292","127,62",40,"167,62",16733.48,0.292,127.62,167.62,4877001,BC5947N,0010,IU,BC5947,Casco urbano / Pueblo
1024019,500459,4876901BC5947N0067SE,2,"16.815,15","0,293","127,64",40,"167,64",16815.15,0.293,127.64,167.64,4876901,BC5947N,0067,SE,BC5947,Casco urbano / Pueblo
1024011,510871,4876901BC5947N0058YB,2,"16.815,15","0,293","127,64",40,"167,64",16815.15,0.293,127.64,167.64,4876901,BC5947N,0058,YB,BC5947,Casco urbano / Pueblo
1001535,487869,5658011BC5955N0008DQ,2,"17.012,25","0,296","127,67",40,"167,67",17012.25,0.296,127.67,167.67,5658011,BC5955N,0008,DQ,BC5955,Arenal / Canal / Montañar
1023998,481984,4876901BC5947N0085QG,2,"17.324,04","0,302","127,72",40,"167,72",17324.04,0.302,127.72,167.72,4876901,BC5947N,0085,QG,BC5947,Casco urbano / Pueblo
1027983,463709,4873902BC5947S0072ID,2,"17.332,46","0,302","127,72",40,"167,72",17332.46,0.302,127.72,167.72,4873902,BC5947S,0072,ID,BC5947,Casco urbano / Pueblo
1002608,4437,6550301BC5965S0085LB,2,"17.343,94","0,302","127,72",40,"167,72",17343.94,0.302,127.72,167.72,6550301,BC5965S,0085,LB,BC5965,Puerto / Aduanas
1002335,510123,6550301BC5965S0073PA,2,"17.343,94","0,302","127,72",40,"167,72",17343.94,0.302,127.72,167.72,6550301,BC5965S,0073,PA,BC5965,Puerto / Aduanas
1025024,462893,4775402BC5947N0011OI,2,"17.517,01","0,305","127,75",40,"167,75",17517.01,0.305,127.75,167.75,4775402,BC5947N,0011,OI,BC5947,Casco urbano / Pueblo
1005238,475313,5555101BC5955N0033OJ,2,"17.701,12","0,308","127,78",40,"167,78",17701.12,0.308,127.78,167.78,5555101,BC5955N,0033,OJ,BC5955,Arenal / Canal / Montañar
1001467,492114,5656508BC5955N0039XM,2,"17.844,11","0,311","127,80",40,"167,80",17844.11,0.311,127.8,167.8,5656508,BC5955N,0039,XM,BC5955,Arenal / Canal / Montañar
1009001,478159,5454113BC5955S0061BZ,2,"17.856,36","0,311","127,80",40,"167,80",17856.36,0.311,127.8,167.8,5454113,BC5955S,0061,BZ,BC5955,Arenal / Canal / Montañar
1012870,495584,7339001BC5973N0136EB,2,"17.876,93","0,312","127,80",40,"167,80",17876.93,0.312,127.8,167.8,7339001,BC5973N,0136,EB,BC5973,Tosalet / Cap Martí
1003082,457857,7145004BC5974S0013KW,2,"18.016,18","0,314","127,83",40,"167,83",18016.18,0.314,127.83,167.83,7145004,BC5974S,0013,KW,BC5974,Portitxol / Toscal / Trencall
1003193,458396,7145004BC5974S0017XY,2,"18.016,18","0,314","127,83",40,"167,83",18016.18,0.314,127.83,167.83,7145004,BC5974S,0017,XY,BC5974,Portitxol / Toscal / Trencall
1011022,510837,5859012BC5955N0030QF,2,"18.175,32","0,317","127,85",40,"167,85",18175.32,0.317,127.85,167.85,5859012,BC5955N,0030,QF,BC5955,Arenal / Canal / Montañar
1012976,497153,7339001BC5973N0059JA,2,"18.189,93","0,317","127,85",40,"167,85",18189.93,0.317,127.85,167.85,7339001,BC5973N,0059,JA,BC5973,Tosalet / Cap Martí
1020948,479352,5760101BC5956S0052HO,2,"18.254,32","0,318","127,86",40,"167,86",18254.32,0.318,127.86,167.86,5760101,BC5956S,0052,HO,BC5956,Arenal / Canal / Montañar
1020930,491080,7339001BC5973N0084PR,2,"18.502,97","0,322","127,90",40,"167,90",18502.97,0.322,127.9,167.9,7339001,BC5973N,0084,PR,BC5973,Tosalet / Cap Martí
1013016,491019,7339001BC5973N0106TX,2,"18.502,97","0,322","127,90",40,"167,90",18502.97,0.322,127.9,167.9,7339001,BC5973N,0106,TX,BC5973,Tosalet / Cap Martí
1008999,463447,5454114BC5955S0040FY,2,"18.548,80","0,323","127,91",40,"167,91",18548.8,0.323,127.91,167.91,5454114,BC5955S,0040,FY,BC5955,Arenal / Canal / Montañar
1013129,497953,5760101BC5956S0053JP,2,"18.634,62","0,325","127,92",40,"167,92",18634.62,0.325,127.92,167.92,5760101,BC5956S,0053,JP,BC5956,Arenal / Canal / Montañar
1005021,488812,4574401BC5943S0001RP,2,"18.781,12","0,327","127,95",40,"167,95",18781.12,0.327,127.95,167.95,4574401,BC5943S,0001,RP,BC5943,Casco urbano / Pueblo
1013142,459561,5760101BC5956S0070TZ,2,"19.014,95","0,331","127,98",40,"167,98",19014.95,0.331,127.98,167.98,5760101,BC5956S,0070,TZ,BC5956,Arenal / Canal / Montañar
1013125,493643,5760101BC5956S0049HO,2,"19.014,95","0,331","127,98",40,"167,98",19014.95,0.331,127.98,167.98,5760101,BC5956S,0049,HO,BC5956,Arenal / Canal / Montañar
1009770,472831,5328606BC5957N0004EI,2,"19.055,96","0,332","127,99",40,"167,99",19055.96,0.332,127.99,167.99,5328606,BC5957N,0004,EI,BC5957,Arenal / Canal / Montañar
1021346,461987,5560001BC5955N0032FH,2,"19.073,94","0,332","127,99",40,"167,99",19073.94,0.332,127.99,167.99,5560001,BC5955N,0032,FH,BC5955,Arenal / Canal / Montañar
1011522,464863,5764602BC5956S0044FR,2,"19.177,34","0,334","128,01",40,"168,01",19177.34,0.334,128.01,168.01,5764602,BC5956S,0044,FR,BC5956,Arenal / Canal / Montañar
1025034,489807,4775402BC5947N0021HG,2,"19.344,50","0,337","128,03",40,"168,03",19344.5,0.337,128.03,168.03,4775402,BC5947N,0021,HG,BC5947,Casco urbano / Pueblo
1020846,457546,5762001BC5956S0017XO,2,"19.507,22","0,340","128,06",40,"168,06",19507.22,0.34,128.06,168.06,5762001,BC5956S,0017,XO,BC5956,Arenal / Canal / Montañar
1013148,479679,5760101BC5956S0076AR,2,"19.775,53","0,345","128,10",40,"168,10",19775.53,0.345,128.1,168.1,5760101,BC5956S,0076,AR,BC5956,Arenal / Canal / Montañar
1001929,478433,5656508BC5955N0038ZX,2,"20.074,61","0,350","128,15",40,"168,15",20074.61,0.35,128.15,168.15,5656508,BC5955N,0038,ZX,BC5955,Arenal / Canal / Montañar
1021557,463665,4877001BC5947N0026ZB,2,"20.344,37","0,355","128,19",40,"168,19",20344.37,0.355,128.19,168.19,4877001,BC5947N,0026,ZB,BC5947,Casco urbano / Pueblo
1027316,497235,5227009BC5957N0007SA,2,"20.483,02","0,357","128,21",40,"168,21",20483.02,0.357,128.21,168.21,5227009,BC5957N,0007,SA,BC5957,Arenal / Canal / Montañar
1024924,475654,5457311BC5955N0015JT,2,"20.793,68","0,362","128,26",40,"168,26",20793.68,0.362,128.26,168.26,5457311,BC5955N,0015,JT,BC5955,Arenal / Canal / Montañar
10000344,509896,3575304BC5937N0004XM,2,"20.805,34","0,363","128,26",40,"168,26",20805.34,0.363,128.26,168.26,3575304,BC5937N,0004,XM,BC5937,Casco urbano / Pueblo
1020708,445315,5662001BC5956S0100LZ,2,"21.195,74","0,369","128,32",40,"168,32",21195.74,0.369,128.32,168.32,5662001,BC5956S,0100,LZ,BC5956,Arenal / Canal / Montañar
1020704,495212,5662001BC5956S0096HK,2,"21.195,74","0,369","128,32",40,"168,32",21195.74,0.369,128.32,168.32,5662001,BC5956S,0096,HK,BC5956,Arenal / Canal / Montañar
1022650,481809,5562001BC5956S0104IW,2,"21.398,78","0,373","128,36",40,"168,36",21398.78,0.373,128.36,168.36,5562001,BC5956S,0104,IW,BC5956,Arenal / Canal / Montañar
1008311,446365,5382901BC5958S0086QX,2,"21.614,94","0,377","128,39",40,"168,39",21614.94,0.377,128.39,168.39,5382901,BC5958S,0086,QX,BC5958,Arenal / Canal / Montañar
1013105,458950,5760101BC5956S0011PE,2,"21.677,05","0,378","128,40",40,"168,40",21677.05,0.378,128.4,168.4,5760101,BC5956S,0011,PE,BC5956,Arenal / Canal / Montañar
10012496,506196,5856801BC5955N0039QM,2,"21.974,63","0,383","128,45",40,"168,45",21974.63,0.383,128.45,168.45,5856801,BC5955N,0039,QM,BC5955,Arenal / Canal / Montañar
1011246,498709,5762001BC5956S0007GW,2,"22.899,76","0,399","128,59",40,"168,59",22899.76,0.399,128.59,168.59,5762001,BC5956S,0007,GW,BC5956,Arenal / Canal / Montañar
1021588,488983,4877001BC5947N0057BL,2,"22.943,40","0,400","128,60",40,"168,60",22943.4,0.4,128.6,168.6,4877001,BC5947N,0057,BL,BC5947,Casco urbano / Pueblo
1001411,493752,5656516BC5955N0023IP,2,"23.112,25","0,403","128,63",40,"168,63",23112.25,0.403,128.63,168.63,5656516,BC5955N,0023,IP,BC5955,Arenal / Canal / Montañar
1021571,496935,4877001BC5947N0040YT,2,"23.283,22","0,406","128,65",40,"168,65",23283.22,0.406,128.65,168.65,4877001,BC5947N,0040,YT,BC5947,Casco urbano / Pueblo
1020341,495758,4778301BC5947N0006OY,2,"23.771,57","0,414","128,73",40,"168,73",23771.57,0.414,128.73,168.73,4778301,BC5947N,0006,OY,BC5947,Casco urbano / Pueblo
1002182,490862,6846006BC5964N0038FO,2,"23.853,99","0,416","128,74",40,"168,74",23853.99,0.416,128.74,168.74,6846006,BC5964N,0038,FO,BC5964,Puerto / Aduanas
1028856,482282,4873902BC5947S0009SJ,2,"25.086,03","0,437","128,93",40,"168,93",25086.03,0.437,128.93,168.93,4873902,BC5947S,0009,SJ,BC5947,Casco urbano / Pueblo
1003184,459533,6352010BC5965S0019LZ,2,"25.102,94","0,437","128,94",40,"168,94",25102.94,0.437,128.94,168.94,6352010,BC5965S,0019,LZ,BC5965,Puerto / Aduanas
1008432,470953,5227002BC5957N0075LS,2,"25.137,79","0,438","128,94",40,"168,94",25137.79,0.438,128.94,168.94,5227002,BC5957N,0075,LS,BC5957,Arenal / Canal / Montañar
1027154,477477,4871009BC5947S0013UK,2,"25.273,50","0,440","128,96",40,"168,96",25273.5,0.44,128.96,168.96,4871009,BC5947S,0013,UK,BC5947,Casco urbano / Pueblo
1008956,481902,5454139BC5955S0001BW,2,"25.338,10","0,442","128,97",40,"168,97",25338.1,0.442,128.97,168.97,5454139,BC5955S,0001,BW,BC5955,Arenal / Canal / Montañar
1008454,505668,5227002BC5957N0014XG,2,"25.968,76","0,453","129,07",40,"169,07",25968.76,0.453,129.07,169.07,5227002,BC5957N,0014,XG,BC5957,Arenal / Canal / Montañar
1008416,489609,5227002BC5957N0002DY,2,"25.968,76","0,453","129,07",40,"169,07",25968.76,0.453,129.07,169.07,5227002,BC5957N,0002,DY,BC5957,Arenal / Canal / Montañar
1008403,505978,5227002BC5957N0005HO,2,"25.968,76","0,453","129,07",40,"169,07",25968.76,0.453,129.07,169.07,5227002,BC5957N,0005,HO,BC5957,Arenal / Canal / Montañar
1003171,486781,6551001BC5965S0158BT,2,"26.045,97","0,454","129,09",40,"169,09",26045.97,0.454,129.09,169.09,6551001,BC5965S,0158,BT,BC5965,Puerto / Aduanas
1001545,495019,5656516BC5955N0027SF,2,"26.579,08","0,463","129,17",40,"169,17",26579.08,0.463,129.17,169.17,5656516,BC5955N,0027,SF,BC5955,Arenal / Canal / Montañar
1002484,482009,6551001BC5965S0191KE,2,"26.883,14","0,469","129,22",40,"169,22",26883.14,0.469,129.22,169.22,6551001,BC5965S,0191,KE,BC5965,Puerto / Aduanas
1024049,478410,4876901BC5947N0043JI,2,"27.199,72","0,474","129,27",40,"169,27",27199.72,0.474,129.27,169.27,4876901,BC5947N,0043,JI,BC5947,Casco urbano / Pueblo
1002638,502161,6749501BC5964N0053ZK,2,"27.767,65","0,484","129,36",40,"169,36",27767.65,0.484,129.36,169.36,6749501,BC5964N,0053,ZK,BC5964,Puerto / Aduanas
1010627,508248,2779307BC5928S0006LM,2,"28.090,56","0,490","129,41",40,"169,41",28090.56,0.49,129.41,169.41,2779307,BC5928S,0006,LM,BC5928,Rafalet / Lluca / Covatelles
1021553,480970,4877001BC5947N0022JH,2,"29.424,42","0,513","129,62",40,"169,62",29424.42,0.513,129.62,169.62,4877001,BC5947N,0022,JH,BC5947,Casco urbano / Pueblo
1024786,477903,5368406BC5956N0001JA,2,"31.254,04","0,545","129,90",40,"169,90",31254.04,0.545,129.9,169.9,5368406,BC5956N,0001,JA,BC5956,Arenal / Canal / Montañar
1021377,490079,5560001BC5955N0063DG,2,"31.376,84","0,547","129,92",40,"169,92",31376.84,0.547,129.92,169.92,5560001,BC5955N,0063,DG,BC5955,Arenal / Canal / Montañar
1002996,508747,7145004BC5974S0008HM,2,"33.330,01","0,581","130,23",40,"170,23",33330.01,0.581,130.23,170.23,7145004,BC5974S,0008,HM,BC5974,Portitxol / Toscal / Trencall
1008409,475322,5227002BC5957N0073JP,2,"33.697,48","0,587","130,29",40,"170,29",33697.48,0.587,130.29,170.29,5227002,BC5957N,0073,JP,BC5957,Arenal / Canal / Montañar
1025025,463670,4775402BC5947N0012PO,2,"34.133,60","0,595","130,35",40,"170,35",34133.6,0.595,130.35,170.35,4775402,BC5947N,0012,PO,BC5947,Casco urbano / Pueblo
1031490,474467,5747209BC5954N0011TU,2,"35.013,89","0,610","130,49",40,"170,49",35013.89,0.61,130.49,170.49,5747209,BC5954N,0011,TU,BC5954,Arenal / Canal / Montañar
1022633,460991,5562001BC5956S0087KS,2,"35.501,04","0,619","130,57",40,"170,57",35501.04,0.619,130.57,170.57,5562001,BC5956S,0087,KS,BC5956,Arenal / Canal / Montañar
10000465,502206,4475719BC5947N0007OU,2,"35.622,80","0,621","130,59",40,"170,59",35622.8,0.621,130.59,170.59,4475719,BC5947N,0007,OU,BC5947,Casco urbano / Pueblo
1002350,487598,6947811BC5964N0001PR,2,"35.976,09","0,627","130,64",40,"170,64",35976.09,0.627,130.64,170.64,6947811,BC5964N,0001,PR,BC5964,Puerto / Aduanas
1012040,462237,0084939BC4998N0001OE,2,"36.195,50","0,631","130,68",40,"170,68",36195.5,0.631,130.68,170.68,0084939,BC4998N,0001,OE,BC4998,Les Fonts / Castellans
1023843,499521,5463703BC5956S0135BQ,2,"36.720,36","0,640","130,76",40,"170,76",36720.36,0.64,130.76,170.76,5463703,BC5956S,0135,BQ,BC5956,Arenal / Canal / Montañar
1026502,479913,5750201BC5955S0022PJ,2,"38.066,87","0,663","130,97",40,"170,97",38066.87,0.663,130.97,170.97,5750201,BC5955S,0022,PJ,BC5955,Arenal / Canal / Montañar
1004568,446954,9315418BC5991S0001YL,2,"38.798,02","0,676","131,09",40,"171,09",38798.02,0.676,131.09,171.09,9315418,BC5991S,0001,YL,BC5991,Costa Nova / Balcón al Mar / Ambolo
1002741,447090,6749501BC5964N0035OY,2,"42.183,79","0,735","131,62",40,"171,62",42183.79,0.735,131.62,171.62,6749501,BC5964N,0035,OY,BC5964,Puerto / Aduanas
1030942,509697,3576406BC5937N0003WX,2,"46.146,13","0,804","132,24",40,"172,24",46146.13,0.804,132.24,172.24,3576406,BC5937N,0003,WX,BC5937,Casco urbano / Pueblo
1003503,467593,6251302BC5965S0042ES,2,"50.254,68","0,876","132,88",40,"172,88",50254.68,0.876,132.88,172.88,6251302,BC5965S,0042,ES,BC5965,Puerto / Aduanas
1015364,480448,2963072BC5926S0001KU,2,"50.687,76","0,883","132,95",40,"172,95",50687.76,0.883,132.95,172.95,2963072,BC5926S,0001,KU,BC5926,Rafalet / Lluca / Covatelles
1018262,456439,2344901BC5924S0001QL,2,"51.541,78","0,898","133,08",40,"173,08",51541.78,0.898,133.08,173.08,2344901,BC5924S,0001,QL,BC5924,Rafalet / Lluca / Covatelles
1013802,463841,5373001BC5957S0047MQ,2,"54.123,42","0,943","133,49",40,"173,49",54123.42,0.943,133.49,173.49,5373001,BC5957S,0047,MQ,BC5957,Arenal / Canal / Montañar
1012585,505971,5333317BC5953S0001QF,2,"56.346,54","0,982","133,84",40,"173,84",56346.54,0.982,133.84,173.84,5333317,BC5953S,0001,QF,BC5953,Arenal / Canal / Montañar
1010390,472216,2863116BC5926S0001PU,2,"60.120,62","1,048","134,43",40,"174,43",60120.62,1.048,134.43,174.43,2863116,BC5926S,0001,PU,BC5926,Rafalet / Lluca / Covatelles
1017085,464064,7233013BC5973S0001PX,2,"60.266,86","1,050","134,45",40,"174,45",60266.86,1.05,134.45,174.45,7233013,BC5973S,0001,PX,BC5973,Tosalet / Cap Martí
1017635,434552,2281004BC5928S0001PK,2,"61.554,35","1,073","134,65",40,"174,65",61554.35,1.073,134.65,174.65,2281004,BC5928S,0001,PK,BC5928,Rafalet / Lluca / Covatelles
1010451,492428,3776717BC5937N0004WM,2,"61.605,04","1,074","134,66",40,"174,66",61605.04,1.074,134.66,174.66,3776717,BC5937N,0004,WM,BC5937,Casco urbano / Pueblo
1004718,455209,0016011BC5955S0001MW,2,"62.113,55","1,082","134,74",40,"174,74",62113.55,1.082,134.74,174.74,0016011,BC5955S,0001,MW,BC5955,Arenal / Canal / Montañar
1023090,493950,1635117BC5913S0001LZ,2,"63.545,59","1,107","134,97",40,"174,97",63545.59,1.107,134.97,174.97,1635117,BC5913S,0001,LZ,BC5913,Montgó / Toscamar
1017253,476288,7435505BC5973S0001WX,2,"64.561,82","1,125","135,13",40,"175,13",64561.82,1.125,135.13,175.13,7435505,BC5973S,0001,WX,BC5973,Tosalet / Cap Martí
1011846,478072,0677423BC5907N0001AI,2,"64.951,57","1,132","135,19",40,"175,19",64951.57,1.132,135.19,175.19,0677423,BC5907N,0001,AI,BC5907,Montgó / Toscamar
1011174,495451,5372012BC5957S0004DH,2,"67.076,20","1,169","135,52",40,"175,52",67076.2,1.169,135.52,175.52,5372012,BC5957S,0004,DH,BC5957,Arenal / Canal / Montañar
1003772,461836,8516409BC5981N0001BU,2,"67.526,32","1,177","135,59",40,"175,59",67526.32,1.177,135.59,175.59,8516409,BC5981N,0001,BU,BC5981,Portitxol / Toscal / Trencall
1004417,49812,9317610BC5991N0001ZA,2,"70.712,52","1,232","136,09",40,"176,09",70712.52,1.232,136.09,176.09,9317610,BC5991N,0001,ZA,BC5991,Costa Nova / Balcón al Mar / Ambolo
1018195,477388,9285211BC4998N0001RE,2,"71.793,78","1,251","136,26",40,"176,26",71793.78,1.251,136.26,176.26,9285211,BC4998N,0001,RE,BC4998,Les Fonts / Castellans
1005863,434477,9490803BC4999S0001MT,2,"76.263,01","1,329","136,96",40,"176,96",76263.01,1.329,136.96,176.96,9490803,BC4999S,0001,MT,BC4999,Les Fonts / Castellans
1004210,461654,9021804BC5982S0001IO,2,"76.437,68","1,332","136,99",40,"176,99",76437.68,1.332,136.99,176.99,9021804,BC5982S,0001,IO,BC5982,Costa Nova / Balcón al Mar / Ambolo
1013627,451569,3981121BC5938S0001QX,2,"77.114,66","1,344","137,10",40,"177,10",77114.66,1.344,137.1,177.1,3981121,BC5938S,0001,QX,BC5938,Casco urbano / Pueblo
1009952,457827,5227508BC5952N0001JS,2,"78.046,00","1,360","137,24",40,"177,24",78046.0,1.36,137.24,177.24,5227508,BC5952N,0001,JS,BC5952,Arenal / Canal / Montañar
1013752,461815,3981103BC5938S0001IX,2,"79.228,39","1,381","137,43",40,"177,43",79228.39,1.381,137.43,177.43,3981103,BC5938S,0001,IX,BC5938,Casco urbano / Pueblo
20078,477872,2375126BC5927S0001BQ,2,"81.551,91","1,421","137,79",40,"177,79",81551.91,1.421,137.79,177.79,2375126,BC5927S,0001,BQ,BC5927,Rafalet / Lluca / Covatelles
1009575,458294,3073341BC5927N0001ZH,2,"82.348,97","1,435","137,92",40,"177,92",82348.97,1.435,137.92,177.92,3073341,BC5927N,0001,ZH,BC5927,Rafalet / Lluca / Covatelles
1012430,478458,9882409BC4998S0001RA,2,"96.552,13","1,683","140,14",40,"180,14",96552.13,1.683,140.14,180.14,9882409,BC4998S,0001,RA,BC4998,Les Fonts / Castellans
1003582,463901,9877634BC4997N0001IO,2,"98.778,07","1,721","140,49",40,"180,49",98778.07,1.721,140.49,180.49,9877634,BC4997N,0001,IO,BC4997,Les Fonts / Castellans
1003275,452364,8989308BC4998N0001TE,2,"103.892,38","1,811","141,30",40,"181,30",103892.38,1.811,141.3,181.3,8989308,BC4998N,0001,TE,BC4998,Les Fonts / Castellans
1031559,487095,5246304BC5954N0001GM,2,"121.997,46","2,126","144,14",40,"184,14",121997.46,2.126,144.14,184.14,5246304,BC5954N,0001,GM,BC5954,Arenal / Canal / Montañar
1007644,487910,5386306BC5958N0001RX,2,"192.066,75","3,347","155,13",40,"195,13",192066.75,3.347,155.13,195.13,5386306,BC5958N,0001,RX,BC5958,Arenal / Canal / Montañar
1024613,492269,5227007BC5957N0009LD,3,"8.174,03","0,142","126,28",60,"186,28",8174.03,0.142,126.28,186.28,5227007,BC5957N,0009,LD,BC5957,Arenal / Canal / Montañar
1001186,466598,5754101BC5955S0039JI,3,"8.764,59","0,153","126,37",60,"186,37",8764.59,0.153,126.37,186.37,5754101,BC5955S,0039,JI,BC5955,Arenal / Canal / Montañar
1000673,468686,5481301BC5958S0026FE,3,"10.036,24","0,175","126,57",60,"186,57",10036.24,0.175,126.57,186.57,5481301,BC5958S,0026,FE,BC5958,Arenal / Canal / Montañar
1000686,483145,5481301BC5958S0035BO,3,"10.036,24","0,175","126,57",60,"186,57",10036.24,0.175,126.57,186.57,5481301,BC5958S,0035,BO,BC5958,Arenal / Canal / Montañar
1032216,487115,5378410BC5957N0002HY,3,"11.014,80","0,192","126,73",60,"186,73",11014.8,0.192,126.73,186.73,5378410,BC5957N,0002,HY,BC5957,Arenal / Canal / Montañar
1005223,491955,5555101BC5955N0080KE,3,"13.130,77","0,229","127,06",60,"187,06",13130.77,0.229,127.06,187.06,5555101,BC5955N,0080,KE,BC5955,Arenal / Canal / Montañar
1004566,499528,9315405BC5991S0001IL,3,"13.732,67","0,239","127,15",60,"187,15",13732.67,0.239,127.15,187.15,9315405,BC5991S,0001,IL,BC5991,Costa Nova / Balcón al Mar / Ambolo
1015886,506714,5454103BC5955S0166AY,3,"13.787,37","0,240","127,16",60,"187,16",13787.37,0.24,127.16,187.16,5454103,BC5955S,0166,AY,BC5955,Arenal / Canal / Montañar
1015853,476350,5454103BC5955S0017BG,3,"14.034,26","0,245","127,20",60,"187,20",14034.26,0.245,127.2,187.2,5454103,BC5955S,0017,BG,BC5955,Arenal / Canal / Montañar
1003181,492750,6749502BC5964N0002JT,3,"14.209,77","0,248","127,23",60,"187,23",14209.77,0.248,127.23,187.23,6749502,BC5964N,0002,JT,BC5964,Puerto / Aduanas
1001532,487171,5658008BC5955N0038AX,3,"14.252,52","0,248","127,24",60,"187,24",14252.52,0.248,127.24,187.24,5658008,BC5955N,0038,AX,BC5955,Arenal / Canal / Montañar
1026615,476480,4372807BC5947S0039JG,3,"14.638,76","0,255","127,30",60,"187,30",14638.76,0.255,127.3,187.3,4372807,BC5947S,0039,JG,BC5947,Casco urbano / Pueblo
1026610,502326,4372807BC5947S0034SP,3,"15.034,52","0,262","127,36",60,"187,36",15034.52,0.262,127.36,187.36,4372807,BC5947S,0034,SP,BC5947,Casco urbano / Pueblo
1001833,491866,5656509BC5955N0032QH,3,"15.408,15","0,269","127,42",60,"187,42",15408.15,0.269,127.42,187.42,5656509,BC5955N,0032,QH,BC5955,Arenal / Canal / Montañar
1024249,488068,4876901BC5947N0011JI,3,"16.305,74","0,284","127,56",60,"187,56",16305.74,0.284,127.56,187.56,4876901,BC5947N,0011,JI,BC5947,Casco urbano / Pueblo
1028864,462961,4873902BC5947S0017JX,3,"16.410,17","0,286","127,57",60,"187,57",16410.17,0.286,127.57,187.57,4873902,BC5947S,0017,JX,BC5947,Casco urbano / Pueblo
1024252,510297,4876901BC5947N0014BA,3,"16.815,15","0,293","127,64",60,"187,64",16815.15,0.293,127.64,187.64,4876901,BC5947N,0014,BA,BC5947,Casco urbano / Pueblo
1021461,477778,5560001BC5955N0147YI,3,"17.228,65","0,300","127,70",60,"187,70",17228.65,0.3,127.7,187.7,5560001,BC5955N,0147,YI,BC5955,Arenal / Canal / Montañar
1002726,488692,6550301BC5965S0067UI,3,"17.343,94","0,302","127,72",60,"187,72",17343.94,0.302,127.72,187.72,6550301,BC5965S,0067,UI,BC5965,Puerto / Aduanas
1020288,488580,6550301BC5965S0090ZX,3,"17.343,94","0,302","127,72",60,"187,72",17343.94,0.302,127.72,187.72,6550301,BC5965S,0090,ZX,BC5965,Puerto / Aduanas
1001197,485256,5754101BC5955S0031OM,3,"17.529,25","0,305","127,75",60,"187,75",17529.25,0.305,127.75,187.75,5754101,BC5955S,0031,OM,BC5955,Arenal / Canal / Montañar
1013959,490801,5382701BC5958S0052FB,3,"17.936,24","0,313","127,81",60,"187,81",17936.24,0.313,127.81,187.81,5382701,BC5958S,0052,FB,BC5958,Arenal / Canal / Montañar
1012902,458594,7339001BC5973N0077YM,3,"18.502,97","0,322","127,90",60,"187,90",18502.97,0.322,127.9,187.9,7339001,BC5973N,0077,YM,BC5973,Tosalet / Cap Martí
1002596,453790,6749501BC5964N0060WX,3,"18.535,27","0,323","127,91",60,"187,91",18535.27,0.323,127.91,187.91,6749501,BC5964N,0060,WX,BC5964,Puerto / Aduanas
1008967,511280,5454113BC5955S0055JK,3,"18.582,08","0,324","127,91",60,"187,91",18582.08,0.324,127.91,187.91,5454113,BC5955S,0055,JK,BC5955,Arenal / Canal / Montañar
1021791,424725,5172002BC5957S0066PF,3,"18.804,80","0,328","127,95",60,"187,95",18804.8,0.328,127.95,187.95,5172002,BC5957S,0066,PF,BC5957,Arenal / Canal / Montañar
1013149,464841,5760101BC5956S0078DY,3,"19.014,95","0,331","127,98",60,"187,98",19014.95,0.331,127.98,187.98,5760101,BC5956S,0078,DY,BC5956,Arenal / Canal / Montañar
1015272,496933,5380303BC5957N0026SQ,3,"19.930,97","0,347","128,13",60,"188,13",19930.97,0.347,128.13,188.13,5380303,BC5957N,0026,SQ,BC5957,Arenal / Canal / Montañar
1020943,469197,5760101BC5956S0034RB,3,"21.296,75","0,371","128,34",60,"188,34",21296.75,0.371,128.34,188.34,5760101,BC5956S,0034,RB,BC5956,Arenal / Canal / Montañar
1013208,500067,5760101BC5956S0012AR,3,"21.677,05","0,378","128,40",60,"188,40",21677.05,0.378,128.4,188.4,5760101,BC5956S,0012,AR,BC5956,Arenal / Canal / Montañar
1002159,494198,6846006BC5964N0032IE,3,"23.853,99","0,416","128,74",60,"188,74",23853.99,0.416,128.74,188.74,6846006,BC5964N,0032,IE,BC5964,Puerto / Aduanas
1003016,511122,6352010BC5965S0012SF,3,"25.102,94","0,437","128,94",60,"188,94",25102.94,0.437,128.94,188.94,6352010,BC5965S,0012,SF,BC5965,Puerto / Aduanas
1032239,495480,4169505BC5946N0041WS,3,"26.463,62","0,461","129,15",60,"189,15",26463.62,0.461,129.15,189.15,4169505,BC5946N,0041,WS,BC5946,Casco urbano / Pueblo
1001579,477755,5656503BC5955N0025SS,3,"28.505,12","0,497","129,47",60,"189,47",28505.12,0.497,129.47,189.47,5656503,BC5955N,0025,SS,BC5955,Arenal / Canal / Montañar
1020353,460940,4778301BC5947N0109GS,3,"29.422,40","0,513","129,61",60,"189,61",29422.4,0.513,129.61,189.61,4778301,BC5947N,0109,GS,BC5947,Casco urbano / Pueblo
10000474,507345,4475719BC5947N0016GD,3,"33.576,93","0,585","130,27",60,"190,27",33576.93,0.585,130.27,190.27,4475719,BC5947N,0016,GD,BC5947,Casco urbano / Pueblo
1010193,486644,5378406BC5957N0002UY,3,"37.116,56","0,647","130,82",60,"190,82",37116.56,0.647,130.82,190.82,5378406,BC5957N,0002,UY,BC5957,Arenal / Canal / Montañar
1024097,496759,5174002BC5957S0037MJ,3,"38.252,84","0,667","131,00",60,"191,00",38252.84,0.667,131.0,191.0,5174002,BC5957S,0037,MJ,BC5957,Arenal / Canal / Montañar
1012055,510120,5378502BC5957N0001BT,3,"42.056,09","0,733","131,60",60,"191,60",42056.09,0.733,131.6,191.6,5378502,BC5957N,0001,BT,BC5957,Arenal / Canal / Montañar
1012071,510120,5378502BC5957N0001BT,3,"42.056,09","0,733","131,60",60,"191,60",42056.09,0.733,131.6,191.6,5378502,BC5957N,0001,BT,BC5957,Arenal / Canal / Montañar
1017511,510120,5378502BC5957N0001BT,3,"42.056,09","0,733","131,60",60,"191,60",42056.09,0.733,131.6,191.6,5378502,BC5957N,0001,BT,BC5957,Arenal / Canal / Montañar
1027078,503954,5457801BC5955S0031UM,3,"43.506,16","0,758","131,82",60,"191,82",43506.16,0.758,131.82,191.82,5457801,BC5955S,0031,UM,BC5955,Arenal / Canal / Montañar
1018824,481044,5174001BC5957S0063IA,3,"50.395,22","0,878","132,90",60,"192,90",50395.22,0.878,132.9,192.9,5174001,BC5957S,0063,IA,BC5957,Arenal / Canal / Montañar
1012617,478004,3664310BC5937S0001ZT,3,"60.647,69","1,057","134,51",60,"194,51",60647.69,1.057,134.51,194.51,3664310,BC5937S,0001,ZT,BC5937,Casco urbano / Pueblo
1012635,478004,3664310BC5937S0001ZT,3,"60.647,69","1,057","134,51",60,"194,51",60647.69,1.057,134.51,194.51,3664310,BC5937S,0001,ZT,BC5937,Casco urbano / Pueblo
1032077,478004,3664310BC5937S0001ZT,3,"60.647,69","1,057","134,51",60,"194,51",60647.69,1.057,134.51,194.51,3664310,BC5937S,0001,ZT,BC5937,Casco urbano / Pueblo
1012447,475838,0084929BC4998S0001GA,3,"79.628,32","1,388","137,49",60,"197,49",79628.32,1.388,137.49,197.49,0084929,BC4998S,0001,GA,BC4998,Les Fonts / Castellans
1026558,506935,3664211BC5937S0001ET,4,"6.303,68","0,110","125,99",80,"205,99",6303.68,0.11,125.99,205.99,3664211,BC5937S,0001,ET,BC5937,Casco urbano / Pueblo
1005926,477080,5482705BC5958S0003IO,4,"8.162,02","0,142","126,28",80,"206,28",8162.02,0.142,126.28,206.28,5482705,BC5958S,0003,IO,BC5958,Arenal / Canal / Montañar
1024611,488387,5227007BC5957N0007JA,4,"8.174,03","0,142","126,28",80,"206,28",8174.03,0.142,126.28,206.28,5227007,BC5957N,0007,JA,BC5957,Arenal / Canal / Montañar
1024607,437251,5227007BC5957N0002SY,4,"8.174,03","0,142","126,28",80,"206,28",8174.03,0.142,126.28,206.28,5227007,BC5957N,0002,SY,BC5957,Arenal / Canal / Montañar
1024619,489837,5227007BC5957N0017QK,4,"8.174,03","0,142","126,28",80,"206,28",8174.03,0.142,126.28,206.28,5227007,BC5957N,0017,QK,BC5957,Arenal / Canal / Montañar
1026206,491773,3562821BC5937S0003ZU,4,"8.467,50","0,148","126,33",80,"206,33",8467.5,0.148,126.33,206.33,3562821,BC5937S,0003,ZU,BC5937,Casco urbano / Pueblo
1001029,501758,5754101BC5955S0033AW,4,"8.764,59","0,153","126,37",80,"206,37",8764.59,0.153,126.37,206.37,5754101,BC5955S,0033,AW,BC5955,Arenal / Canal / Montañar
1001095,497664,5754101BC5955S0050XD,4,"8.764,59","0,153","126,37",80,"206,37",8764.59,0.153,126.37,206.37,5754101,BC5955S,0050,XD,BC5955,Arenal / Canal / Montañar
1001138,458977,5754101BC5955S0038HU,4,"8.764,59","0,153","126,37",80,"206,37",8764.59,0.153,126.37,206.37,5754101,BC5955S,0038,HU,BC5955,Arenal / Canal / Montañar
1005883,511225,3976204BC5937N0002SZ,4,"8.909,15","0,155","126,40",80,"206,40",8909.15,0.155,126.4,206.4,3976204,BC5937N,0002,SZ,BC5937,Casco urbano / Pueblo
1009167,509738,3562813BC5937S0005QO,4,"9.505,44","0,166","126,49",80,"206,49",9505.44,0.166,126.49,206.49,3562813,BC5937S,0005,QO,BC5937,Casco urbano / Pueblo
1015719,500103,3664215BC5937S0001HT,4,"9.937,51","0,173","126,56",80,"206,56",9937.51,0.173,126.56,206.56,3664215,BC5937S,0001,HT,BC5937,Casco urbano / Pueblo
1008759,488061,3769808BC5936N0001ZE,4,"10.136,33","0,177","126,59",80,"206,59",10136.33,0.177,126.59,206.59,3769808,BC5936N,0001,ZE,BC5936,Casco urbano / Pueblo
1011631,488599,5376604BC5957S0039GL,4,"10.987,27","0,191","126,72",80,"206,72",10987.27,0.191,126.72,206.72,5376604,BC5957S,0039,GL,BC5957,Arenal / Canal / Montañar
1011687,486435,5376604BC5957S0026TO,4,"10.987,27","0,191","126,72",80,"206,72",10987.27,0.191,126.72,206.72,5376604,BC5957S,0026,TO,BC5957,Arenal / Canal / Montañar
1015249,480687,5381803BC5958S0005XA,4,"11.066,75","0,193","126,74",80,"206,74",11066.75,0.193,126.74,206.74,5381803,BC5958S,0005,XA,BC5958,Arenal / Canal / Montañar
1015138,457787,5381803BC5958S0007QD,4,"11.066,75","0,193","126,74",80,"206,74",11066.75,0.193,126.74,206.74,5381803,BC5958S,0007,QD,BC5958,Arenal / Canal / Montañar
1012699,498222,5481004BC5958S0002AI,4,"11.235,96","0,196","126,76",80,"206,76",11235.96,0.196,126.76,206.76,5481004,BC5958S,0002,AI,BC5958,Arenal / Canal / Montañar
1005260,476345,5555101BC5955N0035AL,4,"11.251,13","0,196","126,76",80,"206,76",11251.13,0.196,126.76,206.76,5555101,BC5955N,0035,AL,BC5955,Arenal / Canal / Montañar
1005287,493232,5555101BC5955N0044JW,4,"11.472,01","0,200","126,80",80,"206,80",11472.01,0.2,126.8,206.8,5555101,BC5955N,0044,JW,BC5955,Arenal / Canal / Montañar
1005241,510838,5555101BC5955N0039GM,4,"11.497,88","0,200","126,80",80,"206,80",11497.88,0.2,126.8,206.8,5555101,BC5955N,0039,GM,BC5955,Arenal / Canal / Montañar
1015996,456058,5454103BC5955S0088QL,4,"11.690,61","0,204","126,83",80,"206,83",11690.61,0.204,126.83,206.83,5454103,BC5955S,0088,QL,BC5955,Arenal / Canal / Montañar
1015969,480019,5454103BC5955S0096YQ,4,"11.704,25","0,204","126,84",80,"206,84",11704.25,0.204,126.84,206.84,5454103,BC5955S,0096,YQ,BC5955,Arenal / Canal / Montañar
1015904,499277,5454103BC5955S0152MK,4,"11.708,82","0,204","126,84",80,"206,84",11708.82,0.204,126.84,206.84,5454103,BC5955S,0152,MK,BC5955,Arenal / Canal / Montañar
1015878,489594,5454103BC5955S0025WB,4,"11.708,82","0,204","126,84",80,"206,84",11708.82,0.204,126.84,206.84,5454103,BC5955S,0025,WB,BC5955,Arenal / Canal / Montañar
1014642,486126,3762822BC5937S0001ST,4,"12.121,05","0,211","126,90",80,"206,90",12121.05,0.211,126.9,206.9,3762822,BC5937S,0001,ST,BC5937,Casco urbano / Pueblo
1011020,485299,5762013BC5956S0040WM,4,"12.202,52","0,213","126,91",80,"206,91",12202.52,0.213,126.91,206.91,5762013,BC5956S,0040,WM,BC5956,Arenal / Canal / Montañar
1012328,489399,3966426BC5937S0001DT,4,"12.310,55","0,215","126,93",80,"206,93",12310.55,0.215,126.93,206.93,3966426,BC5937S,0001,DT,BC5937,Casco urbano / Pueblo
1005219,511274,5555101BC5955N0070AL,4,"12.426,68","0,217","126,95",80,"206,95",12426.68,0.217,126.95,206.95,5555101,BC5955N,0070,AL,BC5955,Arenal / Canal / Montañar
1001644,495189,5656508BC5955N0011MQ,4,"12.427,12","0,217","126,95",80,"206,95",12427.12,0.217,126.95,206.95,5656508,BC5955N,0011,MQ,BC5955,Arenal / Canal / Montañar
1005202,511276,5555101BC5955N0069DZ,4,"12.725,29","0,222","127,00",80,"207,00",12725.29,0.222,127.0,207.0,5555101,BC5955N,0069,DZ,BC5955,Arenal / Canal / Montañar
1012899,510124,7293009BC5974S0004UL,4,"12.969,63","0,226","127,03",80,"207,03",12969.63,0.226,127.03,207.03,7293009,BC5974S,0004,UL,BC5974,Portitxol / Toscal / Trencall
1020887,493329,3373515BC5937S0001DT,4,"13.122,18","0,229","127,06",80,"207,06",13122.18,0.229,127.06,207.06,3373515,BC5937S,0001,DT,BC5937,Casco urbano / Pueblo
1005224,492041,5555101BC5955N0081LR,4,"13.130,77","0,229","127,06",80,"207,06",13130.77,0.229,127.06,207.06,5555101,BC5955N,0081,LR,BC5955,Arenal / Canal / Montañar
1001142,509219,5754101BC5955S0036FT,4,"13.146,91","0,229","127,06",80,"207,06",13146.91,0.229,127.06,207.06,5754101,BC5955S,0036,FT,BC5955,Arenal / Canal / Montañar
1011684,460110,5469004BC5956N0019KE,4,"13.401,04","0,234","127,10",80,"207,10",13401.04,0.234,127.1,207.1,5469004,BC5956N,0019,KE,BC5956,Arenal / Canal / Montañar
1002485,482332,6749502BC5964N0023OB,4,"13.669,82","0,238","127,14",80,"207,14",13669.82,0.238,127.14,207.14,6749502,BC5964N,0023,OB,BC5964,Puerto / Aduanas
1023059,477852,4575002BC5947S0015DB,4,"13.721,46","0,239","127,15",80,"207,15",13721.46,0.239,127.15,207.15,4575002,BC5947S,0015,DB,BC5947,Casco urbano / Pueblo
1015807,480769,5454103BC5955S0091QL,4,"13.801,01","0,241","127,16",80,"207,16",13801.01,0.241,127.16,207.16,5454103,BC5955S,0091,QL,BC5955,Arenal / Canal / Montañar
1015917,509817,5454103BC5955S0121QL,4,"13.805,53","0,241","127,17",80,"207,17",13805.53,0.241,127.17,207.17,5454103,BC5955S,0121,QL,BC5955,Arenal / Canal / Montañar
1011990,490458,3463013BC5937S0001QT,4,"13.839,98","0,241","127,17",80,"207,17",13839.98,0.241,127.17,207.17,3463013,BC5937S,0001,QT,BC5937,Casco urbano / Pueblo
1009732,488861,5178002BC5957N0058SQ,4,"13.901,52","0,242","127,18",80,"207,18",13901.52,0.242,127.18,207.18,5178002,BC5957N,0058,SQ,BC5957,Arenal / Canal / Montañar
1009867,489791,5178002BC5957N0052YK,4,"13.901,52","0,242","127,18",80,"207,18",13901.52,0.242,127.18,207.18,5178002,BC5957N,0052,YK,BC5957,Arenal / Canal / Montañar
1015773,504122,5454103BC5955S0099OR,4,"14.034,26","0,245","127,20",80,"207,20",14034.26,0.245,127.2,207.2,5454103,BC5955S,0099,OR,BC5955,Arenal / Canal / Montañar
1015830,476669,5454103BC5955S0005AY,4,"14.034,26","0,245","127,20",80,"207,20",14034.26,0.245,127.2,207.2,5454103,BC5955S,0005,AY,BC5955,Arenal / Canal / Montañar
1018104,481982,5379507BC5957N0001QT,4,"14.131,54","0,246","127,22",80,"207,22",14131.54,0.246,127.22,207.22,5379507,BC5957N,0001,QT,BC5957,Arenal / Canal / Montañar
1025986,443957,4475723BC5947N0105LI,4,"14.161,54","0,247","127,22",80,"207,22",14161.54,0.247,127.22,207.22,4475723,BC5947N,0105,LI,BC5947,Casco urbano / Pueblo
1002682,508240,6749502BC5964N0042XP,4,"14.216,63","0,248","127,23",80,"207,23",14216.63,0.248,127.23,207.23,6749502,BC5964N,0042,XP,BC5964,Puerto / Aduanas
1001727,487859,5656507BC5955N0029YH,4,"14.252,52","0,248","127,24",80,"207,24",14252.52,0.248,127.24,207.24,5656507,BC5955N,0029,YH,BC5955,Arenal / Canal / Montañar
1025963,502307,4475723BC5947N0082MS,4,"14.300,13","0,249","127,24",80,"207,24",14300.13,0.249,127.24,207.24,4475723,BC5947N,0082,MS,BC5947,Casco urbano / Pueblo
1026613,497103,4372807BC5947S0037GD,4,"14.349,09","0,250","127,25",80,"207,25",14349.09,0.25,127.25,207.25,4372807,BC5947S,0037,GD,BC5947,Casco urbano / Pueblo
1005878,505035,3976201BC5937N0001UB,4,"14.422,14","0,251","127,26",80,"207,26",14422.14,0.251,127.26,207.26,3976201,BC5937N,0001,UB,BC5937,Casco urbano / Pueblo
1020541,489680,3864402BC5937S0001PT,4,"14.513,65","0,253","127,28",80,"207,28",14513.65,0.253,127.28,207.28,3864402,BC5937S,0001,PT,BC5937,Casco urbano / Pueblo
1001296,492112,5656510BC5955N0005AZ,4,"14.637,72","0,255","127,30",80,"207,30",14637.72,0.255,127.3,207.3,5656510,BC5955N,0005,AZ,BC5955,Arenal / Canal / Montañar
1001883,459350,5656511BC5955N0029GH,4,"14.637,72","0,255","127,30",80,"207,30",14637.72,0.255,127.3,207.3,5656511,BC5955N,0029,GH,BC5955,Arenal / Canal / Montañar
1001320,475455,5656511BC5955N0020YU,4,"14.637,72","0,255","127,30",80,"207,30",14637.72,0.255,127.3,207.3,5656511,BC5955N,0020,YU,BC5955,Arenal / Canal / Montañar
1001490,486938,5656511BC5955N0033HJ,4,"14.637,72","0,255","127,30",80,"207,30",14637.72,0.255,127.3,207.3,5656511,BC5955N,0033,HJ,BC5955,Arenal / Canal / Montañar
1005914,505632,5482607BC5958S0001BU,4,"14.678,35","0,256","127,30",80,"207,30",14678.35,0.256,127.3,207.3,5482607,BC5958S,0001,BU,BC5958,Arenal / Canal / Montañar
1001051,482090,5658007BC5955N0004MB,4,"14.796,88","0,258","127,32",80,"207,32",14796.88,0.258,127.32,207.32,5658007,BC5955N,0004,MB,BC5955,Arenal / Canal / Montañar
1025957,502164,4475723BC5947N0076BO,4,"14.825,99","0,258","127,33",80,"207,33",14825.99,0.258,127.33,207.33,4475723,BC5947N,0076,BO,BC5947,Casco urbano / Pueblo
1014706,499410,3864502BC5937S0001FT,4,"14.866,41","0,259","127,33",80,"207,33",14866.41,0.259,127.33,207.33,3864502,BC5937S,0001,FT,BC5937,Casco urbano / Pueblo
10000353,507561,3575304BC5937N0013TY,4,"15.161,16","0,264","127,38",80,"207,38",15161.16,0.264,127.38,207.38,3575304,BC5937N,0013,TY,BC5937,Casco urbano / Pueblo
1018773,501581,5075302BC5957N0036QI,4,"15.174,80","0,264","127,38",80,"207,38",15174.8,0.264,127.38,207.38,5075302,BC5957N,0036,QI,BC5957,Arenal / Canal / Montañar
1018795,487254,5075302BC5957N0058JQ,4,"15.372,58","0,268","127,41",80,"207,41",15372.58,0.268,127.41,207.41,5075302,BC5957N,0058,JQ,BC5957,Arenal / Canal / Montañar
1014815,506467,3563412BC5937S0001MT,4,"15.670,19","0,273","127,46",80,"207,46",15670.19,0.273,127.46,207.46,3563412,BC5937S,0001,MT,BC5937,Casco urbano / Pueblo
1008488,485853,3762216BC5937S0006SP,4,"15.755,30","0,275","127,47",80,"207,47",15755.3,0.275,127.47,207.47,3762216,BC5937S,0006,SP,BC5937,Casco urbano / Pueblo
1008975,510853,5454114BC5955S0006GU,4,"15.847,70","0,276","127,49",80,"207,49",15847.7,0.276,127.49,207.49,5454114,BC5955S,0006,GU,BC5955,Arenal / Canal / Montañar
1020300,487142,6749502BC5964N0055OB,4,"15.848,81","0,276","127,49",80,"207,49",15848.81,0.276,127.49,207.49,6749502,BC5964N,0055,OB,BC5964,Puerto / Aduanas
1002803,444519,6749502BC5964N0054IL,4,"15.852,77","0,276","127,49",80,"207,49",15852.77,0.276,127.49,207.49,6749502,BC5964N,0054,IL,BC5964,Puerto / Aduanas
1025015,501910,4775402BC5947N0002EW,4,"15.861,71","0,276","127,49",80,"207,49",15861.71,0.276,127.49,207.49,4775402,BC5947N,0002,EW,BC5947,Casco urbano / Pueblo
1011067,476066,5762013BC5956S0001ZL,4,"15.916,39","0,277","127,50",80,"207,50",15916.39,0.277,127.5,207.5,5762013,BC5956S,0001,ZL,BC5956,Arenal / Canal / Montañar
1020849,485317,5762013BC5956S0007RW,4,"15.916,39","0,277","127,50",80,"207,50",15916.39,0.277,127.5,207.5,5762013,BC5956S,0007,RW,BC5956,Arenal / Canal / Montañar
1011519,486601,5960704BC5956S0017TO,4,"16.142,04","0,281","127,53",80,"207,53",16142.04,0.281,127.53,207.53,5960704,BC5956S,0017,TO,BC5956,Arenal / Canal / Montañar
1024028,485404,4876901BC5947N0022WH,4,"16.168,32","0,282","127,54",80,"207,54",16168.32,0.282,127.54,207.54,4876901,BC5947N,0022,WH,BC5947,Casco urbano / Pueblo
1024240,427404,4876901BC5947N0002AW,4,"16.305,74","0,284","127,56",80,"207,56",16305.74,0.284,127.56,207.56,4876901,BC5947N,0002,AW,BC5947,Casco urbano / Pueblo
1009017,485457,5454113BC5955S0022HJ,4,"16.341,50","0,285","127,56",80,"207,56",16341.5,0.285,127.56,207.56,5454113,BC5955S,0022,HJ,BC5955,Arenal / Canal / Montañar
1009023,510453,5454113BC5955S0041YU,4,"16.341,50","0,285","127,56",80,"207,56",16341.5,0.285,127.56,207.56,5454113,BC5955S,0041,YU,BC5955,Arenal / Canal / Montañar
1005239,483559,5555101BC5955N0036SB,4,"16.414,04","0,286","127,57",80,"207,57",16414.04,0.286,127.57,207.57,5555101,BC5955N,0036,SB,BC5955,Arenal / Canal / Montañar
1018141,480198,3372322BC5937S0001DT,4,"16.564,71","0,289","127,60",80,"207,60",16564.71,0.289,127.6,207.6,3372322,BC5937S,0001,DT,BC5937,Casco urbano / Pueblo
1025928,486572,4176508BC5947N0005WT,4,"16.754,67","0,292","127,63",80,"207,63",16754.67,0.292,127.63,207.63,4176508,BC5947N,0005,WT,BC5947,Casco urbano / Pueblo
1009008,481617,5454113BC5955S0043IO,4,"16.783,06","0,292","127,63",80,"207,63",16783.06,0.292,127.63,207.63,5454113,BC5955S,0043,IO,BC5955,Arenal / Canal / Montañar
1001534,496872,5658011BC5955N0004OB,4,"17.012,25","0,296","127,67",80,"207,67",17012.25,0.296,127.67,207.67,5658011,BC5955N,0004,OB,BC5955,Arenal / Canal / Montañar
1025932,446364,4176508BC5947N0009YO,4,"17.043,53","0,297","127,67",80,"207,67",17043.53,0.297,127.67,207.67,4176508,BC5947N,0009,YO,BC5947,Casco urbano / Pueblo
1012496,498750,5482701BC5958S0001HU,4,"17.161,78","0,299","127,69",80,"207,69",17161.78,0.299,127.69,207.69,5482701,BC5958S,0001,HU,BC5958,Arenal / Canal / Montañar
1005924,498750,5482701BC5958S0001HU,4,"17.161,78","0,299","127,69",80,"207,69",17161.78,0.299,127.69,207.69,5482701,BC5958S,0001,HU,BC5958,Arenal / Canal / Montañar
1008088,488085,3864607BC5937S0001JT,4,"17.212,47","0,300","127,70",80,"207,70",17212.47,0.3,127.7,207.7,3864607,BC5937S,0001,JT,BC5937,Casco urbano / Pueblo
1026572,503867,3471402BC5937S0011MS,4,"17.295,55","0,301","127,71",80,"207,71",17295.55,0.301,127.71,207.71,3471402,BC5937S,0011,MS,BC5937,Casco urbano / Pueblo
1020833,488757,2779307BC5928S0002GL,4,"17.317,43","0,302","127,72",80,"207,72",17317.43,0.302,127.72,207.72,2779307,BC5928S,0002,GL,BC5928,Rafalet / Lluca / Covatelles
1001830,482280,5855102BC5955N0006XX,4,"17.351,49","0,302","127,72",80,"207,72",17351.49,0.302,127.72,207.72,5855102,BC5955N,0006,XX,BC5955,Arenal / Canal / Montañar
1021611,488677,4877001BC5947N0082DS,4,"17.418,43","0,304","127,73",80,"207,73",17418.43,0.304,127.73,207.73,4877001,BC5947N,0082,DS,BC5947,Casco urbano / Pueblo
1016286,500625,4176303BC5947N0023UJ,4,"17.471,38","0,304","127,74",80,"207,74",17471.38,0.304,127.74,207.74,4176303,BC5947N,0023,UJ,BC5947,Casco urbano / Pueblo
1003119,491943,6749502BC5964N0036LU,4,"17.496,35","0,305","127,74",80,"207,74",17496.35,0.305,127.74,207.74,6749502,BC5964N,0036,LU,BC5964,Puerto / Aduanas
1001143,489250,5754101BC5955S0012LP,4,"17.529,25","0,305","127,75",80,"207,75",17529.25,0.305,127.75,207.75,5754101,BC5955S,0012,LP,BC5955,Arenal / Canal / Montañar
1020235,482232,5754101BC5955S0013BA,4,"17.529,25","0,305","127,75",80,"207,75",17529.25,0.305,127.75,207.75,5754101,BC5955S,0013,BA,BC5955,Arenal / Canal / Montañar
1005201,498580,5555101BC5955N0062YF,4,"17.595,93","0,307","127,76",80,"207,76",17595.93,0.307,127.76,207.76,5555101,BC5955N,0062,YF,BC5955,Arenal / Canal / Montañar
1020463,482395,3676310BC5937N0001BB,4,"17.815,23","0,310","127,79",80,"207,79",17815.23,0.31,127.79,207.79,3676310,BC5937N,0001,BB,BC5937,Casco urbano / Pueblo
1001365,499439,5656508BC5955N0045WE,4,"17.844,11","0,311","127,80",80,"207,80",17844.11,0.311,127.8,207.8,5656508,BC5955N,0045,WE,BC5955,Arenal / Canal / Montañar
1011231,478864,5374708BC5957S0017YE,4,"17.902,29","0,312","127,81",80,"207,81",17902.29,0.312,127.81,207.81,5374708,BC5957S,0017,YE,BC5957,Arenal / Canal / Montañar
1010966,483045,5374708BC5957S0008MB,4,"17.902,29","0,312","127,81",80,"207,81",17902.29,0.312,127.81,207.81,5374708,BC5957S,0008,MB,BC5957,Arenal / Canal / Montañar
1011280,485122,5374708BC5957S0009QZ,4,"17.902,29","0,312","127,81",80,"207,81",17902.29,0.312,127.81,207.81,5374708,BC5957S,0009,QZ,BC5957,Arenal / Canal / Montañar
1000919,473243,5380704BC5957N0011WS,4,"17.978,46","0,313","127,82",80,"207,82",17978.46,0.313,127.82,207.82,5380704,BC5957N,0011,WS,BC5957,Arenal / Canal / Montañar
1021608,495897,4877001BC5947N0079DS,4,"18.107,58","0,316","127,84",80,"207,84",18107.58,0.316,127.84,207.84,4877001,BC5947N,0079,DS,BC5947,Casco urbano / Pueblo
1000691,500508,5481017BC5958S0001IU,4,"18.110,20","0,316","127,84",80,"207,84",18110.2,0.316,127.84,207.84,5481017,BC5958S,0001,IU,BC5958,Arenal / Canal / Montañar
1010289,447889,3663327BC5937S0002TY,4,"18.146,53","0,316","127,85",80,"207,85",18146.53,0.316,127.85,207.85,3663327,BC5937S,0002,TY,BC5937,Casco urbano / Pueblo
1020864,510977,5859012BC5955N0017JU,4,"18.175,32","0,317","127,85",80,"207,85",18175.32,0.317,127.85,207.85,5859012,BC5955N,0017,JU,BC5955,Arenal / Canal / Montañar
1012918,509272,7339001BC5973N0037QK,4,"18.189,93","0,317","127,85",80,"207,85",18189.93,0.317,127.85,207.85,7339001,BC5973N,0037,QK,BC5973,Tosalet / Cap Martí
1020970,502797,7339001BC5973N0019SY,4,"18.189,93","0,317","127,85",80,"207,85",18189.93,0.317,127.85,207.85,7339001,BC5973N,0019,SY,BC5973,Tosalet / Cap Martí
1012911,466022,7339001BC5973N0062JA,4,"18.189,93","0,317","127,85",80,"207,85",18189.93,0.317,127.85,207.85,7339001,BC5973N,0062,JA,BC5973,Tosalet / Cap Martí
1012888,471587,7339001BC5973N0068MJ,4,"18.189,93","0,317","127,85",80,"207,85",18189.93,0.317,127.85,207.85,7339001,BC5973N,0068,MJ,BC5973,Tosalet / Cap Martí
1013121,483160,5760101BC5956S0045ST,4,"18.254,32","0,318","127,86",80,"207,86",18254.32,0.318,127.86,207.86,5760101,BC5956S,0045,ST,BC5956,Arenal / Canal / Montañar
1005279,480087,5555101BC5955N0019QO,4,"18.323,50","0,319","127,87",80,"207,87",18323.5,0.319,127.87,207.87,5555101,BC5955N,0019,QO,BC5955,Arenal / Canal / Montañar
1001910,453731,5656507BC5955N0008FQ,4,"18.489,80","0,322","127,90",80,"207,90",18489.8,0.322,127.9,207.9,5656507,BC5955N,0008,FQ,BC5955,Arenal / Canal / Montañar
1001726,487860,5656507BC5955N0026ED,4,"18.489,80","0,322","127,90",80,"207,90",18489.8,0.322,127.9,207.9,5656507,BC5955N,0026,ED,BC5955,Arenal / Canal / Montañar
1013017,477409,7339001BC5973N0108UQ,4,"18.502,97","0,322","127,90",80,"207,90",18502.97,0.322,127.9,207.9,7339001,BC5973N,0108,UQ,BC5973,Tosalet / Cap Martí
1012906,466421,7339001BC5973N0122GO,4,"18.502,97","0,322","127,90",80,"207,90",18502.97,0.322,127.9,207.9,7339001,BC5973N,0122,GO,BC5973,Tosalet / Cap Martí
1002547,477376,6749501BC5964N0048LH,4,"18.535,27","0,323","127,91",80,"207,91",18535.27,0.323,127.91,207.91,6749501,BC5964N,0048,LH,BC5964,Puerto / Aduanas
1008954,487284,5454113BC5955S0054HJ,4,"18.582,08","0,324","127,91",80,"207,91",18582.08,0.324,127.91,207.91,5454113,BC5955S,0054,HJ,BC5955,Arenal / Canal / Montañar
1013122,463131,5760101BC5956S0046DY,4,"18.634,62","0,325","127,92",80,"207,92",18634.62,0.325,127.92,207.92,5760101,BC5956S,0046,DY,BC5956,Arenal / Canal / Montañar
1025033,454567,4775402BC5947N0020GF,4,"18.711,51","0,326","127,93",80,"207,93",18711.51,0.326,127.93,207.93,4775402,BC5947N,0020,GF,BC5947,Casco urbano / Pueblo
1021412,506181,5560001BC5955N0098HK,4,"18.869,66","0,329","127,96",80,"207,96",18869.66,0.329,127.96,207.96,5560001,BC5955N,0098,HK,BC5955,Arenal / Canal / Montañar
1009788,481264,5328606BC5957N0017DK,4,"19.055,96","0,332","127,99",80,"207,99",19055.96,0.332,127.99,207.99,5328606,BC5957N,0017,DK,BC5957,Arenal / Canal / Montañar
1015313,510808,3373531BC5937S0001AT,4,"19.369,14","0,338","128,04",80,"208,04",19369.14,0.338,128.04,208.04,3373531,BC5937S,0001,AT,BC5937,Casco urbano / Pueblo
1013197,481541,5760101BC5956S0010OW,4,"19.395,24","0,338","128,04",80,"208,04",19395.24,0.338,128.04,208.04,5760101,BC5956S,0010,OW,BC5956,Arenal / Canal / Montañar
1010848,488382,5762001BC5956S0011HE,4,"19.507,22","0,340","128,06",80,"208,06",19507.22,0.34,128.06,208.06,5762001,BC5956S,0011,HE,BC5956,Arenal / Canal / Montañar
1015142,509485,5380302BC5958S0007DD,4,"19.567,42","0,341","128,07",80,"208,07",19567.42,0.341,128.07,208.07,5380302,BC5958S,0007,DD,BC5958,Arenal / Canal / Montañar
1013133,486336,5760101BC5956S0058XG,4,"19.775,53","0,345","128,10",80,"208,10",19775.53,0.345,128.1,208.1,5760101,BC5956S,0058,XG,BC5956,Arenal / Canal / Montañar
1020957,474751,5760101BC5956S0081DY,4,"19.775,53","0,345","128,10",80,"208,10",19775.53,0.345,128.1,208.1,5760101,BC5956S,0081,DY,BC5956,Arenal / Canal / Montañar
1015430,492251,5279801BC5957N0057IM,4,"19.777,38","0,345","128,10",80,"208,10",19777.38,0.345,128.1,208.1,5279801,BC5957N,0057,IM,BC5957,Arenal / Canal / Montañar
1024358,473478,5172002BC5957S0307QT,4,"19.862,94","0,346","128,12",80,"208,12",19862.94,0.346,128.12,208.12,5172002,BC5957S,0307,QT,BC5957,Arenal / Canal / Montañar
1023648,504123,5658002BC5955N0191KF,4,"19.908,70","0,347","128,12",80,"208,12",19908.7,0.347,128.12,208.12,5658002,BC5955N,0191,KF,BC5955,Arenal / Canal / Montañar
1020767,482760,5454114BC5955S0002AE,4,"20.052,65","0,349","128,15",80,"208,15",20052.65,0.349,128.15,208.15,5454114,BC5955S,0002,AE,BC5955,Arenal / Canal / Montañar
1008944,470550,5454114BC5955S0004DT,4,"20.052,65","0,349","128,15",80,"208,15",20052.65,0.349,128.15,208.15,5454114,BC5955S,0004,DT,BC5955,Arenal / Canal / Montañar
1013161,502137,5760101BC5956S0063QJ,4,"20.155,86","0,351","128,16",80,"208,16",20155.86,0.351,128.16,208.16,5760101,BC5956S,0063,QJ,BC5956,Arenal / Canal / Montañar
1008968,487128,5454114BC5955S0038GU,4,"20.155,97","0,351","128,16",80,"208,16",20155.97,0.351,128.16,208.16,5454114,BC5955S,0038,GU,BC5955,Arenal / Canal / Montañar
1026356,496727,3964310BC5937S0002ZY,4,"20.349,41","0,355","128,19",80,"208,19",20349.41,0.355,128.19,208.19,3964310,BC5937S,0002,ZY,BC5937,Casco urbano / Pueblo
1000675,476903,5481301BC5958S0005XA,4,"20.359,35","0,355","128,19",80,"208,19",20359.35,0.355,128.19,208.19,5481301,BC5958S,0005,XA,BC5958,Arenal / Canal / Montañar
1000651,470922,5481301BC5958S0017IB,4,"20.359,35","0,355","128,19",80,"208,19",20359.35,0.355,128.19,208.19,5481301,BC5958S,0017,IB,BC5958,Arenal / Canal / Montañar
1020211,468685,5481301BC5958S0024SQ,4,"20.359,35","0,355","128,19",80,"208,19",20359.35,0.355,128.19,208.19,5481301,BC5958S,0024,SQ,BC5958,Arenal / Canal / Montañar
1008984,498619,5454113BC5955S0011IO,4,"20.403,73","0,356","128,20",80,"208,20",20403.73,0.356,128.2,208.2,5454113,BC5955S,0011,IO,BC5955,Arenal / Canal / Montañar
1008982,496869,5454113BC5955S0009OP,4,"20.403,73","0,356","128,20",80,"208,20",20403.73,0.356,128.2,208.2,5454113,BC5955S,0009,OP,BC5955,Arenal / Canal / Montañar
1008953,491770,5454113BC5955S0050SD,4,"20.403,73","0,356","128,20",80,"208,20",20403.73,0.356,128.2,208.2,5454113,BC5955S,0050,SD,BC5955,Arenal / Canal / Montañar
1015989,499081,5454103BC5955S0200SU,4,"20.407,70","0,356","128,20",80,"208,20",20407.7,0.356,128.2,208.2,5454103,BC5955S,0200,SU,BC5955,Arenal / Canal / Montañar
1014437,511224,4277208BC5947N0008DI,4,"20.409,63","0,356","128,20",80,"208,20",20409.63,0.356,128.2,208.2,4277208,BC5947N,0008,DI,BC5947,Casco urbano / Pueblo
1022993,507045,5267003BC5956N0017DQ,4,"20.561,86","0,358","128,23",80,"208,23",20561.86,0.358,128.23,208.23,5267003,BC5956N,0017,DQ,BC5956,Arenal / Canal / Montañar
1012951,459194,7339001BC5973N0038WL,4,"20.587,73","0,359","128,23",80,"208,23",20587.73,0.359,128.23,208.23,7339001,BC5973N,0038,WL,BC5973,Tosalet / Cap Martí
1013046,462837,7339001BC5973N0067XH,4,"20.587,73","0,359","128,23",80,"208,23",20587.73,0.359,128.23,208.23,7339001,BC5973N,0067,XH,BC5973,Tosalet / Cap Martí
1012900,467581,7339001BC5973N0048OE,4,"20.587,73","0,359","128,23",80,"208,23",20587.73,0.359,128.23,208.23,7339001,BC5973N,0048,OE,BC5973,Tosalet / Cap Martí
1012892,481471,7339001BC5973N0010EB,4,"20.587,73","0,359","128,23",80,"208,23",20587.73,0.359,128.23,208.23,7339001,BC5973N,0010,EB,BC5973,Tosalet / Cap Martí
1009376,499251,5381215BC5958S0003IO,4,"20.611,77","0,359","128,23",80,"208,23",20611.77,0.359,128.23,208.23,5381215,BC5958S,0003,IO,BC5958,Arenal / Canal / Montañar
1008929,492018,5454113BC5955S0004RT,4,"20.631,73","0,360","128,24",80,"208,24",20631.73,0.36,128.24,208.24,5454113,BC5955S,0004,RT,BC5955,Arenal / Canal / Montañar
1009005,471445,5454113BC5955S0003ER,4,"20.631,73","0,360","128,24",80,"208,24",20631.73,0.36,128.24,208.24,5454113,BC5955S,0003,ER,BC5955,Arenal / Canal / Montañar
1014176,447329,5279505BC5957N0004JI,4,"20.716,52","0,361","128,25",80,"208,25",20716.52,0.361,128.25,208.25,5279505,BC5957N,0004,JI,BC5957,Arenal / Canal / Montañar
1014238,473126,5279505BC5957N0002GY,4,"20.716,52","0,361","128,25",80,"208,25",20716.52,0.361,128.25,208.25,5279505,BC5957N,0002,GY,BC5957,Arenal / Canal / Montañar
1002920,467597,6749501BC5964N0036PU,4,"20.721,31","0,361","128,25",80,"208,25",20721.31,0.361,128.25,208.25,6749501,BC5964N,0036,PU,BC5964,Puerto / Aduanas
1010611,487623,2779307BC5928S0010BQ,4,"20.833,06","0,363","128,27",80,"208,27",20833.06,0.363,128.27,208.27,2779307,BC5928S,0010,BQ,BC5928,Rafalet / Lluca / Covatelles
1012924,462840,7339001BC5973N0099XH,4,"20.865,27","0,364","128,27",80,"208,27",20865.27,0.364,128.27,208.27,7339001,BC5973N,0099,XH,BC5973,Tosalet / Cap Martí
1000677,468728,5380708BC5957N0002OY,4,"20.896,43","0,364","128,28",80,"208,28",20896.43,0.364,128.28,208.28,5380708,BC5957N,0002,OY,BC5957,Arenal / Canal / Montañar
1012707,460086,5481710BC5958S0017OB,4,"21.001,95","0,366","128,29",80,"208,29",21001.95,0.366,128.29,208.29,5481710,BC5958S,0017,OB,BC5958,Arenal / Canal / Montañar
1008306,506089,5382901BC5958S0054QX,4,"21.020,60","0,366","128,30",80,"208,30",21020.6,0.366,128.3,208.3,5382901,BC5958S,0054,QX,BC5958,Arenal / Canal / Montañar
1008305,485944,5382901BC5958S0053MZ,4,"21.020,60","0,366","128,30",80,"208,30",21020.6,0.366,128.3,208.3,5382901,BC5958S,0053,MZ,BC5958,Arenal / Canal / Montañar
1031536,481576,4169505BC5946N0024FQ,4,"21.038,61","0,367","128,30",80,"208,30",21038.61,0.367,128.3,208.3,4169505,BC5946N,0024,FQ,BC5946,Casco urbano / Pueblo
1031535,481575,4169505BC5946N0023DM,4,"21.038,61","0,367","128,30",80,"208,30",21038.61,0.367,128.3,208.3,4169505,BC5946N,0023,DM,BC5946,Casco urbano / Pueblo
1019414,489821,3761406BC5937S0023OZ,4,"21.059,84","0,367","128,30",80,"208,30",21059.84,0.367,128.3,208.3,3761406,BC5937S,0023,OZ,BC5937,Casco urbano / Pueblo
1025969,485023,4475723BC5947N0088YK,4,"21.164,47","0,369","128,32",80,"208,32",21164.47,0.369,128.32,208.32,4475723,BC5947N,0088,YK,BC5947,Casco urbano / Pueblo
1001524,49103,5658008BC5955N0027EF,4,"21.186,25","0,369","128,32",80,"208,32",21186.25,0.369,128.32,208.32,5658008,BC5955N,0027,EF,BC5955,Arenal / Canal / Montañar
1012929,483406,7339001BC5973N0029LD,4,"21.204,97","0,370","128,33",80,"208,33",21204.97,0.37,128.33,208.33,7339001,BC5973N,0029,LD,BC5973,Tosalet / Cap Martí
1012878,445553,7339001BC5973N0030JA,4,"21.204,97","0,370","128,33",80,"208,33",21204.97,0.37,128.33,208.33,7339001,BC5973N,0030,JA,BC5973,Tosalet / Cap Martí
1015433,505011,5279801BC5957N0017EK,4,"21.368,68","0,372","128,35",80,"208,35",21368.68,0.372,128.35,208.35,5279801,BC5957N,0017,EK,BC5957,Arenal / Canal / Montañar
1015412,501635,5279801BC5957N0045XF,4,"21.368,68","0,372","128,35",80,"208,35",21368.68,0.372,128.35,208.35,5279801,BC5957N,0045,XF,BC5957,Arenal / Canal / Montañar
1015438,475543,5279801BC5957N0050QH,4,"21.368,68","0,372","128,35",80,"208,35",21368.68,0.372,128.35,208.35,5279801,BC5957N,0050,QH,BC5957,Arenal / Canal / Montañar
1015480,490519,5279801BC5957N0023YZ,4,"21.368,68","0,372","128,35",80,"208,35",21368.68,0.372,128.35,208.35,5279801,BC5957N,0023,YZ,BC5957,Arenal / Canal / Montañar
1008988,456181,5454113BC5955S0002WE,4,"21.483,70","0,374","128,37",80,"208,37",21483.7,0.374,128.37,208.37,5454113,BC5955S,0002,WE,BC5955,Arenal / Canal / Montañar
1028143,493271,3877248BC5937N0008BR,4,"21.589,13","0,376","128,39",80,"208,39",21589.13,0.376,128.39,208.39,3877248,BC5937N,0008,BR,BC5937,Casco urbano / Pueblo
1013106,488508,5760101BC5956S0017HO,4,"21.677,05","0,378","128,40",80,"208,40",21677.05,0.378,128.4,208.4,5760101,BC5956S,0017,HO,BC5956,Arenal / Canal / Montañar
1013112,482037,5760101BC5956S0032WK,4,"21.677,05","0,378","128,40",80,"208,40",21677.05,0.378,128.4,208.4,5760101,BC5956S,0032,WK,BC5956,Arenal / Canal / Montañar
1013101,460370,5760101BC5956S0016GI,4,"21.677,05","0,378","128,40",80,"208,40",21677.05,0.378,128.4,208.4,5760101,BC5956S,0016,GI,BC5956,Arenal / Canal / Montañar
1020944,482841,5760101BC5956S0035TZ,4,"21.677,05","0,378","128,40",80,"208,40",21677.05,0.378,128.4,208.4,5760101,BC5956S,0035,TZ,BC5956,Arenal / Canal / Montañar
1020976,501490,7339001BC5973N0097BF,4,"21.751,16","0,379","128,41",80,"208,41",21751.16,0.379,128.41,208.41,7339001,BC5973N,0097,BF,BC5973,Tosalet / Cap Martí
1013018,469093,7339001BC5973N0135WL,4,"21.751,16","0,379","128,41",80,"208,41",21751.16,0.379,128.41,208.41,7339001,BC5973N,0135,WL,BC5973,Tosalet / Cap Martí
1012897,463241,7339001BC5973N0127BF,4,"21.751,16","0,379","128,41",80,"208,41",21751.16,0.379,128.41,208.41,7339001,BC5973N,0127,BF,BC5973,Tosalet / Cap Martí
1013012,463947,7339001BC5973N0004MJ,4,"21.768,86","0,379","128,41",80,"208,41",21768.86,0.379,128.41,208.41,7339001,BC5973N,0004,MJ,BC5973,Tosalet / Cap Martí
1001533,474233,5658010BC5955N0003XL,4,"21.784,22","0,380","128,42",80,"208,42",21784.22,0.38,128.42,208.42,5658010,BC5955N,0003,XL,BC5955,Arenal / Canal / Montañar
1008309,471746,5382901BC5958S0088EQ,4,"21.889,69","0,381","128,43",80,"208,43",21889.69,0.381,128.43,208.43,5382901,BC5958S,0088,EQ,BC5958,Arenal / Canal / Montañar
1001795,478140,5856801BC5955N0030GF,4,"21.974,63","0,383","128,45",80,"208,45",21974.63,0.383,128.45,208.45,5856801,BC5955N,0030,GF,BC5955,Arenal / Canal / Montañar
1010937,511548,5762001BC5956S0025RF,4,"22.051,62","0,384","128,46",80,"208,46",22051.62,0.384,128.46,208.46,5762001,BC5956S,0025,RF,BC5956,Arenal / Canal / Montañar
1010959,466454,5762001BC5956S0021MP,4,"22.051,62","0,384","128,46",80,"208,46",22051.62,0.384,128.46,208.46,5762001,BC5956S,0021,MP,BC5956,Arenal / Canal / Montañar
1007844,491671,5278203BC5957N0006UP,4,"22.081,16","0,385","128,46",80,"208,46",22081.16,0.385,128.46,208.46,5278203,BC5957N,0006,UP,BC5957,Arenal / Canal / Montañar
1002954,496468,6352011BC5965S0008BD,4,"22.111,45","0,385","128,47",80,"208,47",22111.45,0.385,128.47,208.47,6352011,BC5965S,0008,BD,BC5965,Puerto / Aduanas
1016416,495664,5379512BC5957N0006QP,4,"22.121,52","0,386","128,47",80,"208,47",22121.52,0.386,128.47,208.47,5379512,BC5957N,0006,QP,BC5957,Arenal / Canal / Montañar
1026593,488736,4372807BC5947S0017QX,4,"22.535,61","0,393","128,53",80,"208,53",22535.61,0.393,128.53,208.53,4372807,BC5947S,0017,QX,BC5947,Casco urbano / Pueblo
10000487,508566,4475719BC5947N0029WM,4,"22.594,94","0,394","128,54",80,"208,54",22594.94,0.394,128.54,208.54,4475719,BC5947N,0029,WM,BC5947,Casco urbano / Pueblo
1009081,499266,5454114BC5955S0024RL,4,"22.714,93","0,396","128,56",80,"208,56",22714.93,0.396,128.56,208.56,5454114,BC5955S,0024,RL,BC5955,Arenal / Canal / Montañar
1009067,465251,5454114BC5955S0023EK,4,"22.714,93","0,396","128,56",80,"208,56",22714.93,0.396,128.56,208.56,5454114,BC5955S,0023,EK,BC5955,Arenal / Canal / Montañar
1027089,457343,5457801BC5955S0042GI,4,"22.804,94","0,397","128,58",80,"208,58",22804.94,0.397,128.58,208.58,5457801,BC5955S,0042,GI,BC5955,Arenal / Canal / Montañar
1001050,477144,5753202BC5955S0027HX,4,"22.850,68","0,398","128,58",80,"208,58",22850.68,0.398,128.58,208.58,5753202,BC5955S,0027,HX,BC5955,Arenal / Canal / Montañar
1001073,511350,5753202BC5955S0011EO,4,"22.850,68","0,398","128,58",80,"208,58",22850.68,0.398,128.58,208.58,5753202,BC5955S,0011,EO,BC5955,Arenal / Canal / Montañar
1001010,504889,5753202BC5955S0018PH,4,"22.850,68","0,398","128,58",80,"208,58",22850.68,0.398,128.58,208.58,5753202,BC5955S,0018,PH,BC5955,Arenal / Canal / Montañar
1027146,504295,4871009BC5947S0005WD,4,"22.866,54","0,399","128,59",80,"208,59",22866.54,0.399,128.59,208.59,4871009,BC5947S,0005,WD,BC5947,Casco urbano / Pueblo
1027053,486457,5457801BC5955S0006FU,4,"22.891,48","0,399","128,59",80,"208,59",22891.48,0.399,128.59,208.59,5457801,BC5955S,0006,FU,BC5955,Arenal / Canal / Montañar
1011056,510258,5764602BC5956S0032TK,4,"22.929,44","0,400","128,60",80,"208,60",22929.44,0.4,128.6,208.6,5764602,BC5956S,0032,TK,BC5956,Arenal / Canal / Montañar
1011517,510960,5764602BC5956S0003IZ,4,"22.929,44","0,400","128,60",80,"208,60",22929.44,0.4,128.6,208.6,5764602,BC5956S,0003,IZ,BC5956,Arenal / Canal / Montañar
1011092,476134,5764602BC5956S0034UB,4,"22.929,44","0,400","128,60",80,"208,60",22929.44,0.4,128.6,208.6,5764602,BC5956S,0034,UB,BC5956,Arenal / Canal / Montañar
1011225,490033,5764602BC5956S0055XS,4,"22.929,44","0,400","128,60",80,"208,60",22929.44,0.4,128.6,208.6,5764602,BC5956S,0055,XS,BC5956,Arenal / Canal / Montañar
1010840,478064,5764602BC5956S0031RJ,4,"22.929,44","0,400","128,60",80,"208,60",22929.44,0.4,128.6,208.6,5764602,BC5956S,0031,RJ,BC5956,Arenal / Canal / Montañar
1020845,471984,5764602BC5956S0059EH,4,"22.929,44","0,400","128,60",80,"208,60",22929.44,0.4,128.6,208.6,5764602,BC5956S,0059,EH,BC5956,Arenal / Canal / Montañar
1020843,501530,5764602BC5956S0017LO,4,"22.929,44","0,400","128,60",80,"208,60",22929.44,0.4,128.6,208.6,5764602,BC5956S,0017,LO,BC5956,Arenal / Canal / Montañar
1008937,482373,5454113BC5955S0047SD,4,"22.997,87","0,401","128,61",80,"208,61",22997.87,0.401,128.61,208.61,5454113,BC5955S,0047,SD,BC5955,Arenal / Canal / Montañar
1016285,486060,4176703BC5947N0008FI,4,"23.021,16","0,401","128,61",80,"208,61",23021.16,0.401,128.61,208.61,4176703,BC5947N,0008,FI,BC5947,Casco urbano / Pueblo
1001439,487902,5656516BC5955N0005LZ,4,"23.112,25","0,403","128,63",80,"208,63",23112.25,0.403,128.63,208.63,5656516,BC5955N,0005,LZ,BC5955,Arenal / Canal / Montañar
1001132,487393,5753201BC5955S0033PW,4,"23.163,69","0,404","128,63",80,"208,63",23163.69,0.404,128.63,208.63,5753201,BC5955S,0033,PW,BC5955,Arenal / Canal / Montañar
1001144,486197,5753201BC5955S0011JO,4,"23.163,69","0,404","128,63",80,"208,63",23163.69,0.404,128.63,208.63,5753201,BC5955S,0011,JO,BC5955,Arenal / Canal / Montañar
1027059,433119,5457801BC5955S0012JP,4,"23.173,65","0,404","128,63",80,"208,63",23173.65,0.404,128.63,208.63,5457801,BC5955S,0012,JP,BC5955,Arenal / Canal / Montañar
1021484,493541,5560001BC5955N0170BX,4,"23.183,87","0,404","128,64",80,"208,64",23183.87,0.404,128.64,208.64,5560001,BC5955N,0170,BX,BC5955,Arenal / Canal / Montañar
1025246,501289,4776102BC5947N0009EO,4,"23.340,72","0,407","128,66",80,"208,66",23340.72,0.407,128.66,208.66,4776102,BC5947N,0009,EO,BC5947,Casco urbano / Pueblo
1028157,484930,3877248BC5937N0023YD,4,"23.379,91","0,407","128,67",80,"208,67",23379.91,0.407,128.67,208.67,3877248,BC5937N,0023,YD,BC5937,Casco urbano / Pueblo
1027065,487978,5457801BC5955S0018MH,4,"23.387,10","0,408","128,67",80,"208,67",23387.1,0.408,128.67,208.67,5457801,BC5955S,0018,MH,BC5955,Arenal / Canal / Montañar
1001768,501487,5758402BC5955N0028RG,4,"23.392,06","0,408","128,67",80,"208,67",23392.06,0.408,128.67,208.67,5758402,BC5955N,0028,RG,BC5955,Arenal / Canal / Montañar
1001431,490432,5758402BC5955N0035IL,4,"23.392,06","0,408","128,67",80,"208,67",23392.06,0.408,128.67,208.67,5758402,BC5955N,0035,IL,BC5955,Arenal / Canal / Montañar
1032232,487900,4169505BC5946N0034ZI,4,"23.408,93","0,408","128,67",80,"208,67",23408.93,0.408,128.67,208.67,4169505,BC5946N,0034,ZI,BC5946,Casco urbano / Pueblo
1029338,508855,3877247BC5937N0022LS,4,"23.553,94","0,410","128,69",80,"208,69",23553.94,0.41,128.69,208.69,3877247,BC5937N,0022,LS,BC5937,Casco urbano / Pueblo
1009014,478488,5454114BC5955S0020MG,4,"23.592,32","0,411","128,70",80,"208,70",23592.32,0.411,128.7,208.7,5454114,BC5955S,0020,MG,BC5955,Arenal / Canal / Montañar
1009041,484914,5454114BC5955S0047ZD,4,"23.592,32","0,411","128,70",80,"208,70",23592.32,0.411,128.7,208.7,5454114,BC5955S,0047,ZD,BC5955,Arenal / Canal / Montañar
1025108,487255,5564502BC5956S0094GH,4,"23.633,75","0,412","128,71",80,"208,71",23633.75,0.412,128.71,208.71,5564502,BC5956S,0094,GH,BC5956,Arenal / Canal / Montañar
1019352,496618,4977306BC5947N0013FP,4,"23.637,87","0,412","128,71",80,"208,71",23637.87,0.412,128.71,208.71,4977306,BC5947N,0013,FP,BC5947,Casco urbano / Pueblo
1011757,480968,5469008BC5956N0010XJ,4,"23.697,46","0,413","128,72",80,"208,72",23697.46,0.413,128.72,208.72,5469008,BC5956N,0010,XJ,BC5956,Arenal / Canal / Montañar
1027070,490459,5457801BC5955S0023WK,4,"23.710,12","0,413","128,72",80,"208,72",23710.12,0.413,128.72,208.72,5457801,BC5955S,0023,WK,BC5955,Arenal / Canal / Montañar
10000463,502372,4475719BC5947N0005UT,4,"23.755,30","0,414","128,73",80,"208,73",23755.3,0.414,128.73,208.73,4475719,BC5947N,0005,UT,BC5947,Casco urbano / Pueblo
1028184,491940,5457801BC5955S0071ST,4,"23.844,52","0,416","128,74",80,"208,74",23844.52,0.416,128.74,208.74,5457801,BC5955S,0071,ST,BC5955,Arenal / Canal / Montañar
1002203,491645,6846006BC5964N0052XJ,4,"23.853,99","0,416","128,74",80,"208,74",23853.99,0.416,128.74,208.74,6846006,BC5964N,0052,XJ,BC5964,Puerto / Aduanas
1002164,486870,6846006BC5964N0064IE,4,"23.861,39","0,416","128,74",80,"208,74",23861.39,0.416,128.74,208.74,6846006,BC5964N,0064,IE,BC5964,Puerto / Aduanas
1012203,490878,6944601BC5964S0092AU,4,"23.896,49","0,416","128,75",80,"208,75",23896.49,0.416,128.75,208.75,6944601,BC5964S,0092,AU,BC5964,Puerto / Aduanas
1021460,477483,5560001BC5955N0146TU,4,"23.898,51","0,416","128,75",80,"208,75",23898.51,0.416,128.75,208.75,5560001,BC5955N,0146,TU,BC5955,Arenal / Canal / Montañar
1009033,494247,5454132BC5955S0001EW,4,"24.031,98","0,419","128,77",80,"208,77",24031.98,0.419,128.77,208.77,5454132,BC5955S,0001,EW,BC5955,Arenal / Canal / Montañar
1028191,454504,5457801BC5955S0078LS,4,"24.069,16","0,419","128,78",80,"208,78",24069.16,0.419,128.78,208.78,5457801,BC5955S,0078,LS,BC5955,Arenal / Canal / Montañar
1027073,456427,5457801BC5955S0026TZ,4,"24.104,85","0,420","128,78",80,"208,78",24104.85,0.42,128.78,208.78,5457801,BC5955S,0026,TZ,BC5955,Arenal / Canal / Montañar
1027075,458951,5457801BC5955S0028UM,4,"24.104,85","0,420","128,78",80,"208,78",24104.85,0.42,128.78,208.78,5457801,BC5955S,0028,UM,BC5955,Arenal / Canal / Montañar
1031519,484883,4169505BC5946N0007ED,4,"24.152,52","0,421","128,79",80,"208,79",24152.52,0.421,128.79,208.79,4169505,BC5946N,0007,ED,BC5946,Casco urbano / Pueblo
1020874,468655,5469008BC5956N0005BG,4,"24.171,43","0,421","128,79",80,"208,79",24171.43,0.421,128.79,208.79,5469008,BC5956N,0005,BG,BC5956,Arenal / Canal / Montañar
1008280,464871,3663826BC5937S0001GT,4,"24.314,70","0,424","128,81",80,"208,81",24314.7,0.424,128.81,208.81,3663826,BC5937S,0001,GT,BC5937,Casco urbano / Pueblo
1024029,471612,4876901BC5947N0023EJ,4,"24.353,59","0,424","128,82",80,"208,82",24353.59,0.424,128.82,208.82,4876901,BC5947N,0023,EJ,BC5947,Casco urbano / Pueblo
1029333,495165,3877247BC5937N0017JP,4,"24.373,51","0,425","128,82",80,"208,82",24373.51,0.425,128.82,208.82,3877247,BC5937N,0017,JP,BC5937,Casco urbano / Pueblo
1021581,492618,4877001BC5947N0050DS,4,"24.407,55","0,425","128,83",80,"208,83",24407.55,0.425,128.83,208.83,4877001,BC5947N,0050,DS,BC5947,Casco urbano / Pueblo
1005605,454787,0010053BC5905N0001PB,4,"24.478,58","0,427","128,84",80,"208,84",24478.58,0.427,128.84,208.84,0010053,BC5905N,0001,PB,BC5905,Montgó / Toscamar
1024891,488218,4871010BC5947S0020HX,4,"24.555,55","0,428","128,85",80,"208,85",24555.55,0.428,128.85,208.85,4871010,BC5947S,0020,HX,BC5947,Casco urbano / Pueblo
1025682,474958,5750211BC5955S0002DE,4,"24.573,59","0,428","128,85",80,"208,85",24573.59,0.428,128.85,208.85,5750211,BC5955S,0002,DE,BC5955,Arenal / Canal / Montañar
1006516,500794,5847038BC5954N0001QM,4,"24.647,06","0,430","128,87",80,"208,87",24647.06,0.43,128.87,208.87,5847038,BC5954N,0001,QM,BC5954,Arenal / Canal / Montañar
1006501,481899,5847057BC5954N0001EM,4,"24.647,06","0,430","128,87",80,"208,87",24647.06,0.43,128.87,208.87,5847057,BC5954N,0001,EM,BC5954,Arenal / Canal / Montañar
1006539,506285,5847034BC5954N0001AM,4,"24.647,06","0,430","128,87",80,"208,87",24647.06,0.43,128.87,208.87,5847034,BC5954N,0001,AM,BC5954,Arenal / Canal / Montañar
1020424,494880,5847069BC5954N0001GM,4,"24.647,06","0,430","128,87",80,"208,87",24647.06,0.43,128.87,208.87,5847069,BC5954N,0001,GM,BC5954,Arenal / Canal / Montañar
1023083,465148,5267011BC5956N0016AM,4,"24.650,38","0,430","128,87",80,"208,87",24650.38,0.43,128.87,208.87,5267011,BC5956N,0016,AM,BC5956,Arenal / Canal / Montañar
1001988,492242,5855103BC5955N0016GY,4,"24.653,09","0,430","128,87",80,"208,87",24653.09,0.43,128.87,208.87,5855103,BC5955N,0016,GY,BC5955,Arenal / Canal / Montañar
1001942,481526,5855103BC5955N0005UZ,4,"24.653,09","0,430","128,87",80,"208,87",24653.09,0.43,128.87,208.87,5855103,BC5955N,0005,UZ,BC5955,Arenal / Canal / Montañar
1002017,482960,5855103BC5955N0024BA,4,"24.653,09","0,430","128,87",80,"208,87",24653.09,0.43,128.87,208.87,5855103,BC5955N,0024,BA,BC5955,Arenal / Canal / Montañar
1001448,502477,5855103BC5955N0020HU,4,"24.653,09","0,430","128,87",80,"208,87",24653.09,0.43,128.87,208.87,5855103,BC5955N,0020,HU,BC5955,Arenal / Canal / Montañar
1001321,477190,5855103BC5955N0023LP,4,"24.653,09","0,430","128,87",80,"208,87",24653.09,0.43,128.87,208.87,5855103,BC5955N,0023,LP,BC5955,Arenal / Canal / Montañar
1001466,502551,5855103BC5955N0015FT,4,"24.653,09","0,430","128,87",80,"208,87",24653.09,0.43,128.87,208.87,5855103,BC5955N,0015,FT,BC5955,Arenal / Canal / Montañar
1001950,490376,5855103BC5955N0010OM,4,"24.653,09","0,430","128,87",80,"208,87",24653.09,0.43,128.87,208.87,5855103,BC5955N,0010,OM,BC5955,Arenal / Canal / Montañar
1027096,491685,5457801BC5955S0049XG,4,"24.656,32","0,430","128,87",80,"208,87",24656.32,0.43,128.87,208.87,5457801,BC5955S,0049,XG,BC5955,Arenal / Canal / Montañar
1027095,445019,5457801BC5955S0048ZF,4,"24.656,32","0,430","128,87",80,"208,87",24656.32,0.43,128.87,208.87,5457801,BC5955S,0048,ZF,BC5955,Arenal / Canal / Montañar
1024042,493820,4876901BC5947N0036DR,4,"24.708,92","0,431","128,88",80,"208,88",24708.92,0.431,128.88,208.88,4876901,BC5947N,0036,DR,BC5947,Casco urbano / Pueblo
1008441,492587,5227002BC5957N0048QJ,4,"24.724,86","0,431","128,88",80,"208,88",24724.86,0.431,128.88,208.88,5227002,BC5957N,0048,QJ,BC5957,Arenal / Canal / Montañar
1008298,479501,5382901BC5958S0044JG,4,"25.023,54","0,436","128,92",80,"208,92",25023.54,0.436,128.92,208.92,5382901,BC5958S,0044,JG,BC5958,Arenal / Canal / Montañar
1004579,501367,9315426BC5991S0001TL,4,"25.028,72","0,436","128,93",80,"208,93",25028.72,0.436,128.93,208.93,9315426,BC5991S,0001,TL,BC5991,Costa Nova / Balcón al Mar / Ambolo
1004567,509036,9315424BC5991S0001PL,4,"25.028,72","0,436","128,93",80,"208,93",25028.72,0.436,128.93,208.93,9315424,BC5991S,0001,PL,BC5991,Costa Nova / Balcón al Mar / Ambolo
1002429,498621,6352010BC5965S0008AD,4,"25.102,94","0,437","128,94",80,"208,94",25102.94,0.437,128.94,208.94,6352010,BC5965S,0008,AD,BC5965,Puerto / Aduanas
1008453,482022,5227002BC5957N0063PE,4,"25.119,99","0,438","128,94",80,"208,94",25119.99,0.438,128.94,208.94,5227002,BC5957N,0063,PE,BC5957,Arenal / Canal / Montañar
1022912,507951,5760105BC5956S0024PD,4,"25.126,56","0,438","128,94",80,"208,94",25126.56,0.438,128.94,208.94,5760105,BC5956S,0024,PD,BC5956,Arenal / Canal / Montañar
1001513,502113,5656508BC5955N0016TY,4,"25.172,99","0,439","128,95",80,"208,95",25172.99,0.439,128.95,208.95,5656508,BC5955N,0016,TY,BC5955,Arenal / Canal / Montañar
1009066,463321,5454138BC5955S0001AW,4,"25.338,10","0,442","128,97",80,"208,97",25338.1,0.442,128.97,208.97,5454138,BC5955S,0001,AW,BC5955,Arenal / Canal / Montañar
1024016,463668,4876901BC5947N0063IX,4,"25.363,41","0,442","128,98",80,"208,98",25363.41,0.442,128.98,208.98,4876901,BC5947N,0063,IX,BC5947,Casco urbano / Pueblo
1024009,463669,4876901BC5947N0056RK,4,"25.363,41","0,442","128,98",80,"208,98",25363.41,0.442,128.98,208.98,4876901,BC5947N,0056,RK,BC5947,Casco urbano / Pueblo
1014349,457037,4378001BC5947N0096MM,4,"25.427,76","0,443","128,99",80,"208,99",25427.76,0.443,128.99,208.99,4378001,BC5947N,0096,MM,BC5947,Casco urbano / Pueblo
1008414,479729,5227002BC5957N0071GI,4,"25.468,57","0,444","128,99",80,"208,99",25468.57,0.444,128.99,208.99,5227002,BC5957N,0071,GI,BC5957,Arenal / Canal / Montañar
1021468,469078,5560001BC5955N0154PS,4,"25.619,38","0,446","129,02",80,"209,02",25619.38,0.446,129.02,209.02,5560001,BC5955N,0154,PS,BC5955,Arenal / Canal / Montañar
1024044,473176,4876901BC5947N0038GY,4,"25.656,30","0,447","129,02",80,"209,02",25656.3,0.447,129.02,209.02,4876901,BC5947N,0038,GY,BC5947,Casco urbano / Pueblo
1022990,486984,5267003BC5956N0014PZ,4,"25.678,58","0,448","129,03",80,"209,03",25678.58,0.448,129.03,209.03,5267003,BC5956N,0014,PZ,BC5956,Arenal / Canal / Montañar
10000466,502791,4475719BC5947N0008PI,4,"25.734,86","0,448","129,04",80,"209,04",25734.86,0.448,129.04,209.04,4475719,BC5947N,0008,PI,BC5947,Casco urbano / Pueblo
1001515,492756,5852001BC5955S0041JU,4,"25.781,41","0,449","129,04",80,"209,04",25781.41,0.449,129.04,209.04,5852001,BC5955S,0041,JU,BC5955,Arenal / Canal / Montañar
1001720,484921,5852001BC5955S0029AQ,4,"25.781,41","0,449","129,04",80,"209,04",25781.41,0.449,129.04,209.04,5852001,BC5955S,0029,AQ,BC5955,Arenal / Canal / Montañar
1001583,473028,5852001BC5955S0050MD,4,"25.781,41","0,449","129,04",80,"209,04",25781.41,0.449,129.04,209.04,5852001,BC5955S,0050,MD,BC5955,Arenal / Canal / Montañar
1001456,479598,5656503BC5955N0023PP,4,"25.808,68","0,450","129,05",80,"209,05",25808.68,0.45,129.05,209.05,5656503,BC5955N,0023,PP,BC5955,Arenal / Canal / Montañar
1001688,509064,5656503BC5955N0029HH,4,"25.808,68","0,450","129,05",80,"209,05",25808.68,0.45,129.05,209.05,5656503,BC5955N,0029,HH,BC5955,Arenal / Canal / Montañar
1001475,501184,5656508BC5955N0030DF,4,"25.810,27","0,450","129,05",80,"209,05",25810.27,0.45,129.05,209.05,5656508,BC5955N,0030,DF,BC5955,Arenal / Canal / Montañar
10000358,510418,3575304BC5937N0018PA,4,"25.960,88","0,452","129,07",80,"209,07",25960.88,0.452,129.07,209.07,3575304,BC5937N,0018,PA,BC5937,Casco urbano / Pueblo
1027999,458798,4873902BC5947S0088ZE,4,"26.029,76","0,454","129,08",80,"209,08",26029.76,0.454,129.08,209.08,4873902,BC5947S,0088,ZE,BC5947,Casco urbano / Pueblo
1012164,499118,6944601BC5964S0088PY,4,"26.039,01","0,454","129,08",80,"209,08",26039.01,0.454,129.08,209.08,6944601,BC5964S,0088,PY,BC5964,Puerto / Aduanas
1002403,507117,6551001BC5965S0185GM,4,"26.045,97","0,454","129,09",80,"209,09",26045.97,0.454,129.09,209.09,6551001,BC5965S,0185,GM,BC5965,Puerto / Aduanas
1021345,486450,5560001BC5955N0031DG,4,"26.077,16","0,454","129,09",80,"209,09",26077.16,0.454,129.09,209.09,5560001,BC5955N,0031,DG,BC5955,Arenal / Canal / Montañar
1009075,496675,5454113BC5955S0025LB,4,"26.121,71","0,455","129,10",80,"209,10",26121.71,0.455,129.1,209.1,5454113,BC5955S,0025,LB,BC5955,Arenal / Canal / Montañar
1021356,511232,5560001BC5955N0042ZM,4,"26.133,31","0,455","129,10",80,"209,10",26133.31,0.455,129.1,209.1,5560001,BC5955N,0042,ZM,BC5955,Arenal / Canal / Montañar
1025721,442337,5750211BC5955S0041JU,4,"26.215,39","0,457","129,11",80,"209,11",26215.39,0.457,129.11,209.11,5750211,BC5955S,0041,JU,BC5955,Arenal / Canal / Montañar
1024038,489828,4876901BC5947N0032OM,4,"26.253,30","0,458","129,12",80,"209,12",26253.3,0.458,129.12,209.12,4876901,BC5947N,0032,OM,BC5947,Casco urbano / Pueblo
1024007,510953,4876901BC5947N0054WH,4,"26.301,50","0,458","129,13",80,"209,13",26301.5,0.458,129.13,209.13,4876901,BC5947N,0054,WH,BC5947,Casco urbano / Pueblo
1024250,431193,4876901BC5947N0012KO,4,"26.301,50","0,458","129,13",80,"209,13",26301.5,0.458,129.13,209.13,4876901,BC5947N,0012,KO,BC5947,Casco urbano / Pueblo
1028226,487778,5454153BC5955S0068ET,4,"26.427,55","0,461","129,15",80,"209,15",26427.55,0.461,129.15,209.15,5454153,BC5955S,0068,ET,BC5955,Arenal / Canal / Montañar
1001843,488032,5656516BC5955N0039ZM,4,"26.579,08","0,463","129,17",80,"209,17",26579.08,0.463,129.17,209.17,5656516,BC5955N,0039,ZM,BC5955,Arenal / Canal / Montañar
1024045,477945,4876901BC5947N0039HU,4,"26.583,34","0,463","129,17",80,"209,17",26583.34,0.463,129.17,209.17,4876901,BC5947N,0039,HU,BC5947,Casco urbano / Pueblo
1015213,475139,5380303BC5957N0031FE,4,"26.660,95","0,465","129,18",80,"209,18",26660.95,0.465,129.18,209.18,5380303,BC5957N,0031,FE,BC5957,Arenal / Canal / Montañar
1000921,509920,5179502BC5957N0047YH,4,"26.783,43","0,467","129,20",80,"209,20",26783.43,0.467,129.2,209.2,5179502,BC5957N,0047,YH,BC5957,Arenal / Canal / Montañar
1032240,493261,4169505BC5946N0042ED,4,"26.840,27","0,468","129,21",80,"209,21",26840.27,0.468,129.21,209.21,4169505,BC5946N,0042,ED,BC5946,Casco urbano / Pueblo
1024518,486919,5170809BC5957S0143SM,4,"26.847,11","0,468","129,21",80,"209,21",26847.11,0.468,129.21,209.21,5170809,BC5957S,0143,SM,BC5957,Arenal / Canal / Montañar
1024036,478195,4876901BC5947N0030UZ,4,"26.855,98","0,468","129,21",80,"209,21",26855.98,0.468,129.21,209.21,4876901,BC5947N,0030,UZ,BC5947,Casco urbano / Pueblo
1023731,498746,4066502BC5937N0084XP,4,"26.881,11","0,468","129,22",80,"209,22",26881.11,0.468,129.22,209.22,4066502,BC5937N,0084,XP,BC5937,Casco urbano / Pueblo
1023732,481719,4066502BC5937N0085MA,4,"26.881,11","0,468","129,22",80,"209,22",26881.11,0.468,129.22,209.22,4066502,BC5937N,0085,MA,BC5937,Casco urbano / Pueblo
1025014,468590,4775402BC5947N0001WQ,4,"26.912,42","0,469","129,22",80,"209,22",26912.42,0.469,129.22,209.22,4775402,BC5947N,0001,WQ,BC5947,Casco urbano / Pueblo
1024010,488260,4876901BC5947N0057TL,4,"26.912,79","0,469","129,22",80,"209,22",26912.79,0.469,129.22,209.22,4876901,BC5947N,0057,TL,BC5947,Casco urbano / Pueblo
1021413,492458,5560001BC5955N0099JL,4,"26.943,29","0,470","129,23",80,"209,23",26943.29,0.47,129.23,209.23,5560001,BC5955N,0099,JL,BC5955,Arenal / Canal / Montañar
10000361,507295,3575304BC5937N0021PA,4,"26.954,93","0,470","129,23",80,"209,23",26954.93,0.47,129.23,209.23,3575304,BC5937N,0021,PA,BC5937,Casco urbano / Pueblo
1021382,474999,5560001BC5955N0068KB,4,"26.963,67","0,470","129,23",80,"209,23",26963.67,0.47,129.23,209.23,5560001,BC5955N,0068,KB,BC5955,Arenal / Canal / Montañar
1021358,482049,5560001BC5955N0044MW,4,"26.979,20","0,470","129,23",80,"209,23",26979.2,0.47,129.23,209.23,5560001,BC5955N,0044,MW,BC5955,Arenal / Canal / Montañar
1021320,499131,5560001BC5955N0006BX,4,"27.013,19","0,471","129,24",80,"209,24",27013.19,0.471,129.24,209.24,5560001,BC5955N,0006,BX,BC5955,Arenal / Canal / Montañar
1025741,492562,5750211BC5955S0059OX,4,"27.026,16","0,471","129,24",80,"209,24",27026.16,0.471,129.24,209.24,5750211,BC5955S,0059,OX,BC5955,Arenal / Canal / Montañar
1009700,497667,5278204BC5957N0041HP,4,"27.045,85","0,471","129,24",80,"209,24",27045.85,0.471,129.24,209.24,5278204,BC5957N,0041,HP,BC5957,Arenal / Canal / Montañar
1011512,507523,5764602BC5956S0048KI,4,"27.098,44","0,472","129,25",80,"209,25",27098.44,0.472,129.25,209.25,5764602,BC5956S,0048,KI,BC5956,Arenal / Canal / Montañar
1010930,459773,5764602BC5956S0056MD,4,"27.098,44","0,472","129,25",80,"209,25",27098.44,0.472,129.25,209.25,5764602,BC5956S,0056,MD,BC5956,Arenal / Canal / Montañar
1011478,482128,5764602BC5956S0011DE,4,"27.098,44","0,472","129,25",80,"209,25",27098.44,0.472,129.25,209.25,5764602,BC5956S,0011,DE,BC5956,Arenal / Canal / Montañar
1022893,503709,5760105BC5956S0005BM,4,"27.136,71","0,473","129,26",80,"209,26",27136.71,0.473,129.26,209.26,5760105,BC5956S,0005,BM,BC5956,Arenal / Canal / Montañar
1002538,501444,6352011BC5965S0009ZF,4,"27.154,46","0,473","129,26",80,"209,26",27154.46,0.473,129.26,209.26,6352011,BC5965S,0009,ZF,BC5965,Puerto / Aduanas
1027973,489991,4873902BC5947S0062QY,4,"27.258,90","0,475","129,28",80,"209,28",27258.9,0.475,129.28,209.28,4873902,BC5947S,0062,QY,BC5947,Casco urbano / Pueblo
1031530,495177,4169505BC5946N0018AZ,4,"27.275,94","0,475","129,28",80,"209,28",27275.94,0.475,129.28,209.28,4169505,BC5946N,0018,AZ,BC5946,Casco urbano / Pueblo
1028024,453685,4873902BC5947S0113HZ,4,"27.311,32","0,476","129,28",80,"209,28",27311.32,0.476,129.28,209.28,4873902,BC5947S,0113,HZ,BC5947,Casco urbano / Pueblo
1027979,476988,4873902BC5947S0068US,4,"27.311,32","0,476","129,28",80,"209,28",27311.32,0.476,129.28,209.28,4873902,BC5947S,0068,US,BC5947,Casco urbano / Pueblo
1024031,442954,4876901BC5947N0025TL,4,"27.442,77","0,478","129,30",80,"209,30",27442.77,0.478,129.3,209.3,4876901,BC5947N,0025,TL,BC5947,Casco urbano / Pueblo
1025030,450681,4775402BC5947N0017GF,4,"27.523,98","0,480","129,32",80,"209,32",27523.98,0.48,129.32,209.32,4775402,BC5947N,0017,GF,BC5947,Casco urbano / Pueblo
10000473,504262,4475719BC5947N0015FS,4,"27.567,65","0,480","129,32",80,"209,32",27567.65,0.48,129.32,209.32,4475719,BC5947N,0015,FS,BC5947,Casco urbano / Pueblo
1011802,478255,5376602BC5957N0004JI,4,"27.588,47","0,481","129,33",80,"209,33",27588.47,0.481,129.33,209.33,5376602,BC5957N,0004,JI,BC5957,Arenal / Canal / Montañar
1014217,511078,5279501BC5957N0017FK,4,"27.643,50","0,482","129,34",80,"209,34",27643.5,0.482,129.34,209.34,5279501,BC5957N,0017,FK,BC5957,Arenal / Canal / Montañar
1027157,449726,4871009BC5947S0016PZ,4,"27.680,49","0,482","129,34",80,"209,34",27680.49,0.482,129.34,209.34,4871009,BC5947S,0016,PZ,BC5947,Casco urbano / Pueblo
1011030,498008,5859012BC5955N0024ZA,4,"27.695,74","0,483","129,34",80,"209,34",27695.74,0.483,129.34,209.34,5859012,BC5955N,0024,ZA,BC5955,Arenal / Canal / Montañar
1010790,465199,5859012BC5955N0028WG,4,"27.695,74","0,483","129,34",80,"209,34",27695.74,0.483,129.34,209.34,5859012,BC5955N,0028,WG,BC5955,Arenal / Canal / Montañar
1010621,485683,2779307BC5928S0005KX,4,"27.756,48","0,484","129,35",80,"209,35",27756.48,0.484,129.35,209.35,2779307,BC5928S,0005,KX,BC5928,Rafalet / Lluca / Covatelles
1013115,453857,5760101BC5956S0036YX,4,"27.761,86","0,484","129,35",80,"209,35",27761.86,0.484,129.35,209.35,5760101,BC5956S,0036,YX,BC5956,Arenal / Canal / Montañar
1013749,434829,3981108BC5938S0001UX,4,"27.849,88","0,485","129,37",80,"209,37",27849.88,0.485,129.37,209.37,3981108,BC5938S,0001,UX,BC5938,Casco urbano / Pueblo
1020901,421427,3675805BC5937N0001JB,4,"27.874,46","0,486","129,37",80,"209,37",27874.46,0.486,129.37,209.37,3675805,BC5937N,0001,JB,BC5937,Casco urbano / Pueblo
1024569,507091,5170807BC5957S0027RP,4,"27.887,22","0,486","129,37",80,"209,37",27887.22,0.486,129.37,209.37,5170807,BC5957S,0027,RP,BC5957,Arenal / Canal / Montañar
1003038,487974,6550301BC5965S0087ZX,4,"27.917,09","0,487","129,38",80,"209,38",27917.09,0.487,129.38,209.38,6550301,BC5965S,0087,ZX,BC5965,Puerto / Aduanas
1016097,457866,6251304BC5965S0045QG,4,"27.991,06","0,488","129,39",80,"209,39",27991.06,0.488,129.39,209.39,6251304,BC5965S,0045,QG,BC5965,Puerto / Aduanas
1024921,441900,5457311BC5955N0012FW,4,"27.998,75","0,488","129,39",80,"209,39",27998.75,0.488,129.39,209.39,5457311,BC5955N,0012,FW,BC5955,Arenal / Canal / Montañar
1021347,466105,5560001BC5955N0033GJ,4,"28.012,17","0,488","129,39",80,"209,39",28012.17,0.488,129.39,209.39,5560001,BC5955N,0033,GJ,BC5955,Arenal / Canal / Montañar
1025690,479952,5750211BC5955S0010KI,4,"28.141,63","0,490","129,41",80,"209,41",28141.63,0.49,129.41,209.41,5750211,BC5955S,0010,KI,BC5955,Arenal / Canal / Montañar
1022646,449638,5562001BC5956S0100RZ,4,"28.182,78","0,491","129,42",80,"209,42",28182.78,0.491,129.42,209.42,5562001,BC5956S,0100,RZ,BC5956,Arenal / Canal / Montañar
1025733,479779,5750211BC5955S0053EH,4,"28.211,75","0,492","129,42",80,"209,42",28211.75,0.492,129.42,209.42,5750211,BC5955S,0053,EH,BC5955,Arenal / Canal / Montañar
10000483,502057,4475719BC5947N0025ZL,4,"28.237,62","0,492","129,43",80,"209,43",28237.62,0.492,129.43,209.43,4475719,BC5947N,0025,ZL,BC5947,Casco urbano / Pueblo
1022610,495772,5562001BC5956S0064QK,4,"28.245,80","0,492","129,43",80,"209,43",28245.8,0.492,129.43,209.43,5562001,BC5956S,0064,QK,BC5956,Arenal / Canal / Montañar
1027147,475071,4871009BC5947S0006EF,4,"28.282,30","0,493","129,44",80,"209,44",28282.3,0.493,129.44,209.44,4871009,BC5947S,0006,EF,BC5947,Casco urbano / Pueblo
1025702,467911,5750211BC5955S0022RJ,4,"28.291,54","0,493","129,44",80,"209,44",28291.54,0.493,129.44,209.44,5750211,BC5955S,0022,RJ,BC5955,Arenal / Canal / Montañar
1018913,490894,5272702BC5957S0014HM,4,"28.428,31","0,495","129,46",80,"209,46",28428.31,0.495,129.46,209.46,5272702,BC5957S,0014,HM,BC5957,Arenal / Canal / Montañar
1025692,465045,5750211BC5955S0012BP,4,"28.449,10","0,496","129,46",80,"209,46",28449.1,0.496,129.46,209.46,5750211,BC5955S,0012,BP,BC5955,Arenal / Canal / Montañar
1006545,478201,5847074BC5954N0001PM,4,"28.450,40","0,496","129,46",80,"209,46",28450.4,0.496,129.46,209.46,5847074,BC5954N,0001,PM,BC5954,Arenal / Canal / Montañar
1001362,413788,5656503BC5955N0020UU,4,"28.505,12","0,497","129,47",80,"209,47",28505.12,0.497,129.47,209.47,5656503,BC5955N,0020,UU,BC5955,Arenal / Canal / Montañar
1001779,508751,5656503BC5955N0026DD,4,"28.505,12","0,497","129,47",80,"209,47",28505.12,0.497,129.47,209.47,5656503,BC5955N,0026,DD,BC5955,Arenal / Canal / Montañar
10000469,501900,4475719BC5947N0011PI,4,"28.564,21","0,498","129,48",80,"209,48",28564.21,0.498,129.48,209.48,4475719,BC5947N,0011,PI,BC5947,Casco urbano / Pueblo
1025723,436570,5750211BC5955S0043LO,4,"28.637,54","0,499","129,49",80,"209,49",28637.54,0.499,129.49,209.49,5750211,BC5955S,0043,LO,BC5955,Arenal / Canal / Montañar
1025703,499974,5750211BC5955S0023TK,4,"28.637,54","0,499","129,49",80,"209,49",28637.54,0.499,129.49,209.49,5750211,BC5955S,0023,TK,BC5955,Arenal / Canal / Montañar
1024916,477830,5457311BC5955N0007SM,4,"28.668,35","0,500","129,50",80,"209,50",28668.35,0.5,129.5,209.5,5457311,BC5955N,0007,SM,BC5955,Arenal / Canal / Montañar
1017140,507695,5378408BC5957N0004RI,4,"28.723,13","0,501","129,51",80,"209,51",28723.13,0.501,129.51,209.51,5378408,BC5957N,0004,RI,BC5957,Arenal / Canal / Montañar
1016796,507645,5378408BC5957N0005TO,4,"28.723,13","0,501","129,51",80,"209,51",28723.13,0.501,129.51,209.51,5378408,BC5957N,0005,TO,BC5957,Arenal / Canal / Montañar
1001724,510762,5656507BC5955N0030RF,4,"28.890,35","0,503","129,53",80,"209,53",28890.35,0.503,129.53,209.53,5656507,BC5955N,0030,RF,BC5955,Arenal / Canal / Montañar
1001705,496683,5856801BC5955N0032JH,4,"28.892,58","0,504","129,53",80,"209,53",28892.58,0.504,129.53,209.53,5856801,BC5955N,0032,JH,BC5955,Arenal / Canal / Montañar
1028572,484915,5463707BC5956S0019BA,4,"29.181,09","0,509","129,58",80,"209,58",29181.09,0.509,129.58,209.58,5463707,BC5956S,0019,BA,BC5956,Arenal / Canal / Montañar
1001872,504851,5656513BC5955N0016MY,4,"29.275,54","0,510","129,59",80,"209,59",29275.54,0.51,129.59,209.59,5656513,BC5955N,0016,MY,BC5955,Arenal / Canal / Montañar
1001752,495636,5656512BC5955N0033WJ,4,"29.275,54","0,510","129,59",80,"209,59",29275.54,0.51,129.59,209.59,5656512,BC5955N,0033,WJ,BC5955,Arenal / Canal / Montañar
1001478,477757,5656510BC5955N0009GW,4,"29.275,54","0,510","129,59",80,"209,59",29275.54,0.51,129.59,209.59,5656510,BC5955N,0009,GW,BC5955,Arenal / Canal / Montañar
1001480,502928,5656510BC5955N0019XO,4,"29.275,54","0,510","129,59",80,"209,59",29275.54,0.51,129.59,209.59,5656510,BC5955N,0019,XO,BC5955,Arenal / Canal / Montañar
1002026,489176,5656511BC5955N0015RT,4,"29.275,54","0,510","129,59",80,"209,59",29275.54,0.51,129.59,209.59,5656511,BC5955N,0015,RT,BC5955,Arenal / Canal / Montañar
1001574,476767,5656512BC5955N0023KP,4,"29.275,54","0,510","129,59",80,"209,59",29275.54,0.51,129.59,209.59,5656512,BC5955N,0023,KP,BC5955,Arenal / Canal / Montañar
1001601,482316,5656510BC5955N0018ZI,4,"29.275,54","0,510","129,59",80,"209,59",29275.54,0.51,129.59,209.59,5656510,BC5955N,0018,ZI,BC5955,Arenal / Canal / Montañar
1001642,475786,5656510BC5955N0015KT,4,"29.275,54","0,510","129,59",80,"209,59",29275.54,0.51,129.59,209.59,5656510,BC5955N,0015,KT,BC5955,Arenal / Canal / Montañar
1001328,461156,5656513BC5955N0017QU,4,"29.275,54","0,510","129,59",80,"209,59",29275.54,0.51,129.59,209.59,5656513,BC5955N,0017,QU,BC5955,Arenal / Canal / Montañar
1001285,477568,5656512BC5955N0003RL,4,"29.275,54","0,510","129,59",80,"209,59",29275.54,0.51,129.59,209.59,5656512,BC5955N,0003,RL,BC5955,Arenal / Canal / Montañar
1001256,484330,5656512BC5955N0038UX,4,"29.275,54","0,510","129,59",80,"209,59",29275.54,0.51,129.59,209.59,5656512,BC5955N,0038,UX,BC5955,Arenal / Canal / Montañar
1001510,494488,5656512BC5955N0008OQ,4,"29.275,54","0,510","129,59",80,"209,59",29275.54,0.51,129.59,209.59,5656512,BC5955N,0008,OQ,BC5955,Arenal / Canal / Montañar
1002034,509241,5656512BC5955N0032QH,4,"29.275,54","0,510","129,59",80,"209,59",29275.54,0.51,129.59,209.59,5656512,BC5955N,0032,QH,BC5955,Arenal / Canal / Montañar
1001761,502706,5656512BC5955N0011OQ,4,"29.275,54","0,510","129,59",80,"209,59",29275.54,0.51,129.59,209.59,5656512,BC5955N,0011,OQ,BC5955,Arenal / Canal / Montañar
1018949,500669,4778301BC5947N0089XL,4,"29.422,40","0,513","129,61",80,"209,61",29422.4,0.513,129.61,209.61,4778301,BC5947N,0089,XL,BC5947,Casco urbano / Pueblo
1018946,470263,4778301BC5947N0100YE,4,"29.422,40","0,513","129,61",80,"209,61",29422.4,0.513,129.61,209.61,4778301,BC5947N,0100,YE,BC5947,Casco urbano / Pueblo
1004547,473660,9122406BC5992S0001UD,4,"29.461,33","0,513","129,62",80,"209,62",29461.33,0.513,129.62,209.62,9122406,BC5992S,0001,UD,BC5992,Costa Nova / Balcón al Mar / Ambolo
1002251,491563,6846006BC5964N0008HA,4,"29.503,00","0,514","129,63",80,"209,63",29503.0,0.514,129.63,209.63,6846006,BC5964N,0008,HA,BC5964,Puerto / Aduanas
1002236,500215,6846006BC5964N0012JS,4,"29.503,00","0,514","129,63",80,"209,63",29503.0,0.514,129.63,209.63,6846006,BC5964N,0012,JS,BC5964,Puerto / Aduanas
1028567,479871,5463707BC5956S0010AW,4,"29.521,27","0,514","129,63",80,"209,63",29521.27,0.514,129.63,209.63,5463707,BC5956S,0010,AW,BC5956,Arenal / Canal / Montañar
1028569,477896,5463707BC5956S0016JI,4,"29.562,55","0,515","129,64",80,"209,64",29562.55,0.515,129.64,209.64,5463707,BC5956S,0016,JI,BC5956,Arenal / Canal / Montañar
1011748,486414,5469009BC5956N0011OK,4,"29.603,45","0,516","129,64",80,"209,64",29603.45,0.516,129.64,209.64,5469009,BC5956N,0011,OK,BC5956,Arenal / Canal / Montañar
1001385,491446,5656507BC5955N0016LY,4,"29.660,77","0,517","129,65",80,"209,65",29660.77,0.517,129.65,209.65,5656507,BC5955N,0016,LY,BC5955,Arenal / Canal / Montañar
1031649,509550,3564531BC5937S0040GO,4,"29.680,42","0,517","129,66",80,"209,66",29680.42,0.517,129.66,209.66,3564531,BC5937S,0040,GO,BC5937,Casco urbano / Pueblo
1026669,491113,4478607BC5947N0112DS,4,"29.762,90","0,519","129,67",80,"209,67",29762.9,0.519,129.67,209.67,4478607,BC5947N,0112,DS,BC5947,Casco urbano / Pueblo
1021549,495504,4877001BC5947N0018HG,4,"29.799,93","0,519","129,67",80,"209,67",29799.93,0.519,129.67,209.67,4877001,BC5947N,0018,HG,BC5947,Casco urbano / Pueblo
1021544,489000,4877001BC5947N0013AP,4,"29.799,93","0,519","129,67",80,"209,67",29799.93,0.519,129.67,209.67,4877001,BC5947N,0013,AP,BC5947,Casco urbano / Pueblo
1002462,467548,6551001BC5965S0140TD,4,"29.824,91","0,520","129,68",80,"209,68",29824.91,0.52,129.68,209.68,6551001,BC5965S,0140,TD,BC5965,Puerto / Aduanas
10000496,506021,4475719BC5947N0038IY,4,"29.840,88","0,520","129,68",80,"209,68",29840.88,0.52,129.68,209.68,4475719,BC5947N,0038,IY,BC5947,Casco urbano / Pueblo
1024863,487958,5463706BC5956S0011EE,4,"29.945,52","0,522","129,70",80,"209,70",29945.52,0.522,129.7,209.7,5463706,BC5956S,0011,EE,BC5956,Arenal / Canal / Montañar
1010407,480545,1539645BC5913N0001ID,4,"29.949,97","0,522","129,70",80,"209,70",29949.97,0.522,129.7,209.7,1539645,BC5913N,0001,ID,BC5913,Montgó / Toscamar
1025904,455077,5457801BC5955N0130OJ,4,"30.010,33","0,523","129,71",80,"209,71",30010.33,0.523,129.71,209.71,5457801,BC5955N,0130,OJ,BC5955,Arenal / Canal / Montañar
1031661,498870,5463707BC5956S0132UZ,4,"30.087,87","0,524","129,72",80,"209,72",30087.87,0.524,129.72,209.72,5463707,BC5956S,0132,UZ,BC5956,Arenal / Canal / Montañar
1001043,479322,5854001BC5955S0016AF,4,"30.132,47","0,525","129,73",80,"209,73",30132.47,0.525,129.73,209.73,5854001,BC5955S,0016,AF,BC5955,Arenal / Canal / Montañar
1020447,459111,5369001BC5956N0023MR,4,"30.159,08","0,526","129,73",80,"209,73",30159.08,0.526,129.73,209.73,5369001,BC5956N,0023,MR,BC5956,Arenal / Canal / Montañar
1019370,424688,5368405BC5956N0061RU,4,"30.191,94","0,526","129,74",80,"209,74",30191.94,0.526,129.74,209.74,5368405,BC5956N,0061,RU,BC5956,Arenal / Canal / Montañar
1018613,462378,5368405BC5956N0025EY,4,"30.191,94","0,526","129,74",80,"209,74",30191.94,0.526,129.74,209.74,5368405,BC5956N,0025,EY,BC5956,Arenal / Canal / Montañar
1018595,498993,5368405BC5956N0007FJ,4,"30.191,94","0,526","129,74",80,"209,74",30191.94,0.526,129.74,209.74,5368405,BC5956N,0007,FJ,BC5956,Arenal / Canal / Montañar
1027138,509304,5564501BC5956S0002PB,4,"30.206,61","0,526","129,74",80,"209,74",30206.61,0.526,129.74,209.74,5564501,BC5956S,0002,PB,BC5956,Arenal / Canal / Montañar
1018866,481960,5272701BC5957S0024FU,4,"30.246,66","0,527","129,74",80,"209,74",30246.66,0.527,129.74,209.74,5272701,BC5957S,0024,FU,BC5957,Arenal / Canal / Montañar
1021556,483664,4877001BC5947N0025BL,4,"30.327,75","0,529","129,76",80,"209,76",30327.75,0.529,129.76,209.76,4877001,BC5947N,0025,BL,BC5947,Casco urbano / Pueblo
1001482,494828,5855102BC5955N0011QQ,4,"30.365,19","0,529","129,76",80,"209,76",30365.19,0.529,129.76,209.76,5855102,BC5955N,0011,QQ,BC5955,Arenal / Canal / Montañar
1001835,477594,5758404BC5955N0008IQ,4,"30.414,97","0,530","129,77",80,"209,77",30414.97,0.53,129.77,209.77,5758404,BC5955N,0008,IQ,BC5955,Arenal / Canal / Montañar
1001627,502553,5758404BC5955N0024KA,4,"30.414,97","0,530","129,77",80,"209,77",30414.97,0.53,129.77,209.77,5758404,BC5955N,0024,KA,BC5955,Arenal / Canal / Montañar
1001667,459335,5758404BC5955N0009OW,4,"30.414,97","0,530","129,77",80,"209,77",30414.97,0.53,129.77,209.77,5758404,BC5955N,0009,OW,BC5955,Arenal / Canal / Montañar
1022640,488917,5562001BC5956S0094XH,4,"30.429,06","0,530","129,77",80,"209,77",30429.06,0.53,129.77,209.77,5562001,BC5956S,0094,XH,BC5956,Arenal / Canal / Montañar
1024313,491686,5172002BC5957S0262SH,4,"30.495,20","0,531","129,78",80,"209,78",30495.2,0.531,129.78,209.78,5172002,BC5957S,0262,SH,BC5957,Arenal / Canal / Montañar
1024278,476481,5172002BC5957S0227SH,4,"30.495,20","0,531","129,78",80,"209,78",30495.2,0.531,129.78,209.78,5172002,BC5957S,0227,SH,BC5957,Arenal / Canal / Montañar
1024328,472730,5172002BC5957S0277QT,4,"30.495,20","0,531","129,78",80,"209,78",30495.2,0.531,129.78,209.78,5172002,BC5957S,0277,QT,BC5957,Arenal / Canal / Montañar
10000494,502576,4475719BC5947N0036YR,4,"30.499,50","0,532","129,78",80,"209,78",30499.5,0.532,129.78,209.78,4475719,BC5947N,0036,YR,BC5947,Casco urbano / Pueblo
1016085,449344,6251304BC5965S0028DR,4,"30.578,25","0,533","129,80",80,"209,80",30578.25,0.533,129.8,209.8,6251304,BC5965S,0028,DR,BC5965,Puerto / Aduanas
1016084,489177,6251304BC5965S0020TL,4,"30.578,25","0,533","129,80",80,"209,80",30578.25,0.533,129.8,209.8,6251304,BC5965S,0020,TL,BC5965,Puerto / Aduanas
1002076,509603,5553452BC5955S0001DW,4,"30.651,87","0,534","129,81",80,"209,81",30651.87,0.534,129.81,209.81,5553452,BC5955S,0001,DW,BC5955,Arenal / Canal / Montañar
1002085,489222,5553450BC5955S0001KW,4,"30.651,87","0,534","129,81",80,"209,81",30651.87,0.534,129.81,209.81,5553450,BC5955S,0001,KW,BC5955,Arenal / Canal / Montañar
1025681,472401,5750211BC5955S0001SW,4,"30.679,23","0,535","129,81",80,"209,81",30679.23,0.535,129.81,209.81,5750211,BC5955S,0001,SW,BC5955,Arenal / Canal / Montañar
1021772,479311,5172002BC5957S0046LM,4,"30.712,26","0,535","129,82",80,"209,82",30712.26,0.535,129.82,209.82,5172002,BC5957S,0046,LM,BC5957,Arenal / Canal / Montañar
1002824,458907,6352009BC5965S0013IG,4,"30.742,00","0,536","129,82",80,"209,82",30742.0,0.536,129.82,209.82,6352009,BC5965S,0013,IG,BC5965,Puerto / Aduanas
1002693,467696,6352009BC5965S0020SL,4,"30.742,00","0,536","129,82",80,"209,82",30742.0,0.536,129.82,209.82,6352009,BC5965S,0020,SL,BC5965,Puerto / Aduanas
1002528,447644,6352009BC5965S0008YD,4,"30.742,00","0,536","129,82",80,"209,82",30742.0,0.536,129.82,209.82,6352009,BC5965S,0008,YD,BC5965,Puerto / Aduanas
1002601,463413,6352009BC5965S0004WO,4,"30.742,00","0,536","129,82",80,"209,82",30742.0,0.536,129.82,209.82,6352009,BC5965S,0004,WO,BC5965,Puerto / Aduanas
1020281,470709,6352009BC5965S0017SL,4,"30.742,00","0,536","129,82",80,"209,82",30742.0,0.536,129.82,209.82,6352009,BC5965S,0017,SL,BC5965,Puerto / Aduanas
1015198,457206,5380303BC5957N0045WF,4,"30.802,47","0,537","129,83",80,"209,83",30802.47,0.537,129.83,209.83,5380303,BC5957N,0045,WF,BC5957,Arenal / Canal / Montañar
1011961,487906,3373508BC5937S0001MT,4,"30.817,71","0,537","129,83",80,"209,83",30817.71,0.537,129.83,209.83,3373508,BC5937S,0001,MT,BC5937,Casco urbano / Pueblo
10000169,492790,5760103BC5956S0018SP,4,"30.820,49","0,537","129,83",80,"209,83",30820.49,0.537,129.83,209.83,5760103,BC5956S,0018,SP,BC5956,Arenal / Canal / Montañar
1023621,507342,5658002BC5955N0161BH,4,"30.832,18","0,537","129,84",80,"209,84",30832.18,0.537,129.84,209.84,5658002,BC5955N,0161,BH,BC5955,Arenal / Canal / Montañar
1025901,490798,5457801BC5955N0127OJ,4,"30.999,68","0,540","129,86",80,"209,86",30999.68,0.54,129.86,209.86,5457801,BC5955N,0127,OJ,BC5955,Arenal / Canal / Montañar
10000170,492323,5760103BC5956S0017AO,4,"31.062,31","0,541","129,87",80,"209,87",31062.31,0.541,129.87,209.87,5760103,BC5956S,0017,AO,BC5956,Arenal / Canal / Montañar
10000173,494187,5760103BC5956S0014IY,4,"31.062,31","0,541","129,87",80,"209,87",31062.31,0.541,129.87,209.87,5760103,BC5956S,0014,IY,BC5956,Arenal / Canal / Montañar
10000176,495150,5760103BC5956S0011TE,4,"31.062,31","0,541","129,87",80,"209,87",31062.31,0.541,129.87,209.87,5760103,BC5956S,0011,TE,BC5956,Arenal / Canal / Montañar
1025872,494051,5457801BC5955N0098PK,4,"31.128,16","0,542","129,88",80,"209,88",31128.16,0.542,129.88,209.88,5457801,BC5955N,0098,PK,BC5955,Arenal / Canal / Montañar
1024813,497279,5266508BC5956N0013MB,4,"31.128,93","0,543","129,88",80,"209,88",31128.93,0.543,129.88,209.88,5266508,BC5956N,0013,MB,BC5956,Arenal / Canal / Montañar
1002008,470589,5656507BC5955N0013HE,4,"31.201,58","0,544","129,89",80,"209,89",31201.58,0.544,129.89,209.89,5656507,BC5955N,0013,HE,BC5955,Arenal / Canal / Montañar
1001664,490786,5656509BC5955N0028MG,4,"31.201,58","0,544","129,89",80,"209,89",31201.58,0.544,129.89,209.89,5656509,BC5955N,0028,MG,BC5955,Arenal / Canal / Montañar
1001560,489511,5656507BC5955N0031TG,4,"31.201,58","0,544","129,89",80,"209,89",31201.58,0.544,129.89,209.89,5656507,BC5955N,0031,TG,BC5955,Arenal / Canal / Montañar
1002162,498738,6846006BC5964N0030YQ,4,"31.229,74","0,544","129,90",80,"209,90",31229.74,0.544,129.9,209.9,6846006,BC5964N,0030,YQ,BC5964,Puerto / Aduanas
1002140,476998,6846006BC5964N0036SU,4,"31.229,74","0,544","129,90",80,"209,90",31229.74,0.544,129.9,209.9,6846006,BC5964N,0036,SU,BC5964,Puerto / Aduanas
1021561,484459,4877001BC5947N0030XZ,4,"31.274,21","0,545","129,91",80,"209,91",31274.21,0.545,129.91,209.91,4877001,BC5947N,0030,XZ,BC5947,Casco urbano / Pueblo
1018883,464267,5272701BC5957S0041WK,4,"31.336,22","0,546","129,92",80,"209,92",31336.22,0.546,129.92,209.92,5272701,BC5957S,0041,WK,BC5957,Arenal / Canal / Montañar
1009650,485490,5227002BC5957N0022RB,4,"31.379,78","0,547","129,92",80,"209,92",31379.78,0.547,129.92,209.92,5227002,BC5957N,0022,RB,BC5957,Arenal / Canal / Montañar
1012709,509828,5481003BC5958S0001QU,4,"31.387,74","0,547","129,92",80,"209,92",31387.74,0.547,129.92,209.92,5481003,BC5958S,0001,QU,BC5958,Arenal / Canal / Montañar
1020451,477862,5369001BC5956N0028TO,4,"31.394,06","0,547","129,92",80,"209,92",31394.06,0.547,129.92,209.92,5369001,BC5956N,0028,TO,BC5956,Arenal / Canal / Montañar
1003064,500304,6550301BC5965S0034YU,4,"31.402,97","0,547","129,93",80,"209,93",31402.97,0.547,129.93,209.93,6550301,BC5965S,0034,YU,BC5965,Puerto / Aduanas
1023763,481685,4066502BC5937N0116QS,4,"31.436,54","0,548","129,93",80,"209,93",31436.54,0.548,129.93,209.93,4066502,BC5937N,0116,QS,BC5937,Casco urbano / Pueblo
1019703,507416,5180412BC5958S0041ES,4,"31.446,12","0,548","129,93",80,"209,93",31446.12,0.548,129.93,209.93,5180412,BC5958S,0041,ES,BC5958,Arenal / Canal / Montañar
1019711,482485,5180412BC5958S0049AB,4,"31.446,12","0,548","129,93",80,"209,93",31446.12,0.548,129.93,209.93,5180412,BC5958S,0049,AB,BC5958,Arenal / Canal / Montañar
1010809,462562,5568505BC5956N0022AE,4,"31.459,29","0,548","129,93",80,"209,93",31459.29,0.548,129.93,209.93,5568505,BC5956N,0022,AE,BC5956,Arenal / Canal / Montañar
1013799,499328,5373001BC5957S0030OP,4,"31.641,32","0,551","129,96",80,"209,96",31641.32,0.551,129.96,209.96,5373001,BC5957S,0030,OP,BC5957,Arenal / Canal / Montañar
1013773,501749,5373001BC5957S0044BZ,4,"31.641,32","0,551","129,96",80,"209,96",31641.32,0.551,129.96,209.96,5373001,BC5957S,0044,BZ,BC5957,Arenal / Canal / Montañar
1013762,502187,5373001BC5957S0041JK,4,"31.641,32","0,551","129,96",80,"209,96",31641.32,0.551,129.96,209.96,5373001,BC5957S,0041,JK,BC5957,Arenal / Canal / Montañar
1021753,501415,5172002BC5957S0027YP,4,"31.652,50","0,552","129,96",80,"209,96",31652.5,0.552,129.96,209.96,5172002,BC5957S,0027,YP,BC5957,Arenal / Canal / Montañar
1021763,493664,5172002BC5957S0037DJ,4,"31.652,50","0,552","129,96",80,"209,96",31652.5,0.552,129.96,209.96,5172002,BC5957S,0037,DJ,BC5957,Arenal / Canal / Montañar
1021802,459914,5172002BC5957S0077KX,4,"31.652,50","0,552","129,96",80,"209,96",31652.5,0.552,129.96,209.96,5172002,BC5957S,0077,KX,BC5957,Arenal / Canal / Montañar
1024316,442832,5172002BC5957S0265GL,4,"31.737,43","0,553","129,98",80,"209,98",31737.43,0.553,129.98,209.98,5172002,BC5957S,0265,GL,BC5957,Arenal / Canal / Montañar
1023671,478465,5658002BC5955N0221KF,4,"31.744,08","0,553","129,98",80,"209,98",31744.08,0.553,129.98,209.98,5658002,BC5955N,0221,KF,BC5955,Arenal / Canal / Montañar
1018400,498011,4944703BC5944S0001SR,4,"31.918,64","0,556","130,01",80,"210,01",31918.64,0.556,130.01,210.01,4944703,BC5944S,0001,SR,BC5944,Casco urbano / Pueblo
1021582,462892,4877001BC5947N0051FD,4,"31.922,80","0,556","130,01",80,"210,01",31922.8,0.556,130.01,210.01,4877001,BC5947N,0051,FD,BC5947,Casco urbano / Pueblo
10000181,492449,5760103BC5956S0006EQ,4,"31.938,24","0,557","130,01",80,"210,01",31938.24,0.557,130.01,210.01,5760103,BC5956S,0006,EQ,BC5956,Arenal / Canal / Montañar
1025021,478254,4775402BC5947N0008OI,4,"31.990,82","0,558","130,02",80,"210,02",31990.82,0.558,130.02,210.02,4775402,BC5947N,0008,OI,BC5947,Casco urbano / Pueblo
1001402,493272,5753205BC5955S0061LZ,4,"32.013,55","0,558","130,02",80,"210,02",32013.55,0.558,130.02,210.02,5753205,BC5955S,0061,LZ,BC5955,Arenal / Canal / Montañar
1001399,488916,5753205BC5955S0013OA,4,"32.013,55","0,558","130,02",80,"210,02",32013.55,0.558,130.02,210.02,5753205,BC5955S,0013,OA,BC5955,Arenal / Canal / Montañar
1020721,472491,5662001BC5956S0089SF,4,"32.062,22","0,559","130,03",80,"210,03",32062.22,0.559,130.03,210.03,5662001,BC5956S,0089,SF,BC5956,Arenal / Canal / Montañar
1020709,461781,5662001BC5956S0101BX,4,"32.062,22","0,559","130,03",80,"210,03",32062.22,0.559,130.03,210.03,5662001,BC5956S,0101,BX,BC5956,Arenal / Canal / Montañar
1020456,482292,5369001BC5956N0033UA,4,"32.091,21","0,559","130,03",80,"210,03",32091.21,0.559,130.03,210.03,5369001,BC5956N,0033,UA,BC5956,Arenal / Canal / Montañar
1018467,486962,4977303BC5947N0050SS,4,"32.167,78","0,561","130,05",80,"210,05",32167.78,0.561,130.05,210.05,4977303,BC5947N,0050,SS,BC5947,Casco urbano / Pueblo
1018455,490560,4977303BC5947N0003EE,4,"32.363,40","0,564","130,08",80,"210,08",32363.4,0.564,130.08,210.08,4977303,BC5947N,0003,EE,BC5947,Casco urbano / Pueblo
1018426,448512,4977303BC5947N0021GG,4,"32.363,40","0,564","130,08",80,"210,08",32363.4,0.564,130.08,210.08,4977303,BC5947N,0021,GG,BC5947,Casco urbano / Pueblo
1003008,509178,6352010BC5965S0009SF,4,"32.371,94","0,564","130,08",80,"210,08",32371.94,0.564,130.08,210.08,6352010,BC5965S,0009,SF,BC5965,Puerto / Aduanas
1003099,455628,6352010BC5965S0016HK,4,"32.371,94","0,564","130,08",80,"210,08",32371.94,0.564,130.08,210.08,6352010,BC5965S,0016,HK,BC5965,Puerto / Aduanas
1023048,502824,4575002BC5947S0004TS,4,"32.406,33","0,565","130,08",80,"210,08",32406.33,0.565,130.08,210.08,4575002,BC5947S,0004,TS,BC5947,Casco urbano / Pueblo
1002004,489290,5753204BC5955S0031SM,4,"32.458,17","0,566","130,09",80,"210,09",32458.17,0.566,130.09,210.09,5753204,BC5955S,0031,SM,BC5955,Arenal / Canal / Montañar
1001740,465381,5753204BC5955S0043ZO,4,"32.458,17","0,566","130,09",80,"210,09",32458.17,0.566,130.09,210.09,5753204,BC5955S,0043,ZO,BC5955,Arenal / Canal / Montañar
1013185,489820,5656501BC5955N0009UW,4,"32.520,41","0,567","130,10",80,"210,10",32520.41,0.567,130.1,210.1,5656501,BC5955N,0009,UW,BC5955,Arenal / Canal / Montañar
1010336,492528,6352002BC5965S0042AS,4,"32.527,00","0,567","130,10",80,"210,10",32527.0,0.567,130.1,210.1,6352002,BC5965S,0042,AS,BC5965,Puerto / Aduanas
1011493,465294,6352002BC5965S0043SD,4,"32.527,00","0,567","130,10",80,"210,10",32527.0,0.567,130.1,210.1,6352002,BC5965S,0043,SD,BC5965,Puerto / Aduanas
1020452,487488,5369001BC5956N0029YP,4,"32.543,86","0,567","130,10",80,"210,10",32543.86,0.567,130.1,210.1,5369001,BC5956N,0029,YP,BC5956,Arenal / Canal / Montañar
1028060,478653,4873902BC5947S0033RO,4,"32.550,21","0,567","130,11",80,"210,11",32550.21,0.567,130.11,210.11,4873902,BC5947S,0033,RO,BC5947,Casco urbano / Pueblo
1024337,442127,5172002BC5957S0286UA,4,"32.574,82","0,568","130,11",80,"210,11",32574.82,0.568,130.11,210.11,5172002,BC5957S,0286,UA,BC5957,Arenal / Canal / Montañar
1025897,472722,5457801BC5955N0123TD,4,"32.648,64","0,569","130,12",80,"210,12",32648.64,0.569,130.12,210.12,5457801,BC5955N,0123,TD,BC5955,Arenal / Canal / Montañar
1024367,495192,5170809BC5957S0113FW,4,"32.777,14","0,571","130,14",80,"210,14",32777.14,0.571,130.14,210.14,5170809,BC5957S,0113,FW,BC5957,Arenal / Canal / Montañar
1026511,479295,5750201BC5955S0031HM,4,"32.789,47","0,571","130,14",80,"210,14",32789.47,0.571,130.14,210.14,5750201,BC5955S,0031,HM,BC5955,Arenal / Canal / Montañar
1028621,483239,5568508BC5956N0026LU,4,"32.793,99","0,572","130,14",80,"210,14",32793.99,0.572,130.14,210.14,5568508,BC5956N,0026,LU,BC5956,Arenal / Canal / Montañar
1024317,501416,5172002BC5957S0266HB,4,"32.797,89","0,572","130,14",80,"210,14",32797.89,0.572,130.14,210.14,5172002,BC5957S,0266,HB,BC5957,Arenal / Canal / Montañar
1021851,490095,5169036BC5956N0103OH,4,"32.806,82","0,572","130,15",80,"210,15",32806.82,0.572,130.15,210.15,5169036,BC5956N,0103,OH,BC5956,Arenal / Canal / Montañar
1021854,476055,5169036BC5956N0106SL,4,"32.806,82","0,572","130,15",80,"210,15",32806.82,0.572,130.15,210.15,5169036,BC5956N,0106,SL,BC5956,Arenal / Canal / Montañar
1021849,473218,5169036BC5956N0101UF,4,"32.806,82","0,572","130,15",80,"210,15",32806.82,0.572,130.15,210.15,5169036,BC5956N,0101,UF,BC5956,Arenal / Canal / Montañar
1024179,493640,4474302BC5947S0022OQ,4,"32.870,51","0,573","130,16",80,"210,16",32870.51,0.573,130.16,210.16,4474302,BC5947S,0022,OQ,BC5947,Casco urbano / Pueblo
1011764,509369,5376602BC5957N0014QG,4,"32.893,94","0,573","130,16",80,"210,16",32893.94,0.573,130.16,210.16,5376602,BC5957N,0014,QG,BC5957,Arenal / Canal / Montañar
1021762,483963,5172002BC5957S0036SH,4,"32.906,37","0,573","130,16",80,"210,16",32906.37,0.573,130.16,210.16,5172002,BC5957S,0036,SH,BC5957,Arenal / Canal / Montañar
1010932,503945,5372020BC5957S0037DJ,4,"32.948,88","0,574","130,17",80,"210,17",32948.88,0.574,130.17,210.17,5372020,BC5957S,0037,DJ,BC5957,Arenal / Canal / Montañar
1021478,476994,5560001BC5955N0164JL,4,"33.103,66","0,577","130,19",80,"210,19",33103.66,0.577,130.19,210.19,5560001,BC5955N,0164,JL,BC5955,Arenal / Canal / Montañar
1024359,488572,5172002BC5957S0308WY,4,"33.154,40","0,578","130,20",80,"210,20",33154.4,0.578,130.2,210.2,5172002,BC5957S,0308,WY,BC5957,Arenal / Canal / Montañar
1021793,477072,5172002BC5957S0068SH,4,"33.220,80","0,579","130,21",80,"210,21",33220.8,0.579,130.21,210.21,5172002,BC5957S,0068,SH,BC5957,Arenal / Canal / Montañar
1031618,499101,5463709BC5956S0029XK,4,"33.228,40","0,579","130,21",80,"210,21",33228.4,0.579,130.21,210.21,5463709,BC5956S,0029,XK,BC5956,Arenal / Canal / Montañar
1008445,465436,5227002BC5957N0051QJ,4,"33.274,36","0,580","130,22",80,"210,22",33274.36,0.58,130.22,210.22,5227002,BC5957N,0051,QJ,BC5957,Arenal / Canal / Montañar
1020454,511530,5369001BC5956N0031TO,4,"33.276,82","0,580","130,22",80,"210,22",33276.82,0.58,130.22,210.22,5369001,BC5956N,0031,TO,BC5956,Arenal / Canal / Montañar
1001577,471379,5852004BC5955S0028FM,4,"33.347,41","0,581","130,23",80,"210,23",33347.41,0.581,130.23,210.23,5852004,BC5955S,0028,FM,BC5955,Arenal / Canal / Montañar
1001371,480473,5852004BC5955S0014ES,4,"33.347,41","0,581","130,23",80,"210,23",33347.41,0.581,130.23,210.23,5852004,BC5955S,0014,ES,BC5955,Arenal / Canal / Montañar
1001464,478238,5852004BC5955S0024PL,4,"33.347,41","0,581","130,23",80,"210,23",33347.41,0.581,130.23,210.23,5852004,BC5955S,0024,PL,BC5955,Arenal / Canal / Montañar
1032227,509296,4169505BC5946N0029LY,4,"33.378,48","0,582","130,24",80,"210,24",33378.48,0.582,130.24,210.24,4169505,BC5946N,0029,LY,BC5946,Casco urbano / Pueblo
1008460,487880,5075302BC5957N0011TS,4,"33.396,46","0,582","130,24",80,"210,24",33396.46,0.582,130.24,210.24,5075302,BC5957N,0011,TS,BC5957,Arenal / Canal / Montañar
1011728,494256,5376602BC5957N0035HU,4,"33.424,54","0,583","130,24",80,"210,24",33424.54,0.583,130.24,210.24,5376602,BC5957N,0035,HU,BC5957,Arenal / Canal / Montañar
1026505,481717,5750201BC5955S0025DB,4,"33.450,78","0,583","130,25",80,"210,25",33450.78,0.583,130.25,210.25,5750201,BC5955S,0025,DB,BC5955,Arenal / Canal / Montañar
1019445,504293,3761406BC5937S0054IB,4,"33.459,91","0,583","130,25",80,"210,25",33459.91,0.583,130.25,210.25,3761406,BC5937S,0054,IB,BC5937,Casco urbano / Pueblo
1024354,475691,5172002BC5957S0303BQ,4,"33.543,41","0,585","130,26",80,"210,26",33543.41,0.585,130.26,210.26,5172002,BC5957S,0303,BQ,BC5957,Arenal / Canal / Montañar
1025106,477574,5564502BC5956S0092DF,4,"33.663,76","0,587","130,28",80,"210,28",33663.76,0.587,130.28,210.28,5564502,BC5956S,0092,DF,BC5956,Arenal / Canal / Montañar
1024310,482456,5172002BC5957S0259SH,4,"33.667,78","0,587","130,28",80,"210,28",33667.78,0.587,130.28,210.28,5172002,BC5957S,0259,SH,BC5957,Arenal / Canal / Montañar
1008435,494453,5227002BC5957N0062OW,4,"33.679,25","0,587","130,28",80,"210,28",33679.25,0.587,130.28,210.28,5227002,BC5957N,0062,OW,BC5957,Arenal / Canal / Montañar
1008433,499355,5227002BC5957N0076BD,4,"33.697,48","0,587","130,29",80,"210,29",33697.48,0.587,130.29,210.29,5227002,BC5957N,0076,BD,BC5957,Arenal / Canal / Montañar
1026407,477540,4871006BC5947S0001JO,4,"33.727,79","0,588","130,29",80,"210,29",33727.79,0.588,130.29,210.29,4871006,BC5947S,0001,JO,BC5947,Casco urbano / Pueblo
1023851,479964,5463703BC5956S0143WY,4,"33.727,92","0,588","130,29",80,"210,29",33727.92,0.588,130.29,210.29,5463703,BC5956S,0143,WY,BC5956,Arenal / Canal / Montañar
1020561,485875,5662001BC5956S0012WR,4,"33.793,06","0,589","130,30",80,"210,30",33793.06,0.589,130.3,210.3,5662001,BC5956S,0012,WR,BC5956,Arenal / Canal / Montañar
1021729,482458,5172002BC5957S0003AG,4,"33.848,91","0,590","130,31",80,"210,31",33848.91,0.59,130.31,210.31,5172002,BC5957S,0003,AG,BC5957,Arenal / Canal / Montañar
1011397,499725,5568505BC5956N0020OQ,4,"33.888,15","0,591","130,32",80,"210,32",33888.15,0.591,130.32,210.32,5568505,BC5956N,0020,OQ,BC5956,Arenal / Canal / Montañar
1016027,498441,2571643BC5927S0001AQ,4,"33.895,64","0,591","130,32",80,"210,32",33895.64,0.591,130.32,210.32,2571643,BC5927S,0001,AQ,BC5927,Rafalet / Lluca / Covatelles
1001258,465914,5656507BC5955N0033UJ,4,"33.898,01","0,591","130,32",80,"210,32",33898.01,0.591,130.32,210.32,5656507,BC5955N,0033,UJ,BC5955,Arenal / Canal / Montañar
1031947,500165,4773801BC5947S0008YH,4,"33.951,63","0,592","130,33",80,"210,33",33951.63,0.592,130.33,210.33,4773801,BC5947S,0008,YH,BC5947,Casco urbano / Pueblo
1028625,477934,5568508BC5956N0027BI,4,"34.101,28","0,594","130,35",80,"210,35",34101.28,0.594,130.35,210.35,5568508,BC5956N,0027,BI,BC5956,Arenal / Canal / Montañar
10000714,507398,5652205BC5955S0015FD,4,"34.160,30","0,595","130,36",80,"210,36",34160.3,0.595,130.36,210.36,5652205,BC5955S,0015,FD,BC5955,Arenal / Canal / Montañar
1001961,476132,5856805BC5955N0009HW,4,"34.173,77","0,596","130,36",80,"210,36",34173.77,0.596,130.36,210.36,5856805,BC5955N,0009,HW,BC5955,Arenal / Canal / Montañar
1001227,502589,5856805BC5955N0010FM,4,"34.173,77","0,596","130,36",80,"210,36",34173.77,0.596,130.36,210.36,5856805,BC5955N,0010,FM,BC5955,Arenal / Canal / Montañar
1008405,507223,5227002BC5957N0003FU,4,"34.197,93","0,596","130,36",80,"210,36",34197.93,0.596,130.36,210.36,5227002,BC5957N,0003,FU,BC5957,Arenal / Canal / Montañar
1008430,478484,5227002BC5957N0001ST,4,"34.197,93","0,596","130,36",80,"210,36",34197.93,0.596,130.36,210.36,5227002,BC5957N,0001,ST,BC5957,Arenal / Canal / Montañar
1008418,465789,5227002BC5957N0015MH,4,"34.197,93","0,596","130,36",80,"210,36",34197.93,0.596,130.36,210.36,5227002,BC5957N,0015,MH,BC5957,Arenal / Canal / Montañar
1025964,509102,4475723BC5947N0083QD,4,"34.376,29","0,599","130,39",80,"210,39",34376.29,0.599,130.39,210.39,4475723,BC5947N,0083,QD,BC5947,Casco urbano / Pueblo
10000712,507394,5652205BC5955S0013SA,4,"34.466,10","0,601","130,41",80,"210,41",34466.1,0.601,130.41,210.41,5652205,BC5955S,0013,SA,BC5955,Arenal / Canal / Montañar
1024563,487209,5170807BC5957S0020BE,4,"34.514,89","0,602","130,41",80,"210,41",34514.89,0.602,130.41,210.41,5170807,BC5957S,0020,BE,BC5957,Arenal / Canal / Montañar
1011747,476326,5469008BC5956N0017YQ,4,"34.598,35","0,603","130,43",80,"210,43",34598.35,0.603,130.43,210.43,5469008,BC5956N,0017,YQ,BC5956,Arenal / Canal / Montañar
1011805,509719,5469008BC5956N0027DI,4,"34.598,35","0,603","130,43",80,"210,43",34598.35,0.603,130.43,210.43,5469008,BC5956N,0027,DI,BC5956,Arenal / Canal / Montañar
1013229,489668,5271524BC5957S0001XD,4,"34.684,07","0,604","130,44",80,"210,44",34684.07,0.604,130.44,210.44,5271524,BC5957S,0001,XD,BC5957,Arenal / Canal / Montañar
1002464,500318,6550301BC5965S0083JK,4,"34.687,99","0,605","130,44",80,"210,44",34687.99,0.605,130.44,210.44,6550301,BC5965S,0083,JK,BC5965,Puerto / Aduanas
1020926,509591,5947601BC5954N0012EI,4,"34.701,53","0,605","130,44",80,"210,44",34701.53,0.605,130.44,210.44,5947601,BC5954N,0012,EI,BC5954,Arenal / Canal / Montañar
1018633,464811,5368405BC5956N0045JB,4,"34.721,52","0,605","130,45",80,"210,45",34721.52,0.605,130.45,210.45,5368405,BC5956N,0045,JB,BC5956,Arenal / Canal / Montañar
1018645,486715,5368405BC5956N0057EY,4,"34.721,52","0,605","130,45",80,"210,45",34721.52,0.605,130.45,210.45,5368405,BC5956N,0057,EY,BC5956,Arenal / Canal / Montañar
1013913,510819,2038511BC5923N0001AJ,4,"34.802,66","0,607","130,46",80,"210,46",34802.66,0.607,130.46,210.46,2038511,BC5923N,0001,AJ,BC5923,Rafalet / Lluca / Covatelles
1031940,493842,4773801BC5947S1000LY,4,"34.992,84","0,610","130,49",80,"210,49",34992.84,0.61,130.49,210.49,4773801,BC5947S,1000,LY,BC5947,Casco urbano / Pueblo
1027198,478408,4347022BC5947N0010OU,4,"35.018,99","0,610","130,49",80,"210,49",35018.99,0.61,130.49,210.49,4347022,BC5947N,0010,OU,BC5947,Casco urbano / Pueblo
1031941,496292,4773801BC5947S0002MP,4,"35.036,87","0,611","130,50",80,"210,50",35036.87,0.611,130.5,210.5,4773801,BC5947S,0002,MP,BC5947,Casco urbano / Pueblo
1001679,471270,5656509BC5955N0031MG,4,"35.053,62","0,611","130,50",80,"210,50",35053.62,0.611,130.5,210.5,5656509,BC5955N,0031,MG,BC5955,Arenal / Canal / Montañar
1001983,490787,5656509BC5955N0007IM,4,"35.053,62","0,611","130,50",80,"210,50",35053.62,0.611,130.5,210.5,5656509,BC5955N,0007,IM,BC5955,Arenal / Canal / Montañar
1001013,462585,5855001BC5955S0018KH,4,"35.058,63","0,611","130,50",80,"210,50",35058.63,0.611,130.5,210.5,5855001,BC5955S,0018,KH,BC5955,Arenal / Canal / Montañar
1001014,504832,5855001BC5955S0017JG,4,"35.058,63","0,611","130,50",80,"210,50",35058.63,0.611,130.5,210.5,5855001,BC5955S,0017,JG,BC5955,Arenal / Canal / Montañar
1001170,475783,5855001BC5955S0034TE,4,"35.058,63","0,611","130,50",80,"210,50",35058.63,0.611,130.5,210.5,5855001,BC5955S,0034,TE,BC5955,Arenal / Canal / Montañar
1000995,480196,5855001BC5955S0041OU,4,"35.058,63","0,611","130,50",80,"210,50",35058.63,0.611,130.5,210.5,5855001,BC5955S,0041,OU,BC5955,Arenal / Canal / Montañar
1011657,474441,5469008BC5956N0026SU,4,"35.072,31","0,611","130,50",80,"210,50",35072.31,0.611,130.5,210.5,5469008,BC5956N,0026,SU,BC5956,Arenal / Canal / Montañar
1011675,477901,5469008BC5956N0036LF,4,"35.072,31","0,611","130,50",80,"210,50",35072.31,0.611,130.5,210.5,5469008,BC5956N,0036,LF,BC5956,Arenal / Canal / Montañar
1020875,491861,5469008BC5956N0016TM,4,"35.072,31","0,611","130,50",80,"210,50",35072.31,0.611,130.5,210.5,5469008,BC5956N,0016,TM,BC5956,Arenal / Canal / Montañar
1020438,488697,5369001BC5956N0013HB,4,"35.152,77","0,613","130,51",80,"210,51",35152.77,0.613,130.51,210.51,5369001,BC5956N,0013,HB,BC5956,Arenal / Canal / Montañar
1008844,477141,1437203BC5913N0001LD,4,"35.399,01","0,617","130,55",80,"210,55",35399.01,0.617,130.55,210.55,1437203,BC5913N,0001,LD,BC5913,Montgó / Toscamar
1001811,478285,5658008BC5955N0018BI,4,"35.438,84","0,618","130,56",80,"210,56",35438.84,0.618,130.56,210.56,5658008,BC5955N,0018,BI,BC5955,Arenal / Canal / Montañar
1024574,470258,5170807BC5957S0033UD,4,"35.486,46","0,618","130,57",80,"210,57",35486.46,0.618,130.57,210.57,5170807,BC5957S,0033,UD,BC5957,Arenal / Canal / Montañar
1002001,496215,5852003BC5955S0021ZH,4,"35.570,59","0,620","130,58",80,"210,58",35570.59,0.62,130.58,210.58,5852003,BC5955S,0021,ZH,BC5955,Arenal / Canal / Montañar
1024013,499986,4876901BC5947N0060TL,4,"35.633,45","0,621","130,59",80,"210,59",35633.45,0.621,130.59,210.59,4876901,BC5947N,0060,TL,BC5947,Casco urbano / Pueblo
1004537,486055,9215013BC5991S0001XL,4,"35.647,33","0,621","130,59",80,"210,59",35647.33,0.621,130.59,210.59,9215013,BC5991S,0001,XL,BC5991,Costa Nova / Balcón al Mar / Ambolo
1026800,481100,5470819BC5957S0010QL,4,"35.711,85","0,622","130,60",80,"210,60",35711.85,0.622,130.6,210.6,5470819,BC5957S,0010,QL,BC5957,Arenal / Canal / Montañar
1027586,502702,5355303BC5955N0005OZ,4,"35.782,50","0,624","130,61",80,"210,61",35782.5,0.624,130.61,210.61,5355303,BC5955N,0005,OZ,BC5955,Arenal / Canal / Montañar
1002821,494414,6352001BC5965S0014YH,4,"35.858,57","0,625","130,62",80,"210,62",35858.57,0.625,130.62,210.62,6352001,BC5965S,0014,YH,BC5965,Puerto / Aduanas
1003043,487918,6352001BC5965S0020OL,4,"35.858,57","0,625","130,62",80,"210,62",35858.57,0.625,130.62,210.62,6352001,BC5965S,0020,OL,BC5965,Puerto / Aduanas
1003224,475535,6352001BC5965S0005MP,4,"35.858,57","0,625","130,62",80,"210,62",35858.57,0.625,130.62,210.62,6352001,BC5965S,0005,MP,BC5965,Puerto / Aduanas
1019638,476986,5174001BC5957S0013LX,4,"35.894,90","0,626","130,63",80,"210,63",35894.9,0.626,130.63,210.63,5174001,BC5957S,0013,LX,BC5957,Arenal / Canal / Montañar
1020459,479372,5369001BC5956N0036PF,4,"35.923,66","0,626","130,63",80,"210,63",35923.66,0.626,130.63,210.63,5369001,BC5956N,0036,PF,BC5956,Arenal / Canal / Montañar
1020439,475114,5369001BC5956N0014JZ,4,"35.923,66","0,626","130,63",80,"210,63",35923.66,0.626,130.63,210.63,5369001,BC5956N,0014,JZ,BC5956,Arenal / Canal / Montañar
1023747,507174,4066502BC5937N0100AX,4,"35.957,87","0,627","130,64",80,"210,64",35957.87,0.627,130.64,210.64,4066502,BC5937N,0100,AX,BC5937,Casco urbano / Pueblo
1021776,478342,5172002BC5957S0051ZW,4,"36.040,62","0,628","130,65",80,"210,65",36040.62,0.628,130.65,210.65,5172002,BC5957S,0051,ZW,BC5957,Arenal / Canal / Montañar
1031944,482838,4773801BC5947S0005ED,4,"36.124,16","0,630","130,67",80,"210,67",36124.16,0.63,130.67,210.67,4773801,BC5947S,0005,ED,BC5947,Casco urbano / Pueblo
1025304,451572,6550305BC5965S0013RG,4,"36.305,84","0,633","130,69",80,"210,69",36305.84,0.633,130.69,210.69,6550305,BC5965S,0013,RG,BC5965,Puerto / Aduanas
1025303,500915,6550305BC5965S0012EF,4,"36.305,84","0,633","130,69",80,"210,69",36305.84,0.633,130.69,210.69,6550305,BC5965S,0012,EF,BC5965,Puerto / Aduanas
1026795,481097,5470819BC5957S0001KD,4,"36.367,08","0,634","130,70",80,"210,70",36367.08,0.634,130.7,210.7,5470819,BC5957S,0001,KD,BC5957,Arenal / Canal / Montañar
1018833,499896,5174001BC5957S0072FJ,4,"36.377,78","0,634","130,71",80,"210,71",36377.78,0.634,130.71,210.71,5174001,BC5957S,0072,FJ,BC5957,Arenal / Canal / Montañar
1027291,495414,4977307BC5947N0019YH,4,"36.708,69","0,640","130,76",80,"210,76",36708.69,0.64,130.76,210.76,4977307,BC5947N,0019,YH,BC5947,Casco urbano / Pueblo
1018830,502757,5174001BC5957S0069FJ,4,"36.832,11","0,642","130,78",80,"210,78",36832.11,0.642,130.78,210.78,5174001,BC5957S,0069,FJ,BC5957,Arenal / Canal / Montañar
1019810,480249,6947808BC5964N0059UQ,4,"36.885,46","0,643","130,79",80,"210,79",36885.46,0.643,130.79,210.79,6947808,BC5964N,0059,UQ,BC5964,Puerto / Aduanas
1021364,465825,5560001BC5955N0050ET,4,"37.049,14","0,646","130,81",80,"210,81",37049.14,0.646,130.81,210.81,5560001,BC5955N,0050,ET,BC5955,Arenal / Canal / Montañar
1001824,499360,5852005BC5955S0015DD,4,"37.064,76","0,646","130,81",80,"210,81",37064.76,0.646,130.81,210.81,5852005,BC5955S,0015,DD,BC5955,Arenal / Canal / Montañar
1026797,481098,5470819BC5957S0004ZH,4,"37.080,12","0,646","130,82",80,"210,82",37080.12,0.646,130.82,210.82,5470819,BC5957S,0004,ZH,BC5957,Arenal / Canal / Montañar
1000121,469740,5839107BC5953N0001SY,4,"37.117,30","0,647","130,82",80,"210,82",37117.3,0.647,130.82,210.82,5839107,BC5953N,0001,SY,BC5953,Arenal / Canal / Montañar
1008605,468262,2666614BC5926N0001BX,4,"37.128,17","0,647","130,82",80,"210,82",37128.17,0.647,130.82,210.82,2666614,BC5926N,0001,BX,BC5926,Rafalet / Lluca / Covatelles
1021509,501743,5560001BC5955N0195HK,4,"37.191,86","0,648","130,83",80,"210,83",37191.86,0.648,130.83,210.83,5560001,BC5955N,0195,HK,BC5955,Arenal / Canal / Montañar
1026364,487118,3964310BC5937S0010EA,4,"37.255,17","0,649","130,84",80,"210,84",37255.17,0.649,130.84,210.84,3964310,BC5937S,0010,EA,BC5937,Casco urbano / Pueblo
1018952,494942,4778301BC5947N0005IT,4,"37.323,80","0,650","130,85",80,"210,85",37323.8,0.65,130.85,210.85,4778301,BC5947N,0005,IT,BC5947,Casco urbano / Pueblo
1000924,490344,5078501BC5957N0024YX,4,"37.627,97","0,656","130,90",80,"210,90",37627.97,0.656,130.9,210.9,5078501,BC5957N,0024,YX,BC5957,Arenal / Canal / Montañar
1021444,476578,5560001BC5955N0130GJ,4,"37.853,62","0,660","130,94",80,"210,94",37853.62,0.66,130.94,210.94,5560001,BC5955N,0130,GJ,BC5955,Arenal / Canal / Montañar
1011012,508371,5859013BC5955N0006KX,4,"37.948,16","0,661","130,95",80,"210,95",37948.16,0.661,130.95,210.95,5859013,BC5955N,0006,KX,BC5955,Arenal / Canal / Montañar
1003520,486459,7043226BC5974S0021SU,4,"37.983,33","0,662","130,96",80,"210,96",37983.33,0.662,130.96,210.96,7043226,BC5974S,0021,SU,BC5974,Portitxol / Toscal / Trencall
1005153,467560,03082A030001450001LL,4,"38.005,47","0,662","130,96",80,"210,96",38005.47,0.662,130.96,210.96,03082A0,3000145,0001,LL,300014,Sin clasificar / revisar
1022499,486856,5652204BC5955S0018IH,4,"38.204,80","0,666","130,99",80,"210,99",38204.8,0.666,130.99,210.99,5652204,BC5955S,0018,IH,BC5955,Arenal / Canal / Montañar
1021665,486122,4977312BC5947N0003AE,4,"38.271,83","0,667","131,00",80,"211,00",38271.83,0.667,131.0,211.0,4977312,BC5947N,0003,AE,BC5947,Casco urbano / Pueblo
1007093,507600,7523804BC5972S0001ZT,4,"38.405,73","0,669","131,02",80,"211,02",38405.73,0.669,131.02,211.02,7523804,BC5972S,0001,ZT,BC5972,Tosalet / Cap Martí
1025297,461840,6550305BC5965S0006MA,4,"38.484,82","0,671","131,04",80,"211,04",38484.82,0.671,131.04,211.04,6550305,BC5965S,0006,MA,BC5965,Puerto / Aduanas
1002456,504429,6550301BC5965S0052KL,4,"38.490,28","0,671","131,04",80,"211,04",38490.28,0.671,131.04,211.04,6550301,BC5965S,0052,KL,BC5965,Puerto / Aduanas
1002531,446894,6550301BC5965S0038PA,4,"38.490,28","0,671","131,04",80,"211,04",38490.28,0.671,131.04,211.04,6550301,BC5965S,0038,PA,BC5965,Puerto / Aduanas
1002507,501694,6352006BC5965S0037XP,4,"38.520,50","0,671","131,04",80,"211,04",38520.5,0.671,131.04,211.04,6352006,BC5965S,0037,XP,BC5965,Puerto / Aduanas
1011755,485355,5469008BC5956N0035KD,4,"38.863,92","0,677","131,10",80,"211,10",38863.92,0.677,131.1,211.1,5469008,BC5956N,0035,KD,BC5956,Arenal / Canal / Montañar
1022484,442529,5652204BC5955S0003LR,4,"38.929,91","0,678","131,11",80,"211,11",38929.91,0.678,131.11,211.11,5652204,BC5955S,0003,LR,BC5955,Arenal / Canal / Montañar
1023564,481517,5652204BC5955S0053IH,4,"38.929,91","0,678","131,11",80,"211,11",38929.91,0.678,131.11,211.11,5652204,BC5955S,0053,IH,BC5955,Arenal / Canal / Montañar
1023569,466099,5652204BC5955S0058DZ,4,"38.929,91","0,678","131,11",80,"211,11",38929.91,0.678,131.11,211.11,5652204,BC5955S,0058,DZ,BC5955,Arenal / Canal / Montañar
1022509,499839,5652204BC5955S0028GM,4,"38.935,99","0,679","131,11",80,"211,11",38935.99,0.679,131.11,211.11,5652204,BC5955S,0028,GM,BC5955,Arenal / Canal / Montañar
1019620,478432,5762021BC5956S0009TR,4,"38.967,35","0,679","131,11",80,"211,11",38967.35,0.679,131.11,211.11,5762021,BC5956S,0009,TR,BC5956,Arenal / Canal / Montañar
1027311,460252,5227009BC5957N0002UY,4,"38.978,33","0,679","131,11",80,"211,11",38978.33,0.679,131.11,211.11,5227009,BC5957N,0002,UY,BC5957,Arenal / Canal / Montañar
1016370,488807,5656501BC5955N0011YQ,4,"38.986,28","0,679","131,11",80,"211,11",38986.28,0.679,131.11,211.11,5656501,BC5955N,0011,YQ,BC5955,Arenal / Canal / Montañar
1025124,477576,5564502BC5956S0110RT,4,"38.989,44","0,679","131,12",80,"211,12",38989.44,0.679,131.12,211.12,5564502,BC5956S,0110,RT,BC5956,Arenal / Canal / Montañar
1011350,483220,5859010BC5955N0081LR,4,"39.000,59","0,680","131,12",80,"211,12",39000.59,0.68,131.12,211.12,5859010,BC5955N,0081,LR,BC5955,Arenal / Canal / Montañar
1022495,497779,5652204BC5955S0014RS,4,"39.019,03","0,680","131,12",80,"211,12",39019.03,0.68,131.12,211.12,5652204,BC5955S,0014,RS,BC5955,Arenal / Canal / Montañar
1026422,488806,4871006BC5947S0016YZ,4,"39.042,60","0,680","131,12",80,"211,12",39042.6,0.68,131.12,211.12,4871006,BC5947S,0016,YZ,BC5947,Casco urbano / Pueblo
1009754,466035,4778301BC5947N0007PU,4,"39.279,17","0,685","131,16",80,"211,16",39279.17,0.685,131.16,211.16,4778301,BC5947N,0007,PU,BC5947,Casco urbano / Pueblo
1004556,497224,9315427BC5991S0001FL,4,"39.337,58","0,686","131,17",80,"211,17",39337.58,0.686,131.17,211.17,9315427,BC5991S,0001,FL,BC5991,Costa Nova / Balcón al Mar / Ambolo
1022523,505459,5652204BC5955S0042MI,4,"39.363,78","0,686","131,17",80,"211,17",39363.78,0.686,131.17,211.17,5652204,BC5955S,0042,MI,BC5955,Arenal / Canal / Montañar
1023571,461463,5652204BC5955S0060SB,4,"39.363,78","0,686","131,17",80,"211,17",39363.78,0.686,131.17,211.17,5652204,BC5955S,0060,SB,BC5955,Arenal / Canal / Montañar
1023566,472116,5652204BC5955S0055PK,4,"39.363,78","0,686","131,17",80,"211,17",39363.78,0.686,131.17,211.17,5652204,BC5955S,0055,PK,BC5955,Arenal / Canal / Montañar
1023584,479650,5652204BC5955S0073XU,4,"39.363,78","0,686","131,17",80,"211,17",39363.78,0.686,131.17,211.17,5652204,BC5955S,0073,XU,BC5955,Arenal / Canal / Montañar
1008904,430532,9280304BC4998S0001HA,4,"39.487,08","0,688","131,19",80,"211,19",39487.08,0.688,131.19,211.19,9280304,BC4998S,0001,HA,BC4998,Les Fonts / Castellans
1002194,496740,6846001BC5964N0008JA,4,"39.879,95","0,695","131,26",80,"211,26",39879.95,0.695,131.26,211.26,6846001,BC5964N,0008,JA,BC5964,Puerto / Aduanas
1002170,503498,6846001BC5964N0004DU,4,"39.879,95","0,695","131,26",80,"211,26",39879.95,0.695,131.26,211.26,6846001,BC5964N,0004,DU,BC5964,Puerto / Aduanas
1002218,486068,6846001BC5964N0032OE,4,"39.879,95","0,695","131,26",80,"211,26",39879.95,0.695,131.26,211.26,6846001,BC5964N,0032,OE,BC5964,Puerto / Aduanas
1002176,490807,6846001BC5964N0005FI,4,"39.879,95","0,695","131,26",80,"211,26",39879.95,0.695,131.26,211.26,6846001,BC5964N,0005,FI,BC5964,Puerto / Aduanas
1002117,468193,6846001BC5964N0021QK,4,"39.879,95","0,695","131,26",80,"211,26",39879.95,0.695,131.26,211.26,6846001,BC5964N,0021,QK,BC5964,Puerto / Aduanas
1002184,500194,6846001BC5964N0037FI,4,"39.879,95","0,695","131,26",80,"211,26",39879.95,0.695,131.26,211.26,6846001,BC5964N,0037,FI,BC5964,Puerto / Aduanas
1002956,488795,6749501BC5964N0082KG,4,"39.892,33","0,695","131,26",80,"211,26",39892.33,0.695,131.26,211.26,6749501,BC5964N,0082,KG,BC5964,Puerto / Aduanas
1002753,507853,6551001BC5965S0120FX,4,"39.917,80","0,696","131,26",80,"211,26",39917.8,0.696,131.26,211.26,6551001,BC5965S,0120,FX,BC5965,Puerto / Aduanas
1003030,466085,6551001BC5965S0172TD,4,"39.917,80","0,696","131,26",80,"211,26",39917.8,0.696,131.26,211.26,6551001,BC5965S,0172,TD,BC5965,Puerto / Aduanas
1012582,416419,5333312BC5953S0001WF,4,"39.992,02","0,697","131,27",80,"211,27",39992.02,0.697,131.27,211.27,5333312,BC5953S,0001,WF,BC5953,Arenal / Canal / Montañar
1024364,488925,5170809BC5957S0110AX,4,"40.051,61","0,698","131,28",80,"211,28",40051.61,0.698,131.28,211.28,5170809,BC5957S,0110,AX,BC5957,Arenal / Canal / Montañar
1025777,507122,5960715BC5956S0005XM,4,"40.241,60","0,701","131,31",80,"211,31",40241.6,0.701,131.31,211.31,5960715,BC5956S,0005,XM,BC5956,Arenal / Canal / Montañar
1002148,460883,6846007BC5964N0012ES,4,"40.286,88","0,702","131,32",80,"211,32",40286.88,0.702,131.32,211.32,6846007,BC5964N,0012,ES,BC5964,Puerto / Aduanas
1002250,467546,6846007BC5964N0004ZU,4,"40.286,88","0,702","131,32",80,"211,32",40286.88,0.702,131.32,211.32,6846007,BC5964N,0004,ZU,BC5964,Puerto / Aduanas
1028259,475311,4977315BC5947N0004HR,4,"40.396,49","0,704","131,34",80,"211,34",40396.49,0.704,131.34,211.34,4977315,BC5947N,0004,HR,BC5947,Casco urbano / Pueblo
1003368,480347,3964105BC5937S0005ZO,4,"40.454,11","0,705","131,35",80,"211,35",40454.11,0.705,131.35,211.35,3964105,BC5937S,0005,ZO,BC5937,Casco urbano / Pueblo
10000385,499523,5850401BC5955S0010QI,4,"40.646,34","0,708","131,38",80,"211,38",40646.34,0.708,131.38,211.38,5850401,BC5955S,0010,QI,BC5955,Arenal / Canal / Montañar
10000391,499138,5850401BC5955S0016UF,4,"40.646,34","0,708","131,38",80,"211,38",40646.34,0.708,131.38,211.38,5850401,BC5955S,0016,UF,BC5955,Arenal / Canal / Montañar
10000392,502010,5850401BC5955S0017IG,4,"40.646,34","0,708","131,38",80,"211,38",40646.34,0.708,131.38,211.38,5850401,BC5955S,0017,IG,BC5955,Arenal / Canal / Montañar
1010980,480603,5374708BC5957S0022IT,4,"40.800,71","0,711","131,40",80,"211,40",40800.71,0.711,131.4,211.4,5374708,BC5957S,0022,IT,BC5957,Arenal / Canal / Montañar
1025147,492059,5564502BC5956S0133ZX,4,"40.843,61","0,712","131,41",80,"211,41",40843.61,0.712,131.41,211.41,5564502,BC5956S,0133,ZX,BC5956,Arenal / Canal / Montañar
1002212,510922,6846003BC5964N0010AP,4,"41.000,42","0,715","131,43",80,"211,43",41000.42,0.715,131.43,211.43,6846003,BC5964N,0010,AP,BC5964,Puerto / Aduanas
1002161,470721,6846003BC5964N0015HG,4,"41.000,42","0,715","131,43",80,"211,43",41000.42,0.715,131.43,211.43,6846003,BC5964N,0015,HG,BC5964,Puerto / Aduanas
1021578,441908,4877001BC5947N0047DS,4,"41.312,76","0,720","131,48",80,"211,48",41312.76,0.72,131.48,211.48,4877001,BC5947N,0047,DS,BC5947,Casco urbano / Pueblo
1019546,466927,5376605BC5957S0034LF,4,"41.344,24","0,721","131,48",80,"211,48",41344.24,0.721,131.48,211.48,5376605,BC5957S,0034,LF,BC5957,Arenal / Canal / Montañar
1004548,492443,9122407BC5992S0001HD,4,"41.380,86","0,721","131,49",80,"211,49",41380.86,0.721,131.49,211.49,9122407,BC5992S,0001,HD,BC5992,Costa Nova / Balcón al Mar / Ambolo
1004551,492444,9122408BC5992S0001WD,4,"41.380,86","0,721","131,49",80,"211,49",41380.86,0.721,131.49,211.49,9122408,BC5992S,0001,WD,BC5992,Costa Nova / Balcón al Mar / Ambolo
1002362,494152,6352005BC5965S0061TW,4,"41.602,12","0,725","131,53",80,"211,53",41602.12,0.725,131.53,211.53,6352005,BC5965S,0061,TW,BC5965,Puerto / Aduanas
1002324,508977,6352005BC5965S0059YE,4,"41.602,12","0,725","131,53",80,"211,53",41602.12,0.725,131.53,211.53,6352005,BC5965S,0059,YE,BC5965,Puerto / Aduanas
1002354,510348,6352005BC5965S0062YE,4,"41.602,12","0,725","131,53",80,"211,53",41602.12,0.725,131.53,211.53,6352005,BC5965S,0062,YE,BC5965,Puerto / Aduanas
1003182,462163,6352005BC5965S0063UR,4,"41.602,12","0,725","131,53",80,"211,53",41602.12,0.725,131.53,211.53,6352005,BC5965S,0063,UR,BC5965,Puerto / Aduanas
1018803,469443,5380703BC5957N0002PY,4,"41.670,34","0,726","131,54",80,"211,54",41670.34,0.726,131.54,211.54,5380703,BC5957N,0002,PY,BC5957,Arenal / Canal / Montañar
1004570,509479,9315421BC5991S0001YL,4,"41.736,44","0,727","131,55",80,"211,55",41736.44,0.727,131.55,211.55,9315421,BC5991S,0001,YL,BC5991,Costa Nova / Balcón al Mar / Ambolo
1025129,505226,5564502BC5956S0115OP,4,"41.784,05","0,728","131,55",80,"211,55",41784.05,0.728,131.55,211.55,5564502,BC5956S,0115,OP,BC5956,Arenal / Canal / Montañar
1004520,460446,9215002BC5991S0001LL,4,"41.847,56","0,729","131,56",80,"211,56",41847.56,0.729,131.56,211.56,9215002,BC5991S,0001,LL,BC5991,Costa Nova / Balcón al Mar / Ambolo
1002736,491637,6551001BC5965S0153GM,4,"42.010,80","0,732","131,59",80,"211,59",42010.8,0.732,131.59,211.59,6551001,BC5965S,0153,GM,BC5965,Puerto / Aduanas
1012219,469846,6945649BC5964S0001MS,4,"42.052,81","0,733","131,60",80,"211,60",42052.81,0.733,131.6,211.6,6945649,BC5964S,0001,MS,BC5964,Puerto / Aduanas
1024435,480021,6551006BC5965S0009TF,4,"42.394,45","0,739","131,65",80,"211,65",42394.45,0.739,131.65,211.65,6551006,BC5965S,0009,TF,BC5965,Puerto / Aduanas
1010965,507851,5859013BC5955N0012ZW,4,"42.465,83","0,740","131,66",80,"211,66",42465.83,0.74,131.66,211.66,5859013,BC5955N,0012,ZW,BC5955,Arenal / Canal / Montañar
1015915,493525,6352002BC5965S0044DF,4,"42.465,83","0,740","131,66",80,"211,66",42465.83,0.74,131.66,211.66,6352002,BC5965S,0044,DF,BC5965,Puerto / Aduanas
1021873,491332,5169036BC5956N0126EP,4,"42.586,06","0,742","131,68",80,"211,68",42586.06,0.742,131.68,211.68,5169036,BC5956N,0126,EP,BC5956,Arenal / Canal / Montañar
1021844,495729,5169036BC5956N0096EP,4,"42.586,06","0,742","131,68",80,"211,68",42586.06,0.742,131.68,211.68,5169036,BC5956N,0096,EP,BC5956,Arenal / Canal / Montañar
1020559,441510,5662001BC5956S0010MW,4,"42.639,60","0,743","131,69",80,"211,69",42639.6,0.743,131.69,211.69,5662001,BC5956S,0010,MW,BC5956,Arenal / Canal / Montañar
1013941,501606,2644012BC5924S0001DL,4,"42.767,30","0,745","131,71",80,"211,71",42767.3,0.745,131.71,211.71,2644012,BC5924S,0001,DL,BC5924,Rafalet / Lluca / Covatelles
1010366,481209,8128004BC5982N0001DQ,4,"42.774,89","0,745","131,71",80,"211,71",42774.89,0.745,131.71,211.71,8128004,BC5982N,0001,DQ,BC5982,Costa Nova / Balcón al Mar / Ambolo
1019111,421051,5856804BC5955N0028BG,4,"42.832,13","0,746","131,72",80,"211,72",42832.13,0.746,131.72,211.72,5856804,BC5955N,0028,BG,BC5955,Arenal / Canal / Montañar
1013763,457909,5373001BC5957S0002DF,4,"42.882,35","0,747","131,73",80,"211,73",42882.35,0.747,131.73,211.73,5373001,BC5957S,0002,DF,BC5957,Arenal / Canal / Montañar
1020866,504947,5859013BC5955N0010LM,4,"42.917,58","0,748","131,73",80,"211,73",42917.58,0.748,131.73,211.73,5859013,BC5955N,0010,LM,BC5955,Arenal / Canal / Montañar
1019556,485262,5376605BC5957S0044EZ,4,"43.037,80","0,750","131,75",80,"211,75",43037.8,0.75,131.75,211.75,5376605,BC5957S,0044,EZ,BC5957,Arenal / Canal / Montañar
1019781,511462,6947808BC5964N0030UQ,4,"43.102,87","0,751","131,76",80,"211,76",43102.87,0.751,131.76,211.76,6947808,BC5964N,0030,UQ,BC5964,Puerto / Aduanas
1019779,440769,6947808BC5964N0028IW,4,"43.102,87","0,751","131,76",80,"211,76",43102.87,0.751,131.76,211.76,6947808,BC5964N,0028,IW,BC5964,Puerto / Aduanas
1011053,501616,5859010BC5955N0080KE,4,"43.132,81","0,752","131,77",80,"211,77",43132.81,0.752,131.77,211.77,5859010,BC5955N,0080,KE,BC5955,Arenal / Canal / Montañar
1011272,413797,5859010BC5955N0056EA,4,"43.136,34","0,752","131,77",80,"211,77",43136.34,0.752,131.77,211.77,5859010,BC5955N,0056,EA,BC5955,Arenal / Canal / Montañar
1010829,449359,5859010BC5955N0074GM,4,"43.136,34","0,752","131,77",80,"211,77",43136.34,0.752,131.77,211.77,5859010,BC5955N,0074,GM,BC5955,Arenal / Canal / Montañar
1011414,509575,5859010BC5955N0075HQ,4,"43.136,34","0,752","131,77",80,"211,77",43136.34,0.752,131.77,211.77,5859010,BC5955N,0075,HQ,BC5955,Arenal / Canal / Montañar
1025120,508915,5564502BC5956S0106ER,4,"43.174,84","0,752","131,77",80,"211,77",43174.84,0.752,131.77,211.77,5564502,BC5956S,0106,ER,BC5956,Arenal / Canal / Montañar
1019807,442340,6947808BC5964N0056RZ,4,"43.268,94","0,754","131,79",80,"211,79",43268.94,0.754,131.79,211.79,6947808,BC5964N,0056,RZ,BC5964,Puerto / Aduanas
1022798,453217,7043241BC5964S0083XQ,4,"43.293,62","0,755","131,79",80,"211,79",43293.62,0.755,131.79,211.79,7043241,BC5964S,0083,XQ,BC5964,Puerto / Aduanas
1003508,471703,6251302BC5965S0028KR,4,"43.322,89","0,755","131,80",80,"211,80",43322.89,0.755,131.8,211.8,6251302,BC5965S,0028,KR,BC5965,Puerto / Aduanas
1012157,486344,6945643BC5964S0001GS,4,"43.356,20","0,756","131,80",80,"211,80",43356.2,0.756,131.8,211.8,6945643,BC5964S,0001,GS,BC5964,Puerto / Aduanas
1003441,474570,6251302BC5965S0003XI,4,"43.455,01","0,757","131,82",80,"211,82",43455.01,0.757,131.82,211.82,6251302,BC5965S,0003,XI,BC5965,Puerto / Aduanas
1019086,451843,5856804BC5955N0001XJ,4,"43.511,39","0,758","131,82",80,"211,82",43511.39,0.758,131.82,211.82,5856804,BC5955N,0001,XJ,BC5955,Arenal / Canal / Montañar
1031582,482291,5951201BC5955S0026EZ,4,"43.583,78","0,760","131,84",80,"211,84",43583.78,0.76,131.84,211.84,5951201,BC5955S,0026,EZ,BC5955,Arenal / Canal / Montañar
1017857,468204,0016001BC5950S0001YO,4,"43.674,84","0,761","131,85",80,"211,85",43674.84,0.761,131.85,211.85,0016001,BC5950S,0001,YO,BC5950,Arenal / Canal / Montañar
1019767,509573,6947808BC5964N0016XH,4,"43.705,90","0,762","131,86",80,"211,86",43705.9,0.762,131.86,211.86,6947808,BC5964N,0016,XH,BC5964,Puerto / Aduanas
1002993,479653,7046002BC5974N0022LM,4,"43.724,56","0,762","131,86",80,"211,86",43724.56,0.762,131.86,211.86,7046002,BC5974N,0022,LM,BC5974,Portitxol / Toscal / Trencall
1003245,487150,7046002BC5974N0030QT,4,"43.724,56","0,762","131,86",80,"211,86",43724.56,0.762,131.86,211.86,7046002,BC5974N,0030,QT,BC5974,Portitxol / Toscal / Trencall
1025191,483291,5960711BC5955N0046GR,4,"43.795,93","0,763","131,87",80,"211,87",43795.93,0.763,131.87,211.87,5960711,BC5955N,0046,GR,BC5955,Arenal / Canal / Montañar
1006119,483628,7633617BC5973S0001GX,4,"43.865,27","0,764","131,88",80,"211,88",43865.27,0.764,131.88,211.88,7633617,BC5973S,0001,GX,BC5973,Tosalet / Cap Martí
1012114,507666,2963007BC5936S0001DA,4,"44.109,23","0,769","131,92",80,"211,92",44109.23,0.769,131.92,211.92,2963007,BC5936S,0001,DA,BC5936,Casco urbano / Pueblo
1019817,473229,6947808BC5964N0066AT,4,"44.155,07","0,770","131,93",80,"211,93",44155.07,0.77,131.93,211.93,6947808,BC5964N,0066,AT,BC5964,Puerto / Aduanas
1004558,493284,9315414BC5991S0001HL,4,"44.189,04","0,770","131,93",80,"211,93",44189.04,0.77,131.93,211.93,9315414,BC5991S,0001,HL,BC5991,Costa Nova / Balcón al Mar / Ambolo
1004572,493298,9315413BC5991S0001UL,4,"44.193,54","0,770","131,93",80,"211,93",44193.54,0.77,131.93,211.93,9315413,BC5991S,0001,UL,BC5991,Costa Nova / Balcón al Mar / Ambolo
1022801,464767,7043241BC5964S0086WR,4,"44.229,86","0,771","131,94",80,"211,94",44229.86,0.771,131.94,211.94,7043241,BC5964S,0086,WR,BC5964,Puerto / Aduanas
1004346,410072,9317637BC5991N0001EA,4,"44.468,38","0,775","131,97",80,"211,97",44468.38,0.775,131.97,211.97,9317637,BC5991N,0001,EA,BC5991,Costa Nova / Balcón al Mar / Ambolo
1011264,505084,5859010BC5955N0048ZY,4,"44.510,99","0,776","131,98",80,"211,98",44510.99,0.776,131.98,211.98,5859010,BC5955N,0048,ZY,BC5955,Arenal / Canal / Montañar
1020584,488695,5662001BC5956S0035LZ,4,"44.554,30","0,776","131,99",80,"211,99",44554.3,0.776,131.99,211.99,5662001,BC5956S,0035,LZ,BC5956,Arenal / Canal / Montañar
1022795,437763,7043241BC5964S0080LZ,4,"44.697,98","0,779","132,01",80,"212,01",44697.98,0.779,132.01,212.01,7043241,BC5964S,0080,LZ,BC5964,Puerto / Aduanas
1023834,481637,5463703BC5956S0126FK,4,"44.789,19","0,781","132,03",80,"212,03",44789.19,0.781,132.03,212.03,5463703,BC5956S,0126,FK,BC5956,Arenal / Canal / Montañar
1002300,454999,6551001BC5965S0186HQ,4,"44.952,61","0,783","132,05",80,"212,05",44952.61,0.783,132.05,212.05,6551001,BC5965S,0186,HQ,BC5965,Puerto / Aduanas
1007277,464857,7323404BC5972S0001ZT,4,"44.991,18","0,784","132,06",80,"212,06",44991.18,0.784,132.06,212.06,7323404,BC5972S,0001,ZT,BC5972,Tosalet / Cap Martí
1004828,493064,0176311BC4997N0001UO,4,"44.991,68","0,784","132,06",80,"212,06",44991.68,0.784,132.06,212.06,0176311,BC4997N,0001,UO,BC4997,Les Fonts / Castellans
1009463,460601,2622313BC5922N0001MM,4,"45.042,05","0,785","132,06",80,"212,06",45042.05,0.785,132.06,212.06,2622313,BC5922N,0001,MM,BC5922,Rafalet / Lluca / Covatelles
1011324,506798,5859013BC5955N0019TO,4,"45.176,40","0,787","132,09",80,"212,09",45176.4,0.787,132.09,212.09,5859013,BC5955N,0019,TO,BC5955,Arenal / Canal / Montañar
1018962,474517,4778301BC5947N0038OY,4,"45.212,91","0,788","132,09",80,"212,09",45212.91,0.788,132.09,212.09,4778301,BC5947N,0038,OY,BC5947,Casco urbano / Pueblo
1009910,459534,5079501BC5957N0029HR,4,"45.292,68","0,789","132,10",80,"212,10",45292.68,0.789,132.1,212.1,5079501,BC5957N,0029,HR,BC5957,Arenal / Canal / Montañar
1005862,487018,9490802BC4999S0001FT,4,"45.351,70","0,790","132,11",80,"212,11",45351.7,0.79,132.11,212.11,9490802,BC4999S,0001,FT,BC4999,Les Fonts / Castellans
1010007,506330,5381204BC5958S0001EU,4,"45.444,25","0,792","132,13",80,"212,13",45444.25,0.792,132.13,212.13,5381204,BC5958S,0001,EU,BC5958,Arenal / Canal / Montañar
1021398,486351,5560001BC5955N0084TU,4,"45.459,49","0,792","132,13",80,"212,13",45459.49,0.792,132.13,212.13,5560001,BC5955N,0084,TU,BC5955,Arenal / Canal / Montañar
1012485,467286,1195318BC5917N0001PS,4,"45.704,31","0,797","132,17",80,"212,17",45704.31,0.797,132.17,212.17,1195318,BC5917N,0001,PS,BC5917,Montgó / Toscamar
1006209,475398,7631702BC5973S0001HX,4,"45.834,56","0,799","132,19",80,"212,19",45834.56,0.799,132.19,212.19,7631702,BC5973S,0001,HX,BC5973,Tosalet / Cap Martí
1017094,471594,5656501BC5955N0036WB,4,"45.949,99","0,801","132,21",80,"212,21",45949.99,0.801,132.21,212.21,5656501,BC5955N,0036,WB,BC5955,Arenal / Canal / Montañar
1021448,442892,5560001BC5955N0134LZ,4,"45.977,20","0,801","132,21",80,"212,21",45977.2,0.801,132.21,212.21,5560001,BC5955N,0134,LZ,BC5955,Arenal / Canal / Montañar
1029271,504954,5374712BC5957S0010IL,4,"46.173,56","0,805","132,24",80,"212,24",46173.56,0.805,132.24,212.24,5374712,BC5957S,0010,IL,BC5957,Arenal / Canal / Montañar
1019475,474677,5369001BC5956N0002IS,4,"46.174,88","0,805","132,24",80,"212,24",46174.88,0.805,132.24,212.24,5369001,BC5956N,0002,IS,BC5956,Arenal / Canal / Montañar
1002683,510980,7046002BC5974N0008AG,4,"46.296,58","0,807","132,26",80,"212,26",46296.58,0.807,132.26,212.26,7046002,BC5974N,0008,AG,BC5974,Portitxol / Toscal / Trencall
1031457,497218,5951201BC5955S0008FO,4,"46.479,26","0,810","132,29",80,"212,29",46479.26,0.81,132.29,212.29,5951201,BC5955S,0008,FO,BC5955,Arenal / Canal / Montañar
1027111,477294,5564501BC5956S0013KT,4,"46.566,10","0,812","132,30",80,"212,30",46566.1,0.812,132.3,212.3,5564501,BC5956S,0013,KT,BC5956,Arenal / Canal / Montañar
1022880,476063,5466510BC5956N0033SA,4,"46.652,91","0,813","132,32",80,"212,32",46652.91,0.813,132.32,212.32,5466510,BC5956N,0033,SA,BC5956,Arenal / Canal / Montañar
1024729,496662,5368407BC5956N0026XU,4,"46.970,59","0,819","132,37",80,"212,37",46970.59,0.819,132.37,212.37,5368407,BC5956N,0026,XU,BC5956,Arenal / Canal / Montañar
1004540,483713,9215020BC5991S0001SL,4,"47.083,25","0,821","132,38",80,"212,38",47083.25,0.821,132.38,212.38,9215020,BC5991S,0001,SL,BC5991,Costa Nova / Balcón al Mar / Ambolo
1012850,449913,3863102BC5937S0001HT,4,"47.446,42","0,827","132,44",80,"212,44",47446.42,0.827,132.44,212.44,3863102,BC5937S,0001,HT,BC5937,Casco urbano / Pueblo
1027523,458883,5953101BC5955S0070GR,4,"47.470,30","0,827","132,45",80,"212,45",47470.3,0.827,132.45,212.45,5953101,BC5955S,0070,GR,BC5955,Arenal / Canal / Montañar
1009112,440919,2176818BC5927N0001QH,4,"47.475,21","0,827","132,45",80,"212,45",47475.21,0.827,132.45,212.45,2176818,BC5927N,0001,QH,BC5927,Rafalet / Lluca / Covatelles
1024791,454066,5368406BC5956N0006XH,4,"47.603,30","0,830","132,47",80,"212,47",47603.3,0.83,132.47,212.47,5368406,BC5956N,0006,XH,BC5956,Arenal / Canal / Montañar
1015680,472434,4241013BC5944S0001LR,4,"47.839,80","0,834","132,50",80,"212,50",47839.8,0.834,132.5,212.5,4241013,BC5944S,0001,LR,BC5944,Casco urbano / Pueblo
1019126,463043,5856804BC5955N0043YQ,4,"47.958,10","0,836","132,52",80,"212,52",47958.1,0.836,132.52,212.52,5856804,BC5955N,0043,YQ,BC5955,Arenal / Canal / Montañar
1019427,479265,3761406BC5937S0036LI,4,"48.070,66","0,838","132,54",80,"212,54",48070.66,0.838,132.54,212.54,3761406,BC5937S,0036,LI,BC5937,Casco urbano / Pueblo
1024790,510607,5368406BC5956N0005ZG,4,"48.102,32","0,838","132,54",80,"212,54",48102.32,0.838,132.54,212.54,5368406,BC5956N,0005,ZG,BC5956,Arenal / Canal / Montañar
1004988,451374,5628010BC5952N0001US,4,"48.136,59","0,839","132,55",80,"212,55",48136.59,0.839,132.55,212.55,5628010,BC5952N,0001,US,BC5952,Arenal / Canal / Montañar
1010674,447406,0018002BC5950N0001WQ,4,"48.377,80","0,843","132,59",80,"212,59",48377.8,0.843,132.59,212.59,0018002,BC5950N,0001,WQ,BC5950,Arenal / Canal / Montañar
1027521,490100,5953101BC5955S0068HT,4,"48.469,71","0,845","132,60",80,"212,60",48469.71,0.845,132.6,212.6,5953101,BC5955S,0068,HT,BC5955,Arenal / Canal / Montañar
1022805,466941,7043241BC5964S0089TU,4,"48.535,30","0,846","132,61",80,"212,61",48535.3,0.846,132.61,212.61,7043241,BC5964S,0089,TU,BC5964,Puerto / Aduanas
1027487,446483,5953101BC5955S0034FE,4,"48.711,05","0,849","132,64",80,"212,64",48711.05,0.849,132.64,212.64,5953101,BC5955S,0034,FE,BC5955,Arenal / Canal / Montañar
1022909,482420,5760105BC5956S0021UP,4,"48.911,78","0,852","132,67",80,"212,67",48911.78,0.852,132.67,212.67,5760105,BC5956S,0021,UP,BC5956,Arenal / Canal / Montañar
1006749,510997,8209518BC5980N0001DD,4,"48.978,96","0,854","132,68",80,"212,68",48978.96,0.854,132.68,212.68,8209518,BC5980N,0001,DD,BC5980,Portitxol / Toscal / Trencall
1008044,491094,7046013BC5964N0006SO,4,"49.100,01","0,856","132,70",80,"212,70",49100.01,0.856,132.7,212.7,7046013,BC5964N,0006,SO,BC5964,Puerto / Aduanas
1006970,450467,7011609BC5961S0001UU,4,"49.235,62","0,858","132,72",80,"212,72",49235.62,0.858,132.72,212.72,7011609,BC5961S,0001,UU,BC5961,Puerto / Aduanas
1027346,480326,7711907BC5971S0001FA,4,"49.438,23","0,862","132,75",80,"212,75",49438.23,0.862,132.75,212.75,7711907,BC5971S,0001,FA,BC5971,Tosalet / Cap Martí
1027457,501747,5953101BC5955S0004HT,4,"49.509,19","0,863","132,77",80,"212,77",49509.19,0.863,132.77,212.77,5953101,BC5955S,0004,HT,BC5955,Arenal / Canal / Montañar
1003663,441057,8610038BC5981S0001IG,4,"49.626,03","0,865","132,78",80,"212,78",49626.03,0.865,132.78,212.78,8610038,BC5981S,0001,IG,BC5981,Portitxol / Toscal / Trencall
1012559,476811,5333320BC5953S0001QF,4,"49.719,29","0,866","132,80",80,"212,80",49719.29,0.866,132.8,212.8,5333320,BC5953S,0001,QF,BC5953,Arenal / Canal / Montañar
1021047,499254,5380304BC5958S0005YA,4,"49.847,82","0,869","132,82",80,"212,82",49847.82,0.869,132.82,212.82,5380304,BC5958S,0005,YA,BC5958,Arenal / Canal / Montañar
1022740,463878,6923722BC5962S0001AQ,4,"49.919,30","0,870","132,83",80,"212,83",49919.3,0.87,132.83,212.83,6923722,BC5962S,0001,AQ,BC5962,Puerto / Aduanas
1006968,450469,7011607BC5961S0001SU,4,"49.943,10","0,870","132,83",80,"212,83",49943.1,0.87,132.83,212.83,7011607,BC5961S,0001,SU,BC5961,Puerto / Aduanas
1000382,458277,6040604BC5953N0001EY,4,"50.118,83","0,873","132,86",80,"212,86",50118.83,0.873,132.86,212.86,6040604,BC5953N,0001,EY,BC5953,Arenal / Canal / Montañar
1031687,479933,5747203BC5954N0007LY,4,"50.142,99","0,874","132,86",80,"212,86",50142.99,0.874,132.86,212.86,5747203,BC5954N,0007,LY,BC5954,Arenal / Canal / Montañar
1032259,494357,5372032BC5957S0010RL,4,"50.154,64","0,874","132,87",80,"212,87",50154.64,0.874,132.87,212.87,5372032,BC5957S,0010,RL,BC5957,Arenal / Canal / Montañar
1003615,483229,5370708BC5957S0001LD,4,"50.251,35","0,876","132,88",80,"212,88",50251.35,0.876,132.88,212.88,5370708,BC5957S,0001,LD,BC5957,Arenal / Canal / Montañar
1003604,502834,5370721BC5956N0001DA,4,"50.251,35","0,876","132,88",80,"212,88",50251.35,0.876,132.88,212.88,5370721,BC5956N,0001,DA,BC5956,Arenal / Canal / Montañar
1012645,509175,4834706BC5943S0001SP,4,"50.284,05","0,876","132,89",80,"212,89",50284.05,0.876,132.89,212.89,4834706,BC5943S,0001,SP,BC5943,Casco urbano / Pueblo
1017109,490049,7436008BC5973N0001FF,4,"50.507,69","0,880","132,92",80,"212,92",50507.69,0.88,132.92,212.92,7436008,BC5973N,0001,FF,BC5973,Tosalet / Cap Martí
1010847,444735,5372021BC5957S0006MK,4,"50.597,58","0,882","132,94",80,"212,94",50597.58,0.882,132.94,212.94,5372021,BC5957S,0006,MK,BC5957,Arenal / Canal / Montañar
1007084,484639,6923710BC5962S0001XQ,4,"50.740,61","0,884","132,96",80,"212,96",50740.61,0.884,132.96,212.96,6923710,BC5962S,0001,XQ,BC5962,Puerto / Aduanas
1012038,463536,0681616BC5908S0001AP,4,"50.835,08","0,886","132,97",80,"212,97",50835.08,0.886,132.97,212.97,0681616,BC5908S,0001,AP,BC5908,Montgó / Toscamar
10000393,499135,5850401BC5955S0018OH,4,"50.949,70","0,888","132,99",80,"212,99",50949.7,0.888,132.99,212.99,5850401,BC5955S,0018,OH,BC5955,Arenal / Canal / Montañar
1022573,504782,6451302BC5965S0005IP,4,"51.201,74","0,892","133,03",80,"213,03",51201.74,0.892,133.03,213.03,6451302,BC5965S,0005,IP,BC5965,Puerto / Aduanas
1027520,502138,5953101BC5955S0067GR,4,"51.211,99","0,893","133,03",80,"213,03",51211.99,0.893,133.03,213.03,5953101,BC5955S,0067,GR,BC5955,Arenal / Canal / Montañar
1027488,495217,5953101BC5955S0035GR,4,"51.304,49","0,894","133,05",80,"213,05",51304.49,0.894,133.05,213.05,5953101,BC5955S,0035,GR,BC5955,Arenal / Canal / Montañar
1006757,499650,8209507BC5980N0001PD,4,"51.401,91","0,896","133,06",80,"213,06",51401.91,0.896,133.06,213.06,8209507,BC5980N,0001,PD,BC5980,Portitxol / Toscal / Trencall
1019112,491479,5856804BC5955N0029ZH,4,"51.485,35","0,897","133,08",80,"213,08",51485.35,0.897,133.08,213.08,5856804,BC5955N,0029,ZH,BC5955,Arenal / Canal / Montañar
1029991,462540,6052203BC5955S0357RY,4,"51.798,17","0,903","133,12",80,"213,12",51798.17,0.903,133.12,213.12,6052203,BC5955S,0357,RY,BC5955,Arenal / Canal / Montañar
1000326,462162,6140504BC5963N0001FP,4,"51.891,16","0,904","133,14",80,"213,14",51891.16,0.904,133.14,213.14,6140504,BC5963N,0001,FP,BC5963,Puerto / Aduanas
1012652,411549,4835004BC5943S0001JP,4,"51.914,74","0,905","133,14",80,"213,14",51914.74,0.905,133.14,213.14,4835004,BC5943S,0001,JP,BC5943,Casco urbano / Pueblo
1031459,473954,5951201BC5955S0010DI,4,"52.283,75","0,911","133,20",80,"213,20",52283.75,0.911,133.2,213.2,5951201,BC5955S,0010,DI,BC5955,Arenal / Canal / Montañar
1011721,499812,5469004BC5956N0017HQ,4,"52.615,46","0,917","133,25",80,"213,25",52615.46,0.917,133.25,213.25,5469004,BC5956N,0017,HQ,BC5956,Arenal / Canal / Montañar
1018630,502991,5368405BC5956N0042FJ,4,"52.658,92","0,918","133,26",80,"213,26",52658.92,0.918,133.26,213.26,5368405,BC5956N,0042,FJ,BC5956,Arenal / Canal / Montañar
1018624,444616,5368405BC5956N0036AF,4,"52.658,92","0,918","133,26",80,"213,26",52658.92,0.918,133.26,213.26,5368405,BC5956N,0036,AF,BC5956,Arenal / Canal / Montañar
1029686,472898,3877225BC5937N0001ZB,4,"52.686,51","0,918","133,26",80,"213,26",52686.51,0.918,133.26,213.26,3877225,BC5937N,0001,ZB,BC5937,Casco urbano / Pueblo
1015633,472898,3877225BC5937N0001ZB,4,"52.686,51","0,918","133,26",80,"213,26",52686.51,0.918,133.26,213.26,3877225,BC5937N,0001,ZB,BC5937,Casco urbano / Pueblo
1003502,475213,6251302BC5965S0041WA,4,"53.219,34","0,927","133,35",80,"213,35",53219.34,0.927,133.35,213.35,6251302,BC5965S,0041,WA,BC5965,Puerto / Aduanas
1031463,485739,5951201BC5955S0014JS,4,"53.246,73","0,928","133,35",80,"213,35",53246.73,0.928,133.35,213.35,5951201,BC5955S,0014,JS,BC5955,Arenal / Canal / Montañar
1003565,494821,5381101BC5958S0001KU,4,"53.349,01","0,930","133,37",80,"213,37",53349.01,0.93,133.37,213.37,5381101,BC5958S,0001,KU,BC5958,Arenal / Canal / Montañar
1026803,481102,5470819BC5957S0017IE,4,"53.450,01","0,932","133,38",80,"213,38",53450.01,0.932,133.38,213.38,5470819,BC5957S,0017,IE,BC5957,Arenal / Canal / Montañar
1018240,504849,1731328BC5913S0001WZ,4,"53.507,64","0,933","133,39",80,"213,39",53507.64,0.933,133.39,213.39,1731328,BC5913S,0001,WZ,BC5913,Montgó / Toscamar
1006881,446859,6710516BC5960N0001AT,4,"54.210,80","0,945","133,50",80,"213,50",54210.8,0.945,133.5,213.5,6710516,BC5960N,0001,AT,BC5960,Puerto / Aduanas
1010085,429468,8630005BC5983S0001ME,4,"54.772,39","0,955","133,59",80,"213,59",54772.39,0.955,133.59,213.59,8630005,BC5983S,0001,ME,BC5983,Costa Nova / Balcón al Mar / Ambolo
1006568,454496,3838216BC5933N0001HZ,4,"55.005,09","0,959","133,63",80,"213,63",55005.09,0.959,133.63,213.63,3838216,BC5933N,0001,HZ,BC5933,Casco urbano / Pueblo
1019116,473966,5856804BC5955N0033XJ,4,"55.123,79","0,961","133,65",80,"213,65",55123.79,0.961,133.65,213.65,5856804,BC5955N,0033,XJ,BC5955,Arenal / Canal / Montañar
1010776,471559,0015009BC5905N0001RB,4,"55.225,48","0,962","133,66",80,"213,66",55225.48,0.962,133.66,213.66,0015009,BC5905N,0001,RB,BC5905,Montgó / Toscamar
1025190,506359,5960711BC5955N0045FE,4,"55.251,53","0,963","133,67",80,"213,67",55251.53,0.963,133.67,213.67,5960711,BC5955N,0045,FE,BC5955,Arenal / Canal / Montañar
1017152,4546,7435204BC5973N0001RF,4,"55.517,59","0,968","133,71",80,"213,71",55517.59,0.968,133.71,213.71,7435204,BC5973N,0001,RF,BC5973,Tosalet / Cap Martí
1003657,441058,8610037BC5981S0001XG,4,"55.780,43","0,972","133,75",80,"213,75",55780.43,0.972,133.75,213.75,8610037,BC5981S,0001,XG,BC5981,Portitxol / Toscal / Trencall
1004580,460221,9315422BC5991S0001GL,4,"56.118,54","0,978","133,80",80,"213,80",56118.54,0.978,133.8,213.8,9315422,BC5991S,0001,GL,BC5991,Costa Nova / Balcón al Mar / Ambolo
1012474,489133,1195382BC5917N0001YS,4,"56.438,95","0,984","133,85",80,"213,85",56438.95,0.984,133.85,213.85,1195382,BC5917N,0001,YS,BC5917,Montgó / Toscamar
1007219,495740,7523810BC5972S0001WT,4,"56.697,87","0,988","133,89",80,"213,89",56697.87,0.988,133.89,213.89,7523810,BC5972S,0001,WT,BC5972,Tosalet / Cap Martí
1016576,503892,6734812BC5963S0001IK,4,"56.829,67","0,990","133,91",80,"213,91",56829.67,0.99,133.91,213.91,6734812,BC5963S,0001,IK,BC5963,Puerto / Aduanas
1000170,496615,5733011BC5953S0001KF,4,"57.245,35","0,998","133,98",80,"213,98",57245.35,0.998,133.98,213.98,5733011,BC5953S,0001,KF,BC5953,Arenal / Canal / Montañar
1022583,478740,6451302BC5965S0015GJ,4,"57.330,57","0,999","133,99",80,"213,99",57330.57,0.999,133.99,213.99,6451302,BC5965S,0015,GJ,BC5965,Puerto / Aduanas
1012615,506050,5335106BC5953N0001MY,4,"57.356,06","1,000","134,00",80,"214,00",57356.06,1.0,134.0,214.0,5335106,BC5953N,0001,MY,BC5953,Arenal / Canal / Montañar
1031387,510088,5952136BC5955S0012BP,4,"57.905,10","1,009","134,08",80,"214,08",57905.1,1.009,134.08,214.08,5952136,BC5955S,0012,BP,BC5955,Arenal / Canal / Montañar
1000261,469015,5839108BC5953N0001ZY,4,"58.038,49","1,011","134,10",80,"214,10",58038.49,1.011,134.1,214.1,5839108,BC5953N,0001,ZY,BC5953,Arenal / Canal / Montañar
1003664,441059,8610044BC5981S0001SG,4,"58.075,79","1,012","134,11",80,"214,11",58075.79,1.012,134.11,214.11,8610044,BC5981S,0001,SG,BC5981,Portitxol / Toscal / Trencall
1006967,450470,7011608BC5961S0001ZU,4,"58.414,53","1,018","134,16",80,"214,16",58414.53,1.018,134.16,214.16,7011608,BC5961S,0001,ZU,BC5961,Puerto / Aduanas
1017011,482103,6331403BC5963S0001QK,4,"58.440,52","1,018","134,17",80,"214,17",58440.52,1.018,134.17,214.17,6331403,BC5963S,0001,QK,BC5963,Puerto / Aduanas
1031394,471283,5952136BC5955S0019RJ,4,"58.484,72","1,019","134,17",80,"214,17",58484.72,1.019,134.17,214.17,5952136,BC5955S,0019,RJ,BC5955,Arenal / Canal / Montañar
1003848,503036,8416049BC5981N0001AU,4,"58.708,58","1,023","134,21",80,"214,21",58708.58,1.023,134.21,214.21,8416049,BC5981N,0001,AU,BC5981,Portitxol / Toscal / Trencall
1017328,437739,7230007BC5973S0001FX,4,"58.833,30","1,025","134,23",80,"214,23",58833.3,1.025,134.23,214.23,7230007,BC5973S,0001,FX,BC5973,Tosalet / Cap Martí
1024404,464673,6352008BC5965S0019TZ,4,"58.837,35","1,025","134,23",80,"214,23",58837.35,1.025,134.23,214.23,6352008,BC5965S,0019,TZ,BC5965,Puerto / Aduanas
1022584,480574,6451302BC5965S0016HK,4,"59.072,88","1,030","134,27",80,"214,27",59072.88,1.03,134.27,214.27,6451302,BC5965S,0016,HK,BC5965,Puerto / Aduanas
1013966,451500,2843708BC5924S0001AL,4,"59.491,00","1,037","134,33",80,"214,33",59491.0,1.037,134.33,214.33,2843708,BC5924S,0001,AL,BC5924,Rafalet / Lluca / Covatelles
1014498,434186,4744024BC5944S0001BR,4,"59.546,06","1,038","134,34",80,"214,34",59546.06,1.038,134.34,214.34,4744024,BC5944S,0001,BR,BC5944,Casco urbano / Pueblo
1004353,459112,9218020BC5991N0001RA,4,"59.916,79","1,044","134,40",80,"214,40",59916.79,1.044,134.4,214.4,9218020,BC5991N,0001,RA,BC5991,Costa Nova / Balcón al Mar / Ambolo
1003976,410067,8716305BC5981N0001PU,4,"59.937,21","1,045","134,40",80,"214,40",59937.21,1.045,134.4,214.4,8716305,BC5981N,0001,PU,BC5981,Portitxol / Toscal / Trencall
1017900,429117,0013046BC5905S0001ST,4,"60.053,99","1,047","134,42",80,"214,42",60053.99,1.047,134.42,214.42,0013046,BC5905S,0001,ST,BC5905,Montgó / Toscamar
1003907,440375,8916013BC5981N0001RU,4,"60.979,65","1,063","134,56",80,"214,56",60979.65,1.063,134.56,214.56,8916013,BC5981N,0001,RU,BC5981,Portitxol / Toscal / Trencall
1003106,502439,6749506BC5964N0017LJ,4,"60.988,15","1,063","134,57",80,"214,57",60988.15,1.063,134.57,214.57,6749506,BC5964N,0017,LJ,BC5964,Puerto / Aduanas
1003646,470683,8510808BC5981S0001BG,4,"61.126,10","1,065","134,59",80,"214,59",61126.1,1.065,134.59,214.59,8510808,BC5981S,0001,BG,BC5981,Portitxol / Toscal / Trencall
1010788,510923,11953A8BC5917N0001PS,4,"61.164,46","1,066","134,59",80,"214,59",61164.46,1.066,134.59,214.59,11953A8,BC5917N,0001,PS,BC5917,Montgó / Toscamar
1020585,458399,5662001BC5956S0036BX,4,"61.180,51","1,066","134,60",80,"214,60",61180.51,1.066,134.6,214.6,5662001,BC5956S,0036,BX,BC5956,Arenal / Canal / Montañar
1017336,454453,7234201BC5973S0001AX,4,"61.251,49","1,067","134,61",80,"214,61",61251.49,1.067,134.61,214.61,7234201,BC5973S,0001,AX,BC5973,Tosalet / Cap Martí
1003645,470684,8510807BC5981S0001AG,4,"61.566,02","1,073","134,66",80,"214,66",61566.02,1.073,134.66,214.66,8510807,BC5981S,0001,AG,BC5981,Portitxol / Toscal / Trencall
1022726,483072,7915711BC5971S0001LA,4,"61.641,38","1,074","134,67",80,"214,67",61641.38,1.074,134.67,214.67,7915711,BC5971S,0001,LA,BC5971,Tosalet / Cap Martí
1004369,427707,9320509BC5991N0001SA,4,"61.969,21","1,080","134,72",80,"214,72",61969.21,1.08,134.72,214.72,9320509,BC5991N,0001,SA,BC5991,Costa Nova / Balcón al Mar / Ambolo
1007109,476987,6025701BC5962S0001RQ,4,"62.519,27","1,090","134,81",80,"214,81",62519.27,1.09,134.81,214.81,6025701,BC5962S,0001,RQ,BC5962,Puerto / Aduanas
1012518,434869,5333102BC5953S0001MF,4,"62.778,35","1,094","134,85",80,"214,85",62778.35,1.094,134.85,214.85,5333102,BC5953S,0001,MF,BC5953,Arenal / Canal / Montañar
1031376,474370,5952136BC5955S0001SW,4,"62.804,04","1,095","134,85",80,"214,85",62804.04,1.095,134.85,214.85,5952136,BC5955S,0001,SW,BC5955,Arenal / Canal / Montañar
1020836,437325,1195359BC5917N0001KS,4,"63.414,06","1,105","134,95",80,"214,95",63414.06,1.105,134.95,214.95,1195359,BC5917N,0001,KS,BC5917,Montgó / Toscamar
1007017,429303,0761104BC5971S0001HA,4,"63.421,17","1,105","134,95",80,"214,95",63421.17,1.105,134.95,214.95,0761104,BC5971S,0001,HA,BC5971,Tosalet / Cap Martí
1007952,496673,7429616BC5972N0001JB,4,"63.501,76","1,107","134,96",80,"214,96",63501.76,1.107,134.96,214.96,7429616,BC5972N,0001,JB,BC5972,Tosalet / Cap Martí
1003662,441056,8610039BC5981S0001JG,4,"63.521,72","1,107","134,96",80,"214,96",63521.72,1.107,134.96,214.96,8610039,BC5981S,0001,JG,BC5981,Portitxol / Toscal / Trencall
1007040,489667,7013701BC5961S0001KU,4,"63.664,43","1,110","134,99",80,"214,99",63664.43,1.11,134.99,214.99,7013701,BC5961S,0001,KU,BC5961,Puerto / Aduanas
1020466,446514,1072620BC5907S0001TH,4,"64.040,77","1,116","135,04",80,"215,04",64040.77,1.116,135.04,215.04,1072620,BC5907S,0001,TH,BC5907,Montgó / Toscamar
1003658,441039,8610043BC5981S0001EG,4,"64.396,58","1,122","135,10",80,"215,10",64396.58,1.122,135.1,215.1,8610043,BC5981S,0001,EG,BC5981,Portitxol / Toscal / Trencall
1000265,473692,5744002BC5954S0001RI,4,"64.720,81","1,128","135,15",80,"215,15",64720.81,1.128,135.15,215.15,5744002,BC5954S,0001,RI,BC5954,Arenal / Canal / Montañar
1004342,4281,9416304BC5991N0001GA,4,"65.150,15","1,135","135,22",80,"215,22",65150.15,1.135,135.22,215.22,9416304,BC5991N,0001,GA,BC5991,Costa Nova / Balcón al Mar / Ambolo
1004251,4258,9020203BC5992S0001HD,4,"65.478,07","1,141","135,27",80,"215,27",65478.07,1.141,135.27,215.27,9020203,BC5992S,0001,HD,BC5992,Costa Nova / Balcón al Mar / Ambolo
1024908,477947,1472717BC5917S0001MB,4,"65.505,14","1,142","135,27",80,"215,27",65505.14,1.142,135.27,215.27,1472717,BC5917S,0001,MB,BC5917,Montgó / Toscamar
1003799,484414,8616311BC5981N0001XU,4,"66.206,86","1,154","135,38",80,"215,38",66206.86,1.154,135.38,215.38,8616311,BC5981N,0001,XU,BC5981,Portitxol / Toscal / Trencall
1003710,436503,8610006BC5981S0001IG,4,"66.392,08","1,157","135,41",80,"215,41",66392.08,1.157,135.41,215.41,8610006,BC5981S,0001,IG,BC5981,Portitxol / Toscal / Trencall
1010804,459467,5960709BC5955N0002GK,4,"66.595,26","1,161","135,45",80,"215,45",66595.26,1.161,135.45,215.45,5960709,BC5955N,0002,GK,BC5955,Arenal / Canal / Montañar
1004156,509049,8920804BC5982S0001PO,4,"66.660,49","1,162","135,46",80,"215,46",66660.49,1.162,135.46,215.46,8920804,BC5982S,0001,PO,BC5982,Costa Nova / Balcón al Mar / Ambolo
1004095,508455,8619018BC5981N0001LU,4,"66.763,98","1,164","135,47",80,"215,47",66763.98,1.164,135.47,215.47,8619018,BC5981N,0001,LU,BC5981,Portitxol / Toscal / Trencall
1003727,495987,8510803BC5981S0001ZG,4,"66.788,76","1,164","135,48",80,"215,48",66788.76,1.164,135.48,215.48,8510803,BC5981S,0001,ZG,BC5981,Portitxol / Toscal / Trencall
1010881,496842,5372012BC5957S0002AF,4,"67.076,20","1,169","135,52",80,"215,52",67076.2,1.169,135.52,215.52,5372012,BC5957S,0002,AF,BC5957,Arenal / Canal / Montañar
1017681,446462,4727001BC5942N0001LI,4,"67.172,42","1,171","135,54",80,"215,54",67172.42,1.171,135.54,215.54,4727001,BC5942N,0001,LI,BC5942,Casco urbano / Pueblo
1007238,483954,6922112BC5962S0001AQ,4,"67.218,16","1,171","135,54",80,"215,54",67218.16,1.171,135.54,215.54,6922112,BC5962S,0001,AQ,BC5962,Puerto / Aduanas
1003955,418215,8814015BC5981S0001BG,4,"68.011,48","1,185","135,67",80,"215,67",68011.48,1.185,135.67,215.67,8814015,BC5981S,0001,BG,BC5981,Portitxol / Toscal / Trencall
1030729,485822,2546016BC5924N0001ZA,4,"68.404,21","1,192","135,73",80,"215,73",68404.21,1.192,135.73,215.73,2546016,BC5924N,0001,ZA,BC5924,Rafalet / Lluca / Covatelles
1016639,486116,7136003BC5973N0001HF,4,"68.690,07","1,197","135,77",80,"215,77",68690.07,1.197,135.77,215.77,7136003,BC5973N,0001,HF,BC5973,Tosalet / Cap Martí
1003715,410065,8410106BC5981S0001TG,4,"69.018,43","1,203","135,83",80,"215,83",69018.43,1.203,135.83,215.83,8410106,BC5981S,0001,TG,BC5981,Portitxol / Toscal / Trencall
1003635,410032,8510810BC5981S0001AG,4,"69.250,56","1,207","135,86",80,"215,86",69250.56,1.207,135.86,215.86,8510810,BC5981S,0001,AG,BC5981,Portitxol / Toscal / Trencall
1012468,483456,0975221BC5907N0001BI,4,"69.711,86","1,215","135,93",80,"215,93",69711.86,1.215,135.93,215.93,0975221,BC5907N,0001,BI,BC5907,Montgó / Toscamar
1027022,478558,4637013BC5943N0001TW,4,"70.275,73","1,225","136,02",80,"216,02",70275.73,1.225,136.02,216.02,4637013,BC5943N,0001,TW,BC5943,Casco urbano / Pueblo
1013947,464430,2842513BC5924S0001HL,4,"70.474,63","1,228","136,05",80,"216,05",70474.63,1.228,136.05,216.05,2842513,BC5924S,0001,HL,BC5924,Rafalet / Lluca / Covatelles
1019134,410020,7124316BC5972S0001RT,4,"70.732,26","1,233","136,09",80,"216,09",70732.26,1.233,136.09,216.09,7124316,BC5972S,0001,RT,BC5972,Tosalet / Cap Martí
1004334,410019,9317609BC5991N0001HA,4,"70.957,81","1,237","136,13",80,"216,13",70957.81,1.237,136.13,216.13,9317609,BC5991N,0001,HA,BC5991,Costa Nova / Balcón al Mar / Ambolo
1009269,506407,8688927BC4988N0001RX,4,"70.966,97","1,237","136,13",80,"216,13",70966.97,1.237,136.13,216.13,8688927,BC4988N,0001,RX,BC4988,Les Fonts / Castellans
1029669,441333,2650107BC5925S0001FD,4,"71.011,47","1,238","136,14",80,"216,14",71011.47,1.238,136.14,216.14,2650107,BC5925S,0001,FD,BC5925,Rafalet / Lluca / Covatelles
1006438,493481,7338504BC5973N0001HF,4,"71.066,51","1,239","136,15",80,"216,15",71066.51,1.239,136.15,216.15,7338504,BC5973N,0001,HF,BC5973,Tosalet / Cap Martí
1004362,445143,9218016BC5991N0001KA,4,"71.098,75","1,239","136,15",80,"216,15",71098.75,1.239,136.15,216.15,9218016,BC5991N,0001,KA,BC5991,Costa Nova / Balcón al Mar / Ambolo
1004119,496936,8619010BC5981N0001HU,4,"71.952,30","1,254","136,29",80,"216,29",71952.3,1.254,136.29,216.29,8619010,BC5981N,0001,HU,BC5981,Portitxol / Toscal / Trencall
1003810,425280,8516502BC5981N0001UU,4,"72.338,02","1,261","136,35",80,"216,35",72338.02,1.261,136.35,216.35,8516502,BC5981N,0001,UU,BC5981,Portitxol / Toscal / Trencall
1006819,477368,7914207BC5971S0001IA,4,"72.847,96","1,270","136,43",80,"216,43",72847.96,1.27,136.43,216.43,7914207,BC5971S,0001,IA,BC5971,Tosalet / Cap Martí
1006307,441297,6233716BC5963S0001YK,4,"73.435,60","1,280","136,52",80,"216,52",73435.6,1.28,136.52,216.52,6233716,BC5963S,0001,YK,BC5963,Puerto / Aduanas
1023975,471855,7616023BC5971N0001OE,4,"73.437,66","1,280","136,52",80,"216,52",73437.66,1.28,136.52,216.52,7616023,BC5971N,0001,OE,BC5971,Tosalet / Cap Martí
1007964,453571,7429617BC5972N0001EB,4,"73.960,32","1,289","136,60",80,"216,60",73960.32,1.289,136.6,216.6,7429617,BC5972N,0001,EB,BC5972,Tosalet / Cap Martí
1004020,417009,8619052BC5981N0001PU,4,"74.085,69","1,291","136,62",80,"216,62",74085.69,1.291,136.62,216.62,8619052,BC5981N,0001,PU,BC5981,Portitxol / Toscal / Trencall
1024419,464674,6352008BC5965S0020EL,4,"74.408,00","1,297","136,67",80,"216,67",74408.0,1.297,136.67,216.67,6352008,BC5965S,0020,EL,BC5965,Puerto / Aduanas
1003707,477928,8610026BC5981S0001LG,4,"74.949,20","1,306","136,76",80,"216,76",74949.2,1.306,136.76,216.76,8610026,BC5981S,0001,LG,BC5981,Portitxol / Toscal / Trencall
1017313,416384,7432004BC5973S0001RX,4,"75.199,74","1,311","136,80",80,"216,80",75199.74,1.311,136.8,216.8,7432004,BC5973S,0001,RX,BC5973,Tosalet / Cap Martí
1004187,506603,8620301BC5981N0001PU,4,"75.304,37","1,312","136,81",80,"216,81",75304.37,1.312,136.81,216.81,8620301,BC5981N,0001,PU,BC5981,Portitxol / Toscal / Trencall
1003966,471339,8813702BC5981S0001XG,4,"75.529,78","1,316","136,85",80,"216,85",75529.78,1.316,136.85,216.85,8813702,BC5981S,0001,XG,BC5981,Portitxol / Toscal / Trencall
1016738,430230,7331418BC5973S0001UX,4,"76.162,88","1,327","136,95",80,"216,95",76162.88,1.327,136.95,216.95,7331418,BC5973S,0001,UX,BC5973,Tosalet / Cap Martí
1004394,4255,9316307BC5991N0001RA,4,"76.691,40","1,337","137,03",80,"217,03",76691.4,1.337,137.03,217.03,9316307,BC5991N,0001,RA,BC5991,Costa Nova / Balcón al Mar / Ambolo
1030684,508247,9111023BC5991S0001RL,4,"76.785,74","1,338","137,04",80,"217,04",76785.74,1.338,137.04,217.04,9111023,BC5991S,0001,RL,BC5991,Costa Nova / Balcón al Mar / Ambolo
1024150,504124,2028906BC5922N0001BM,4,"77.989,90","1,359","137,23",80,"217,23",77989.9,1.359,137.23,217.23,2028906,BC5922N,0001,BM,BC5922,Rafalet / Lluca / Covatelles
1004328,412241,9214604BC5991S0001PL,4,"78.705,03","1,372","137,34",80,"217,34",78705.03,1.372,137.34,217.34,9214604,BC5991S,0001,PL,BC5991,Costa Nova / Balcón al Mar / Ambolo
1022355,497487,3073308BC5927N0001HH,4,"78.810,46","1,373","137,36",80,"217,36",78810.46,1.373,137.36,217.36,3073308,BC5927N,0001,HH,BC5927,Rafalet / Lluca / Covatelles
1019865,497487,3073308BC5927N0001HH,4,"78.810,46","1,373","137,36",80,"217,36",78810.46,1.373,137.36,217.36,3073308,BC5927N,0001,HH,BC5927,Rafalet / Lluca / Covatelles
1003705,446446,8610008BC5981S0001EG,4,"79.652,36","1,388","137,49",80,"217,49",79652.36,1.388,137.49,217.49,8610008,BC5981S,0001,EG,BC5981,Portitxol / Toscal / Trencall
1029637,498733,5039601BC5943N0001LW,4,"79.874,72","1,392","137,53",80,"217,53",79874.72,1.392,137.53,217.53,5039601,BC5943N,0001,LW,BC5943,Casco urbano / Pueblo
1003695,509044,8410107BC5981S0001FG,4,"80.264,04","1,399","137,59",80,"217,59",80264.04,1.399,137.59,217.59,8410107,BC5981S,0001,FG,BC5981,Portitxol / Toscal / Trencall
1004341,49789,9416309BC5991N0001FA,4,"80.366,80","1,401","137,61",80,"217,61",80366.8,1.401,137.61,217.61,9416309,BC5991N,0001,FA,BC5991,Costa Nova / Balcón al Mar / Ambolo
1004474,440259,9418017BC5991N0001AA,4,"80.638,15","1,405","137,65",80,"217,65",80638.15,1.405,137.65,217.65,9418017,BC5991N,0001,AA,BC5991,Costa Nova / Balcón al Mar / Ambolo
1003882,448503,9113005BC5991S0001ZL,4,"80.650,97","1,406","137,65",80,"217,65",80650.97,1.406,137.65,217.65,9113005,BC5991S,0001,ZL,BC5991,Costa Nova / Balcón al Mar / Ambolo
1032047,487046,3015313BC5931N0001KP,4,"80.957,64","1,411","137,70",80,"217,70",80957.64,1.411,137.7,217.7,3015313,BC5931N,0001,KP,BC5931,Casco urbano / Pueblo
1029666,441332,2650104BC5925S0001PD,4,"81.670,78","1,423","137,81",80,"217,81",81670.78,1.423,137.81,217.81,2650104,BC5925S,0001,PD,BC5925,Rafalet / Lluca / Covatelles
1029078,463468,7919307BC5972S0001FT,4,"82.529,79","1,438","137,94",80,"217,94",82529.79,1.438,137.94,217.94,7919307,BC5972S,0001,FT,BC5972,Tosalet / Cap Martí
1005045,507630,5629702BC5952N0001KS,4,"83.760,16","1,460","138,14",80,"218,14",83760.16,1.46,138.14,218.14,5629702,BC5952N,0001,KS,BC5952,Arenal / Canal / Montañar
1004810,479246,1833123BC5913S0001BZ,4,"85.561,25","1,491","138,42",80,"218,42",85561.25,1.491,138.42,218.42,1833123,BC5913S,0001,BZ,BC5913,Montgó / Toscamar
1017032,441368,7828503BC5972N0001QB,4,"86.192,55","1,502","138,52",80,"218,52",86192.55,1.502,138.52,218.52,7828503,BC5972N,0001,QB,BC5972,Tosalet / Cap Martí
1018573,486925,5931006BC5953S0001BF,4,"86.277,46","1,504","138,53",80,"218,53",86277.46,1.504,138.53,218.53,5931006,BC5953S,0001,BF,BC5953,Arenal / Canal / Montañar
1004161,478156,9018003BC5981N0001DU,4,"87.513,10","1,525","138,73",80,"218,73",87513.1,1.525,138.73,218.73,9018003,BC5981N,0001,DU,BC5981,Portitxol / Toscal / Trencall
1011543,442980,0681617BC5908S0001BP,4,"89.289,21","1,556","139,00",80,"219,00",89289.21,1.556,139.0,219.0,0681617,BC5908S,0001,BP,BC5908,Montgó / Toscamar
1005462,472639,9388947BC4998N0001YE,4,"90.492,16","1,577","139,19",80,"219,19",90492.16,1.577,139.19,219.19,9388947,BC4998N,0001,YE,BC4998,Les Fonts / Castellans
1020414,473085,7238723BC5973N0001AF,4,"90.790,44","1,582","139,24",80,"219,24",90790.44,1.582,139.24,219.24,7238723,BC5973N,0001,AF,BC5973,Tosalet / Cap Martí
1004298,413764,0911506BC5991S0001BL,4,"90.896,50","1,584","139,26",80,"219,26",90896.5,1.584,139.26,219.26,0911506,BC5991S,0001,BL,BC5991,Costa Nova / Balcón al Mar / Ambolo
1007203,446203,7126705BC5972N0001RB,4,"91.654,34","1,597","139,38",80,"219,38",91654.34,1.597,139.38,219.38,7126705,BC5972N,0001,RB,BC5972,Tosalet / Cap Martí
1004052,426614,8617801BC5981N0001UU,4,"92.664,46","1,615","139,53",80,"219,53",92664.46,1.615,139.53,219.53,8617801,BC5981N,0001,UU,BC5981,Portitxol / Toscal / Trencall
1004379,417523,9316311BC5991N0001DA,4,"93.583,99","1,631","139,68",80,"219,68",93583.99,1.631,139.68,219.68,9316311,BC5991N,0001,DA,BC5991,Costa Nova / Balcón al Mar / Ambolo
1004190,479276,8819707BC5981N0001TU,4,"94.209,53","1,642","139,78",80,"219,78",94209.53,1.642,139.78,219.78,8819707,BC5981N,0001,TU,BC5981,Portitxol / Toscal / Trencall
1005512,482775,4024302BC5942S0001SH,4,"94.889,49","1,654","139,88",80,"219,88",94889.49,1.654,139.88,219.88,4024302,BC5942S,0001,SH,BC5942,Casco urbano / Pueblo
1008926,458944,8617810BC5981N0001GU,4,"95.012,77","1,656","139,90",80,"219,90",95012.77,1.656,139.9,219.9,8617810,BC5981N,0001,GU,BC5981,Portitxol / Toscal / Trencall
1020644,472962,8919207BC5981N0001MU,4,"95.126,60","1,658","139,92",80,"219,92",95126.6,1.658,139.92,219.92,8919207,BC5981N,0001,MU,BC5981,Portitxol / Toscal / Trencall
1008297,480898,5227506BC5952N0001XS,4,"95.876,86","1,671","140,04",80,"220,04",95876.86,1.671,140.04,220.04,5227506,BC5952N,0001,XS,BC5952,Arenal / Canal / Montañar
1028402,444614,9218024BC5991N0001JA,4,"96.486,88","1,682","140,13",80,"220,13",96486.88,1.682,140.13,220.13,9218024,BC5991N,0001,JA,BC5991,Costa Nova / Balcón al Mar / Ambolo
1010292,493714,3662810BC5937S0001IT,4,"98.419,81","1,715","140,44",80,"220,44",98419.81,1.715,140.44,220.44,3662810,BC5937S,0001,IT,BC5937,Casco urbano / Pueblo
1018500,462926,5729012BC5952N0001XS,4,"99.655,73","1,737","140,63",80,"220,63",99655.73,1.737,140.63,220.63,5729012,BC5952N,0001,XS,BC5952,Arenal / Canal / Montañar
1021178,468620,5233217BC5953S0001TF,4,"99.853,79","1,740","140,66",80,"220,66",99853.79,1.74,140.66,220.66,5233217,BC5953S,0001,TF,BC5953,Arenal / Canal / Montañar
1004289,488286,9311102BC5991S0001KL,4,"101.270,42","1,765","140,88",80,"220,88",101270.42,1.765,140.88,220.88,9311102,BC5991S,0001,KL,BC5991,Costa Nova / Balcón al Mar / Ambolo
1003655,505566,8610034BC5981S0001KG,4,"107.198,75","1,868","141,81",80,"221,81",107198.75,1.868,141.81,221.81,8610034,BC5981S,0001,KG,BC5981,Portitxol / Toscal / Trencall
1003996,414970,8816415BC5981N0001MU,4,"108.056,49","1,883","141,95",80,"221,95",108056.49,1.883,141.95,221.95,8816415,BC5981N,0001,MU,BC5981,Portitxol / Toscal / Trencall
1004282,477459,8821009BC5982S0001DO,4,"108.821,49","1,897","142,07",80,"222,07",108821.49,1.897,142.07,222.07,8821009,BC5982S,0001,DO,BC5982,Costa Nova / Balcón al Mar / Ambolo
1007142,467955,6623311BC5962S0001HQ,4,"108.986,95","1,899","142,09",80,"222,09",108986.95,1.899,142.09,222.09,6623311,BC5962S,0001,HQ,BC5962,Puerto / Aduanas
1004501,491463,0932205BC5992S0001TD,4,"113.085,87","1,971","142,74",80,"222,74",113085.87,1.971,142.74,222.74,0932205,BC5992S,0001,TD,BC5992,Costa Nova / Balcón al Mar / Ambolo
1006974,481671,7411719BC5971S0001LA,4,"113.266,86","1,974","142,77",80,"222,77",113266.86,1.974,142.77,222.77,7411719,BC5971S,0001,LA,BC5971,Tosalet / Cap Martí
1004058,440372,8617803BC5981N0001WU,4,"116.687,42","2,034","143,30",80,"223,30",116687.42,2.034,143.3,223.3,8617803,BC5981N,0001,WU,BC5981,Portitxol / Toscal / Trencall
1013433,485408,7931010BC5973S0001OX,4,"122.890,37","2,142","144,28",80,"224,28",122890.37,2.142,144.28,224.28,7931010,BC5973S,0001,OX,BC5973,Tosalet / Cap Martí
1018378,490763,4739303BC5943N0001WW,4,"122.897,99","2,142","144,28",80,"224,28",122897.99,2.142,144.28,224.28,4739303,BC5943N,0001,WW,BC5943,Casco urbano / Pueblo
1004106,503205,8518221BC5981N0001UU,4,"125.902,71","2,194","144,75",80,"224,75",125902.71,2.194,144.75,224.75,8518221,BC5981N,0001,UU,BC5981,Portitxol / Toscal / Trencall
1004324,457831,9115507BC5991S0001ML,4,"126.079,73","2,197","144,78",80,"224,78",126079.73,2.197,144.78,224.78,9115507,BC5991S,0001,ML,BC5991,Costa Nova / Balcón al Mar / Ambolo
1018569,482648,5831805BC5953S0001TF,4,"126.159,27","2,199","144,79",80,"224,79",126159.27,2.199,144.79,224.79,5831805,BC5953S,0001,TF,BC5953,Arenal / Canal / Montañar
1018998,434863,6624203BC5962S0001KQ,4,"127.122,64","2,215","144,94",80,"224,94",127122.64,2.215,144.94,224.94,6624203,BC5962S,0001,KQ,BC5962,Puerto / Aduanas
1013434,476984,7931003BC5973S0001LX,4,"131.756,08","2,296","145,67",80,"225,67",131756.08,2.296,145.67,225.67,7931003,BC5973S,0001,LX,BC5973,Tosalet / Cap Martí
1016751,479115,7926101BC5972N0001KB,4,"131.855,32","2,298","145,68",80,"225,68",131855.32,2.298,145.68,225.68,7926101,BC5972N,0001,KB,BC5972,Tosalet / Cap Martí
1000974,444465,6454603BC5965S0001JY,4,"132.440,41","2,308","145,77",80,"225,77",132440.41,2.308,145.77,225.77,6454603,BC5965S,0001,JY,BC5965,Puerto / Aduanas
1007202,457586,6624202BC5962S0001OQ,4,"133.411,01","2,325","145,93",80,"225,93",133411.01,2.325,145.93,225.93,6624202,BC5962S,0001,OQ,BC5962,Puerto / Aduanas
1006913,471697,7312708BC5971S0001YA,4,"136.444,07","2,378","146,40",80,"226,40",136444.07,2.378,146.4,226.4,7312708,BC5971S,0001,YA,BC5971,Tosalet / Cap Martí
1020837,460006,5372009BC5957S0001PD,4,"139.931,83","2,439","146,95",80,"226,95",139931.83,2.439,146.95,226.95,5372009,BC5957S,0001,PD,BC5957,Arenal / Canal / Montañar
1007645,486614,5487708BC5958N0001SX,4,"142.494,24","2,483","147,35",80,"227,35",142494.24,2.483,147.35,227.35,5487708,BC5958N,0001,SX,BC5958,Arenal / Canal / Montañar
1018967,466873,5288004BC5958N0001GX,4,"157.888,10","2,752","149,76",80,"229,76",157888.1,2.752,149.76,229.76,5288004,BC5958N,0001,GX,BC5958,Arenal / Canal / Montañar
1015397,477809,1195362BC5917S0001KB,4,"158.438,50","2,761","149,85",80,"229,85",158438.5,2.761,149.85,229.85,1195362,BC5917S,0001,KB,BC5917,Montgó / Toscamar
1025321,476107,1868547BC5916N0001YK,4,"169.343,24","2,951","151,56",80,"231,56",169343.24,2.951,151.56,231.56,1868547,BC5916N,0001,YK,BC5916,Montgó / Toscamar
1026200,468627,3939401BC5933N0001TZ,4,"176.136,55","3,070","152,63",80,"232,63",176136.55,3.07,152.63,232.63,3939401,BC5933N,0001,TZ,BC5933,Casco urbano / Pueblo
1016666,464180,6627802BC5962N0001WH,4,"208.519,31","3,634","157,71",80,"237,71",208519.31,3.634,157.71,237.71,6627802,BC5962N,0001,WH,BC5962,Puerto / Aduanas
1011523,484146,3781801BC5938S0001AX,4,"219.044,58","3,817","159,36",80,"239,36",219044.58,3.817,159.36,239.36,3781801,BC5938S,0001,AX,BC5938,Casco urbano / Pueblo
1013310,505313,8239001BC5983N0001KK,4,"219.854,54","3,832","159,48",80,"239,48",219854.54,3.832,159.48,239.48,8239001,BC5983N,0001,KK,BC5983,Costa Nova / Balcón al Mar / Ambolo
1007232,497866,7525107BC5972N0001UB,4,"223.322,97","3,892","160,03",80,"240,03",223322.97,3.892,160.03,240.03,7525107,BC5972N,0001,UB,BC5972,Tosalet / Cap Martí
1007612,482770,5288008BC5958N0001TX,4,"242.874,92","4,233","163,09",80,"243,09",242874.92,4.233,163.09,243.09,5288008,BC5958N,0001,TX,BC5958,Arenal / Canal / Montañar
1010692,481592,5638311BC5953N0001JY,4,"304.771,64","5,311","172,80",80,"252,80",304771.64,5.311,172.8,252.8,5638311,BC5953N,0001,JY,BC5953,Arenal / Canal / Montañar
1010694,481592,5638311BC5953N0001JY,4,"304.771,64","5,311","172,80",80,"252,80",304771.64,5.311,172.8,252.8,5638311,BC5953N,0001,JY,BC5953,Arenal / Canal / Montañar
1011419,440262,5762003BC5956S0001RL,4,"319.187,94","5,563","175,06",80,"255,06",319187.94,5.563,175.06,255.06,5762003,BC5956S,0001,RL,BC5956,Arenal / Canal / Montañar
1008694,510519,5381307BC5958S0001AU,5,"8.559,89","0,149","126,34",100,"226,34",8559.89,0.149,126.34,226.34,5381307,BC5958S,0001,AU,BC5958,Arenal / Canal / Montañar
1026987,481320,3663015BC5937S0001ET,5,"10.564,51","0,184","126,66",100,"226,66",10564.51,0.184,126.66,226.66,3663015,BC5937S,0001,ET,BC5937,Casco urbano / Pueblo
1010318,481320,3663015BC5937S0001ET,5,"10.564,51","0,184","126,66",100,"226,66",10564.51,0.184,126.66,226.66,3663015,BC5937S,0001,ET,BC5937,Casco urbano / Pueblo
1001580,499274,5656503BC5955N0033JJ,5,"12.326,50","0,215","126,93",100,"226,93",12326.5,0.215,126.93,226.93,5656503,BC5955N,0033,JJ,BC5955,Arenal / Canal / Montañar
1012909,506751,7293009BC5974S0006OZ,5,"12.969,63","0,226","127,03",100,"227,03",12969.63,0.226,127.03,227.03,7293009,BC5974S,0006,OZ,BC5974,Portitxol / Toscal / Trencall
1000992,503218,5658007BC5955N0012TW,5,"14.796,88","0,258","127,32",100,"227,32",14796.88,0.258,127.32,227.32,5658007,BC5955N,0012,TW,BC5955,Arenal / Canal / Montañar
1007719,510848,3763014BC5937S0003AU,5,"17.388,63","0,303","127,73",100,"227,73",17388.63,0.303,127.73,227.73,3763014,BC5937S,0003,AU,BC5937,Casco urbano / Pueblo
1010839,510184,5762013BC5956S0057HF,5,"18.038,59","0,314","127,83",100,"227,83",18038.59,0.314,127.83,227.83,5762013,BC5956S,0057,HF,BC5956,Arenal / Canal / Montañar
1014423,498388,4347013BC5947N0008WI,5,"19.068,86","0,332","127,99",100,"227,99",19068.86,0.332,127.99,227.99,4347013,BC5947N,0008,WI,BC5947,Casco urbano / Pueblo
1015141,509698,5380302BC5958S0006SS,5,"19.567,42","0,341","128,07",100,"228,07",19567.42,0.341,128.07,228.07,5380302,BC5958S,0006,SS,BC5958,Arenal / Canal / Montañar
1009056,510073,5454114BC5955S0007HI,5,"20.155,97","0,351","128,16",100,"228,16",20155.97,0.351,128.16,228.16,5454114,BC5955S,0007,HI,BC5955,Arenal / Canal / Montañar
1000680,486851,5481301BC5958S0037XA,5,"20.359,35","0,355","128,19",100,"228,19",20359.35,0.355,128.19,228.19,5481301,BC5958S,0037,XA,BC5958,Arenal / Canal / Montañar
1008031,497548,3768203BC5936N0009QA,5,"20.482,69","0,357","128,21",100,"228,21",20482.69,0.357,128.21,228.21,3768203,BC5936N,0009,QA,BC5936,Casco urbano / Pueblo
1012889,464715,7339001BC5973N0109IW,5,"20.587,73","0,359","128,23",100,"228,23",20587.73,0.359,128.23,228.23,7339001,BC5973N,0109,IW,BC5973,Tosalet / Cap Martí
1014402,471375,4177409BC5947N0002OW,5,"20.939,54","0,365","128,28",100,"228,28",20939.54,0.365,128.28,228.28,4177409,BC5947N,0002,OW,BC5947,Casco urbano / Pueblo
1012984,508572,7339001BC5973N0040QK,5,"21.151,71","0,369","128,32",100,"228,32",21151.71,0.369,128.32,228.32,7339001,BC5973N,0040,QK,BC5973,Tosalet / Cap Martí
1013029,464822,7339001BC5973N0044TX,5,"21.151,71","0,369","128,32",100,"228,32",21151.71,0.369,128.32,228.32,7339001,BC5973N,0044,TX,BC5973,Tosalet / Cap Martí
1014241,498422,5279505BC5957N0005KO,5,"21.190,97","0,369","128,32",100,"228,32",21190.97,0.369,128.32,228.32,5279505,BC5957N,0005,KO,BC5957,Arenal / Canal / Montañar
1012896,490658,7339001BC5973N0085AT,5,"21.751,16","0,379","128,41",100,"228,41",21751.16,0.379,128.41,228.41,7339001,BC5973N,0085,AT,BC5973,Tosalet / Cap Martí
1010298,488154,6947805BC2964N0010SB,5,"22.012,03","0,384","128,45",100,"228,45",22012.03,0.384,128.45,228.45,6947805,BC2964N,0010,SB,BC2964,Sin clasificar / revisar
1021065,476645,1335522BC5913N0001ID,5,"22.485,69","0,392","128,53",100,"228,53",22485.69,0.392,128.53,228.53,1335522,BC5913N,0001,ID,BC5913,Montgó / Toscamar
1001542,457906,5656516BC5955N0010ZM,5,"23.112,25","0,403","128,63",100,"228,63",23112.25,0.403,128.63,228.63,5656516,BC5955N,0010,ZM,BC5955,Arenal / Canal / Montañar
1001133,488780,5753201BC5955S0023EK,5,"23.163,69","0,404","128,63",100,"228,63",23163.69,0.404,128.63,228.63,5753201,BC5955S,0023,EK,BC5955,Arenal / Canal / Montañar
1013067,491757,7339001BC5973N0139YM,5,"23.227,62","0,405","128,64",100,"228,64",23227.62,0.405,128.64,228.64,7339001,BC5973N,0139,YM,BC5973,Tosalet / Cap Martí
1009016,498587,5454113BC5955S0042UI,5,"23.597,15","0,411","128,70",100,"228,70",23597.15,0.411,128.7,228.7,5454113,BC5955S,0042,UI,BC5955,Arenal / Canal / Montañar
1028194,480038,5457801BC5955S0081LS,5,"23.806,02","0,415","128,73",100,"228,73",23806.02,0.415,128.73,228.73,5457801,BC5955S,0081,LS,BC5955,Arenal / Canal / Montañar
1027250,486927,5457801BC5955S0057RB,5,"24.069,16","0,419","128,78",100,"228,78",24069.16,0.419,128.78,228.78,5457801,BC5955S,0057,RB,BC5955,Arenal / Canal / Montañar
1014385,510668,4378001BC5947N0128WW,5,"25.165,62","0,439","128,95",100,"228,95",25165.62,0.439,128.95,228.95,4378001,BC5947N,0128,WW,BC5947,Casco urbano / Pueblo
1022991,486139,5267003BC5956N0015AX,5,"25.678,58","0,448","129,03",100,"229,03",25678.58,0.448,129.03,229.03,5267003,BC5956N,0015,AX,BC5956,Arenal / Canal / Montañar
1016075,508051,6251304BC5965S0031DR,5,"25.727,40","0,448","129,04",100,"229,04",25727.4,0.448,129.04,229.04,6251304,BC5965S,0031,DR,BC5965,Puerto / Aduanas
1001756,497944,5852001BC5955S0058IZ,5,"25.781,41","0,449","129,04",100,"229,04",25781.41,0.449,129.04,229.04,5852001,BC5955S,0058,IZ,BC5955,Arenal / Canal / Montañar
1001242,482465,5852001BC5955S0039KI,5,"25.781,41","0,449","129,04",100,"229,04",25781.41,0.449,129.04,229.04,5852001,BC5955S,0039,KI,BC5955,Arenal / Canal / Montañar
1001265,511191,5656503BC5955N0016YY,5,"25.808,68","0,450","129,05",100,"229,05",25808.68,0.45,129.05,229.05,5656503,BC5955N,0016,YY,BC5955,Arenal / Canal / Montañar
1001581,495707,5656503BC5955N0034KK,5,"25.808,68","0,450","129,05",100,"229,05",25808.68,0.45,129.05,229.05,5656503,BC5955N,0034,KK,BC5955,Arenal / Canal / Montañar
1012074,484479,3664513BC5937S0001PT,5,"25.822,17","0,450","129,05",100,"229,05",25822.17,0.45,129.05,229.05,3664513,BC5937S,0001,PT,BC5937,Casco urbano / Pueblo
1031484,483219,5747209BC5954N0005WR,5,"26.027,92","0,454","129,08",100,"229,08",26027.92,0.454,129.08,229.08,5747209,BC5954N,0005,WR,BC5954,Arenal / Canal / Montañar
1000848,499756,5179502BC5957N0030GW,5,"26.113,84","0,455","129,10",100,"229,10",26113.84,0.455,129.1,229.1,5179502,BC5957N,0030,GW,BC5957,Arenal / Canal / Montañar
1016368,478055,5656501BC5955N0008YQ,5,"26.427,53","0,461","129,15",100,"229,15",26427.53,0.461,129.15,229.15,5656501,BC5955N,0008,YQ,BC5955,Arenal / Canal / Montañar
1002045,468403,5656516BC5955N0006BX,5,"26.579,08","0,463","129,17",100,"229,17",26579.08,0.463,129.17,229.17,5656516,BC5955N,0006,BX,BC5955,Arenal / Canal / Montañar
1028848,511278,4873902BC5947S0001RO,5,"26.606,39","0,464","129,17",100,"229,17",26606.39,0.464,129.17,229.17,4873902,BC5947S,0001,RO,BC5947,Casco urbano / Pueblo
10000481,504448,4475719BC5947N0023LJ,5,"26.895,03","0,469","129,22",100,"229,22",26895.03,0.469,129.22,229.22,4475719,BC5947N,0023,LJ,BC5947,Casco urbano / Pueblo
1025020,486261,4775402BC5947N0007IU,5,"26.912,42","0,469","129,22",100,"229,22",26912.42,0.469,129.22,229.22,4775402,BC5947N,0007,IU,BC5947,Casco urbano / Pueblo
1005918,442944,5481011BC5958S0001MU,5,"27.093,31","0,472","129,25",100,"229,25",27093.31,0.472,129.25,229.25,5481011,BC5958S,0001,MU,BC5958,Arenal / Canal / Montañar
1025541,506617,5483030BC5958S0013ZH,5,"27.158,57","0,473","129,26",100,"229,26",27158.57,0.473,129.26,229.26,5483030,BC5958S,0013,ZH,BC5958,Arenal / Canal / Montañar
1024116,496658,5174002BC5957S0056DU,5,"27.201,09","0,474","129,27",100,"229,27",27201.09,0.474,129.27,229.27,5174002,BC5957S,0056,DU,BC5957,Arenal / Canal / Montañar
1001430,490431,5758402BC5955N0033YJ,5,"27.864,10","0,486","129,37",100,"229,37",27864.1,0.486,129.37,229.37,5758402,BC5955N,0033,YJ,BC5955,Arenal / Canal / Montañar
1028865,491341,4873902BC5947S0018KM,5,"27.868,54","0,486","129,37",100,"229,37",27868.54,0.486,129.37,229.37,4873902,BC5947S,0018,KM,BC5947,Casco urbano / Pueblo
1006471,455911,5847053BC5954N0001DM,5,"27.907,07","0,486","129,38",100,"229,38",27907.07,0.486,129.38,229.38,5847053,BC5954N,0001,DM,BC5954,Arenal / Canal / Montañar
1027578,501731,5463707BC5956S0039AW,5,"29.141,86","0,508","129,57",100,"229,57",29141.86,0.508,129.57,229.57,5463707,BC5956S,0039,AW,BC5956,Arenal / Canal / Montañar
1027565,500762,5463707BC5956S0008SE,5,"29.186,13","0,509","129,58",100,"229,58",29186.13,0.509,129.58,229.58,5463707,BC5956S,0008,SE,BC5956,Arenal / Canal / Montañar
1022662,510609,4977317BC5947N0010FU,5,"29.508,30","0,514","129,63",100,"229,63",29508.3,0.514,129.63,229.63,4977317,BC5947N,0010,FU,BC5947,Casco urbano / Pueblo
1023925,453076,3274928BC5937N0043QR,5,"29.592,29","0,516","129,64",100,"229,64",29592.29,0.516,129.64,229.64,3274928,BC5937N,0043,QR,BC5937,Casco urbano / Pueblo
1001676,478409,5656507BC5955N0040AZ,5,"29.660,77","0,517","129,65",100,"229,65",29660.77,0.517,129.65,229.65,5656507,BC5955N,0040,AZ,BC5955,Arenal / Canal / Montañar
1023654,493510,5658002BC5955N0199EX,5,"29.674,17","0,517","129,65",100,"229,65",29674.17,0.517,129.65,229.65,5658002,BC5955N,0199,EX,BC5955,Arenal / Canal / Montañar
1002825,482187,6650704BC5964N0012WS,5,"29.726,73","0,518","129,66",100,"229,66",29726.73,0.518,129.66,229.66,6650704,BC5964N,0012,WS,BC5964,Puerto / Aduanas
1025909,474235,5457801BC5955N0135FX,5,"30.010,33","0,523","129,71",100,"229,71",30010.33,0.523,129.71,229.71,5457801,BC5955N,0135,FX,BC5955,Arenal / Canal / Montañar
1018626,468653,5368405BC5956N0038DH,5,"30.191,94","0,526","129,74",100,"229,74",30191.94,0.526,129.74,229.74,5368405,BC5956N,0038,DH,BC5956,Arenal / Canal / Montañar
1001804,473286,5855102BC5955N0014RR,5,"30.365,19","0,529","129,76",100,"229,76",30365.19,0.529,129.76,229.76,5855102,BC5955N,0014,RR,BC5955,Arenal / Canal / Montañar
1025894,478017,5457801BC5955N0120WP,5,"30.669,92","0,535","129,81",100,"229,81",30669.92,0.535,129.81,229.81,5457801,BC5955N,0120,WP,BC5955,Arenal / Canal / Montañar
1026674,502196,4478607BC5947N0117KJ,5,"30.930,02","0,539","129,85",100,"229,85",30930.02,0.539,129.85,229.85,4478607,BC5947N,0117,KJ,BC5947,Casco urbano / Pueblo
1001395,466210,5758401BC5955N0028KG,5,"30.946,98","0,539","129,85",100,"229,85",30946.98,0.539,129.85,229.85,5758401,BC5955N,0028,KG,BC5955,Arenal / Canal / Montañar
1002242,491140,6846006BC5964N0037DI,5,"31.229,74","0,544","129,90",100,"229,90",31229.74,0.544,129.9,229.9,6846006,BC5964N,0037,DI,BC5964,Puerto / Aduanas
1024321,468683,5172002BC5957S0270JZ,5,"31.625,93","0,551","129,96",100,"229,96",31625.93,0.551,129.96,229.96,5172002,BC5957S,0270,JZ,BC5957,Arenal / Canal / Montañar
1020530,457171,5379508BC5957N0009KD,5,"31.833,48","0,555","129,99",100,"229,99",31833.48,0.555,129.99,229.99,5379508,BC5957N,0009,KD,BC5957,Arenal / Canal / Montañar
10000502,504352,4475719BC5947N0044AO,5,"32.042,64","0,558","130,03",100,"230,03",32042.64,0.558,130.03,230.03,4475719,BC5947N,0044,AO,BC5947,Casco urbano / Pueblo
1020705,473633,5662001BC5956S0097JL,5,"32.062,22","0,559","130,03",100,"230,03",32062.22,0.559,130.03,230.03,5662001,BC5956S,0097,JL,BC5956,Arenal / Canal / Montañar
1001391,504099,5856806BC5955N0009WW,5,"32.159,10","0,560","130,04",100,"230,04",32159.1,0.56,130.04,230.04,5856806,BC5955N,0009,WW,BC5955,Arenal / Canal / Montañar
1024809,478591,5266508BC5956N0010BJ,5,"32.282,25","0,563","130,06",100,"230,06",32282.25,0.563,130.06,230.06,5266508,BC5956N,0010,BJ,BC5956,Arenal / Canal / Montañar
1023050,499256,4575002BC5947S0006UF,5,"32.698,24","0,570","130,13",100,"230,13",32698.24,0.57,130.13,230.13,4575002,BC5947S,0006,UF,BC5947,Casco urbano / Pueblo
1018899,483598,5272701BC5957S0058HO,5,"32.928,84","0,574","130,16",100,"230,16",32928.84,0.574,130.16,230.16,5272701,BC5957S,0058,HO,BC5957,Arenal / Canal / Montañar
1021780,444539,5172002BC5957S0055WY,5,"33.220,80","0,579","130,21",100,"230,21",33220.8,0.579,130.21,230.21,5172002,BC5957S,0055,WY,BC5957,Arenal / Canal / Montañar
1021738,511048,5172002BC5957S0012JZ,5,"33.220,80","0,579","130,21",100,"230,21",33220.8,0.579,130.21,230.21,5172002,BC5957S,0012,JZ,BC5957,Arenal / Canal / Montañar
1018754,505061,5075302BC5957N0016PJ,5,"33.408,33","0,582","130,24",100,"230,24",33408.33,0.582,130.24,230.24,5075302,BC5957N,0016,PJ,BC5957,Arenal / Canal / Montañar
1001828,489224,5656507BC5955N0027RF,5,"33.898,01","0,591","130,32",100,"230,32",33898.01,0.591,130.32,230.32,5656507,BC5955N,0027,RF,BC5955,Arenal / Canal / Montañar
1001963,471993,5856805BC5955N0005SZ,5,"34.173,77","0,596","130,36",100,"230,36",34173.77,0.596,130.36,230.36,5856805,BC5955N,0005,SZ,BC5955,Arenal / Canal / Montañar
1003170,505639,5378402BC5957N0002JY,5,"34.264,79","0,597","130,37",100,"230,37",34264.79,0.597,130.37,230.37,5378402,BC5957N,0002,JY,BC5957,Arenal / Canal / Montañar
10000713,504841,5652205BC5955S0014DS,5,"34.448,50","0,600","130,40",100,"230,40",34448.5,0.6,130.4,230.4,5652205,BC5955S,0014,DS,BC5955,Arenal / Canal / Montañar
1012834,487896,5947601BC5954N0017ID,5,"34.701,53","0,605","130,44",100,"230,44",34701.53,0.605,130.44,230.44,5947601,BC5954N,0017,ID,BC5954,Arenal / Canal / Montañar
1018814,511337,5174001BC5957S0053QR,5,"34.789,49","0,606","130,46",100,"230,46",34789.49,0.606,130.46,230.46,5174001,BC5957S,0053,QR,BC5957,Arenal / Canal / Montañar
1026378,462962,3964310BC5937S0024FX,5,"34.843,60","0,607","130,47",100,"230,47",34843.6,0.607,130.47,230.47,3964310,BC5937S,0024,FX,BC5937,Casco urbano / Pueblo
1011458,485920,5960703BC5956S0016KI,5,"35.292,56","0,615","130,54",100,"230,54",35292.56,0.615,130.54,230.54,5960703,BC5956S,0016,KI,BC5956,Arenal / Canal / Montañar
1011300,465198,5960703BC5956S0003IZ,5,"35.292,56","0,615","130,54",100,"230,54",35292.56,0.615,130.54,230.54,5960703,BC5956S,0003,IZ,BC5956,Arenal / Canal / Montañar
1025612,507846,5658008BC5955N0001YJ,5,"35.438,84","0,618","130,56",100,"230,56",35438.84,0.618,130.56,230.56,5658008,BC5955N,0001,YJ,BC5955,Arenal / Canal / Montañar
1016063,478018,6251304BC5965S0032FT,5,"35.502,52","0,619","130,57",100,"230,57",35502.52,0.619,130.57,230.57,6251304,BC5965S,0032,FT,BC5965,Puerto / Aduanas
1001473,472157,5852003BC5955S0026EZ,5,"35.570,59","0,620","130,58",100,"230,58",35570.59,0.62,130.58,230.58,5852003,BC5955S,0026,EZ,BC5955,Arenal / Canal / Montañar
1002895,497345,6352001BC5965S0008ED,5,"35.858,57","0,625","130,62",100,"230,62",35858.57,0.625,130.62,230.62,6352001,BC5965S,0008,ED,BC5965,Puerto / Aduanas
1021736,475948,5172002BC5957S0010GL,5,"36.040,62","0,628","130,65",100,"230,65",36040.62,0.628,130.65,230.65,5172002,BC5957S,0010,GL,BC5957,Arenal / Canal / Montañar
1024137,487140,5370730BC5956N0020AQ,5,"36.345,68","0,633","130,70",100,"230,70",36345.68,0.633,130.7,230.7,5370730,BC5956N,0020,AQ,BC5956,Arenal / Canal / Montañar
1025745,466368,5750211BC5955S0069HY,5,"36.646,02","0,639","130,75",100,"230,75",36646.02,0.639,130.75,230.75,5750211,BC5955S,0069,HY,BC5955,Arenal / Canal / Montañar
1003137,485533,7145006BC5974S0002TJ,5,"36.822,19","0,642","130,78",100,"230,78",36822.19,0.642,130.78,230.78,7145006,BC5974S,0002,TJ,BC5974,Portitxol / Toscal / Trencall
1024302,508600,5172002BC5957S0251RI,5,"37.006,84","0,645","130,80",100,"230,80",37006.84,0.645,130.8,230.8,5172002,BC5957S,0251,RI,BC5957,Arenal / Canal / Montañar
1001313,507583,5852005BC5955S0014SS,5,"37.064,76","0,646","130,81",100,"230,81",37064.76,0.646,130.81,230.81,5852005,BC5955S,0014,SS,BC5955,Arenal / Canal / Montañar
1019819,457865,6947808BC5964N0068DU,5,"38.256,71","0,667","131,00",100,"231,00",38256.71,0.667,131.0,231.0,6947808,BC5964N,0068,DU,BC5964,Puerto / Aduanas
1021179,509924,5380316BC5958S0005KA,5,"38.512,27","0,671","131,04",100,"231,04",38512.27,0.671,131.04,231.04,5380316,BC5958S,0005,KA,BC5958,Arenal / Canal / Montañar
1002849,504026,6352006BC5965S0032JT,5,"38.520,50","0,671","131,04",100,"231,04",38520.5,0.671,131.04,231.04,6352006,BC5965S,0032,JT,BC5965,Puerto / Aduanas
1022498,507037,5652204BC5955S0017UG,5,"39.453,90","0,688","131,19",100,"231,19",39453.9,0.688,131.19,231.19,5652204,BC5955S,0017,UG,BC5955,Arenal / Canal / Montañar
1002142,510903,6846001BC5964N0007HP,5,"39.879,95","0,695","131,26",100,"231,26",39879.95,0.695,131.26,231.26,6846001,BC5964N,0007,HP,BC5964,Puerto / Aduanas
1013543,493165,4179503BC5947N0001FQ,5,"40.183,57","0,700","131,30",100,"231,30",40183.57,0.7,131.3,231.3,4179503,BC5947N,0001,FQ,BC5947,Casco urbano / Pueblo
1002254,458996,6846007BC5964N0001KR,5,"40.286,88","0,702","131,32",100,"231,32",40286.88,0.702,131.32,231.32,6846007,BC5964N,0001,KR,BC5964,Puerto / Aduanas
1023725,470461,4066502BC5937N0078LU,5,"40.488,78","0,706","131,35",100,"231,35",40488.78,0.706,131.35,231.35,4066502,BC5937N,0078,LU,BC5937,Casco urbano / Pueblo
1008483,510820,2229304BC5923S0001DW,5,"40.607,27","0,708","131,37",100,"231,37",40607.27,0.708,131.37,231.37,2229304,BC5923S,0001,DW,BC5923,Rafalet / Lluca / Covatelles
1025516,438683,5169033BC5956N0024JT,5,"40.880,57","0,712","131,41",100,"231,41",40880.57,0.712,131.41,231.41,5169033,BC5956N,0024,JT,BC5956,Arenal / Canal / Montañar
1010367,477971,8229214BC5982N0001SQ,5,"41.537,88","0,724","131,52",100,"231,52",41537.88,0.724,131.52,231.52,8229214,BC5982N,0001,SQ,BC5982,Costa Nova / Balcón al Mar / Ambolo
1025142,507292,5564502BC5956S0128LB,5,"41.770,71","0,728","131,55",100,"231,55",41770.71,0.728,131.55,231.55,5564502,BC5956S,0128,LB,BC5956,Arenal / Canal / Montañar
1004522,473200,9215005BC5991S0001ML,5,"41.847,56","0,729","131,56",100,"231,56",41847.56,0.729,131.56,231.56,9215005,BC5991S,0001,ML,BC5991,Costa Nova / Balcón al Mar / Ambolo
1012154,492021,6943626BC5964S0001ZS,5,"42.052,81","0,733","131,60",100,"231,60",42052.81,0.733,131.6,231.6,6943626,BC5964S,0001,ZS,BC5964,Puerto / Aduanas
1012250,485433,6943624BC5964S0001ES,5,"42.052,81","0,733","131,60",100,"231,60",42052.81,0.733,131.6,231.6,6943624,BC5964S,0001,ES,BC5964,Puerto / Aduanas
1023685,485343,5658002BC5955N0237IR,5,"42.112,43","0,734","131,61",100,"231,61",42112.43,0.734,131.61,231.61,5658002,BC5955N,0237,IR,BC5955,Arenal / Canal / Montañar
10000379,511065,5850401BC5955S0004ZT,5,"42.113,03","0,734","131,61",100,"231,61",42113.03,0.734,131.61,231.61,5850401,BC5955S,0004,ZT,BC5955,Arenal / Canal / Montañar
1025072,495153,5368404BC5956N0026KU,5,"42.303,17","0,737","131,64",100,"231,64",42303.17,0.737,131.64,231.64,5368404,BC5956N,0026,KU,BC5956,Arenal / Canal / Montañar
1019814,480446,6947808BC5964N0063IW,5,"42.688,51","0,744","131,70",100,"231,70",42688.51,0.744,131.7,231.7,6947808,BC5964N,0063,IW,BC5964,Puerto / Aduanas
1011434,482066,5859012BC5955N0021KI,5,"43.274,73","0,754","131,79",100,"231,79",43274.73,0.754,131.79,231.79,5859012,BC5955N,0021,KI,BC5955,Arenal / Canal / Montañar
1021720,501776,5379503BC5957N0026UQ,5,"43.290,57","0,754","131,79",100,"231,79",43290.57,0.754,131.79,231.79,5379503,BC5957N,0026,UQ,BC5957,Arenal / Canal / Montañar
1022878,468721,5466510BC5956N0031PO,5,"43.499,55","0,758","131,82",100,"231,82",43499.55,0.758,131.82,231.82,5466510,BC5956N,0031,PO,BC5956,Arenal / Canal / Montañar
1017281,434848,7734507BC5973S0001FX,5,"43.876,32","0,765","131,88",100,"231,88",43876.32,0.765,131.88,231.88,7734507,BC5973S,0001,FX,BC5973,Tosalet / Cap Martí
1021006,509138,3562010BC5937S0017BK,5,"44.055,59","0,768","131,91",100,"231,91",44055.59,0.768,131.91,231.91,3562010,BC5937S,0017,BK,BC5937,Casco urbano / Pueblo
1022796,502815,7043241BC5964S0081BX,5,"44.229,86","0,771","131,94",100,"231,94",44229.86,0.771,131.94,231.94,7043241,BC5964S,0081,BX,BC5964,Puerto / Aduanas
1022818,505812,7043241BC5964S0102FH,5,"44.254,21","0,771","131,94",100,"231,94",44254.21,0.771,131.94,231.94,7043241,BC5964S,0102,FH,BC5964,Puerto / Aduanas
1003128,485901,5856803BC5955N0011BQ,5,"44.298,56","0,772","131,95",100,"231,95",44298.56,0.772,131.95,231.95,5856803,BC5955N,0011,BQ,BC5955,Arenal / Canal / Montañar
1006276,474442,8436201BC5963N0001KP,5,"44.747,78","0,780","132,02",100,"232,02",44747.78,0.78,132.02,232.02,8436201,BC5963N,0001,KP,BC5963,Puerto / Aduanas
1002828,471073,3663801BC5937S0001TT,5,"44.891,99","0,782","132,04",100,"232,04",44891.99,0.782,132.04,232.04,3663801,BC5937S,0001,TT,BC5937,Casco urbano / Pueblo
1004971,434828,4574403BC5943S0001XP,5,"45.154,58","0,787","132,08",100,"232,08",45154.58,0.787,132.08,232.08,4574403,BC5943S,0001,XP,BC5943,Casco urbano / Pueblo
1021704,510152,5379503BC5957N0010JA,5,"45.872,90","0,799","132,20",100,"232,20",45872.9,0.799,132.2,232.2,5379503,BC5957N,0010,JA,BC5957,Arenal / Canal / Montañar
1032199,487290,5648301BC5954N0015MA,5,"46.315,06","0,807","132,26",100,"232,26",46315.06,0.807,132.26,232.26,5648301,BC5954N,0015,MA,BC5954,Arenal / Canal / Montañar
1007309,429305,7422507BC5972S0001HT,5,"46.784,90","0,815","132,34",100,"232,34",46784.9,0.815,132.34,232.34,7422507,BC5972S,0001,HT,BC5972,Tosalet / Cap Martí
1012599,468619,5333306BC5953S0001ZF,5,"47.191,29","0,822","132,40",100,"232,40",47191.29,0.822,132.4,232.4,5333306,BC5953S,0001,ZF,BC5953,Arenal / Canal / Montañar
1027499,444423,5953101BC5955S0046MS,5,"47.474,24","0,827","132,45",100,"232,45",47474.24,0.827,132.45,232.45,5953101,BC5955S,0046,MS,BC5955,Arenal / Canal / Montañar
1016438,476006,6332302BC5963S0001HK,5,"47.512,00","0,828","132,45",100,"232,45",47512.0,0.828,132.45,232.45,6332302,BC5963S,0001,HK,BC5963,Puerto / Aduanas
1027463,493362,5953101BC5955S0010LI,5,"48.072,70","0,838","132,54",100,"232,54",48072.7,0.838,132.54,232.54,5953101,BC5955S,0010,LI,BC5955,Arenal / Canal / Montañar
1011013,464311,5374701BC5957S0020SE,5,"48.422,41","0,844","132,60",100,"232,60",48422.41,0.844,132.6,232.6,5374701,BC5957S,0020,SE,BC5957,Arenal / Canal / Montañar
1022634,490843,5562001BC5956S0088LD,5,"48.585,02","0,847","132,62",100,"232,62",48585.02,0.847,132.62,232.62,5562001,BC5956S,0088,LD,BC5956,Arenal / Canal / Montañar
1019101,506280,5856804BC5955N0016AY,5,"48.672,37","0,848","132,63",100,"232,63",48672.37,0.848,132.63,232.63,5856804,BC5955N,0016,AY,BC5955,Arenal / Canal / Montañar
1000480,478736,4938022BC5943N0001JW,5,"49.506,44","0,863","132,77",100,"232,77",49506.44,0.863,132.77,232.77,4938022,BC5943N,0001,JW,BC5943,Casco urbano / Pueblo
1000457,509067,5839106BC5953N0001EY,5,"50.111,02","0,873","132,86",100,"232,86",50111.02,0.873,132.86,232.86,5839106,BC5953N,0001,EY,BC5953,Arenal / Canal / Montañar
1013254,510773,5271505BC5957S0001BD,5,"50.251,35","0,876","132,88",100,"232,88",50251.35,0.876,132.88,232.88,5271505,BC5957S,0001,BD,BC5957,Arenal / Canal / Montañar
1001569,497534,5762020BC5956S0011KE,5,"50.482,46","0,880","132,92",100,"232,92",50482.46,0.88,132.92,232.92,5762020,BC5956S,0011,KE,BC5956,Arenal / Canal / Montañar
1011287,487990,5859010BC5955N0068SB,5,"50.935,64","0,888","132,99",100,"232,99",50935.64,0.888,132.99,232.99,5859010,BC5955N,0068,SB,BC5955,Arenal / Canal / Montañar
1011128,499356,5372020BC5957S0026TO,5,"51.032,97","0,889","133,00",100,"233,00",51032.97,0.889,133.0,233.0,5372020,BC5957S,0026,TO,BC5957,Arenal / Canal / Montañar
1007881,471442,3563417BC5937S0002MY,5,"51.995,76","0,906","133,16",100,"233,16",51995.76,0.906,133.16,233.16,3563417,BC5937S,0002,MY,BC5937,Casco urbano / Pueblo
1032192,487293,5648301BC5954N0008LU,5,"52.701,66","0,918","133,27",100,"233,27",52701.66,0.918,133.27,233.27,5648301,BC5954N,0008,LU,BC5954,Arenal / Canal / Montañar
1021577,502492,4877001BC5947N0046SA,5,"53.220,09","0,928","133,35",100,"233,35",53220.09,0.928,133.35,233.35,4877001,BC5947N,0046,SA,BC5947,Casco urbano / Pueblo
1013395,467648,7939308BC5973N0001QF,5,"53.983,31","0,941","133,47",100,"233,47",53983.31,0.941,133.47,233.47,7939308,BC5973N,0001,QF,BC5973,Tosalet / Cap Martí
1031889,491679,5466512BC5956N0005AG,5,"54.350,42","0,947","133,52",100,"233,52",54350.42,0.947,133.52,233.52,5466512,BC5956N,0005,AG,BC5956,Arenal / Canal / Montañar
1009705,471344,5079501BC5957N0034KY,5,"54.999,41","0,959","133,63",100,"233,63",54999.41,0.959,133.63,233.63,5079501,BC5957N,0034,KY,BC5957,Arenal / Canal / Montañar
1009590,485121,5079501BC5957N0028GE,5,"54.999,41","0,959","133,63",100,"233,63",54999.41,0.959,133.63,233.63,5079501,BC5957N,0028,GE,BC5957,Arenal / Canal / Montañar
1012526,499420,5534105BC5953S0001HF,5,"55.269,88","0,963","133,67",100,"233,67",55269.88,0.963,133.67,233.67,5534105,BC5953S,0001,HF,BC5953,Arenal / Canal / Montañar
1006237,511427,7633625BC5973S0001FX,5,"56.392,87","0,983","133,85",100,"233,85",56392.87,0.983,133.85,233.85,7633625,BC5973S,0001,FX,BC5973,Tosalet / Cap Martí
1007006,506424,7013707BC5961S0001EU,5,"60.073,34","1,047","134,42",100,"234,42",60073.34,1.047,134.42,234.42,7013707,BC5961S,0001,EU,BC5961,Puerto / Aduanas
1026438,459208,4871006BC5947S0032HI,5,"60.788,01","1,059","134,53",100,"234,53",60788.01,1.059,134.53,234.53,4871006,BC5947S,0032,HI,BC5947,Casco urbano / Pueblo
1004423,420194,9416310BC5991N0001LA,5,"61.671,13","1,075","134,67",100,"234,67",61671.13,1.075,134.67,234.67,9416310,BC5991N,0001,LA,BC5991,Costa Nova / Balcón al Mar / Ambolo
1008875,484145,2176811BC5927N0001UH,5,"64.253,51","1,120","135,08",100,"235,08",64253.51,1.12,135.08,235.08,2176811,BC5927N,0001,UH,BC5927,Rafalet / Lluca / Covatelles
1003044,467244,6749503BC5964N0004TU,5,"65.722,70","1,145","135,31",100,"235,31",65722.7,1.145,135.31,235.31,6749503,BC5964N,0004,TU,BC5964,Puerto / Aduanas
1031748,498344,5747203BC5954N0037JR,5,"65.856,92","1,148","135,33",100,"235,33",65856.92,1.148,135.33,235.33,5747203,BC5954N,0037,JR,BC5954,Arenal / Canal / Montañar
1017577,491798,5656501BC5955N0044UW,5,"66.713,74","1,163","135,46",100,"235,46",66713.74,1.163,135.46,235.46,5656501,BC5955N,0044,UW,BC5955,Arenal / Canal / Montañar
1022331,497448,3073306BC5927N0001ZH,5,"68.410,10","1,192","135,73",100,"235,73",68410.1,1.192,135.73,235.73,3073306,BC5927N,0001,ZH,BC5927,Rafalet / Lluca / Covatelles
1031716,483260,5747203BC5954N0036HE,5,"71.160,62","1,240","136,16",100,"236,16",71160.62,1.24,136.16,236.16,5747203,BC5954N,0036,HE,BC5954,Arenal / Canal / Montañar
1000110,507319,5741405BC5954S0001OI,5,"71.322,80","1,243","136,19",100,"236,19",71322.8,1.243,136.19,236.19,5741405,BC5954S,0001,OI,BC5954,Arenal / Canal / Montañar
1003923,497965,8916014BC5981N0001DU,5,"73.695,96","1,284","136,56",100,"236,56",73695.96,1.284,136.56,236.56,8916014,BC5981N,0001,DU,BC5981,Portitxol / Toscal / Trencall
1024411,458055,6352008BC5965S0012ZF,5,"76.772,67","1,338","137,04",100,"237,04",76772.67,1.338,137.04,237.04,6352008,BC5965S,0012,ZF,BC5965,Puerto / Aduanas
1003674,410066,8410102BC5981S0001GG,5,"76.935,40","1,341","137,07",100,"237,07",76935.4,1.341,137.07,237.07,8410102,BC5981S,0001,GG,BC5981,Portitxol / Toscal / Trencall
1022849,497004,7614314BC5971S0001EA,5,"77.152,97","1,345","137,10",100,"237,10",77152.97,1.345,137.1,237.1,7614314,BC5971S,0001,EA,BC5971,Tosalet / Cap Martí
1016950,467956,7827609BC5972N0001IB,5,"77.180,07","1,345","137,11",100,"237,11",77180.07,1.345,137.11,237.11,7827609,BC5972N,0001,IB,BC5972,Tosalet / Cap Martí
1005191,426941,4676148BC5947N0001PQ,5,"80.147,45","1,397","137,57",100,"237,57",80147.45,1.397,137.57,237.57,4676148,BC5947N,0001,PQ,BC5947,Casco urbano / Pueblo
1016745,488029,7828522BC5972N0001EB,5,"83.060,74","1,448","138,03",100,"238,03",83060.74,1.448,138.03,238.03,7828522,BC5972N,0001,EB,BC5972,Tosalet / Cap Martí
1016455,488029,7828522BC5972N0001EB,5,"83.060,74","1,448","138,03",100,"238,03",83060.74,1.448,138.03,238.03,7828522,BC5972N,0001,EB,BC5972,Tosalet / Cap Martí
1013751,509084,3979002BC5937N0001MB,5,"84.515,20","1,473","138,26",100,"238,26",84515.2,1.473,138.26,238.26,3979002,BC5937N,0001,MB,BC5937,Casco urbano / Pueblo
1003918,43200,9111014BC5991S0001LL,5,"88.763,90","1,547","138,92",100,"238,92",88763.9,1.547,138.92,238.92,9111014,BC5991S,0001,LL,BC5991,Costa Nova / Balcón al Mar / Ambolo
1013302,48890,8133004BC5983S0001ME,5,"93.363,89","1,627","139,64",100,"239,64",93363.89,1.627,139.64,239.64,8133004,BC5983S,0001,ME,BC5983,Costa Nova / Balcón al Mar / Ambolo
1003328,480469,3763219BC5937S0001HT,5,"95.890,48","1,671","140,04",100,"240,04",95890.48,1.671,140.04,240.04,3763219,BC5937S,0001,HT,BC5937,Casco urbano / Pueblo
1003373,480469,3763219BC5937S0001HT,5,"95.890,48","1,671","140,04",100,"240,04",95890.48,1.671,140.04,240.04,3763219,BC5937S,0001,HT,BC5937,Casco urbano / Pueblo
1014104,480469,3763219BC5937S0001HT,5,"95.890,48","1,671","140,04",100,"240,04",95890.48,1.671,140.04,240.04,3763219,BC5937S,0001,HT,BC5937,Casco urbano / Pueblo
1011533,469750,0979802BC5907N0001HI,5,"98.706,88","1,720","140,48",100,"240,48",98706.88,1.72,140.48,240.48,0979802,BC5907N,0001,HI,BC5907,Montgó / Toscamar
1003551,444011,8789814BC4998N0001XE,5,"117.531,33","2,048","143,43",100,"243,43",117531.33,2.048,143.43,243.43,8789814,BC4998N,0001,XE,BC4998,Les Fonts / Castellans
1000370,474433,5638303BC5953N0001KY,5,"127.673,07","2,225","145,03",100,"245,03",127673.07,2.225,145.03,245.03,5638303,BC5953N,0001,KY,BC5953,Arenal / Canal / Montañar
1003424,489373,7327517BC5972N0001BB,5,"128.113,16","2,233","145,09",100,"245,09",128113.16,2.233,145.09,245.09,7327517,BC5972N,0001,BB,BC5972,Tosalet / Cap Martí
1007657,453003,5587011BC5958N0001XX,5,"145.778,22","2,541","147,87",100,"247,87",145778.22,2.541,147.87,247.87,5587011,BC5958N,0001,XX,BC5958,Arenal / Canal / Montañar
1017569,473090,2236905BC5923N0001BJ,5,"146.227,90","2,548","147,94",100,"247,94",146227.9,2.548,147.94,247.94,2236905,BC5923N,0001,BJ,BC5923,Rafalet / Lluca / Covatelles
1007799,484604,3372133BC5937S0001IT,6,"8.540,02","0,149","126,34",120,"246,34",8540.02,0.149,126.34,246.34,3372133,BC5937S,0001,IT,BC5937,Casco urbano / Pueblo
1014649,504166,3763033BC5937S0001AT,6,"9.857,19","0,172","126,55",120,"246,55",9857.19,0.172,126.55,246.55,3763033,BC5937S,0001,AT,BC5937,Casco urbano / Pueblo
1016187,510296,3273314BC5937S0001RT,6,"10.956,83","0,191","126,72",120,"246,72",10956.83,0.191,126.72,246.72,3273314,BC5937S,0001,RT,BC5937,Casco urbano / Pueblo
1011906,502592,7043231BC5974S0001HH,6,"11.820,02","0,206","126,85",120,"246,85",11820.02,0.206,126.85,246.85,7043231,BC5974S,0001,HH,BC5974,Portitxol / Toscal / Trencall
1000606,511443,3965701BC5937S0005FO,6,"11.935,89","0,208","126,87",120,"246,87",11935.89,0.208,126.87,246.87,3965701,BC5937S,0005,FO,BC5937,Casco urbano / Pueblo
1029281,508576,3666413BC5937S0002JY,6,"12.198,89","0,213","126,91",120,"246,91",12198.89,0.213,126.91,246.91,3666413,BC5937S,0002,JY,BC5937,Casco urbano / Pueblo
1005915,496310,5482702BC5958S0001WU,6,"12.374,70","0,216","126,94",120,"246,94",12374.7,0.216,126.94,246.94,5482702,BC5958S,0001,WU,BC5958,Arenal / Canal / Montañar
1012371,499844,3675808BC5937N0002XZ,6,"13.706,59","0,239","127,15",120,"247,15",13706.59,0.239,127.15,247.15,3675808,BC5937N,0002,XZ,BC5937,Casco urbano / Pueblo
1021010,473061,3864121BC5937S0001MT,6,"14.010,11","0,244","127,20",120,"247,20",14010.11,0.244,127.2,247.2,3864121,BC5937S,0001,MT,BC5937,Casco urbano / Pueblo
1002911,510899,6749502BC5964N0044QS,6,"14.212,34","0,248","127,23",120,"247,23",14212.34,0.248,127.23,247.23,6749502,BC5964N,0044,QS,BC5964,Puerto / Aduanas
1013329,490471,6645152BC5964S0003YF,6,"14.524,49","0,253","127,28",120,"247,28",14524.49,0.253,127.28,247.28,6645152,BC5964S,0003,YF,BC5964,Puerto / Aduanas
1008961,478188,5454113BC5955S0039UI,6,"14.795,13","0,258","127,32",120,"247,32",14795.13,0.258,127.32,247.32,5454113,BC5955S,0039,UI,BC5955,Arenal / Canal / Montañar
1020678,499250,5555101BC5955N0021MI,6,"15.043,61","0,262","127,36",120,"247,36",15043.61,0.262,127.36,247.36,5555101,BC5955N,0021,MI,BC5955,Arenal / Canal / Montañar
1005698,493013,3564806BC5937S0005ZO,6,"15.643,54","0,273","127,45",120,"247,45",15643.54,0.273,127.45,247.45,3564806,BC5937S,0005,ZO,BC5937,Casco urbano / Pueblo
1008486,484513,3762216BC5937S0003OU,6,"15.755,30","0,275","127,47",120,"247,47",15755.3,0.275,127.47,247.47,3762216,BC5937S,0003,OU,BC5937,Casco urbano / Pueblo
1010623,485850,2779307BC5928S0001FK,6,"16.231,72","0,283","127,55",120,"247,55",16231.72,0.283,127.55,247.55,2779307,BC5928S,0001,FK,BC5928,Rafalet / Lluca / Covatelles
1017947,496944,3462305BC5937S0001OT,6,"16.618,87","0,290","127,61",120,"247,61",16618.87,0.29,127.61,247.61,3462305,BC5937S,0001,OT,BC5937,Casco urbano / Pueblo
1010444,503997,3776716BC5937N0001DB,6,"17.242,52","0,300","127,70",120,"247,70",17242.52,0.3,127.7,247.7,3776716,BC5937N,0001,DB,BC5937,Casco urbano / Pueblo
1008936,461473,5454114BC5955S0041GU,6,"17.351,55","0,302","127,72",120,"247,72",17351.55,0.302,127.72,247.72,5454114,BC5955S,0041,GU,BC5955,Arenal / Canal / Montañar
1017531,490193,5379413BC5957N0001QT,6,"17.369,73","0,303","127,72",120,"247,72",17369.73,0.303,127.72,247.72,5379413,BC5957N,0001,QT,BC5957,Arenal / Canal / Montañar
1002419,478302,6749502BC5964N0038ZO,6,"17.496,35","0,305","127,74",120,"247,74",17496.35,0.305,127.74,247.74,6749502,BC5964N,0038,ZO,BC5964,Puerto / Aduanas
1001036,479683,5754101BC5955S0004FT,6,"17.529,25","0,305","127,75",120,"247,75",17529.25,0.305,127.75,247.75,5754101,BC5955S,0004,FT,BC5955,Arenal / Canal / Montañar
1001087,505311,5754101BC5955S0014ZS,6,"17.529,25","0,305","127,75",120,"247,75",17529.25,0.305,127.75,247.75,5754101,BC5955S,0014,ZS,BC5955,Arenal / Canal / Montañar
1001033,496785,5754101BC5955S0021WH,6,"17.529,25","0,305","127,75",120,"247,75",17529.25,0.305,127.75,247.75,5754101,BC5955S,0021,WH,BC5955,Arenal / Canal / Montañar
1010285,511383,3663009BC5937S0001XT,6,"17.615,33","0,307","127,76",120,"247,76",17615.33,0.307,127.76,247.76,3663009,BC5937S,0001,XT,BC5937,Casco urbano / Pueblo
1002945,473761,6749502BC5964N0004LU,6,"18.044,99","0,314","127,83",120,"247,83",18044.99,0.314,127.83,247.83,6749502,BC5964N,0004,LU,BC5964,Puerto / Aduanas
1014522,467624,2853615BC5925S0001OD,6,"18.608,33","0,324","127,92",120,"247,92",18608.33,0.324,127.92,247.92,2853615,BC5925S,0001,OD,BC5925,Rafalet / Lluca / Covatelles
1008969,458975,5454113BC5955S0013PA,6,"18.866,06","0,329","127,96",120,"247,96",18866.06,0.329,127.96,247.96,5454113,BC5955S,0013,PA,BC5955,Arenal / Canal / Montañar
1020949,501684,5760101BC5956S0054KA,6,"19.014,95","0,331","127,98",120,"247,98",19014.95,0.331,127.98,247.98,5760101,BC5956S,0054,KA,BC5956,Arenal / Canal / Montañar
1014426,489584,4347013BC5947N0005XT,6,"19.068,86","0,332","127,99",120,"247,99",19068.86,0.332,127.99,247.99,4347013,BC5947N,0005,XT,BC5947,Casco urbano / Pueblo
1004595,480213,9412012BC5991S0001TL,6,"19.176,20","0,334","128,01",120,"248,01",19176.2,0.334,128.01,248.01,9412012,BC5991S,0001,TL,BC5991,Costa Nova / Balcón al Mar / Ambolo
1012820,475425,5947601BC5954N0033KM,6,"19.802,77","0,345","128,11",120,"248,11",19802.77,0.345,128.11,248.11,5947601,BC5954N,0033,KM,BC5954,Arenal / Canal / Montañar
1024357,469283,5172002BC5957S0306MR,6,"19.862,94","0,346","128,12",120,"248,12",19862.94,0.346,128.12,248.12,5172002,BC5957S,0306,MR,BC5957,Arenal / Canal / Montañar
1009040,473685,5454114BC5955S0027UX,6,"20.155,97","0,351","128,16",120,"248,16",20155.97,0.351,128.16,248.16,5454114,BC5955S,0027,UX,BC5955,Arenal / Canal / Montañar
1009037,487560,5454113BC5955S0010UI,6,"20.403,73","0,356","128,20",120,"248,20",20403.73,0.356,128.2,248.2,5454113,BC5955S,0010,UI,BC5955,Arenal / Canal / Montañar
1007845,510518,5379501BC5957N0005BO,6,"20.586,45","0,359","128,23",120,"248,23",20586.45,0.359,128.23,248.23,5379501,BC5957N,0005,BO,BC5957,Arenal / Canal / Montañar
1013065,502639,7339001BC5973N0107YM,6,"20.587,73","0,359","128,23",120,"248,23",20587.73,0.359,128.23,248.23,7339001,BC5973N,0107,YM,BC5973,Tosalet / Cap Martí
1013811,501855,4578307BC5947N0010AU,6,"20.686,67","0,361","128,24",120,"248,24",20686.67,0.361,128.24,248.24,4578307,BC5947N,0010,AU,BC5947,Casco urbano / Pueblo
1012908,506084,7339001BC5973N0103WL,6,"20.856,44","0,363","128,27",120,"248,27",20856.44,0.363,128.27,248.27,7339001,BC5973N,0103,WL,BC5973,Tosalet / Cap Martí
1010324,486833,3663319BC5937S0001TT,6,"20.935,05","0,365","128,28",120,"248,28",20935.05,0.365,128.28,248.28,3663319,BC5937S,0001,TT,BC5937,Casco urbano / Pueblo
1000593,505545,3965702BC5937S0009RD,6,"20.935,51","0,365","128,28",120,"248,28",20935.51,0.365,128.28,248.28,3965702,BC5937S,0009,RD,BC5937,Casco urbano / Pueblo
1009589,498728,5278204BC5957N0032PR,6,"20.938,69","0,365","128,28",120,"248,28",20938.69,0.365,128.28,248.28,5278204,BC5957N,0032,PR,BC5957,Arenal / Canal / Montañar
1012985,463354,7339001BC5973N0055DU,6,"21.204,97","0,370","128,33",120,"248,33",21204.97,0.37,128.33,248.33,7339001,BC5973N,0055,DU,BC5973,Tosalet / Cap Martí
1009393,471309,5381102BC5958S0003YO,6,"21.230,13","0,370","128,33",120,"248,33",21230.13,0.37,128.33,248.33,5381102,BC5958S,0003,YO,BC5958,Arenal / Canal / Montañar
1015165,492791,5380303BC5957N0042XA,6,"21.484,04","0,374","128,37",120,"248,37",21484.04,0.374,128.37,248.37,5380303,BC5957N,0042,XA,BC5957,Arenal / Canal / Montañar
1012682,498748,5481009BC5958S0001OU,6,"21.521,11","0,375","128,38",120,"248,38",21521.11,0.375,128.38,248.38,5481009,BC5958S,0001,OU,BC5958,Arenal / Canal / Montañar
1000839,491921,5179502BC5957N0070BU,6,"21.649,90","0,377","128,40",120,"248,40",21649.9,0.377,128.4,248.4,5179502,BC5957N,0070,BU,BC5957,Arenal / Canal / Montañar
1014376,4417,4347004BC5947N0008JI,6,"21.719,13","0,379","128,41",120,"248,41",21719.13,0.379,128.41,248.41,4347004,BC5947N,0008,JI,BC5947,Casco urbano / Pueblo
1001629,500273,5658010BC5955N0007EM,6,"21.784,22","0,380","128,42",120,"248,42",21784.22,0.38,128.42,248.42,5658010,BC5955N,0007,EM,BC5955,Arenal / Canal / Montañar
1023089,510334,5267011BC5956N0022FE,6,"21.970,21","0,383","128,45",120,"248,45",21970.21,0.383,128.45,248.45,5267011,BC5956N,0022,FE,BC5956,Arenal / Canal / Montañar
1015948,482698,5454103BC5955S0227PT,6,"22.100,08","0,385","128,47",120,"248,47",22100.08,0.385,128.47,248.47,5454103,BC5955S,0227,PT,BC5955,Arenal / Canal / Montañar
1010576,486119,3473817BC5937S0026IQ,6,"22.195,48","0,387","128,48",120,"248,48",22195.48,0.387,128.48,248.48,3473817,BC5937S,0026,IQ,BC5937,Casco urbano / Pueblo
1014626,501151,3965008BC5937S0001XT,6,"22.212,24","0,387","128,48",120,"248,48",22212.24,0.387,128.48,248.48,3965008,BC5937S,0001,XT,BC5937,Casco urbano / Pueblo
1011957,485083,5378507BC5957N0001LT,6,"22.389,51","0,390","128,51",120,"248,51",22389.51,0.39,128.51,248.51,5378507,BC5957N,0001,LT,BC5957,Arenal / Canal / Montañar
1017541,485083,5378507BC5957N0001LT,6,"22.389,51","0,390","128,51",120,"248,51",22389.51,0.39,128.51,248.51,5378507,BC5957N,0001,LT,BC5957,Arenal / Canal / Montañar
1010083,497705,8630003BC5983S0001TE,6,"22.437,38","0,391","128,52",120,"248,52",22437.38,0.391,128.52,248.52,8630003,BC5983S,0001,TE,BC5983,Costa Nova / Balcón al Mar / Ambolo
1021055,507321,5278202BC5957N0008MS,6,"22.562,79","0,393","128,54",120,"248,54",22562.79,0.393,128.54,248.54,5278202,BC5957N,0008,MS,BC5957,Arenal / Canal / Montañar
1015182,510239,5380303BC5957N0041ZP,6,"22.778,30","0,397","128,57",120,"248,57",22778.3,0.397,128.57,248.57,5380303,BC5957N,0041,ZP,BC5957,Arenal / Canal / Montañar
1018757,494280,5075302BC5957N0019DB,6,"22.810,31","0,398","128,58",120,"248,58",22810.31,0.398,128.58,248.58,5075302,BC5957N,0019,DB,BC5957,Arenal / Canal / Montañar
1000821,506611,5380319BC5958S0004ZP,6,"22.831,51","0,398","128,58",120,"248,58",22831.51,0.398,128.58,248.58,5380319,BC5958S,0004,ZP,BC5958,Arenal / Canal / Montañar
1000823,472702,5380319BC5958S0005XA,6,"22.831,51","0,398","128,58",120,"248,58",22831.51,0.398,128.58,248.58,5380319,BC5958S,0005,XA,BC5958,Arenal / Canal / Montañar
1014767,506753,6947805BC2964N0017LR,6,"22.841,20","0,398","128,58",120,"248,58",22841.2,0.398,128.58,248.58,6947805,BC2964N,0017,LR,BC2964,Sin clasificar / revisar
1020237,506390,5753202BC5955S0029KQ,6,"22.850,68","0,398","128,58",120,"248,58",22850.68,0.398,128.58,248.58,5753202,BC5955S,0029,KQ,BC5955,Arenal / Canal / Montañar
1001191,490753,5753202BC5955S0024DL,6,"22.850,68","0,398","128,58",120,"248,58",22850.68,0.398,128.58,248.58,5753202,BC5955S,0024,DL,BC5955,Arenal / Canal / Montañar
1013873,489869,4578307BC5947N0036IR,6,"22.892,10","0,399","128,59",120,"248,59",22892.1,0.399,128.59,248.59,4578307,BC5947N,0036,IR,BC5947,Casco urbano / Pueblo
10000484,501718,4475719BC5947N0026XB,6,"22.917,73","0,399","128,59",120,"248,59",22917.73,0.399,128.59,248.59,4475719,BC5947N,0026,XB,BC5947,Casco urbano / Pueblo
1011093,478026,5764602BC5956S0016KI,6,"22.929,44","0,400","128,60",120,"248,60",22929.44,0.4,128.6,248.6,5764602,BC5956S,0016,KI,BC5956,Arenal / Canal / Montañar
1011291,482323,5764602BC5956S0022ZA,6,"22.929,44","0,400","128,60",120,"248,60",22929.44,0.4,128.6,248.6,5764602,BC5956S,0022,ZA,BC5956,Arenal / Canal / Montañar
1028149,486976,3877248BC5937N0015QI,6,"22.950,55","0,400","128,60",120,"248,60",22950.55,0.4,128.6,248.6,3877248,BC5937N,0015,QI,BC5937,Casco urbano / Pueblo
1019577,495159,4575001BC5947N0012QO,6,"22.963,13","0,400","128,60",120,"248,60",22963.13,0.4,128.6,248.6,4575001,BC5947N,0012,QO,BC5947,Casco urbano / Pueblo
1000769,481119,4174414BC5947S0006HF,6,"23.093,41","0,402","128,62",120,"248,62",23093.41,0.402,128.62,248.62,4174414,BC5947S,0006,HF,BC5947,Casco urbano / Pueblo
1001215,504049,5753201BC5955S0025TB,6,"23.163,69","0,404","128,63",120,"248,63",23163.69,0.404,128.63,248.63,5753201,BC5955S,0025,TB,BC5955,Arenal / Canal / Montañar
1001169,485411,5753201BC5955S0020MG,6,"23.163,69","0,404","128,63",120,"248,63",23163.69,0.404,128.63,248.63,5753201,BC5955S,0020,MG,BC5955,Arenal / Canal / Montañar
1000989,460201,5753201BC5955S0031IM,6,"23.163,69","0,404","128,63",120,"248,63",23163.69,0.404,128.63,248.63,5753201,BC5955S,0031,IM,BC5955,Arenal / Canal / Montañar
1027055,475252,5457801BC5955S0008HO,6,"23.173,65","0,404","128,63",120,"248,63",23173.65,0.404,128.63,248.63,5457801,BC5955S,0008,HO,BC5955,Arenal / Canal / Montañar
10000499,501734,4475719BC5947N0041IY,6,"23.272,43","0,406","128,65",120,"248,65",23272.43,0.406,128.65,248.65,4475719,BC5947N,0041,IY,BC5947,Casco urbano / Pueblo
1020226,489914,5758402BC5955N0011DQ,6,"23.392,06","0,408","128,67",120,"248,67",23392.06,0.408,128.67,248.67,5758402,BC5955N,0011,DQ,BC5955,Arenal / Canal / Montañar
1001716,493833,5758402BC5955N0008DQ,6,"23.392,06","0,408","128,67",120,"248,67",23392.06,0.408,128.67,248.67,5758402,BC5955N,0008,DQ,BC5955,Arenal / Canal / Montañar
1025978,456265,4475723BC5947N0097SQ,6,"23.520,44","0,410","128,69",120,"248,69",23520.44,0.41,128.69,248.69,4475723,BC5947N,0097,SQ,BC5947,Casco urbano / Pueblo
1021495,478552,5560001BC5955N0181TU,6,"23.872,91","0,416","128,74",120,"248,74",23872.91,0.416,128.74,248.74,5560001,BC5955N,0181,TU,BC5955,Arenal / Canal / Montañar
1009069,486172,5454131BC5955S0001JW,6,"24.031,98","0,419","128,77",120,"248,77",24031.98,0.419,128.77,248.77,5454131,BC5955S,0001,JW,BC5955,Arenal / Canal / Montañar
1024491,505878,3770205BC5937S0068OI,6,"24.168,81","0,421","128,79",120,"248,79",24168.81,0.421,128.79,248.79,3770205,BC5937S,0068,OI,BC5937,Casco urbano / Pueblo
1013512,432767,3664609BC5937S0001TT,6,"24.197,62","0,422","128,80",120,"248,80",24197.62,0.422,128.8,248.8,3664609,BC5937S,0001,TT,BC5937,Casco urbano / Pueblo
1009180,506032,3562009BC5937S0001WT,6,"24.426,06","0,426","128,83",120,"248,83",24426.06,0.426,128.83,248.83,3562009,BC5937S,0001,WT,BC5937,Casco urbano / Pueblo
1012831,490364,5947601BC5954N0022PG,6,"24.446,96","0,426","128,83",120,"248,83",24446.96,0.426,128.83,248.83,5947601,BC5954N,0022,PG,BC5954,Arenal / Canal / Montañar
1031498,477820,5747209BC5954N0019DG,6,"24.553,92","0,428","128,85",120,"248,85",24553.92,0.428,128.85,248.85,5747209,BC5954N,0019,DG,BC5954,Arenal / Canal / Montañar
1015774,480924,5454103BC5955S0101PT,6,"24.567,69","0,428","128,85",120,"248,85",24567.69,0.428,128.85,248.85,5454103,BC5955S,0101,PT,BC5955,Arenal / Canal / Montañar
1015950,450680,5454103BC5955S0019XJ,6,"24.567,69","0,428","128,85",120,"248,85",24567.69,0.428,128.85,248.85,5454103,BC5955S,0019,XJ,BC5955,Arenal / Canal / Montañar
10000475,503095,4475719BC5947N0017HF,6,"24.579,61","0,428","128,86",120,"248,86",24579.61,0.428,128.86,248.86,4475719,BC5947N,0017,HF,BC5947,Casco urbano / Pueblo
1006469,494509,5847061BC5954N0001SM,6,"24.647,06","0,430","128,87",120,"248,87",24647.06,0.43,128.87,248.87,5847061,BC5954N,0001,SM,BC5954,Arenal / Canal / Montañar
1020427,511097,5847006BC5954N0001QM,6,"24.647,06","0,430","128,87",120,"248,87",24647.06,0.43,128.87,248.87,5847006,BC5954N,0001,QM,BC5954,Arenal / Canal / Montañar
1023082,510333,5267011BC5956N0015PX,6,"24.650,38","0,430","128,87",120,"248,87",24650.38,0.43,128.87,248.87,5267011,BC5956N,0015,PX,BC5956,Arenal / Canal / Montañar
1015780,443745,5454103BC5955S0027RX,6,"24.713,32","0,431","128,88",120,"248,88",24713.32,0.431,128.88,248.88,5454103,BC5955S,0027,RX,BC5955,Arenal / Canal / Montañar
1028151,492389,3877248BC5937N0017EP,6,"24.761,30","0,432","128,88",120,"248,88",24761.3,0.432,128.88,248.88,3877248,BC5937N,0017,EP,BC5937,Casco urbano / Pueblo
1004571,492821,9315425BC5991S0001LL,6,"25.028,72","0,436","128,93",120,"248,93",25028.72,0.436,128.93,248.93,9315425,BC5991S,0001,LL,BC5991,Costa Nova / Balcón al Mar / Ambolo
1028588,493070,3862015BC5937S0014GG,6,"25.098,33","0,437","128,94",120,"248,94",25098.33,0.437,128.94,248.94,3862015,BC5937S,0014,GG,BC5937,Casco urbano / Pueblo
1001652,507119,5656508BC5955N0028FG,6,"25.172,99","0,439","128,95",120,"248,95",25172.99,0.439,128.95,248.95,5656508,BC5955N,0028,FG,BC5955,Arenal / Canal / Montañar
1003445,484783,7043206BC5964N0016XH,6,"25.188,68","0,439","128,95",120,"248,95",25188.68,0.439,128.95,248.95,7043206,BC5964N,0016,XH,BC5964,Puerto / Aduanas
1003518,458406,7043206BC5964N0010HP,6,"25.188,68","0,439","128,95",120,"248,95",25188.68,0.439,128.95,248.95,7043206,BC5964N,0010,HP,BC5964,Puerto / Aduanas
1031511,473125,5747209BC5954N0032BX,6,"25.264,05","0,440","128,96",120,"248,96",25264.05,0.44,128.96,248.96,5747209,BC5954N,0032,BX,BC5954,Arenal / Canal / Montañar
1021483,504269,5560001BC5955N0169XQ,6,"25.283,09","0,441","128,97",120,"248,97",25283.09,0.441,128.97,248.97,5560001,BC5955N,0169,XQ,BC5955,Arenal / Canal / Montañar
1028252,482884,4776102BC5947N0015YS,6,"25.349,02","0,442","128,98",120,"248,98",25349.02,0.442,128.98,248.98,4776102,BC5947N,0015,YS,BC5947,Casco urbano / Pueblo
1014585,493354,3776712BC5937N0003WX,6,"25.376,49","0,442","128,98",120,"248,98",25376.49,0.442,128.98,248.98,3776712,BC5937N,0003,WX,BC5937,Casco urbano / Pueblo
1014162,470468,5279506BC5957N0013OF,6,"25.413,45","0,443","128,99",120,"248,99",25413.45,0.443,128.99,248.99,5279506,BC5957N,0013,OF,BC5957,Arenal / Canal / Montañar
1022989,510329,5267003BC5956N0013OB,6,"25.678,58","0,448","129,03",120,"249,03",25678.58,0.448,129.03,249.03,5267003,BC5956N,0013,OB,BC5956,Arenal / Canal / Montañar
1001276,487928,5852001BC5955S0048QF,6,"25.781,41","0,449","129,04",120,"249,04",25781.41,0.449,129.04,249.04,5852001,BC5955S,0048,QF,BC5955,Arenal / Canal / Montañar
1001558,488576,5852001BC5955S0031PM,6,"25.781,41","0,449","129,04",120,"249,04",25781.41,0.449,129.04,249.04,5852001,BC5955S,0031,PM,BC5955,Arenal / Canal / Montañar
1001269,488667,5852001BC5955S0036GT,6,"25.781,41","0,449","129,04",120,"249,04",25781.41,0.449,129.04,249.04,5852001,BC5955S,0036,GT,BC5955,Arenal / Canal / Montañar
1020263,490054,5852001BC5955S0051QF,6,"25.781,41","0,449","129,04",120,"249,04",25781.41,0.449,129.04,249.04,5852001,BC5955S,0051,QF,BC5955,Arenal / Canal / Montañar
1001342,484538,5852001BC5955S0034DE,6,"25.781,41","0,449","129,04",120,"249,04",25781.41,0.449,129.04,249.04,5852001,BC5955S,0034,DE,BC5955,Arenal / Canal / Montañar
1002402,476766,5856803BC5955N0083WY,6,"25.808,68","0,450","129,05",120,"249,05",25808.68,0.45,129.05,249.05,5856803,BC5955N,0083,WY,BC5955,Arenal / Canal / Montañar
1002965,475875,5856803BC5955N0082QT,6,"25.808,68","0,450","129,05",120,"249,05",25808.68,0.45,129.05,249.05,5856803,BC5955N,0082,QT,BC5955,Arenal / Canal / Montañar
1002348,487152,5856803BC5955N0066FK,6,"25.808,68","0,450","129,05",120,"249,05",25808.68,0.45,129.05,249.05,5856803,BC5955N,0066,FK,BC5955,Arenal / Canal / Montañar
1002807,477191,5856803BC5955N0076ZW,6,"25.808,68","0,450","129,05",120,"249,05",25808.68,0.45,129.05,249.05,5856803,BC5955N,0076,ZW,BC5955,Arenal / Canal / Montañar
1007690,508580,3666416BC5937S0001BT,6,"25.967,57","0,453","129,07",120,"249,07",25967.57,0.453,129.07,249.07,3666416,BC5937S,0001,BT,BC5937,Casco urbano / Pueblo
1028012,477706,4873902BC5947S0101US,6,"26.029,76","0,454","129,08",120,"249,08",26029.76,0.454,129.08,249.08,4873902,BC5947S,0101,US,BC5947,Casco urbano / Pueblo
1012173,482266,6944601BC5964S0087OT,6,"26.039,01","0,454","129,08",120,"249,08",26039.01,0.454,129.08,249.08,6944601,BC5964S,0087,OT,BC5964,Puerto / Aduanas
1014215,495312,5279506BC5957N0010YA,6,"26.219,78","0,457","129,11",120,"249,11",26219.78,0.457,129.11,249.11,5279506,BC5957N,0010,YA,BC5957,Arenal / Canal / Montañar
1014243,489394,5279506BC5957N0008US,6,"26.219,78","0,457","129,11",120,"249,11",26219.78,0.457,129.11,249.11,5279506,BC5957N,0008,US,BC5957,Arenal / Canal / Montañar
1031494,507856,5747209BC5954N0015OA,6,"26.313,95","0,459","129,13",120,"249,13",26313.95,0.459,129.13,249.13,5747209,BC5954N,0015,OA,BC5954,Arenal / Canal / Montañar
1019713,485244,5180412BC5958S0052AB,6,"26.399,18","0,460","129,14",120,"249,14",26399.18,0.46,129.14,249.14,5180412,BC5958S,0052,AB,BC5958,Arenal / Canal / Montañar
1000946,510971,9088801BC4998N0001LE,6,"26.450,85","0,461","129,15",120,"249,15",26450.85,0.461,129.15,249.15,9088801,BC4998N,0001,LE,BC4998,Les Fonts / Castellans
1005453,489663,9590202BC4999S0001TT,6,"26.492,88","0,462","129,16",120,"249,16",26492.88,0.462,129.16,249.16,9590202,BC4999S,0001,TT,BC4999,Les Fonts / Castellans
1021057,457334,5278201BC5957N0007DA,6,"26.502,36","0,462","129,16",120,"249,16",26502.36,0.462,129.16,249.16,5278201,BC5957N,0007,DA,BC5957,Arenal / Canal / Montañar
1014613,486775,3965007BC5937S0001DT,6,"26.521,14","0,462","129,16",120,"249,16",26521.14,0.462,129.16,249.16,3965007,BC5937S,0001,DT,BC5937,Casco urbano / Pueblo
1001669,477753,5656516BC5955N0036KB,6,"26.579,08","0,463","129,17",120,"249,17",26579.08,0.463,129.17,249.17,5656516,BC5955N,0036,KB,BC5955,Arenal / Canal / Montañar
1028590,477751,3862015BC5937S0016JJ,6,"26.592,29","0,463","129,17",120,"249,17",26592.29,0.463,129.17,249.17,3862015,BC5937S,0016,JJ,BC5937,Casco urbano / Pueblo
1023079,510332,5267011BC5956N0012UL,6,"26.616,26","0,464","129,17",120,"249,17",26616.26,0.464,129.17,249.17,5267011,BC5956N,0012,UL,BC5956,Arenal / Canal / Montañar
1023080,510330,5267011BC5956N0013IB,6,"26.616,26","0,464","129,17",120,"249,17",26616.26,0.464,129.17,249.17,5267011,BC5956N,0013,IB,BC5956,Arenal / Canal / Montañar
1016379,471184,0017035BC5950S0001YO,6,"26.682,67","0,465","129,19",120,"249,19",26682.67,0.465,129.19,249.19,0017035,BC5950S,0001,YO,BC5950,Arenal / Canal / Montañar
1010185,500187,5379411BC5957N0003IU,6,"26.828,09","0,468","129,21",120,"249,21",26828.09,0.468,129.21,249.21,5379411,BC5957N,0003,IU,BC5957,Arenal / Canal / Montañar
1000897,493292,5179502BC5957N0050YH,6,"27.006,60","0,471","129,24",120,"249,24",27006.6,0.471,129.24,249.24,5179502,BC5957N,0050,YH,BC5957,Arenal / Canal / Montañar
1002611,490401,6352011BC5965S0013XG,6,"27.154,46","0,473","129,26",120,"249,26",27154.46,0.473,129.26,249.26,6352011,BC5965S,0013,XG,BC5965,Puerto / Aduanas
1015230,488557,5380306BC5958S0018AZ,6,"27.178,65","0,474","129,26",120,"249,26",27178.65,0.474,129.26,249.26,5380306,BC5958S,0018,AZ,BC5958,Arenal / Canal / Montañar
1015166,494040,5380306BC5958S0020PB,6,"27.178,65","0,474","129,26",120,"249,26",27178.65,0.474,129.26,249.26,5380306,BC5958S,0020,PB,BC5958,Arenal / Canal / Montañar
1021043,488354,5380306BC5958S0021AZ,6,"27.178,65","0,474","129,26",120,"249,26",27178.65,0.474,129.26,249.26,5380306,BC5958S,0021,AZ,BC5958,Arenal / Canal / Montañar
1009079,468841,5454151BC5955S0001TW,6,"27.295,08","0,476","129,28",120,"249,28",27295.08,0.476,129.28,249.28,5454151,BC5955S,0001,TW,BC5955,Arenal / Canal / Montañar
1027152,480996,4871009BC5947S0011TH,6,"27.379,63","0,477","129,29",120,"249,29",27379.63,0.477,129.29,249.29,4871009,BC5947S,0011,TH,BC5947,Casco urbano / Pueblo
1007414,492271,1535307BC5913N0001KD,6,"27.531,99","0,480","129,32",120,"249,32",27531.99,0.48,129.32,249.32,1535307,BC5913N,0001,KD,BC5913,Montgó / Toscamar
1009769,470066,5179501BC5957N0039GA,6,"27.612,00","0,481","129,33",120,"249,33",27612.0,0.481,129.33,249.33,5179501,BC5957N,0039,GA,BC5957,Arenal / Canal / Montañar
1005261,493342,5457109BC5955N0009GW,6,"27.715,22","0,483","129,35",120,"249,35",27715.22,0.483,129.35,249.35,5457109,BC5955N,0009,GW,BC5955,Arenal / Canal / Montañar
1001255,491500,5758402BC5955N0018BI,6,"27.864,10","0,486","129,37",120,"249,37",27864.1,0.486,129.37,249.37,5758402,BC5955N,0018,BI,BC5955,Arenal / Canal / Montañar
1001743,509826,5758402BC5955N0013GE,6,"27.864,10","0,486","129,37",120,"249,37",27864.1,0.486,129.37,249.37,5758402,BC5955N,0013,GE,BC5955,Arenal / Canal / Montañar
1025710,488878,5750211BC5955S0030OX,6,"27.933,70","0,487","129,38",120,"249,38",27933.7,0.487,129.38,249.38,5750211,BC5955S,0030,OX,BC5955,Arenal / Canal / Montañar
1031512,470227,5747209BC5954N0033ZM,6,"28.002,00","0,488","129,39",120,"249,39",28002.0,0.488,129.39,249.39,5747209,BC5954N,0033,ZM,BC5954,Arenal / Canal / Montañar
1015669,501317,4241006BC5944S0001YR,6,"28.191,50","0,491","129,42",120,"249,42",28191.5,0.491,129.42,249.42,4241006,BC5944S,0001,YR,BC5944,Casco urbano / Pueblo
1009199,492852,1774409BC5917S0001ZB,6,"28.415,76","0,495","129,46",120,"249,46",28415.76,0.495,129.46,249.46,1774409,BC5917S,0001,ZB,BC5917,Montgó / Toscamar
1019290,496321,3664611BC5937S0001LT,6,"28.571,87","0,498","129,48",120,"249,48",28571.87,0.498,129.48,249.48,3664611,BC5937S,0001,LT,BC5937,Casco urbano / Pueblo
1007487,471308,4174403BC5457S0026RU,6,"28.633,64","0,499","129,49",120,"249,49",28633.64,0.499,129.49,249.49,4174403,BC5457S,0026,RU,BC5457,Sin clasificar / revisar
1013070,482048,7293008BC5974S0005XB,6,"28.643,19","0,499","129,49",120,"249,49",28643.19,0.499,129.49,249.49,7293008,BC5974S,0005,XB,BC5974,Portitxol / Toscal / Trencall
1012926,489218,7293008BC5974S0003BK,6,"28.643,19","0,499","129,49",120,"249,49",28643.19,0.499,129.49,249.49,7293008,BC5974S,0003,BK,BC5974,Portitxol / Toscal / Trencall
1009743,467877,5178002BC5957N0065HT,6,"28.654,30","0,499","129,49",120,"249,49",28654.3,0.499,129.49,249.49,5178002,BC5957N,0065,HT,BC5957,Arenal / Canal / Montañar
1010618,499210,2779307BC5928S0007BQ,6,"28.678,85","0,500","129,50",120,"249,50",28678.85,0.5,129.5,249.5,2779307,BC5928S,0007,BQ,BC5928,Rafalet / Lluca / Covatelles
1027050,440353,5457801BC5955S0003AR,6,"28.750,40","0,501","129,51",120,"249,51",28750.4,0.501,129.51,249.51,5457801,BC5955S,0003,AR,BC5955,Arenal / Canal / Montañar
1007914,459898,1743802BC5914S0001WG,6,"28.824,99","0,502","129,52",120,"249,52",28824.99,0.502,129.52,249.52,1743802,BC5914S,0001,WG,BC5914,Montgó / Toscamar
1009503,499608,2622317BC5922N0001DM,6,"28.845,13","0,503","129,52",120,"249,52",28845.13,0.503,129.52,249.52,2622317,BC5922N,0001,DM,BC5922,Rafalet / Lluca / Covatelles
1003530,508919,7043206BC5964N0005FI,6,"28.855,18","0,503","129,53",120,"249,53",28855.18,0.503,129.53,249.53,7043206,BC5964N,0005,FI,BC5964,Puerto / Aduanas
1029391,499751,4077508BC5937N0001AB,6,"28.869,45","0,503","129,53",120,"249,53",28869.45,0.503,129.53,249.53,4077508,BC5937N,0001,AB,BC5937,Casco urbano / Pueblo
1028197,507701,5457801BC5955S0084XG,6,"28.875,90","0,503","129,53",120,"249,53",28875.9,0.503,129.53,249.53,5457801,BC5955S,0084,XG,BC5955,Arenal / Canal / Montañar
1027259,457493,5457801BC5955S0066PE,6,"28.875,90","0,503","129,53",120,"249,53",28875.9,0.503,129.53,249.53,5457801,BC5955S,0066,PE,BC5955,Arenal / Canal / Montañar
1021527,491821,4977318BC5947N0010MU,6,"28.885,80","0,503","129,53",120,"249,53",28885.8,0.503,129.53,249.53,4977318,BC5947N,0010,MU,BC5947,Casco urbano / Pueblo
1009489,504848,2622304BC5922N0001GM,6,"28.910,20","0,504","129,53",120,"249,53",28910.2,0.504,129.53,249.53,2622304,BC5922N,0001,GM,BC5922,Rafalet / Lluca / Covatelles
1013010,462842,7339001BC5973N0141TX,6,"28.935,70","0,504","129,54",120,"249,54",28935.7,0.504,129.54,249.54,7339001,BC5973N,0141,TX,BC5973,Tosalet / Cap Martí
1027076,480532,5457801BC5955S0029IQ,6,"28.938,51","0,504","129,54",120,"249,54",28938.51,0.504,129.54,249.54,5457801,BC5955S,0029,IQ,BC5955,Arenal / Canal / Montañar
1020245,476346,5656511BC5955N0014ER,6,"29.275,54","0,510","129,59",120,"249,59",29275.54,0.51,129.59,249.59,5656511,BC5955N,0014,ER,BC5955,Arenal / Canal / Montañar
1001496,478967,5656513BC5955N0037GZ,6,"29.275,54","0,510","129,59",120,"249,59",29275.54,0.51,129.59,249.59,5656513,BC5955N,0037,GZ,BC5955,Arenal / Canal / Montañar
1001858,485407,5656512BC5955N0029QH,6,"29.275,54","0,510","129,59",120,"249,59",29275.54,0.51,129.59,249.59,5656512,BC5955N,0029,QH,BC5955,Arenal / Canal / Montañar
1020246,487873,5656512BC5955N0021HI,6,"29.275,54","0,510","129,59",120,"249,59",29275.54,0.51,129.59,249.59,5656512,BC5955N,0021,HI,BC5955,Arenal / Canal / Montañar
1013107,465951,5760101BC5956S0022KA,6,"29.283,06","0,510","129,59",120,"249,59",29283.06,0.51,129.59,249.59,5760101,BC5956S,0022,KA,BC5956,Arenal / Canal / Montañar
1013845,500414,4578307BC5947N0004IR,6,"29.295,93","0,511","129,60",120,"249,60",29295.93,0.511,129.6,249.6,4578307,BC5947N,0004,IR,BC5947,Casco urbano / Pueblo
1001861,489616,5656507BC5955N0034IK,6,"29.660,77","0,517","129,65",120,"249,65",29660.77,0.517,129.65,249.65,5656507,BC5955N,0034,IK,BC5955,Arenal / Canal / Montañar
1019347,508929,3666402BC5937S0001DT,6,"29.669,75","0,517","129,65",120,"249,65",29669.75,0.517,129.65,249.65,3666402,BC5937S,0001,DT,BC5937,Casco urbano / Pueblo
1005441,499578,9489804BC4998N0001LE,6,"29.676,49","0,517","129,65",120,"249,65",29676.49,0.517,129.65,249.65,9489804,BC4998N,0001,LE,BC4998,Les Fonts / Castellans
1004587,509957,9412003BC5991S0001BL,6,"29.680,48","0,517","129,66",120,"249,66",29680.48,0.517,129.66,249.66,9412003,BC5991S,0001,BL,BC5991,Costa Nova / Balcón al Mar / Ambolo
1009844,445583,5179501BC5957N0041FP,6,"29.712,92","0,518","129,66",120,"249,66",29712.92,0.518,129.66,249.66,5179501,BC5957N,0041,FP,BC5957,Arenal / Canal / Montañar
1024890,475880,4871010BC5947S0019KQ,6,"29.755,60","0,519","129,67",120,"249,67",29755.6,0.519,129.67,249.67,4871010,BC5947S,0019,KQ,BC5947,Casco urbano / Pueblo
1009340,470467,4165022BC5947S0007HG,6,"29.891,15","0,521","129,69",120,"249,69",29891.15,0.521,129.69,249.69,4165022,BC5947S,0007,HG,BC5947,Casco urbano / Pueblo
1020790,509212,4165022BC5947S0008JH,6,"29.891,15","0,521","129,69",120,"249,69",29891.15,0.521,129.69,249.69,4165022,BC5947S,0008,JH,BC5947,Casco urbano / Pueblo
1003459,433711,6349116BC5964N0001HR,6,"29.919,60","0,521","129,69",120,"249,69",29919.6,0.521,129.69,249.69,6349116,BC5964N,0001,HR,BC5964,Puerto / Aduanas
1027570,497557,5463707BC5956S0027WH,6,"29.938,15","0,522","129,70",120,"249,70",29938.15,0.522,129.7,249.7,5463707,BC5956S,0027,WH,BC5956,Arenal / Canal / Montañar
1019592,494943,4778301BC5947N0051HD,6,"30.218,72","0,527","129,74",120,"249,74",30218.72,0.527,129.74,249.74,4778301,BC5947N,0051,HD,BC5947,Casco urbano / Pueblo
1030699,478708,4875802BC5947N0003SE,6,"30.336,00","0,529","129,76",120,"249,76",30336.0,0.529,129.76,249.76,4875802,BC5947N,0003,SE,BC5947,Casco urbano / Pueblo
1026663,484015,4478607BC5947N0106PO,6,"30.340,16","0,529","129,76",120,"249,76",30340.16,0.529,129.76,249.76,4478607,BC5947N,0106,PO,BC5947,Casco urbano / Pueblo
1014775,482058,5852002BC5955S0001ZW,6,"30.358,50","0,529","129,76",120,"249,76",30358.5,0.529,129.76,249.76,5852002,BC5955S,0001,ZW,BC5955,Arenal / Canal / Montañar
1001470,506386,5758404BC5955N0025LS,6,"30.414,97","0,530","129,77",120,"249,77",30414.97,0.53,129.77,249.77,5758404,BC5955N,0025,LS,BC5955,Arenal / Canal / Montañar
1023769,503966,5368401BC5956N0012EL,6,"30.450,58","0,531","129,78",120,"249,78",30450.58,0.531,129.78,249.78,5368401,BC5956N,0012,EL,BC5956,Arenal / Canal / Montañar
1024528,481171,5170809BC5957S0133TH,6,"30.473,44","0,531","129,78",120,"249,78",30473.44,0.531,129.78,249.78,5170809,BC5957S,0133,TH,BC5957,Arenal / Canal / Montañar
1014149,487864,5279504BC5957N0008SS,6,"30.517,28","0,532","129,79",120,"249,79",30517.28,0.532,129.79,249.79,5279504,BC5957N,0008,SS,BC5957,Arenal / Canal / Montañar
10000464,511199,4475719BC5947N0006IY,6,"30.536,27","0,532","129,79",120,"249,79",30536.27,0.532,129.79,249.79,4475719,BC5947N,0006,IY,BC5947,Casco urbano / Pueblo
10000498,501558,4475719BC5947N0040UT,6,"30.578,51","0,533","129,80",120,"249,80",30578.51,0.533,129.8,249.8,4475719,BC5947N,0040,UT,BC5947,Casco urbano / Pueblo
1020987,476587,4578307BC5947N0007AU,6,"30.624,08","0,534","129,80",120,"249,80",30624.08,0.534,129.8,249.8,4578307,BC5947N,0007,AU,BC5947,Casco urbano / Pueblo
1018888,473739,5272701BC5957S0046UM,6,"30.669,80","0,535","129,81",120,"249,81",30669.8,0.535,129.81,249.81,5272701,BC5957S,0046,UM,BC5957,Arenal / Canal / Montañar
1025687,467445,5750211BC5955S0007KI,6,"30.682,44","0,535","129,81",120,"249,81",30682.44,0.535,129.81,249.81,5750211,BC5955S,0007,KI,BC5955,Arenal / Canal / Montañar
1022464,509270,4977311BC5947N0033MQ,6,"30.708,97","0,535","129,82",120,"249,82",30708.97,0.535,129.82,249.82,4977311,BC5947N,0033,MQ,BC5947,Casco urbano / Pueblo
1008268,510428,3663001BC5937S0001LT,6,"30.765,54","0,536","129,83",120,"249,83",30765.54,0.536,129.83,249.83,3663001,BC5937S,0001,LT,BC5937,Casco urbano / Pueblo
1013870,495793,5382701BC5958S0024KQ,6,"30.790,65","0,537","129,83",120,"249,83",30790.65,0.537,129.83,249.83,5382701,BC5958S,0024,KQ,BC5958,Arenal / Canal / Montañar
1014661,505152,5382701BC5958S0035EO,6,"30.790,65","0,537","129,83",120,"249,83",30790.65,0.537,129.83,249.83,5382701,BC5958S,0035,EO,BC5958,Arenal / Canal / Montañar
1020775,496094,5382701BC5958S0056KQ,6,"30.790,65","0,537","129,83",120,"249,83",30790.65,0.537,129.83,249.83,5382701,BC5958S,0056,KQ,BC5958,Arenal / Canal / Montañar
10000459,505083,4475719BC5947N1001QX,6,"30.814,72","0,537","129,83",120,"249,83",30814.72,0.537,129.83,249.83,4475719,BC5947N,1001,QX,BC5947,Casco urbano / Pueblo
1010188,475336,5378404BC5957N0003DU,6,"30.852,31","0,538","129,84",120,"249,84",30852.31,0.538,129.84,249.84,5378404,BC5957N,0003,DU,BC5957,Arenal / Canal / Montañar
1004975,505803,4836827BC5943N0001MW,6,"30.871,80","0,538","129,84",120,"249,84",30871.8,0.538,129.84,249.84,4836827,BC5943N,0001,MW,BC5943,Casco urbano / Pueblo
1024275,496776,5172002BC5957S0224OD,6,"30.872,72","0,538","129,84",120,"249,84",30872.72,0.538,129.84,249.84,5172002,BC5957S,0224,OD,BC5957,Arenal / Canal / Montañar
1015464,508160,5279801BC5957N0048WJ,6,"30.916,44","0,539","129,85",120,"249,85",30916.44,0.539,129.85,249.85,5279801,BC5957N,0048,WJ,BC5957,Arenal / Canal / Montañar
1010545,490729,3473818BC5937S0024GX,6,"30.923,07","0,539","129,85",120,"249,85",30923.07,0.539,129.85,249.85,3473818,BC5937S,0024,GX,BC5937,Casco urbano / Pueblo
1024951,504884,3274928BC5937N0014RU,6,"30.925,01","0,539","129,85",120,"249,85",30925.01,0.539,129.85,249.85,3274928,BC5937N,0014,RU,BC5937,Casco urbano / Pueblo
1001866,508126,5758401BC5955N0021AI,6,"30.946,98","0,539","129,85",120,"249,85",30946.98,0.539,129.85,249.85,5758401,BC5955N,0021,AI,BC5955,Arenal / Canal / Montañar
1001609,490535,5758401BC5955N0011RQ,6,"30.946,98","0,539","129,85",120,"249,85",30946.98,0.539,129.85,249.85,5758401,BC5955N,0011,RQ,BC5955,Arenal / Canal / Montañar
1001348,482705,5758401BC5955N0002ZK,6,"30.946,98","0,539","129,85",120,"249,85",30946.98,0.539,129.85,249.85,5758401,BC5955N,0002,ZK,BC5955,Arenal / Canal / Montañar
1023936,461705,3274928BC5937N0032HL,6,"31.182,89","0,543","129,89",120,"249,89",31182.89,0.543,129.89,249.89,3274928,BC5937N,0032,HL,BC5937,Casco urbano / Pueblo
1001633,489697,5656509BC5955N0015DT,6,"31.201,58","0,544","129,89",120,"249,89",31201.58,0.544,129.89,249.89,5656509,BC5955N,0015,DT,BC5955,Arenal / Canal / Montañar
1008590,484968,3068421BC5936N0001RE,6,"31.210,85","0,544","129,90",120,"249,90",31210.85,0.544,129.9,249.9,3068421,BC5936N,0001,RE,BC5936,Casco urbano / Pueblo
1018403,503475,4478606BC5947N0005BT,6,"31.211,27","0,544","129,90",120,"249,90",31211.27,0.544,129.9,249.9,4478606,BC5947N,0005,BT,BC5947,Casco urbano / Pueblo
1024806,509971,5266508BC5956N0005KG,6,"31.213,29","0,544","129,90",120,"249,90",31213.29,0.544,129.9,249.9,5266508,BC5956N,0005,KG,BC5956,Arenal / Canal / Montañar
1002366,490034,6352003BC5965S0012XF,6,"31.251,05","0,545","129,90",120,"249,90",31251.05,0.545,129.9,249.9,6352003,BC5965S,0012,XF,BC5965,Puerto / Aduanas
1002305,475831,6352003BC5965S0004JO,6,"31.251,05","0,545","129,90",120,"249,90",31251.05,0.545,129.9,249.9,6352003,BC5965S,0004,JO,BC5965,Puerto / Aduanas
1002715,492689,6352003BC5965S0016EK,6,"31.251,05","0,545","129,90",120,"249,90",31251.05,0.545,129.9,249.9,6352003,BC5965S,0016,EK,BC5965,Puerto / Aduanas
1001775,505317,5855102BC5955N0013EE,6,"31.329,13","0,546","129,91",120,"249,91",31329.13,0.546,129.91,249.91,5855102,BC5955N,0013,EE,BC5955,Arenal / Canal / Montañar
1003449,416641,6349115BC5964N0001UR,6,"31.336,56","0,546","129,92",120,"249,92",31336.56,0.546,129.92,249.92,6349115,BC5964N,0001,UR,BC5964,Puerto / Aduanas
1023600,492855,5658002BC5955N0135EX,6,"31.420,05","0,548","129,93",120,"249,93",31420.05,0.548,129.93,249.93,5658002,BC5955N,0135,EX,BC5955,Arenal / Canal / Montañar
1024864,497245,5463706BC5956S0012RR,6,"31.443,22","0,548","129,93",120,"249,93",31443.22,0.548,129.93,249.93,5463706,BC5956S,0012,RR,BC5956,Arenal / Canal / Montañar
1023924,468281,3274928BC5937N0044WT,6,"31.472,81","0,548","129,94",120,"249,94",31472.81,0.548,129.94,249.94,3274928,BC5937N,0044,WT,BC5937,Casco urbano / Pueblo
1025201,489993,4871008BC5947S0002DP,6,"31.485,45","0,549","129,94",120,"249,94",31485.45,0.549,129.94,249.94,4871008,BC5947S,0002,DP,BC5947,Casco urbano / Pueblo
1025206,487597,4871008BC5947S0007KG,6,"31.485,45","0,549","129,94",120,"249,94",31485.45,0.549,129.94,249.94,4871008,BC5947S,0007,KG,BC5947,Casco urbano / Pueblo
1022896,490162,5760105BC5956S0008ME,6,"31.491,99","0,549","129,94",120,"249,94",31491.99,0.549,129.94,249.94,5760105,BC5956S,0008,ME,BC5956,Arenal / Canal / Montañar
10000501,502810,4475719BC5947N0043PI,6,"31.501,91","0,549","129,94",120,"249,94",31501.91,0.549,129.94,249.94,4475719,BC5947N,0043,PI,BC5947,Casco urbano / Pueblo
1015577,507578,5380701BC5957N0028SE,6,"31.532,01","0,550","129,95",120,"249,95",31532.01,0.55,129.95,249.95,5380701,BC5957N,0028,SE,BC5957,Arenal / Canal / Montañar
1001092,490554,5854001BC5955S0011YO,6,"31.534,00","0,550","129,95",120,"249,95",31534.0,0.55,129.95,249.95,5854001,BC5955S,0011,YO,BC5955,Arenal / Canal / Montañar
1001214,502629,5854001BC5955S0039TI,6,"31.534,00","0,550","129,95",120,"249,95",31534.0,0.55,129.95,249.95,5854001,BC5955S,0039,TI,BC5955,Arenal / Canal / Montañar
1001107,482619,5854001BC5955S0023GK,6,"31.534,00","0,550","129,95",120,"249,95",31534.0,0.55,129.95,249.95,5854001,BC5955S,0023,GK,BC5955,Arenal / Canal / Montañar
1021064,461713,1335507BC5913N0001LD,6,"31.598,06","0,551","129,96",120,"249,96",31598.06,0.551,129.96,249.96,1335507,BC5913N,0001,LD,BC5913,Montgó / Toscamar
10000520,501835,4475719BC5947N0063QX,6,"31.605,70","0,551","129,96",120,"249,96",31605.7,0.551,129.96,249.96,4475719,BC5947N,0063,QX,BC5947,Casco urbano / Pueblo
1000887,507863,5380704BC5957N0003BU,6,"31.652,31","0,552","129,96",120,"249,96",31652.31,0.552,129.96,249.96,5380704,BC5957N,0003,BU,BC5957,Arenal / Canal / Montañar
1000890,488240,5380704BC5957N0004ZI,6,"31.652,31","0,552","129,96",120,"249,96",31652.31,0.552,129.96,249.96,5380704,BC5957N,0004,ZI,BC5957,Arenal / Canal / Montañar
1022329,479210,5656514BC5955N0034ZK,6,"31.709,96","0,553","129,97",120,"249,97",31709.96,0.553,129.97,249.97,5656514,BC5955N,0034,ZK,BC5955,Arenal / Canal / Montañar
1013844,500413,4578307BC5947N0001TQ,6,"31.714,99","0,553","129,97",120,"249,97",31714.99,0.553,129.97,249.97,4578307,BC5947N,0001,TQ,BC5947,Casco urbano / Pueblo
1011486,444189,5960704BC5956S0004KX,6,"31.728,36","0,553","129,98",120,"249,98",31728.36,0.553,129.98,249.98,5960704,BC5956S,0004,KX,BC5956,Arenal / Canal / Montañar
10000175,495151,5760103BC5956S0012YR,6,"31.729,45","0,553","129,98",120,"249,98",31729.45,0.553,129.98,249.98,5760103,BC5956S,0012,YR,BC5956,Arenal / Canal / Montañar
1009455,477761,2625811BC5922S0001JI,6,"31.838,67","0,555","129,99",120,"249,99",31838.67,0.555,129.99,249.99,2625811,BC5922S,0001,JI,BC5922,Rafalet / Lluca / Covatelles
1019733,504180,5180411BC5958S0020WB,6,"31.861,81","0,555","130,00",120,"250,00",31861.81,0.555,130.0,250.0,5180411,BC5958S,0020,WB,BC5958,Arenal / Canal / Montañar
1025887,486475,5457801BC5955N0113ZY,6,"31.901,01","0,556","130,00",120,"250,00",31901.01,0.556,130.0,250.0,5457801,BC5955N,0113,ZY,BC5955,Arenal / Canal / Montañar
1001262,486466,5859008BC5955N0033KJ,6,"31.971,99","0,557","130,01",120,"250,01",31971.99,0.557,130.01,250.01,5859008,BC5955N,0033,KJ,BC5955,Arenal / Canal / Montañar
1005481,480943,3274903BC5937E0002IO,6,"31.980,92","0,557","130,02",120,"250,02",31980.92,0.557,130.02,250.02,3274903,BC5937E,0002,IO,BC5937,Casco urbano / Pueblo
1014366,493430,4378001BC5947N0112SS,6,"31.981,35","0,557","130,02",120,"250,02",31981.35,0.557,130.02,250.02,4378001,BC5947N,0112,SS,BC5947,Casco urbano / Pueblo
1024353,462731,5172002BC5957S0302LM,6,"31.990,55","0,558","130,02",120,"250,02",31990.55,0.558,130.02,250.02,5172002,BC5957S,0302,LM,BC5957,Arenal / Canal / Montañar
1001662,471380,5753205BC5955S0052DG,6,"32.013,55","0,558","130,02",120,"250,02",32013.55,0.558,130.02,250.02,5753205,BC5955S,0052,DG,BC5955,Arenal / Canal / Montañar
1001870,503051,5753205BC5955S0022GJ,6,"32.013,55","0,558","130,02",120,"250,02",32013.55,0.558,130.02,250.02,5753205,BC5955S,0022,GJ,BC5955,Arenal / Canal / Montañar
1001555,475876,5753205BC5955S0044IP,6,"32.013,55","0,558","130,02",120,"250,02",32013.55,0.558,130.02,250.02,5753205,BC5955S,0044,IP,BC5955,Arenal / Canal / Montañar
1001484,498883,5753205BC5955S0009IP,6,"32.013,55","0,558","130,02",120,"250,02",32013.55,0.558,130.02,250.02,5753205,BC5955S,0009,IP,BC5955,Arenal / Canal / Montañar
1001406,498620,5753205BC5955S0014PS,6,"32.013,55","0,558","130,02",120,"250,02",32013.55,0.558,130.02,250.02,5753205,BC5955S,0014,PS,BC5955,Arenal / Canal / Montañar
1020269,463995,5753205BC5955S0062BX,6,"32.013,55","0,558","130,02",120,"250,02",32013.55,0.558,130.02,250.02,5753205,BC5955S,0062,BX,BC5955,Arenal / Canal / Montañar
1001822,464867,5753205BC5955S0048SF,6,"32.013,55","0,558","130,02",120,"250,02",32013.55,0.558,130.02,250.02,5753205,BC5955S,0048,SF,BC5955,Arenal / Canal / Montañar
1025209,495161,4871008BC5947S0010KG,6,"32.135,08","0,560","130,04",120,"250,04",32135.08,0.56,130.04,250.04,4871008,BC5947S,0010,KG,BC5947,Casco urbano / Pueblo
1002103,495962,5553435BC5955S0001YW,6,"32.439,60","0,565","130,09",120,"250,09",32439.6,0.565,130.09,250.09,5553435,BC5955S,0001,YW,BC5955,Arenal / Canal / Montañar
1001848,480552,5753204BC5955S0028SM,6,"32.458,17","0,566","130,09",120,"250,09",32458.17,0.566,130.09,250.09,5753204,BC5955S,0028,SM,BC5955,Arenal / Canal / Montañar
1001987,490144,5753204BC5955S0052RG,6,"32.458,17","0,566","130,09",120,"250,09",32458.17,0.566,130.09,250.09,5753204,BC5955S,0052,RG,BC5955,Arenal / Canal / Montañar
1001318,510233,5753204BC5955S0040KY,6,"32.458,17","0,566","130,09",120,"250,09",32458.17,0.566,130.09,250.09,5753204,BC5955S,0040,KY,BC5955,Arenal / Canal / Montañar
1001240,473741,5753204BC5955S0019YJ,6,"32.458,17","0,566","130,09",120,"250,09",32458.17,0.566,130.09,250.09,5753204,BC5955S,0019,YJ,BC5955,Arenal / Canal / Montañar
1020272,510481,5753204BC5955S0055UK,6,"32.458,17","0,566","130,09",120,"250,09",32458.17,0.566,130.09,250.09,5753204,BC5955S,0055,UK,BC5955,Arenal / Canal / Montañar
1001715,511366,5753204BC5955S0015WD,6,"32.458,17","0,566","130,09",120,"250,09",32458.17,0.566,130.09,250.09,5753204,BC5955S,0015,WD,BC5955,Arenal / Canal / Montañar
1012188,497276,6944601BC5964S0089AU,6,"32.461,56","0,566","130,09",120,"250,09",32461.56,0.566,130.09,250.09,6944601,BC5964S,0089,AU,BC5964,Puerto / Aduanas
1023643,453972,5658002BC5955N0185GA,6,"32.468,04","0,566","130,09",120,"250,09",32468.04,0.566,130.09,250.09,5658002,BC5955N,0185,GA,BC5955,Arenal / Canal / Montañar
1024025,511385,4876901BC5947N0019WH,6,"32.503,99","0,566","130,10",120,"250,10",32503.99,0.566,130.1,250.1,4876901,BC5947N,0019,WH,BC5947,Casco urbano / Pueblo
1027992,473553,4873902BC5947S0081FL,6,"32.550,21","0,567","130,11",120,"250,11",32550.21,0.567,130.11,250.11,4873902,BC5947S,0081,FL,BC5947,Casco urbano / Pueblo
1001925,504165,5856801BC5955N0015YT,6,"32.555,02","0,567","130,11",120,"250,11",32555.02,0.567,130.11,250.11,5856801,BC5955N,0015,YT,BC5955,Arenal / Canal / Montañar
1001699,481007,5856801BC5955N0013RE,6,"32.555,02","0,567","130,11",120,"250,11",32555.02,0.567,130.11,250.11,5856801,BC5955N,0013,RE,BC5955,Arenal / Canal / Montañar
10000482,504964,4475719BC5947N0024BK,6,"32.681,14","0,570","130,13",120,"250,13",32681.14,0.57,130.13,250.13,4475719,BC5947N,0024,BK,BC5947,Casco urbano / Pueblo
1020276,481196,5856803BC5955N0045XE,6,"32.742,40","0,571","130,14",120,"250,14",32742.4,0.571,130.14,250.14,5856803,BC5955N,0045,XE,BC5955,Arenal / Canal / Montañar
1002899,507148,5856803BC5955N0052EU,6,"32.742,40","0,571","130,14",120,"250,14",32742.4,0.571,130.14,250.14,5856803,BC5955N,0052,EU,BC5955,Arenal / Canal / Montañar
1002914,477499,5856803BC5955N0047QT,6,"32.742,40","0,571","130,14",120,"250,14",32742.4,0.571,130.14,250.14,5856803,BC5955N,0047,QT,BC5955,Arenal / Canal / Montañar
1024541,477931,5170809BC5957S0154BI,6,"32.769,06","0,571","130,14",120,"250,14",32769.06,0.571,130.14,250.14,5170809,BC5957S,0154,BI,BC5957,Arenal / Canal / Montañar
1011679,503726,5376602BC5957N0026PQ,6,"32.893,94","0,573","130,16",120,"250,16",32893.94,0.573,130.16,250.16,5376602,BC5957N,0026,PQ,BC5957,Arenal / Canal / Montañar
1002062,482272,5553439BC5955S0001LW,6,"32.909,96","0,574","130,16",120,"250,16",32909.96,0.574,130.16,250.16,5553439,BC5955S,0001,LW,BC5955,Arenal / Canal / Montañar
1023628,488264,5658002BC5955N0169TQ,6,"32.958,27","0,574","130,17",120,"250,17",32958.27,0.574,130.17,250.17,5658002,BC5955N,0169,TQ,BC5955,Arenal / Canal / Montañar
1003130,493951,7046002BC5974N0012SH,6,"33.007,71","0,575","130,18",120,"250,18",33007.71,0.575,130.18,250.18,7046002,BC5974N,0012,SH,BC5974,Portitxol / Toscal / Trencall
10000470,501761,4475719BC5947N0012AO,6,"33.078,18","0,576","130,19",120,"250,19",33078.18,0.576,130.19,250.19,4475719,BC5947N,0012,AO,BC5947,Casco urbano / Pueblo
1015652,462169,1335523BC5913N0001JD,6,"33.153,29","0,578","130,20",120,"250,20",33153.29,0.578,130.2,250.2,1335523,BC5913N,0001,JD,BC5913,Montgó / Toscamar
1012221,486048,6944601BC5964S0062DO,6,"33.174,05","0,578","130,20",120,"250,20",33174.05,0.578,130.2,250.2,6944601,BC5964S,0062,DO,BC5964,Puerto / Aduanas
1014137,464825,5380711BC5957N0009HD,6,"33.181,50","0,578","130,20",120,"250,20",33181.5,0.578,130.2,250.2,5380711,BC5957N,0009,HD,BC5957,Arenal / Canal / Montañar
1031615,481668,5463709BC5956S0026LG,6,"33.228,40","0,579","130,21",120,"250,21",33228.4,0.579,130.21,250.21,5463709,BC5956S,0026,LG,BC5956,Arenal / Canal / Montañar
1001042,482218,5854001BC5955S0034ME,6,"33.285,91","0,580","130,22",120,"250,22",33285.91,0.58,130.22,250.22,5854001,BC5955S,0034,ME,BC5955,Arenal / Canal / Montañar
1002468,507065,6650704BC5964N0003LY,6,"33.330,01","0,581","130,23",120,"250,23",33330.01,0.581,130.23,250.23,6650704,BC5964N,0003,LY,BC5964,Puerto / Aduanas
1001505,510972,5852004BC5955S0027DX,6,"33.347,41","0,581","130,23",120,"250,23",33347.41,0.581,130.23,250.23,5852004,BC5955S,0027,DX,BC5955,Arenal / Canal / Montañar
1008315,504836,5382901BC5958S0090WM,6,"33.359,53","0,581","130,23",120,"250,23",33359.53,0.581,130.23,250.23,5382901,BC5958S,0090,WM,BC5958,Arenal / Canal / Montañar
10000508,503038,4475719BC5947N0051GD,6,"33.418,75","0,582","130,24",120,"250,24",33418.75,0.582,130.24,250.24,4475719,BC5947N,0051,GD,BC5947,Casco urbano / Pueblo
1009802,491993,5178002BC5957N0047RH,6,"33.477,29","0,583","130,25",120,"250,25",33477.29,0.583,130.25,250.25,5178002,BC5957N,0047,RH,BC5957,Arenal / Canal / Montañar
1000235,485785,5539811BC5953N0001RY,6,"33.480,84","0,583","130,25",120,"250,25",33480.84,0.583,130.25,250.25,5539811,BC5953N,0001,RY,BC5953,Arenal / Canal / Montañar
1002845,486349,5856803BC5955N0027PF,6,"33.512,79","0,584","130,26",120,"250,26",33512.79,0.584,130.26,250.26,5856803,BC5955N,0027,PF,BC5955,Arenal / Canal / Montañar
1009622,510619,5179501BC5957N0032IR,6,"33.614,64","0,586","130,27",120,"250,27",33614.64,0.586,130.27,250.27,5179501,BC5957N,0032,IR,BC5957,Arenal / Canal / Montañar
1005824,478207,2279917BC5927N0001EH,6,"33.635,31","0,586","130,28",120,"250,28",33635.31,0.586,130.28,250.28,2279917,BC5927N,0001,EH,BC5927,Rafalet / Lluca / Covatelles
1025955,500323,4475723BC5947N0074KU,6,"33.643,76","0,586","130,28",120,"250,28",33643.76,0.586,130.28,250.28,4475723,BC5947N,0074,KU,BC5947,Casco urbano / Pueblo
1002104,434179,5553431BC5955S0001HW,6,"33.661,50","0,587","130,28",120,"250,28",33661.5,0.587,130.28,250.28,5553431,BC5955S,0001,HW,BC5955,Arenal / Canal / Montañar
1024373,483076,5170809BC5957S0120KY,6,"33.674,30","0,587","130,28",120,"250,28",33674.3,0.587,130.28,250.28,5170809,BC5957S,0120,KY,BC5957,Arenal / Canal / Montañar
1008955,501685,5454137BC5955S0001WW,6,"33.697,10","0,587","130,29",120,"250,29",33697.1,0.587,130.29,250.29,5454137,BC5955S,0001,WW,BC5955,Arenal / Canal / Montañar
1001025,471925,5855001BC5955S0033RW,6,"33.806,52","0,589","130,30",120,"250,30",33806.52,0.589,130.3,250.3,5855001,BC5955S,0033,RW,BC5955,Arenal / Canal / Montañar
1026670,500092,4478607BC5947N0113FD,6,"33.848,04","0,590","130,31",120,"250,31",33848.04,0.59,130.31,250.31,4478607,BC5947N,0113,FD,BC5947,Casco urbano / Pueblo
1024521,471392,5170809BC5957S0140OB,6,"33.855,17","0,590","130,31",120,"250,31",33855.17,0.59,130.31,250.31,5170809,BC5957S,0140,OB,BC5957,Arenal / Canal / Montañar
1024919,506200,5457311BC5955N0010SM,6,"33.897,34","0,591","130,32",120,"250,32",33897.34,0.591,130.32,250.32,5457311,BC5955N,0010,SM,BC5955,Arenal / Canal / Montañar
1001343,486527,5656507BC5955N0039DM,6,"33.898,01","0,591","130,32",120,"250,32",33898.01,0.591,130.32,250.32,5656507,BC5955N,0039,DM,BC5955,Arenal / Canal / Montañar
1024943,459572,5457311BC5955N0035IL,6,"33.912,04","0,591","130,32",120,"250,32",33912.04,0.591,130.32,250.32,5457311,BC5955N,0035,IL,BC5955,Arenal / Canal / Montañar
1024914,429940,5457311BC5955N0005PZ,6,"33.978,65","0,592","130,33",120,"250,33",33978.65,0.592,130.33,250.33,5457311,BC5955N,0005,PZ,BC5955,Arenal / Canal / Montañar
1021321,488978,5560001BC5955N0007ZM,6,"34.062,19","0,594","130,34",120,"250,34",34062.19,0.594,130.34,250.34,5560001,BC5955N,0007,ZM,BC5955,Arenal / Canal / Montañar
1014076,4448,4150421BC5944N0001EL,6,"34.066,40","0,594","130,34",120,"250,34",34066.4,0.594,130.34,250.34,4150421,BC5944N,0001,EL,BC5944,Casco urbano / Pueblo
1011402,487253,5960714BC5956S0011HE,6,"34.124,86","0,595","130,35",120,"250,35",34124.86,0.595,130.35,250.35,5960714,BC5956S,0011,HE,BC5956,Arenal / Canal / Montañar
1021773,468680,5172002BC5957S0048ZW,6,"34.160,23","0,595","130,36",120,"250,36",34160.23,0.595,130.36,250.36,5172002,BC5957S,0048,ZW,BC5957,Arenal / Canal / Montañar
1028225,511428,5454153BC5955S0067WR,6,"34.163,64","0,595","130,36",120,"250,36",34163.64,0.595,130.36,250.36,5454153,BC5955S,0067,WR,BC5955,Arenal / Canal / Montañar
1001231,465043,5856805BC5955N0008GQ,6,"34.173,77","0,596","130,36",120,"250,36",34173.77,0.596,130.36,250.36,5856805,BC5955N,0008,GQ,BC5955,Arenal / Canal / Montañar
1031942,484354,4773801BC5947S0003QA,6,"34.246,88","0,597","130,37",120,"250,37",34246.88,0.597,130.37,250.37,4773801,BC5947S,0003,QA,BC5947,Casco urbano / Pueblo
1031946,484252,4773801BC5947S0007TG,6,"34.287,84","0,598","130,38",120,"250,38",34287.84,0.598,130.38,250.38,4773801,BC5947S,0007,TG,BC5947,Casco urbano / Pueblo
1019355,473136,4977306BC5947N0008SI,6,"34.364,28","0,599","130,39",120,"250,39",34364.28,0.599,130.39,250.39,4977306,BC5947N,0008,SI,BC5947,Casco urbano / Pueblo
1018541,446692,5333105BC5953S0001RF,6,"34.508,30","0,601","130,41",120,"250,41",34508.3,0.601,130.41,250.41,5333105,BC5953S,0001,RF,BC5953,Arenal / Canal / Montañar
1018771,472931,5075302BC5957N0034XY,6,"34.597,47","0,603","130,43",120,"250,43",34597.47,0.603,130.43,250.43,5075302,BC5957N,0034,XY,BC5957,Arenal / Canal / Montañar
1016989,495191,5656501BC5955N0026KD,6,"34.650,22","0,604","130,43",120,"250,43",34650.22,0.604,130.43,250.43,5656501,BC5955N,0026,KD,BC5955,Arenal / Canal / Montañar
1021436,479111,5560001BC5955N0122PS,6,"34.676,46","0,604","130,44",120,"250,44",34676.46,0.604,130.44,250.44,5560001,BC5955N,0122,PS,BC5955,Arenal / Canal / Montañar
1012797,453727,5947601BC5954N0015YA,6,"34.701,53","0,605","130,44",120,"250,44",34701.53,0.605,130.44,250.44,5947601,BC5954N,0015,YA,BC5954,Arenal / Canal / Montañar
1012822,461343,5947601BC5954N0006MT,6,"34.701,53","0,605","130,44",120,"250,44",34701.53,0.605,130.44,250.44,5947601,BC5954N,0006,MT,BC5954,Arenal / Canal / Montañar
1005830,504856,2176801BC5927N0001DH,6,"34.765,85","0,606","130,45",120,"250,45",34765.85,0.606,130.45,250.45,2176801,BC5927N,0001,DH,BC5927,Rafalet / Lluca / Covatelles
1030762,478412,3564514BC5937S0002TY,6,"34.769,16","0,606","130,45",120,"250,45",34769.16,0.606,130.45,250.45,3564514,BC5937S,0002,TY,BC5937,Casco urbano / Pueblo
1009457,439192,2625818BC5922S0001AI,6,"34.779,73","0,606","130,46",120,"250,46",34779.73,0.606,130.46,250.46,2625818,BC5922S,0001,AI,BC5922,Rafalet / Lluca / Covatelles
10000510,504320,4475719BC5947N0053JG,6,"34.824,02","0,607","130,46",120,"250,46",34824.02,0.607,130.46,250.46,4475719,BC5947N,0053,JG,BC5947,Casco urbano / Pueblo
1024582,477675,5266507BC5956N0008SK,6,"34.938,40","0,609","130,48",120,"250,48",34938.4,0.609,130.48,250.48,5266507,BC5956N,0008,SK,BC5956,Arenal / Canal / Montañar
1024117,492143,5174002BC5957S0057FI,6,"34.965,24","0,609","130,48",120,"250,48",34965.24,0.609,130.48,250.48,5174002,BC5957S,0057,FI,BC5957,Arenal / Canal / Montañar
1024577,468335,5266507BC5956N0003UD,6,"34.996,83","0,610","130,49",120,"250,49",34996.83,0.61,130.49,250.49,5266507,BC5956N,0003,UD,BC5956,Arenal / Canal / Montañar
1027192,501386,4347022BC5947N0005UT,6,"35.018,99","0,610","130,49",120,"250,49",35018.99,0.61,130.49,250.49,4347022,BC5947N,0005,UT,BC5947,Casco urbano / Pueblo
1001228,476891,5856802BC5955N0005IZ,6,"35.053,62","0,611","130,50",120,"250,50",35053.62,0.611,130.5,250.5,5856802,BC5955N,0005,IZ,BC5955,Arenal / Canal / Montañar
1001604,460853,5656509BC5955N0013AE,6,"35.053,62","0,611","130,50",120,"250,50",35053.62,0.611,130.5,250.5,5656509,BC5955N,0013,AE,BC5955,Arenal / Canal / Montañar
1009031,470620,5454122BC5955S0001OW,6,"35.056,63","0,611","130,50",120,"250,50",35056.63,0.611,130.5,250.5,5454122,BC5955S,0001,OW,BC5955,Arenal / Canal / Montañar
1000983,478968,5855001BC5955S0038OU,6,"35.058,63","0,611","130,50",120,"250,50",35058.63,0.611,130.5,250.5,5855001,BC5955S,0038,OU,BC5955,Arenal / Canal / Montañar
1001055,448479,5855001BC5955S0031WM,6,"35.058,63","0,611","130,50",120,"250,50",35058.63,0.611,130.5,250.5,5855001,BC5955S,0031,WM,BC5955,Arenal / Canal / Montañar
1000996,476330,5855001BC5955S0022LJ,6,"35.058,63","0,611","130,50",120,"250,50",35058.63,0.611,130.5,250.5,5855001,BC5955S,0022,LJ,BC5955,Arenal / Canal / Montañar
1001074,481884,5855001BC5955S0020JG,6,"35.058,63","0,611","130,50",120,"250,50",35058.63,0.611,130.5,250.5,5855001,BC5955S,0020,JG,BC5955,Arenal / Canal / Montañar
1001077,491051,5855001BC5955S0030QX,6,"35.058,63","0,611","130,50",120,"250,50",35058.63,0.611,130.5,250.5,5855001,BC5955S,0030,QX,BC5955,Arenal / Canal / Montañar
1001102,510705,5855001BC5955S0036UT,6,"35.058,63","0,611","130,50",120,"250,50",35058.63,0.611,130.5,250.5,5855001,BC5955S,0036,UT,BC5955,Arenal / Canal / Montañar
1002093,511096,5553425BC5955S0001SW,6,"35.071,72","0,611","130,50",120,"250,50",35071.72,0.611,130.5,250.5,5553425,BC5955S,0001,SW,BC5955,Arenal / Canal / Montañar
10000166,492191,5760103BC5956S0021SP,6,"35.155,89","0,613","130,51",120,"250,51",35155.89,0.613,130.51,250.51,5760103,BC5956S,0021,SP,BC5956,Arenal / Canal / Montañar
1002074,458929,5553421BC5955S0001XW,6,"35.260,04","0,615","130,53",120,"250,53",35260.04,0.615,130.53,250.53,5553421,BC5955S,0001,XW,BC5955,Arenal / Canal / Montañar
1011055,482618,5960703BC5956S0012FR,6,"35.292,56","0,615","130,54",120,"250,54",35292.56,0.615,130.54,250.54,5960703,BC5956S,0012,FR,BC5956,Arenal / Canal / Montañar
1010891,499938,5960703BC5956S0021BP,6,"35.292,56","0,615","130,54",120,"250,54",35292.56,0.615,130.54,250.54,5960703,BC5956S,0021,BP,BC5956,Arenal / Canal / Montañar
1025691,495675,5750211BC5955S0011LO,6,"35.305,06","0,615","130,54",120,"250,54",35305.06,0.615,130.54,250.54,5750211,BC5955S,0011,LO,BC5955,Arenal / Canal / Montañar
1024576,454059,5266507BC5956N0002YS,6,"35.320,12","0,616","130,54",120,"250,54",35320.12,0.616,130.54,250.54,5266507,BC5956N,0002,YS,BC5956,Arenal / Canal / Montañar
1001700,503240,5856801BC5955N0020IU,6,"35.403,63","0,617","130,55",120,"250,55",35403.63,0.617,130.55,250.55,5856801,BC5955N,0020,IU,BC5955,Arenal / Canal / Montañar
1024335,468682,5172002BC5957S0284TO,6,"35.411,04","0,617","130,55",120,"250,55",35411.04,0.617,130.55,250.55,5172002,BC5957S,0284,TO,BC5957,Arenal / Canal / Montañar
1024324,452840,5172002BC5957S0273BQ,6,"35.411,04","0,617","130,55",120,"250,55",35411.04,0.617,130.55,250.55,5172002,BC5957S,0273,BQ,BC5957,Arenal / Canal / Montañar
1024923,498526,5457311BC5955N0014HR,6,"35.430,16","0,617","130,56",120,"250,56",35430.16,0.617,130.56,250.56,5457311,BC5955N,0014,HR,BC5955,Arenal / Canal / Montañar
1001979,507842,5851002BC5955S0009QP,6,"35.436,43","0,618","130,56",120,"250,56",35436.43,0.618,130.56,250.56,5851002,BC5955S,0009,QP,BC5955,Arenal / Canal / Montañar
1017802,492589,4578308BC5947N0030AZ,6,"35.451,31","0,618","130,56",120,"250,56",35451.31,0.618,130.56,250.56,4578308,BC5947N,0030,AZ,BC5947,Casco urbano / Pueblo
1024319,509297,5172002BC5957S0268KX,6,"35.531,17","0,619","130,57",120,"250,57",35531.17,0.619,130.57,250.57,5172002,BC5957S,0268,KX,BC5957,Arenal / Canal / Montañar
1024280,468684,5172002BC5957S0229FK,6,"35.531,17","0,619","130,57",120,"250,57",35531.17,0.619,130.57,250.57,5172002,BC5957S,0229,FK,BC5957,Arenal / Canal / Montañar
1031165,480251,5585608BC5958S0002FI,6,"35.538,92","0,619","130,57",120,"250,57",35538.92,0.619,130.57,250.57,5585608,BC5958S,0002,FI,BC5958,Arenal / Canal / Montañar
1020450,496919,5369001BC5956N0026EU,6,"35.543,07","0,619","130,57",120,"250,57",35543.07,0.619,130.57,250.57,5369001,BC5956N,0026,EU,BC5956,Arenal / Canal / Montañar
1020658,500063,9412011BC5991S0001LL,6,"35.549,77","0,620","130,58",120,"250,58",35549.77,0.62,130.58,250.58,9412011,BC5991S,0001,LL,BC5991,Costa Nova / Balcón al Mar / Ambolo
1004586,464832,9412006BC5991S0001QL,6,"35.549,77","0,620","130,58",120,"250,58",35549.77,0.62,130.58,250.58,9412006,BC5991S,0001,QL,BC5991,Costa Nova / Balcón al Mar / Ambolo
1001243,482756,5852003BC5955S0008FO,6,"35.570,59","0,620","130,58",120,"250,58",35570.59,0.62,130.58,250.58,5852003,BC5955S,0008,FO,BC5955,Arenal / Canal / Montañar
1027069,480041,5457801BC5955S0022QJ,6,"35.622,13","0,621","130,59",120,"250,59",35622.13,0.621,130.59,250.59,5457801,BC5955S,0022,QJ,BC5955,Arenal / Canal / Montañar
1002068,459121,5553428BC5955S0001HW,6,"35.635,84","0,621","130,59",120,"250,59",35635.84,0.621,130.59,250.59,5553428,BC5955S,0001,HW,BC5955,Arenal / Canal / Montañar
1024934,485692,5457311BC5955N0026WD,6,"35.643,58","0,621","130,59",120,"250,59",35643.58,0.621,130.59,250.59,5457311,BC5955N,0026,WD,BC5955,Arenal / Canal / Montañar
1008465,469121,5075302BC5957N0008TS,6,"35.650,71","0,621","130,59",120,"250,59",35650.71,0.621,130.59,250.59,5075302,BC5957N,0008,TS,BC5957,Arenal / Canal / Montañar
1000004,478714,9088807BC4998N0001RE,6,"35.654,59","0,621","130,59",120,"250,59",35654.59,0.621,130.59,250.59,9088807,BC4998N,0001,RE,BC4998,Les Fonts / Castellans
1018761,477298,5075302BC5957N0023FZ,6,"35.663,25","0,622","130,59",120,"250,59",35663.25,0.622,130.59,250.59,5075302,BC5957N,0023,FZ,BC5957,Arenal / Canal / Montañar
1020780,467948,9780802BC4998S0001QA,6,"35.795,18","0,624","130,61",120,"250,61",35795.18,0.624,130.61,250.61,9780802,BC4998S,0001,QA,BC4998,Les Fonts / Castellans
10000429,506408,5169035BC5956N0028HO,6,"35.797,56","0,624","130,61",120,"250,61",35797.56,0.624,130.61,250.61,5169035,BC5956N,0028,HO,BC5956,Arenal / Canal / Montañar
10000433,503976,5169035BC5956N0032JP,6,"35.797,56","0,624","130,61",120,"250,61",35797.56,0.624,130.61,250.61,5169035,BC5956N,0032,JP,BC5956,Arenal / Canal / Montañar
1014182,495294,5280701BC5957N0111OG,6,"35.813,75","0,624","130,62",120,"250,62",35813.75,0.624,130.62,250.62,5280701,BC5957N,0111,OG,BC5957,Arenal / Canal / Montañar
1015545,474579,5382701BC5958S0013PH,6,"35.872,60","0,625","130,63",120,"250,63",35872.6,0.625,130.63,250.63,5382701,BC5958S,0013,PH,BC5958,Arenal / Canal / Montañar
1021206,478679,4277601BC5947N0021LG,6,"35.906,70","0,626","130,63",120,"250,63",35906.7,0.626,130.63,250.63,4277601,BC5947N,0021,LG,BC5947,Casco urbano / Pueblo
1027251,502587,5457801BC5955S0058TZ,6,"35.921,55","0,626","130,63",120,"250,63",35921.55,0.626,130.63,250.63,5457801,BC5955S,0058,TZ,BC5955,Arenal / Canal / Montañar
1028011,490331,4873902BC5947S0100YA,6,"35.950,50","0,627","130,64",120,"250,64",35950.5,0.627,130.64,250.64,4873902,BC5947S,0100,YA,BC5947,Casco urbano / Pueblo
1031199,463170,5469010BC5756N0012GO,6,"36.286,64","0,632","130,69",120,"250,69",36286.64,0.632,130.69,250.69,5469010,BC5756N,0012,GO,BC5756,Sin clasificar / revisar
1002477,488220,6352009BC5965S0022FZ,6,"36.331,43","0,633","130,70",120,"250,70",36331.43,0.633,130.7,250.7,6352009,BC5965S,0022,FZ,BC5965,Puerto / Aduanas
1020961,489915,3966428BC5937S0011GS,6,"36.340,51","0,633","130,70",120,"250,70",36340.51,0.633,130.7,250.7,3966428,BC5937S,0011,GS,BC5937,Casco urbano / Pueblo
1022918,475245,5760105BC5956S0030DH,6,"36.413,14","0,635","130,71",120,"250,71",36413.14,0.635,130.71,250.71,5760105,BC5956S,0030,DH,BC5956,Arenal / Canal / Montañar
1015020,470611,5382701BC5958S0025LW,6,"36.470,47","0,636","130,72",120,"250,72",36470.47,0.636,130.72,250.72,5382701,BC5958S,0025,LW,BC5958,Arenal / Canal / Montañar
1021332,488239,5560001BC5955N0018YI,6,"36.517,76","0,636","130,73",120,"250,73",36517.76,0.636,130.73,250.73,5560001,BC5955N,0018,YI,BC5955,Arenal / Canal / Montañar
1021331,473211,5560001BC5955N0017TU,6,"36.554,83","0,637","130,73",120,"250,73",36554.83,0.637,130.73,250.73,5560001,BC5955N,0017,TU,BC5955,Arenal / Canal / Montañar
1009759,492182,5279802BC5957N0037EO,6,"36.642,38","0,639","130,75",120,"250,75",36642.38,0.639,130.75,250.75,5279802,BC5957N,0037,EO,BC5957,Arenal / Canal / Montañar
1024856,486891,5463706BC5956S0004XX,6,"36.712,19","0,640","130,76",120,"250,76",36712.19,0.64,130.76,250.76,5463706,BC5956S,0004,XX,BC5956,Arenal / Canal / Montañar
10000445,504981,5469003BC5956N0006XH,6,"36.735,61","0,640","130,76",120,"250,76",36735.61,0.64,130.76,250.76,5469003,BC5956N,0006,XH,BC5956,Arenal / Canal / Montañar
1026253,447520,5760106BC5955N0134YZ,6,"36.777,62","0,641","130,77",120,"250,77",36777.62,0.641,130.77,250.77,5760106,BC5955N,0134,YZ,BC5955,Arenal / Canal / Montañar
1007491,498496,5370728BC5956N0008FK,6,"36.802,85","0,641","130,77",120,"250,77",36802.85,0.641,130.77,250.77,5370728,BC5956N,0008,FK,BC5956,Arenal / Canal / Montañar
1009684,502521,5278204BC5957N0026UQ,6,"36.860,90","0,642","130,78",120,"250,78",36860.9,0.642,130.78,250.78,5278204,BC5957N,0026,UQ,BC5957,Arenal / Canal / Montañar
1002113,501663,6846006BC5964N0017XJ,6,"36.871,32","0,643","130,78",120,"250,78",36871.32,0.643,130.78,250.78,6846006,BC5964N,0017,XJ,BC5964,Puerto / Aduanas
1002227,490346,6846006BC5964N0021MK,6,"36.871,32","0,643","130,78",120,"250,78",36871.32,0.643,130.78,250.78,6846006,BC5964N,0021,MK,BC5964,Puerto / Aduanas
1006702,473203,6846006BC5964N0003AY,6,"36.871,32","0,643","130,78",120,"250,78",36871.32,0.643,130.78,250.78,6846006,BC5964N,0003,AY,BC5964,Puerto / Aduanas
1002127,470719,6846006BC5964N0001OR,6,"36.871,32","0,643","130,78",120,"250,78",36871.32,0.643,130.78,250.78,6846006,BC5964N,0001,OR,BC5964,Puerto / Aduanas
1002241,470720,6846006BC5964N0005DI,6,"36.871,32","0,643","130,78",120,"250,78",36871.32,0.643,130.78,250.78,6846006,BC5964N,0005,DI,BC5964,Puerto / Aduanas
1018779,490828,5075302BC5957N0042RA,6,"36.918,05","0,643","130,79",120,"250,79",36918.05,0.643,130.79,250.79,5075302,BC5957N,0042,RA,BC5957,Arenal / Canal / Montañar
1007357,474013,7519303BC5971N0001PE,6,"36.978,52","0,644","130,80",120,"250,80",36978.52,0.644,130.8,250.8,7519303,BC5971N,0001,PE,BC5971,Tosalet / Cap Martí
1021366,489441,5560001BC5955N0052TU,6,"37.027,85","0,645","130,81",120,"250,81",37027.85,0.645,130.81,250.81,5560001,BC5955N,0052,TU,BC5955,Arenal / Canal / Montañar
1002015,511320,5852005BC5955S0028MM,6,"37.064,76","0,646","130,81",120,"250,81",37064.76,0.646,130.81,250.81,5852005,BC5955S,0028,MM,BC5955,Arenal / Canal / Montañar
1019716,485630,5180411BC5958S0003FO,6,"37.090,65","0,646","130,82",120,"250,82",37090.65,0.646,130.82,250.82,5180411,BC5958S,0003,FO,BC5958,Arenal / Canal / Montañar
1024072,509351,5174002BC5957S0012RZ,6,"37.140,04","0,647","130,83",120,"250,83",37140.04,0.647,130.83,250.83,5174002,BC5957S,0012,RZ,BC5957,Arenal / Canal / Montañar
1009488,473576,2624106BC5922S0001SI,6,"37.209,67","0,648","130,84",120,"250,84",37209.67,0.648,130.84,250.84,2624106,BC5922S,0001,SI,BC5922,Rafalet / Lluca / Covatelles
1028200,498165,5454153BC5955S0042YI,6,"37.235,68","0,649","130,84",120,"250,84",37235.68,0.649,130.84,250.84,5454153,BC5955S,0042,YI,BC5955,Arenal / Canal / Montañar
1008862,505879,2176809BC5927N0001HH,6,"37.240,64","0,649","130,84",120,"250,84",37240.64,0.649,130.84,250.84,2176809,BC5927N,0001,HH,BC5927,Rafalet / Lluca / Covatelles
10000172,494748,5760103BC5956S0015OU,6,"37.398,33","0,652","130,87",120,"250,87",37398.33,0.652,130.87,250.87,5760103,BC5956S,0015,OU,BC5956,Arenal / Canal / Montañar
1014206,499762,5280701BC5957N0101WI,6,"37.405,50","0,652","130,87",120,"250,87",37405.5,0.652,130.87,250.87,5280701,BC5957N,0101,WI,BC5957,Arenal / Canal / Montañar
1024119,505706,5370730BC5956N0002XS,6,"37.460,35","0,653","130,88",120,"250,88",37460.35,0.653,130.88,250.88,5370730,BC5956N,0002,XS,BC5956,Arenal / Canal / Montañar
1025729,471581,5750211BC5955S0049WG,6,"37.783,87","0,658","130,93",120,"250,93",37783.87,0.658,130.93,250.93,5750211,BC5955S,0049,WG,BC5955,Arenal / Canal / Montañar
1025727,502104,5750211BC5955S0047MD,6,"37.783,87","0,658","130,93",120,"250,93",37783.87,0.658,130.93,250.93,5750211,BC5955S,0047,MD,BC5955,Arenal / Canal / Montañar
1018464,490354,4977303BC5947N0038YY,6,"37.883,26","0,660","130,94",120,"250,94",37883.26,0.66,130.94,250.94,4977303,BC5947N,0038,YY,BC5947,Casco urbano / Pueblo
10000844,511246,4977314BC5947N0008AI,6,"37.927,89","0,661","130,95",120,"250,95",37927.89,0.661,130.95,250.95,4977314,BC5947N,0008,AI,BC5947,Casco urbano / Pueblo
1024942,501950,5457311BC5955N0034UK,6,"38.104,99","0,664","130,98",120,"250,98",38104.99,0.664,130.98,250.98,5457311,BC5955N,0034,UK,BC5955,Arenal / Canal / Montañar
1024930,428898,5457311BC5955N0022ZO,6,"38.140,54","0,665","130,98",120,"250,98",38140.54,0.665,130.98,250.98,5457311,BC5955N,0022,ZO,BC5955,Arenal / Canal / Montañar
1024824,505928,5266508BC5956N0024IT,6,"38.242,85","0,666","131,00",120,"251,00",38242.85,0.666,131.0,251.0,5266508,BC5956N,0024,IT,BC5956,Arenal / Canal / Montañar
1009108,449505,2669811BC5926N0001HX,6,"38.468,87","0,670","131,03",120,"251,03",38468.87,0.67,131.03,251.03,2669811,BC5926N,0001,HX,BC5926,Rafalet / Lluca / Covatelles
1002681,508266,6550301BC5965S0042AS,6,"38.490,28","0,671","131,04",120,"251,04",38490.28,0.671,131.04,251.04,6550301,BC5965S,0042,AS,BC5965,Puerto / Aduanas
1021707,509830,5379503BC5957N0013BF,6,"38.543,96","0,672","131,05",120,"251,05",38543.96,0.672,131.05,251.05,5379503,BC5957N,0013,BF,BC5957,Arenal / Canal / Montañar
1020808,460928,5279802BC5957N0017SK,6,"38.615,45","0,673","131,06",120,"251,06",38615.45,0.673,131.06,251.06,5279802,BC5957N,0017,SK,BC5957,Arenal / Canal / Montañar
1024859,431720,5463706BC5956S0007WW,6,"38.661,08","0,674","131,06",120,"251,06",38661.08,0.674,131.06,251.06,5463706,BC5956S,0007,WW,BC5956,Arenal / Canal / Montañar
1008958,494335,5454116BC5955S0001TW,6,"38.696,33","0,674","131,07",120,"251,07",38696.33,0.674,131.07,251.07,5454116,BC5955S,0001,TW,BC5955,Arenal / Canal / Montañar
1000609,501767,3865111BC5937S0008KS,6,"38.864,95","0,677","131,10",120,"251,10",38864.95,0.677,131.1,251.1,3865111,BC5937S,0008,KS,BC5937,Casco urbano / Pueblo
1023587,446559,5652204BC5955S0076WP,6,"38.929,91","0,678","131,11",120,"251,11",38929.91,0.678,131.11,251.11,5652204,BC5955S,0076,WP,BC5955,Arenal / Canal / Montañar
1022490,507705,5652204BC5955S0009WP,6,"38.935,28","0,679","131,11",120,"251,11",38935.28,0.679,131.11,251.11,5652204,BC5955S,0009,WP,BC5955,Arenal / Canal / Montañar
1031191,485039,5469010BC5756N0013HP,6,"38.939,49","0,679","131,11",120,"251,11",38939.49,0.679,131.11,251.11,5469010,BC5756N,0013,HP,BC5756,Sin clasificar / revisar
1013967,501336,2644009BC5924S0001DL,6,"38.946,53","0,679","131,11",120,"251,11",38946.53,0.679,131.11,251.11,2644009,BC5924S,0001,DL,BC5924,Rafalet / Lluca / Covatelles
1027581,487850,5463707BC5956S0042AW,6,"38.969,60","0,679","131,11",120,"251,11",38969.6,0.679,131.11,251.11,5463707,BC5956S,0042,AW,BC5956,Arenal / Canal / Montañar
10000468,503716,4475719BC5947N0010OU,6,"39.027,36","0,680","131,12",120,"251,12",39027.36,0.68,131.12,251.12,4475719,BC5947N,0010,OU,BC5947,Casco urbano / Pueblo
1014558,481363,3562809BC5937S0002SY,6,"39.114,98","0,682","131,14",120,"251,14",39114.98,0.682,131.14,251.14,3562809,BC5937S,0002,SY,BC5937,Casco urbano / Pueblo
1025815,502679,5457312BC5955N0009MW,6,"39.241,16","0,684","131,15",120,"251,15",39241.16,0.684,131.15,251.15,5457312,BC5955N,0009,MW,BC5955,Arenal / Canal / Montañar
1022602,461344,5170805BC5957S0016QW,6,"39.243,34","0,684","131,16",120,"251,16",39243.34,0.684,131.16,251.16,5170805,BC5957S,0016,QW,BC5957,Arenal / Canal / Montañar
1020342,487023,4778301BC5947N0013DP,6,"39.279,17","0,685","131,16",120,"251,16",39279.17,0.685,131.16,251.16,4778301,BC5947N,0013,DP,BC5947,Casco urbano / Pueblo
1003198,493981,5856803BC5955N0009ZW,6,"39.290,91","0,685","131,16",120,"251,16",39290.91,0.685,131.16,251.16,5856803,BC5955N,0009,ZW,BC5955,Arenal / Canal / Montañar
1031660,487744,5463707BC5956S0131YB,6,"39.300,01","0,685","131,16",120,"251,16",39300.01,0.685,131.16,251.16,5463707,BC5956S,0131,YB,BC5956,Arenal / Canal / Montañar
1022492,446306,5652204BC5955S0011QO,6,"39.369,23","0,686","131,18",120,"251,18",39369.23,0.686,131.18,251.18,5652204,BC5955S,0011,QO,BC5955,Arenal / Canal / Montañar
1021498,491620,5560001BC5955N0184IP,6,"39.418,63","0,687","131,18",120,"251,18",39418.63,0.687,131.18,251.18,5560001,BC5955N,0184,IP,BC5955,Arenal / Canal / Montañar
1025843,443985,5457312BC5955N0029FH,6,"39.421,04","0,687","131,18",120,"251,18",39421.04,0.687,131.18,251.18,5457312,BC5955N,0029,FH,BC5955,Arenal / Canal / Montañar
1017076,488236,5656501BC5955N0028BG,6,"39.515,59","0,689","131,20",120,"251,20",39515.59,0.689,131.2,251.2,5656501,BC5955N,0028,BG,BC5955,Arenal / Canal / Montañar
1027137,509232,5564501BC5956S0005DM,6,"39.653,15","0,691","131,22",120,"251,22",39653.15,0.691,131.22,251.22,5564501,BC5956S,0005,DM,BC5956,Arenal / Canal / Montañar
1028579,463864,5463707BC5956S0035UZ,6,"39.703,01","0,692","131,23",120,"251,23",39703.01,0.692,131.23,251.23,5463707,BC5956S,0035,UZ,BC5956,Arenal / Canal / Montañar
1021469,492256,5560001BC5955N0155AD,6,"39.708,41","0,692","131,23",120,"251,23",39708.41,0.692,131.23,251.23,5560001,BC5955N,0155,AD,BC5955,Arenal / Canal / Montañar
1025074,495157,5368404BC5956N0028BO,6,"39.712,87","0,692","131,23",120,"251,23",39712.87,0.692,131.23,251.23,5368404,BC5956N,0028,BO,BC5956,Arenal / Canal / Montañar
1026244,494631,5760106BC5955N0125MG,6,"39.714,09","0,692","131,23",120,"251,23",39714.09,0.692,131.23,251.23,5760106,BC5955N,0125,MG,BC5955,Arenal / Canal / Montañar
1014734,506202,2571626BC5927S0001RQ,6,"39.720,36","0,692","131,23",120,"251,23",39720.36,0.692,131.23,251.23,2571626,BC5927S,0001,RQ,BC5927,Rafalet / Lluca / Covatelles
1024554,508923,5170807BC5957S0011FB,6,"39.743,75","0,693","131,23",120,"251,23",39743.75,0.693,131.23,251.23,5170807,BC5957S,0011,FB,BC5957,Arenal / Canal / Montañar
1025532,498160,5483030BC5958S0004GP,6,"39.756,86","0,693","131,24",120,"251,24",39756.86,0.693,131.24,251.24,5483030,BC5958S,0004,GP,BC5958,Arenal / Canal / Montañar
1025531,509389,5483030BC5958S0003FO,6,"39.756,86","0,693","131,24",120,"251,24",39756.86,0.693,131.24,251.24,5483030,BC5958S,0003,FO,BC5958,Arenal / Canal / Montañar
1021550,463667,4877001BC5947N0019JH,6,"39.759,66","0,693","131,24",120,"251,24",39759.66,0.693,131.24,251.24,4877001,BC5947N,0019,JH,BC5947,Casco urbano / Pueblo
1021644,488985,5470503BC5956N0003YD,6,"39.813,93","0,694","131,24",120,"251,24",39813.93,0.694,131.24,251.24,5470503,BC5956N,0003,YD,BC5956,Arenal / Canal / Montañar
1021687,484900,7518409BC5971N0001JE,6,"39.814,08","0,694","131,24",120,"251,24",39814.08,0.694,131.24,251.24,7518409,BC5971N,0001,JE,BC5971,Tosalet / Cap Martí
1031663,490235,5463707BC5956S0134OM,6,"39.863,49","0,695","131,25",120,"251,25",39863.49,0.695,131.25,251.25,5463707,BC5956S,0134,OM,BC5956,Arenal / Canal / Montañar
1002210,495811,6846001BC5964N0011JA,6,"39.879,95","0,695","131,26",120,"251,26",39879.95,0.695,131.26,251.26,6846001,BC5964N,0011,JA,BC5964,Puerto / Aduanas
1002138,488398,6846001BC5964N0013LD,6,"39.879,95","0,695","131,26",120,"251,26",39879.95,0.695,131.26,251.26,6846001,BC5964N,0013,LD,BC5964,Puerto / Aduanas
1002337,478058,6551001BC5965S0143IH,6,"39.917,80","0,696","131,26",120,"251,26",39917.8,0.696,131.26,251.26,6551001,BC5965S,0143,IH,BC5965,Puerto / Aduanas
1000164,440362,5446008BC5954N0001MM,6,"40.044,26","0,698","131,28",120,"251,28",40044.26,0.698,131.28,251.28,5446008,BC5954N,0001,MM,BC5954,Arenal / Canal / Montañar
1028217,486451,5454153BC5955S0059BX,6,"40.046,43","0,698","131,28",120,"251,28",40046.43,0.698,131.28,251.28,5454153,BC5955S,0059,BX,BC5955,Arenal / Canal / Montañar
1009552,500543,2578918BC5927N0001YH,6,"40.072,12","0,698","131,29",120,"251,29",40072.12,0.698,131.29,251.29,2578918,BC5927N,0001,YH,BC5927,Rafalet / Lluca / Covatelles
10000529,511245,4475719BC5947N0072UT,6,"40.087,70","0,699","131,29",120,"251,29",40087.7,0.699,131.29,251.29,4475719,BC5947N,0072,UT,BC5947,Casco urbano / Pueblo
1005454,478102,9190507BC4999S0001WT,6,"40.151,74","0,700","131,30",120,"251,30",40151.74,0.7,131.3,251.3,9190507,BC4999S,0001,WT,BC4999,Les Fonts / Castellans
1021579,446897,4877001BC5947N0048FD,6,"40.336,79","0,703","131,33",120,"251,33",40336.79,0.703,131.33,251.33,4877001,BC5947N,0048,FD,BC5947,Casco urbano / Pueblo
1002297,485118,6352001BC5965S0018PB,6,"40.340,90","0,703","131,33",120,"251,33",40340.9,0.703,131.33,251.33,6352001,BC5965S,0018,PB,BC5965,Puerto / Aduanas
1003076,507153,6352001BC5965S0012RF,6,"40.340,90","0,703","131,33",120,"251,33",40340.9,0.703,131.33,251.33,6352001,BC5965S,0012,RF,BC5965,Puerto / Aduanas
1016656,470586,5656501BC5955N0013IE,6,"40.429,34","0,705","131,34",120,"251,34",40429.34,0.705,131.34,251.34,5656501,BC5955N,0013,IE,BC5955,Arenal / Canal / Montañar
1012402,463773,5656501BC5955N0003QL,6,"40.429,34","0,705","131,34",120,"251,34",40429.34,0.705,131.34,251.34,5656501,BC5955N,0003,QL,BC5955,Arenal / Canal / Montañar
1016711,497195,5656501BC5955N0015PT,6,"40.429,34","0,705","131,34",120,"251,34",40429.34,0.705,131.34,251.34,5656501,BC5955N,0015,PT,BC5955,Arenal / Canal / Montañar
1021606,467894,4877001BC5947N0076PO,6,"40.489,81","0,706","131,35",120,"251,35",40489.81,0.706,131.35,251.35,4877001,BC5947N,0076,PO,BC5947,Casco urbano / Pueblo
1021602,463216,4877001BC5947N0072YT,6,"40.489,81","0,706","131,35",120,"251,35",40489.81,0.706,131.35,251.35,4877001,BC5947N,0072,YT,BC5947,Casco urbano / Pueblo
1027167,458882,5266501BC5956N0005QG,6,"40.510,53","0,706","131,35",120,"251,35",40510.53,0.706,131.35,251.35,5266501,BC5956N,0005,QG,BC5956,Arenal / Canal / Montañar
1027166,481561,5266501BC5956N0006WH,6,"40.510,53","0,706","131,35",120,"251,35",40510.53,0.706,131.35,251.35,5266501,BC5956N,0006,WH,BC5956,Arenal / Canal / Montañar
1008137,509931,4842304BC5944S0001ER,6,"40.528,42","0,706","131,36",120,"251,36",40528.42,0.706,131.36,251.36,4842304,BC5944S,0001,ER,BC5944,Casco urbano / Pueblo
1005783,509456,2876302BC5927N0001GH,6,"40.534,70","0,706","131,36",120,"251,36",40534.7,0.706,131.36,251.36,2876302,BC5927N,0001,GH,BC5927,Rafalet / Lluca / Covatelles
1005795,507605,2176824BC5927N0001TH,6,"40.547,91","0,707","131,36",120,"251,36",40547.91,0.707,131.36,251.36,2176824,BC5927N,0001,TH,BC5927,Rafalet / Lluca / Covatelles
1026801,481101,5470819BC5957S0011WB,6,"40.646,43","0,708","131,38",120,"251,38",40646.43,0.708,131.38,251.38,5470819,BC5957S,0011,WB,BC5957,Arenal / Canal / Montañar
1022549,489350,3965003BC5937S0011US,6,"40.671,92","0,709","131,38",120,"251,38",40671.92,0.709,131.38,251.38,3965003,BC5937S,0011,US,BC5937,Casco urbano / Pueblo
1025499,462931,5169033BC5956N0007YJ,6,"40.704,24","0,709","131,38",120,"251,38",40704.24,0.709,131.38,251.38,5169033,BC5956N,0007,YJ,BC5956,Arenal / Canal / Montañar
1026240,485138,5760106BC5955N0121LA,6,"40.734,47","0,710","131,39",120,"251,39",40734.47,0.71,131.39,251.39,5760106,BC5955N,0121,LA,BC5955,Arenal / Canal / Montañar
1012506,489093,5337507BC5953N0001SY,6,"40.853,25","0,712","131,41",120,"251,41",40853.25,0.712,131.41,251.41,5337507,BC5953N,0001,SY,BC5953,Arenal / Canal / Montañar
1008421,474822,5227002BC5957N0077ZF,6,"40.887,04","0,713","131,41",120,"251,41",40887.04,0.713,131.41,251.41,5227002,BC5957N,0077,ZF,BC5957,Arenal / Canal / Montañar
10000492,504017,4475719BC5947N0034RW,6,"40.951,00","0,714","131,42",120,"251,42",40951.0,0.714,131.42,251.42,4475719,BC5947N,0034,RW,BC5947,Casco urbano / Pueblo
1011845,452516,0478106BC5907N0001DI,6,"40.969,94","0,714","131,43",120,"251,43",40969.94,0.714,131.43,251.43,0478106,BC5907N,0001,DI,BC5907,Montgó / Toscamar
1004627,477201,5482403BC5958S0001XU,6,"41.087,02","0,716","131,44",120,"251,44",41087.02,0.716,131.44,251.44,5482403,BC5958S,0001,XU,BC5958,Arenal / Canal / Montañar
1021360,425858,5560001BC5955N0046WR,6,"41.103,40","0,716","131,45",120,"251,45",41103.4,0.716,131.45,251.45,5560001,BC5955N,0046,WR,BC5955,Arenal / Canal / Montañar
1022922,499909,5760104BC5956S0002IB,6,"41.120,04","0,717","131,45",120,"251,45",41120.04,0.717,131.45,251.45,5760104,BC5956S,0002,IB,BC5956,Arenal / Canal / Montañar
1011213,510753,5762001BC5956S0039GW,6,"41.134,88","0,717","131,45",120,"251,45",41134.88,0.717,131.45,251.45,5762001,BC5956S,0039,GW,BC5956,Arenal / Canal / Montañar
1011293,454818,5762001BC5956S0030YH,6,"41.134,88","0,717","131,45",120,"251,45",41134.88,0.717,131.45,251.45,5762001,BC5956S,0030,YH,BC5956,Arenal / Canal / Montañar
1017631,460383,2281003BC5928S0001QK,6,"41.194,46","0,718","131,46",120,"251,46",41194.46,0.718,131.46,251.46,2281003,BC5928S,0001,QK,BC5928,Rafalet / Lluca / Covatelles
1027164,466394,5266501BC5956N0008RK,6,"41.236,48","0,719","131,47",120,"251,47",41236.48,0.719,131.47,251.47,5266501,BC5956N,0008,RK,BC5956,Arenal / Canal / Montañar
1025518,475884,5169033BC5956N0026LU,6,"41.267,80","0,719","131,47",120,"251,47",41267.8,0.719,131.47,251.47,5169033,BC5956N,0026,LU,BC5956,Arenal / Canal / Montañar
1027177,478310,5266501BC5956N0009TL,6,"41.287,47","0,720","131,48",120,"251,48",41287.47,0.72,131.48,251.48,5266501,BC5956N,0009,TL,BC5956,Arenal / Canal / Montañar
1005784,506022,2279918BC5927N0001SH,6,"41.330,16","0,720","131,48",120,"251,48",41330.16,0.72,131.48,251.48,2279918,BC5927N,0001,SH,BC5927,Rafalet / Lluca / Covatelles
1018811,489878,5174001BC5957S0050ZQ,6,"41.372,59","0,721","131,49",120,"251,49",41372.59,0.721,131.49,251.49,5174001,BC5957S,0050,ZQ,BC5957,Arenal / Canal / Montañar
1016068,468706,6251304BC5965S0019UZ,6,"41.434,40","0,722","131,50",120,"251,50",41434.4,0.722,131.5,251.5,6251304,BC5965S,0019,UZ,BC5965,Puerto / Aduanas
1007339,468710,7517001BC5971N0001HE,6,"41.539,28","0,724","131,52",120,"251,52",41539.28,0.724,131.52,251.52,7517001,BC5971N,0001,HE,BC5971,Tosalet / Cap Martí
1003248,460292,6352002BC5965S0045FG,6,"41.562,27","0,724","131,52",120,"251,52",41562.27,0.724,131.52,251.52,6352002,BC5965S,0045,FG,BC5965,Puerto / Aduanas
1002836,460290,6352002BC5965S0053LB,6,"41.562,27","0,724","131,52",120,"251,52",41562.27,0.724,131.52,251.52,6352002,BC5965S,0053,LB,BC5965,Puerto / Aduanas
1020278,465044,6352002BC5965S0056XM,6,"41.562,27","0,724","131,52",120,"251,52",41562.27,0.724,131.52,251.52,6352002,BC5965S,0056,XM,BC5965,Puerto / Aduanas
1031238,466193,5469010BC5756N0001UQ,6,"41.562,79","0,724","131,52",120,"251,52",41562.79,0.724,131.52,251.52,5469010,BC5756N,0001,UQ,BC5756,Sin clasificar / revisar
1020428,494669,5847013BC5954N0001FM,6,"41.591,93","0,725","131,52",120,"251,52",41591.93,0.725,131.52,251.52,5847013,BC5954N,0001,FM,BC5954,Arenal / Canal / Montañar
1006517,507639,5847041BC5954N0001QM,6,"41.591,93","0,725","131,52",120,"251,52",41591.93,0.725,131.52,251.52,5847041,BC5954N,0001,QM,BC5954,Arenal / Canal / Montañar
1006484,510662,5847016BC5954N0001KM,6,"41.591,93","0,725","131,52",120,"251,52",41591.93,0.725,131.52,251.52,5847016,BC5954N,0001,KM,BC5954,Arenal / Canal / Montañar
1006533,479249,5847035BC5954N0001BM,6,"41.591,93","0,725","131,52",120,"251,52",41591.93,0.725,131.52,251.52,5847035,BC5954N,0001,BM,BC5954,Arenal / Canal / Montañar
1003226,484511,6352005BC5965S0047BJ,6,"41.602,12","0,725","131,53",120,"251,53",41602.12,0.725,131.53,251.53,6352005,BC5965S,0047,BJ,BC5965,Puerto / Aduanas
1002521,459531,6352005BC5965S0018MB,6,"41.602,12","0,725","131,53",120,"251,53",41602.12,0.725,131.53,251.53,6352005,BC5965S,0018,MB,BC5965,Puerto / Aduanas
1018804,505913,5380703BC5957N0003AU,6,"41.670,34","0,726","131,54",120,"251,54",41670.34,0.726,131.54,251.54,5380703,BC5957N,0003,AU,BC5957,Arenal / Canal / Montañar
1018806,504967,5380703BC5957N0005DO,6,"41.670,34","0,726","131,54",120,"251,54",41670.34,0.726,131.54,251.54,5380703,BC5957N,0005,DO,BC5957,Arenal / Canal / Montañar
1012483,481825,1195384BC5917N0001QS,6,"41.774,60","0,728","131,55",120,"251,55",41774.6,0.728,131.55,251.55,1195384,BC5917N,0001,QS,BC5917,Montgó / Toscamar
1021467,491470,5560001BC5955N0153OA,6,"41.808,59","0,729","131,56",120,"251,56",41808.59,0.729,131.56,251.56,5560001,BC5955N,0153,OA,BC5955,Arenal / Canal / Montañar
1017826,476944,1841107BC5914S0001QG,6,"41.847,52","0,729","131,56",120,"251,56",41847.52,0.729,131.56,251.56,1841107,BC5914S,0001,QG,BC5914,Montgó / Toscamar
1004535,487019,9215009BC5991S0001DL,6,"41.847,56","0,729","131,56",120,"251,56",41847.56,0.729,131.56,251.56,9215009,BC5991S,0001,DL,BC5991,Costa Nova / Balcón al Mar / Ambolo
1004532,488336,9215019BC5991S0001UL,6,"41.847,56","0,729","131,56",120,"251,56",41847.56,0.729,131.56,251.56,9215019,BC5991S,0001,UL,BC5991,Costa Nova / Balcón al Mar / Ambolo
1004523,495654,9215006BC5991S0001OL,6,"41.847,56","0,729","131,56",120,"251,56",41847.56,0.729,131.56,251.56,9215006,BC5991S,0001,OL,BC5991,Costa Nova / Balcón al Mar / Ambolo
1004524,490305,9215008BC5991S0001RL,6,"41.847,56","0,729","131,56",120,"251,56",41847.56,0.729,131.56,251.56,9215008,BC5991S,0001,RL,BC5991,Costa Nova / Balcón al Mar / Ambolo
1028183,482293,5457801BC5955S0070AR,6,"41.905,21","0,730","131,57",120,"251,57",41905.21,0.73,131.57,251.57,5457801,BC5955S,0070,AR,BC5955,Arenal / Canal / Montañar
1008911,474668,8882614BC4988S0001JU,6,"41.937,07","0,731","131,58",120,"251,58",41937.07,0.731,131.58,251.58,8882614,BC4988S,0001,JU,BC4988,Les Fonts / Castellans
1025522,475881,5169033BC5956N0030BI,6,"41.939,73","0,731","131,58",120,"251,58",41939.73,0.731,131.58,251.58,5169033,BC5956N,0030,BI,BC5956,Arenal / Canal / Montañar
1025504,447699,5169033BC5956N0012IL,6,"41.965,90","0,731","131,58",120,"251,58",41965.9,0.731,131.58,251.58,5169033,BC5956N,0012,IL,BC5956,Arenal / Canal / Montañar
1025502,495803,5169033BC5956N0010YJ,6,"41.996,68","0,732","131,59",120,"251,59",41996.68,0.732,131.59,251.59,5169033,BC5956N,0010,YJ,BC5956,Arenal / Canal / Montañar
1012160,509541,6943636BC5964S0001GS,6,"42.052,81","0,733","131,60",120,"251,60",42052.81,0.733,131.6,251.6,6943636,BC5964S,0001,GS,BC5964,Puerto / Aduanas
1012246,477731,6943628BC5964S0001HS,6,"42.052,81","0,733","131,60",120,"251,60",42052.81,0.733,131.6,251.6,6943628,BC5964S,0001,HS,BC5964,Puerto / Aduanas
1023689,492361,5658002BC5955N0241OT,6,"42.112,43","0,734","131,61",120,"251,61",42112.43,0.734,131.61,251.61,5658002,BC5955N,0241,OT,BC5955,Arenal / Canal / Montañar
1023684,471577,5658002BC5955N0236UE,6,"42.112,43","0,734","131,61",120,"251,61",42112.43,0.734,131.61,251.61,5658002,BC5955N,0236,UE,BC5955,Arenal / Canal / Montañar
1010014,491920,2578936BC5927N0001XH,6,"42.249,77","0,736","131,63",120,"251,63",42249.77,0.736,131.63,251.63,2578936,BC5927N,0001,XH,BC5927,Rafalet / Lluca / Covatelles
1020797,491743,2622309BC5922S0001FI,6,"42.264,17","0,737","131,63",120,"251,63",42264.17,0.737,131.63,251.63,2622309,BC5922S,0001,FI,BC5922,Rafalet / Lluca / Covatelles
1002276,468249,6650707BC5964N0013UD,6,"42.321,60","0,738","131,64",120,"251,64",42321.6,0.738,131.64,251.64,6650707,BC5964N,0013,UD,BC5964,Puerto / Aduanas
1001882,477754,5658008BC5955N0020LU,6,"42.372,52","0,738","131,65",120,"251,65",42372.52,0.738,131.65,251.65,5658008,BC5955N,0020,LU,BC5955,Arenal / Canal / Montañar
1001375,510962,5658008BC5955N0026WD,6,"42.372,52","0,738","131,65",120,"251,65",42372.52,0.738,131.65,251.65,5658008,BC5955N,0026,WD,BC5955,Arenal / Canal / Montañar
1001762,482663,5658008BC5955N0023XP,6,"42.372,52","0,738","131,65",120,"251,65",42372.52,0.738,131.65,251.65,5658008,BC5955N,0023,XP,BC5955,Arenal / Canal / Montañar
1025511,487586,5169033BC5956N0019GE,6,"42.391,80","0,739","131,65",120,"251,65",42391.8,0.739,131.65,251.65,5169033,BC5956N,0019,GE,BC5956,Arenal / Canal / Montañar
1024877,501161,4977316BC5947N0012UO,6,"42.398,35","0,739","131,65",120,"251,65",42398.35,0.739,131.65,251.65,4977316,BC5947N,0012,UO,BC5947,Casco urbano / Pueblo
1026450,465888,4871006BC5947S0044WJ,6,"42.417,61","0,739","131,65",120,"251,65",42417.61,0.739,131.65,251.65,4871006,BC5947S,0044,WJ,BC5947,Casco urbano / Pueblo
1026448,465695,4871006BC5947S0042MG,6,"42.435,28","0,740","131,66",120,"251,66",42435.28,0.74,131.66,251.66,4871006,BC5947S,0042,MG,BC5947,Casco urbano / Pueblo
1026446,492019,4871006BC5947S0040ZD,6,"42.435,28","0,740","131,66",120,"251,66",42435.28,0.74,131.66,251.66,4871006,BC5947S,0040,ZD,BC5947,Casco urbano / Pueblo
1011363,481729,5859013BC5955N0022TO,6,"42.465,83","0,740","131,66",120,"251,66",42465.83,0.74,131.66,251.66,5859013,BC5955N,0022,TO,BC5955,Arenal / Canal / Montañar
1021710,491225,5379503BC5957N0016MJ,6,"42.489,10","0,740","131,66",120,"251,66",42489.1,0.74,131.66,251.66,5379503,BC5957N,0016,MJ,BC5957,Arenal / Canal / Montañar
1007898,460327,2229314BC5922N0001UM,6,"42.507,85","0,741","131,67",120,"251,67",42507.85,0.741,131.67,251.67,2229314,BC5922N,0001,UM,BC5922,Rafalet / Lluca / Covatelles
1004836,496141,0176310BC4997N0001ZO,6,"42.533,37","0,741","131,67",120,"251,67",42533.37,0.741,131.67,251.67,0176310,BC4997N,0001,ZO,BC4997,Les Fonts / Castellans
1016066,478854,6251304BC5965S0035JI,6,"42.550,59","0,742","131,67",120,"251,67",42550.59,0.742,131.67,251.67,6251304,BC5965S,0035,JI,BC5965,Puerto / Aduanas
1016154,483849,6660008BC5964N0004JU,6,"42.555,28","0,742","131,67",120,"251,67",42555.28,0.742,131.67,251.67,6660008,BC5964N,0004,JU,BC5964,Puerto / Aduanas
1000016,510771,4351303BC5945S0001KZ,6,"42.573,86","0,742","131,68",120,"251,68",42573.86,0.742,131.68,251.68,4351303,BC5945S,0001,KZ,BC5945,Casco urbano / Pueblo
1021878,482250,5169036BC5956N0131TS,6,"42.586,06","0,742","131,68",120,"251,68",42586.06,0.742,131.68,251.68,5169036,BC5956N,0131,TS,BC5956,Arenal / Canal / Montañar
1023680,479605,5658002BC5955N0232EX,6,"42.635,58","0,743","131,69",120,"251,69",42635.58,0.743,131.69,251.69,5658002,BC5955N,0232,EX,BC5955,Arenal / Canal / Montañar
1013075,468768,7491016BC5974S0001FH,6,"42.643,83","0,743","131,69",120,"251,69",42643.83,0.743,131.69,251.69,7491016,BC5974S,0001,FH,BC5974,Portitxol / Toscal / Trencall
1006643,479898,9284158BC4998S0001AA,6,"42.778,04","0,746","131,71",120,"251,71",42778.04,0.746,131.71,251.71,9284158,BC4998S,0001,AA,BC4998,Les Fonts / Castellans
1023642,459114,5658002BC5955N0194ZJ,6,"42.815,21","0,746","131,72",120,"251,72",42815.21,0.746,131.72,251.72,5658002,BC5955N,0194,ZJ,BC5955,Arenal / Canal / Montañar
1023645,463862,5658002BC5955N0188KF,6,"42.815,21","0,746","131,72",120,"251,72",42815.21,0.746,131.72,251.72,5658002,BC5955N,0188,KF,BC5955,Arenal / Canal / Montañar
1005093,477360,2347803BC5924N0001UA,6,"42.825,61","0,746","131,72",120,"251,72",42825.61,0.746,131.72,251.72,2347803,BC5924N,0001,UA,BC5924,Rafalet / Lluca / Covatelles
1025694,439166,5750211BC5955S0014XS,6,"42.833,78","0,746","131,72",120,"251,72",42833.78,0.746,131.72,251.72,5750211,BC5955S,0014,XS,BC5955,Arenal / Canal / Montañar
1013783,478664,5373001BC5957S0026IO,6,"42.882,35","0,747","131,73",120,"251,73",42882.35,0.747,131.73,251.73,5373001,BC5957S,0026,IO,BC5957,Arenal / Canal / Montañar
1004129,478016,2666606BC5926N0001ZX,6,"42.900,70","0,748","131,73",120,"251,73",42900.7,0.748,131.73,251.73,2666606,BC5926N,0001,ZX,BC5926,Rafalet / Lluca / Covatelles
1008468,508595,5227002BC5957N0044BD,6,"42.919,94","0,748","131,73",120,"251,73",42919.94,0.748,131.73,251.73,5227002,BC5957N,0044,BD,BC5957,Arenal / Canal / Montañar
1021953,477364,7319409BC5971N0001GE,6,"42.990,49","0,749","131,74",120,"251,74",42990.49,0.749,131.74,251.74,7319409,BC5971N,0001,GE,BC5971,Tosalet / Cap Martí
1007072,489649,7124319BC5972S0001IT,6,"42.997,28","0,749","131,74",120,"251,74",42997.28,0.749,131.74,251.74,7124319,BC5972S,0001,IT,BC5972,Tosalet / Cap Martí
1008481,499252,2229308BC5923S0001EW,6,"43.013,03","0,750","131,75",120,"251,75",43013.03,0.75,131.75,251.75,2229308,BC5923S,0001,EW,BC5923,Rafalet / Lluca / Covatelles
1025831,496782,5457312BC5955N0021YI,6,"43.049,41","0,750","131,75",120,"251,75",43049.41,0.75,131.75,251.75,5457312,BC5955N,0021,YI,BC5955,Arenal / Canal / Montañar
1026417,449632,4871006BC5947S0011QH,6,"43.070,85","0,751","131,76",120,"251,76",43070.85,0.751,131.76,251.76,4871006,BC5947S,0011,QH,BC5947,Casco urbano / Pueblo
1018943,477496,4778301BC5947N0092XL,6,"43.095,85","0,751","131,76",120,"251,76",43095.85,0.751,131.76,251.76,4778301,BC5947N,0092,XL,BC5947,Casco urbano / Pueblo
1023706,466766,5658002BC5955N0258ML,6,"43.181,35","0,753","131,77",120,"251,77",43181.35,0.753,131.77,251.77,5658002,BC5955N,0258,ML,BC5955,Arenal / Canal / Montañar
1026343,453626,4776101BC5947N0006FY,6,"43.233,48","0,753","131,78",120,"251,78",43233.48,0.753,131.78,251.78,4776101,BC5947N,0006,FY,BC5947,Casco urbano / Pueblo
1011514,493707,5859012BC5955N0011AQ,6,"43.274,73","0,754","131,79",120,"251,79",43274.73,0.754,131.79,251.79,5859012,BC5955N,0011,AQ,BC5955,Arenal / Canal / Montañar
1011520,470651,5859012BC5955N0001RJ,6,"43.274,73","0,754","131,79",120,"251,79",43274.73,0.754,131.79,251.79,5859012,BC5955N,0001,RJ,BC5955,Arenal / Canal / Montañar
1011444,510671,5859012BC5955N0006OX,6,"43.274,73","0,754","131,79",120,"251,79",43274.73,0.754,131.79,251.79,5859012,BC5955N,0006,OX,BC5955,Arenal / Canal / Montañar
1007341,483212,7518404BC5971N0001KE,6,"43.279,12","0,754","131,79",120,"251,79",43279.12,0.754,131.79,251.79,7518404,BC5971N,0001,KE,BC5971,Tosalet / Cap Martí
1025081,475175,5368404BC5956N0025JY,6,"43.305,59","0,755","131,79",120,"251,79",43305.59,0.755,131.79,251.79,5368404,BC5956N,0025,JY,BC5956,Arenal / Canal / Montañar
1025083,478012,5368404BC5956N0032ZP,6,"43.305,59","0,755","131,79",120,"251,79",43305.59,0.755,131.79,251.79,5368404,BC5956N,0032,ZP,BC5956,Arenal / Canal / Montañar
1022815,481900,7043241BC5964S0099SF,6,"43.317,43","0,755","131,79",120,"251,79",43317.43,0.755,131.79,251.79,7043241,BC5964S,0099,SF,BC5964,Puerto / Aduanas
1021554,478406,4877001BC5947N0023KJ,6,"43.376,09","0,756","131,80",120,"251,80",43376.09,0.756,131.8,251.8,4877001,BC5947N,0023,KJ,BC5947,Casco urbano / Pueblo
1020566,475452,5662001BC5956S0017UO,6,"43.405,95","0,756","131,81",120,"251,81",43405.95,0.756,131.81,251.81,5662001,BC5956S,0017,UO,BC5956,Arenal / Canal / Montañar
1020560,490506,5662001BC5956S0011QE,6,"43.405,95","0,756","131,81",120,"251,81",43405.95,0.756,131.81,251.81,5662001,BC5956S,0011,QE,BC5956,Arenal / Canal / Montañar
1012598,470330,5337501BC5953N0001RY,6,"43.417,49","0,757","131,81",120,"251,81",43417.49,0.757,131.81,251.81,5337501,BC5953N,0001,RY,BC5953,Arenal / Canal / Montañar
1025498,462929,5169033BC5956N0006TH,6,"43.513,94","0,758","131,83",120,"251,83",43513.94,0.758,131.83,251.83,5169033,BC5956N,0006,TH,BC5956,Arenal / Canal / Montañar
1010371,468440,8229216BC5982N0001UQ,6,"43.595,71","0,760","131,84",120,"251,84",43595.71,0.76,131.84,251.84,8229216,BC5982N,0001,UQ,BC5982,Costa Nova / Balcón al Mar / Ambolo
1002972,466151,7046003BC5974N0001DI,6,"43.684,64","0,761","131,85",120,"251,85",43684.64,0.761,131.85,251.85,7046003,BC5974N,0001,DI,BC5974,Portitxol / Toscal / Trencall
1015344,477882,1433313BC5913S0001BZ,6,"43.720,78","0,762","131,86",120,"251,86",43720.78,0.762,131.86,251.86,1433313,BC5913S,0001,BZ,BC5913,Montgó / Toscamar
1018176,483378,2963062BC5936S0001QA,6,"43.736,35","0,762","131,86",120,"251,86",43736.35,0.762,131.86,251.86,2963062,BC5936S,0001,QA,BC5936,Casco urbano / Pueblo
1009845,499104,5227002BC5957N0018EL,6,"43.747,04","0,762","131,86",120,"251,86",43747.04,0.762,131.86,251.86,5227002,BC5957N,0018,EL,BC5957,Arenal / Canal / Montañar
1022816,446560,7043241BC5964S0100SF,6,"43.785,85","0,763","131,87",120,"251,87",43785.85,0.763,131.87,251.87,7043241,BC5964S,0100,SF,BC5964,Puerto / Aduanas
1020337,483358,4778301BC5947N0074PU,6,"44.054,36","0,768","131,91",120,"251,91",44054.36,0.768,131.91,251.91,4778301,BC5947N,0074,PU,BC5947,Casco urbano / Pueblo
1021847,500440,5169036BC5956N0099YD,6,"44.090,50","0,768","131,92",120,"251,92",44090.5,0.768,131.92,251.92,5169036,BC5956N,0099,YD,BC5956,Arenal / Canal / Montañar
1021886,478250,5169036BC5956N0139DB,6,"44.090,50","0,768","131,92",120,"251,92",44090.5,0.768,131.92,251.92,5169036,BC5956N,0139,DB,BC5956,Arenal / Canal / Montañar
1021860,502174,5169036BC5956N0112GX,6,"44.090,50","0,768","131,92",120,"251,92",44090.5,0.768,131.92,251.92,5169036,BC5956N,0112,GX,BC5956,Arenal / Canal / Montañar
1021869,491915,5169036BC5956N0122XY,6,"44.090,50","0,768","131,92",120,"251,92",44090.5,0.768,131.92,251.92,5169036,BC5956N,0122,XY,BC5956,Arenal / Canal / Montañar
1003168,511535,5856803BC5955N0010LM,6,"44.298,56","0,772","131,95",120,"251,95",44298.56,0.772,131.95,251.95,5856803,BC5955N,0010,LM,BC5955,Arenal / Canal / Montañar
1029190,497982,4933008BC5943S0001SP,6,"44.336,24","0,773","131,95",120,"251,95",44336.24,0.773,131.95,251.95,4933008,BC5943S,0001,SP,BC5943,Casco urbano / Pueblo
1030456,479325,0677405BC5907N0001KI,6,"44.337,31","0,773","131,95",120,"251,95",44337.31,0.773,131.95,251.95,0677405,BC5907N,0001,KI,BC5907,Montgó / Toscamar
1019393,448504,4834708BC5943S0001UP,6,"44.351,34","0,773","131,96",120,"251,96",44351.34,0.773,131.96,251.96,4834708,BC5943S,0001,UP,BC5943,Casco urbano / Pueblo
1000406,499452,5839101BC5953N0001RY,6,"44.370,95","0,773","131,96",120,"251,96",44370.95,0.773,131.96,251.96,5839101,BC5953N,0001,RY,BC5953,Arenal / Canal / Montañar
1018890,510401,5272701BC5957S0048OW,6,"44.455,49","0,775","131,97",120,"251,97",44455.49,0.775,131.97,251.97,5272701,BC5957S,0048,OW,BC5957,Arenal / Canal / Montañar
1023563,478970,5652204BC5955S0052UG,6,"44.576,36","0,777","131,99",120,"251,99",44576.36,0.777,131.99,251.99,5652204,BC5955S,0052,UG,BC5955,Arenal / Canal / Montañar
1022504,469765,5652204BC5955S0023PK,6,"44.576,36","0,777","131,99",120,"251,99",44576.36,0.777,131.99,251.99,5652204,BC5955S,0023,PK,BC5955,Arenal / Canal / Montañar
1023575,468255,5652204BC5955S0064HQ,6,"44.576,36","0,777","131,99",120,"251,99",44576.36,0.777,131.99,251.99,5652204,BC5955S,0064,HQ,BC5955,Arenal / Canal / Montañar
1018490,459891,5029002BC5952N0001GS,6,"44.585,25","0,777","131,99",120,"251,99",44585.25,0.777,131.99,251.99,5029002,BC5952N,0001,GS,BC5952,Arenal / Canal / Montañar
1025231,509874,5267004BC5956N0013KB,6,"44.611,97","0,777","132,00",120,"252,00",44611.97,0.777,132.0,252.0,5267004,BC5956N,0013,KB,BC5956,Arenal / Canal / Montañar
1012657,472334,4836810BC5943N0001SW,6,"44.653,78","0,778","132,00",120,"252,00",44653.78,0.778,132.0,252.0,4836810,BC5943N,0001,SW,BC5943,Casco urbano / Pueblo
1005785,479842,0979806BC5917N0001YS,6,"44.786,09","0,781","132,02",120,"252,02",44786.09,0.781,132.02,252.02,0979806,BC5917N,0001,YS,BC5917,Montgó / Toscamar
1026857,506174,5760106BC5955N0115HI,6,"44.825,05","0,781","132,03",120,"252,03",44825.05,0.781,132.03,252.03,5760106,BC5955N,0115,HI,BC5955,Arenal / Canal / Montañar
1006468,480210,5847039BC5954N0001PM,6,"44.851,98","0,782","132,03",120,"252,03",44851.98,0.782,132.03,252.03,5847039,BC5954N,0001,PM,BC5954,Arenal / Canal / Montañar
1023135,468992,5233804BC5953S0001IF,6,"44.872,02","0,782","132,04",120,"252,04",44872.02,0.782,132.04,252.04,5233804,BC5953S,0001,IF,BC5953,Arenal / Canal / Montañar
1020888,489959,0084942BC5908N0001OW,6,"44.901,53","0,783","132,04",120,"252,04",44901.53,0.783,132.04,252.04,0084942,BC5908N,0001,OW,BC5908,Montgó / Toscamar
1006034,481602,5933006BC5953S0001UF,6,"44.999,81","0,784","132,06",120,"252,06",44999.81,0.784,132.06,252.06,5933006,BC5953S,0001,UF,BC5953,Arenal / Canal / Montañar
1024841,488430,5266508BC5956N0041LH,6,"45.043,92","0,785","132,07",120,"252,07",45043.92,0.785,132.07,252.07,5266508,BC5956N,0041,LH,BC5956,Arenal / Canal / Montañar
1012480,467285,1195319BC5917N0001LS,6,"45.107,74","0,786","132,08",120,"252,08",45107.74,0.786,132.08,252.08,1195319,BC5917N,0001,LS,BC5917,Montgó / Toscamar
1023581,473486,5652204BC5955S0070LR,6,"45.187,61","0,788","132,09",120,"252,09",45187.61,0.788,132.09,252.09,5652204,BC5955S,0070,LR,BC5955,Arenal / Canal / Montañar
1001807,487305,5855102BC5955N0007MM,6,"45.306,83","0,790","132,11",120,"252,11",45306.83,0.79,132.11,252.11,5855102,BC5955N,0007,MM,BC5955,Arenal / Canal / Montañar
1010779,508206,5374710BC5957S0064YS,6,"45.383,45","0,791","132,12",120,"252,12",45383.45,0.791,132.12,252.12,5374710,BC5957S,0064,YS,BC5957,Arenal / Canal / Montañar
1010805,490759,5372020BC5957S0023WY,6,"45.405,16","0,791","132,12",120,"252,12",45405.16,0.791,132.12,252.12,5372020,BC5957S,0023,WY,BC5957,Arenal / Canal / Montañar
1022828,448797,7043242BC5964S0044RB,6,"45.450,39","0,792","132,13",120,"252,13",45450.39,0.792,132.13,252.13,7043242,BC5964S,0044,RB,BC5964,Puerto / Aduanas
1023108,498545,4064101BC5946S0004MK,6,"45.552,12","0,794","132,14",120,"252,14",45552.12,0.794,132.14,252.14,4064101,BC5946S,0004,MK,BC5946,Casco urbano / Pueblo
1023560,446309,5652204BC5955S0049UG,6,"45.621,55","0,795","132,16",120,"252,16",45621.55,0.795,132.16,252.16,5652204,BC5955S,0049,UG,BC5955,Arenal / Canal / Montañar
1009918,507124,5328610BC5957N0004SI,6,"45.667,45","0,796","132,16",120,"252,16",45667.45,0.796,132.16,252.16,5328610,BC5957N,0004,SI,BC5957,Arenal / Canal / Montañar
1029581,470334,03082A020001080001LA,6,"45.797,11","0,798","132,18",120,"252,18",45797.11,0.798,132.18,252.18,03082A0,2000108,0001,LA,200010,Sin clasificar / revisar
1003278,480522,8989310BC4998N0001LE,6,"45.811,66","0,798","132,19",120,"252,19",45811.66,0.798,132.19,252.19,8989310,BC4998N,0001,LE,BC4998,Les Fonts / Castellans
10000721,506848,5652205BC5955S0022KJ,6,"45.825,67","0,799","132,19",120,"252,19",45825.67,0.799,132.19,252.19,5652205,BC5955S,0022,KJ,BC5955,Arenal / Canal / Montañar
10000724,506509,5652205BC5955S0025ZB,6,"45.825,93","0,799","132,19",120,"252,19",45825.93,0.799,132.19,252.19,5652205,BC5955S,0025,ZB,BC5955,Arenal / Canal / Montañar
10000725,510680,5652205BC5955S0026XZ,6,"45.831,03","0,799","132,19",120,"252,19",45831.03,0.799,132.19,252.19,5652205,BC5955S,0026,XZ,BC5955,Arenal / Canal / Montañar
10000722,504922,5652205BC5955S0023LK,6,"45.841,40","0,799","132,19",120,"252,19",45841.4,0.799,132.19,252.19,5652205,BC5955S,0023,LK,BC5955,Arenal / Canal / Montañar
1021610,498218,4877001BC5947N0081SA,6,"45.843,88","0,799","132,19",120,"252,19",45843.88,0.799,132.19,252.19,4877001,BC5947N,0081,SA,BC5947,Casco urbano / Pueblo
1020502,434555,6621112BC5962S0001UQ,6,"45.846,61","0,799","132,19",120,"252,19",45846.61,0.799,132.19,252.19,6621112,BC5962S,0001,UQ,BC5962,Puerto / Aduanas
1022605,482763,5562001BC5956S0059XH,6,"45.900,55","0,800","132,20",120,"252,20",45900.55,0.8,132.2,252.2,5562001,BC5956S,0059,XH,BC5956,Arenal / Canal / Montañar
1022624,503018,5562001BC5956S0060BF,6,"45.900,55","0,800","132,20",120,"252,20",45900.55,0.8,132.2,252.2,5562001,BC5956S,0060,BF,BC5956,Arenal / Canal / Montañar
1019547,469982,5376605BC5957S0035BG,6,"45.936,97","0,801","132,21",120,"252,21",45936.97,0.801,132.21,252.21,5376605,BC5957S,0035,BG,BC5957,Arenal / Canal / Montañar
1025858,475611,5457801BC5955N0084XU,6,"45.986,06","0,801","132,21",120,"252,21",45986.06,0.801,132.21,252.21,5457801,BC5955N,0084,XU,BC5955,Arenal / Canal / Montañar
1000365,492980,5839112BC5953N0001UY,6,"45.986,69","0,801","132,21",120,"252,21",45986.69,0.801,132.21,252.21,5839112,BC5953N,0001,UY,BC5953,Arenal / Canal / Montañar
1012789,509905,5374710BC5957S0051LW,6,"46.086,01","0,803","132,23",120,"252,23",46086.01,0.803,132.23,252.23,5374710,BC5957S,0051,LW,BC5957,Arenal / Canal / Montañar
1027124,508171,5564501BC5956S0018MP,6,"46.102,58","0,803","132,23",120,"252,23",46102.58,0.803,132.23,252.23,5564501,BC5956S,0018,MP,BC5956,Arenal / Canal / Montañar
1012513,491690,5333108BC5953S0001IF,6,"46.244,23","0,806","132,25",120,"252,25",46244.23,0.806,132.25,252.25,5333108,BC5953S,0001,IF,BC5953,Arenal / Canal / Montañar
1007293,497698,7518415BC5971N0001ZE,6,"46.252,07","0,806","132,25",120,"252,25",46252.07,0.806,132.25,252.25,7518415,BC5971N,0001,ZE,BC5971,Tosalet / Cap Martí
1027117,509735,5564501BC5956S0008HE,6,"46.274,18","0,806","132,26",120,"252,26",46274.18,0.806,132.26,252.26,5564501,BC5956S,0008,HE,BC5956,Arenal / Canal / Montañar
1032197,498622,5648301BC5954N0013ZO,6,"46.315,06","0,807","132,26",120,"252,26",46315.06,0.807,132.26,252.26,5648301,BC5954N,0013,ZO,BC5954,Arenal / Canal / Montañar
1032194,488388,5648301BC5954N0010KY,6,"46.315,06","0,807","132,26",120,"252,26",46315.06,0.807,132.26,252.26,5648301,BC5954N,0010,KY,BC5954,Arenal / Canal / Montañar
1008394,493140,5227002BC5957N0031PE,6,"46.334,84","0,808","132,27",120,"252,27",46334.84,0.808,132.27,252.27,5227002,BC5957N,0031,PE,BC5957,Arenal / Canal / Montañar
1025085,484180,5368404BC5956N0035QD,6,"46.336,64","0,808","132,27",120,"252,27",46336.64,0.808,132.27,252.27,5368404,BC5956N,0035,QD,BC5956,Arenal / Canal / Montañar
1018165,498639,2028922BC5922N0001KM,6,"46.377,30","0,808","132,27",120,"252,27",46377.3,0.808,132.27,252.27,2028922,BC5922N,0001,KM,BC5922,Rafalet / Lluca / Covatelles
1012231,471595,6945636BC5964S0001WS,6,"46.500,69","0,810","132,29",120,"252,29",46500.69,0.81,132.29,252.29,6945636,BC5964S,0001,WS,BC5964,Puerto / Aduanas
1012143,475397,6945633BC5964N0001ZR,6,"46.500,69","0,810","132,29",120,"252,29",46500.69,0.81,132.29,252.29,6945633,BC5964N,0001,ZR,BC5964,Puerto / Aduanas
1012263,504565,6945603BC5964N0001HR,6,"46.500,69","0,810","132,29",120,"252,29",46500.69,0.81,132.29,252.29,6945603,BC5964N,0001,HR,BC5964,Puerto / Aduanas
1012190,472599,6945609BC5964S0001QS,6,"46.500,69","0,810","132,29",120,"252,29",46500.69,0.81,132.29,252.29,6945609,BC5964S,0001,QS,BC5964,Puerto / Aduanas
1007155,446305,7124309BC5972S0001FT,6,"46.633,16","0,813","132,31",120,"252,31",46633.16,0.813,132.31,252.31,7124309,BC5972S,0001,FT,BC5972,Tosalet / Cap Martí
1024795,501061,5368406BC5956N0010MJ,6,"46.684,31","0,814","132,32",120,"252,32",46684.31,0.814,132.32,252.32,5368406,BC5956N,0010,MJ,BC5956,Arenal / Canal / Montañar
1013971,482678,2445408BC5924S0001KL,6,"47.143,06","0,822","132,39",120,"252,39",47143.06,0.822,132.39,252.39,2445408,BC5924S,0001,KL,BC5924,Rafalet / Lluca / Covatelles
1010961,468298,5568511BC5956N0001MA,6,"47.169,40","0,822","132,40",120,"252,40",47169.4,0.822,132.4,252.4,5568511,BC5956N,0001,MA,BC5956,Arenal / Canal / Montañar
1006492,510615,5847007BC5954N0001PM,6,"47.206,44","0,823","132,40",120,"252,40",47206.44,0.823,132.4,252.4,5847007,BC5954N,0001,PM,BC5954,Arenal / Canal / Montañar
1007091,486075,6623319BC5962S0001LQ,6,"47.230,67","0,823","132,41",120,"252,41",47230.67,0.823,132.41,252.41,6623319,BC5962S,0001,LQ,BC5962,Puerto / Aduanas
1023014,501551,6749517BC5964N0022QL,6,"47.415,26","0,826","132,44",120,"252,44",47415.26,0.826,132.44,252.44,6749517,BC5964N,0022,QL,BC5964,Puerto / Aduanas
1020501,493121,6923709BC5962S0001JQ,6,"47.493,88","0,828","132,45",120,"252,45",47493.88,0.828,132.45,252.45,6923709,BC5962S,0001,JQ,BC5962,Puerto / Aduanas
1031600,486685,5951201BC5955S0044GP,6,"47.495,33","0,828","132,45",120,"252,45",47495.33,0.828,132.45,252.45,5951201,BC5955S,0044,GP,BC5955,Arenal / Canal / Montañar
1021820,446901,6749505BC5964N0007EP,6,"47.625,39","0,830","132,47",120,"252,47",47625.39,0.83,132.47,252.47,6749505,BC5964N,0007,EP,BC5964,Puerto / Aduanas
1002659,493192,6352010BC5965S0011AD,6,"47.638,56","0,830","132,47",120,"252,47",47638.56,0.83,132.47,252.47,6352010,BC5965S,0011,AD,BC5965,Puerto / Aduanas
1018439,504835,4977303BC5947N0012OO,6,"47.695,52","0,831","132,48",120,"252,48",47695.52,0.831,132.48,252.48,4977303,BC5947N,0012,OO,BC5947,Casco urbano / Pueblo
1018441,447320,4977303BC5947N0017FF,6,"47.695,52","0,831","132,48",120,"252,48",47695.52,0.831,132.48,252.48,4977303,BC5947N,0017,FF,BC5947,Casco urbano / Pueblo
1004713,449198,9686161BC4998N0001SE,6,"47.835,90","0,834","132,50",120,"252,50",47835.9,0.834,132.5,252.5,9686161,BC4998N,0001,SE,BC4998,Les Fonts / Castellans
1022777,481112,7043241BC5964S0061YI,6,"47.836,65","0,834","132,50",120,"252,50",47836.65,0.834,132.5,252.5,7043241,BC5964S,0061,YI,BC5964,Puerto / Aduanas
1022776,504315,7043241BC5964S0060TU,6,"47.836,65","0,834","132,50",120,"252,50",47836.65,0.834,132.5,252.5,7043241,BC5964S,0060,TU,BC5964,Puerto / Aduanas
1030002,497097,6052203BC5955S0368SF,6,"47.847,17","0,834","132,50",120,"252,50",47847.17,0.834,132.5,252.5,6052203,BC5955S,0368,SF,BC5955,Arenal / Canal / Montañar
1006328,509859,6241014BC5964S0001IS,6,"47.866,54","0,834","132,51",120,"252,51",47866.54,0.834,132.51,252.51,6241014,BC5964S,0001,IS,BC5964,Puerto / Aduanas
1024868,469978,5463706BC5956S0016II,6,"47.897,76","0,835","132,51",120,"252,51",47897.76,0.835,132.51,252.51,5463706,BC5956S,0016,II,BC5956,Arenal / Canal / Montañar
1028631,481520,5566303BC5956N0018BW,6,"47.943,46","0,836","132,52",120,"252,52",47943.46,0.836,132.52,252.52,5566303,BC5956N,0018,BW,BC5956,Arenal / Canal / Montañar
1010905,500237,5566303BC5956N0005PG,6,"47.943,46","0,836","132,52",120,"252,52",47943.46,0.836,132.52,252.52,5566303,BC5956N,0005,PG,BC5956,Arenal / Canal / Montañar
1011413,487327,5566303BC5956N0017LQ,6,"47.943,46","0,836","132,52",120,"252,52",47943.46,0.836,132.52,252.52,5566303,BC5956N,0017,LQ,BC5956,Arenal / Canal / Montañar
1018135,486910,3663325BC5937S0004SI,6,"48.004,56","0,837","132,53",120,"252,53",48004.56,0.837,132.53,252.53,3663325,BC5937S,0004,SI,BC5937,Casco urbano / Pueblo
1003215,502554,6650702BC5965S0011YD,6,"48.193,43","0,840","132,56",120,"252,56",48193.43,0.84,132.56,252.56,6650702,BC5965S,0011,YD,BC5965,Puerto / Aduanas
1003037,454415,6749516BC5964N0013OD,6,"48.472,42","0,845","132,60",120,"252,60",48472.42,0.845,132.6,252.6,6749516,BC5964N,0013,OD,BC5964,Puerto / Aduanas
1002369,477511,6749516BC5964N0004EU,6,"48.472,42","0,845","132,60",120,"252,60",48472.42,0.845,132.6,252.6,6749516,BC5964N,0004,EU,BC5964,Puerto / Aduanas
1002270,477666,6749516BC5964N0006TO,6,"48.472,42","0,845","132,60",120,"252,60",48472.42,0.845,132.6,252.6,6749516,BC5964N,0006,TO,BC5964,Puerto / Aduanas
1013166,445603,5169009BC5956N0001EA,6,"48.475,71","0,845","132,60",120,"252,60",48475.71,0.845,132.6,252.6,5169009,BC5956N,0001,EA,BC5956,Arenal / Canal / Montañar
1006810,491474,7913112BC5971N0001JE,6,"48.500,55","0,845","132,61",120,"252,61",48500.55,0.845,132.61,252.61,7913112,BC5971N,0001,JE,BC5971,Tosalet / Cap Martí
1022790,480557,7043241BC5964S0075JL,6,"48.508,35","0,845","132,61",120,"252,61",48508.35,0.845,132.61,252.61,7043241,BC5964S,0075,JL,BC5964,Puerto / Aduanas
1022808,502166,7043241BC5964S0092TU,6,"48.535,30","0,846","132,61",120,"252,61",48535.3,0.846,132.61,252.61,7043241,BC5964S,0092,TU,BC5964,Puerto / Aduanas
1022637,502486,5562001BC5956S0091LD,6,"48.585,02","0,847","132,62",120,"252,62",48585.02,0.847,132.62,252.62,5562001,BC5956S,0091,LD,BC5956,Arenal / Canal / Montañar
1000573,510242,6660008BC5964N0010BP,6,"48.673,50","0,848","132,63",120,"252,63",48673.5,0.848,132.63,252.63,6660008,BC5964N,0010,BP,BC5964,Puerto / Aduanas
1014231,500309,6660008BC5964N0027AQ,6,"48.673,50","0,848","132,63",120,"252,63",48673.5,0.848,132.63,252.63,6660008,BC5964N,0027,AQ,BC5964,Puerto / Aduanas
1024843,492500,5266508BC5956N0043ZK,6,"48.778,00","0,850","132,65",120,"252,65",48778.0,0.85,132.65,252.65,5266508,BC5956N,0043,ZK,BC5956,Arenal / Canal / Montañar
1022616,510967,5562001BC5956S0070RZ,6,"48.781,49","0,850","132,65",120,"252,65",48781.49,0.85,132.65,252.65,5562001,BC5956S,0070,RZ,BC5956,Arenal / Canal / Montañar
1012579,437611,5433015BC5953S0001OF,6,"48.932,23","0,853","132,67",120,"252,67",48932.23,0.853,132.67,252.67,5433015,BC5953S,0001,OF,BC5953,Arenal / Canal / Montañar
10000389,499788,5850401BC5955S0014TS,6,"49.006,51","0,854","132,69",120,"252,69",49006.51,0.854,132.69,252.69,5850401,BC5955S,0014,TS,BC5955,Arenal / Canal / Montañar
10000383,499136,5850401BC5955S0008WO,6,"49.006,51","0,854","132,69",120,"252,69",49006.51,0.854,132.69,252.69,5850401,BC5955S,0008,WO,BC5955,Arenal / Canal / Montañar
10000384,498910,5850401BC5955S0009EP,6,"49.006,51","0,854","132,69",120,"252,69",49006.51,0.854,132.69,252.69,5850401,BC5955S,0009,EP,BC5955,Arenal / Canal / Montañar
1009202,509711,9877601BC4998S0001XA,6,"49.075,00","0,855","132,70",120,"252,70",49075.0,0.855,132.7,252.7,9877601,BC4998S,0001,XA,BC4998,Les Fonts / Castellans
1013186,475738,5169016BC5956N0001HA,6,"49.242,30","0,858","132,72",120,"252,72",49242.3,0.858,132.72,252.72,5169016,BC5956N,0001,HA,BC5956,Arenal / Canal / Montañar
1013189,485524,5169023BC5956N0001YA,6,"49.242,30","0,858","132,72",120,"252,72",49242.3,0.858,132.72,252.72,5169023,BC5956N,0001,YA,BC5956,Arenal / Canal / Montañar
1028273,467825,4977315BC5947N0018RG,6,"49.298,93","0,859","132,73",120,"252,73",49298.93,0.859,132.73,252.73,4977315,BC5947N,0018,RG,BC5947,Casco urbano / Pueblo
1020497,482114,6924013BC5962S0001EQ,6,"49.393,33","0,861","132,75",120,"252,75",49393.33,0.861,132.75,252.75,6924013,BC5962S,0001,EQ,BC5962,Puerto / Aduanas
1027459,508539,5953101BC5955S0006KU,6,"49.676,64","0,866","132,79",120,"252,79",49676.64,0.866,132.79,252.79,5953101,BC5955S,0006,KU,BC5955,Arenal / Canal / Montañar
1005818,444955,1195312BC5917N0001WS,6,"49.683,64","0,866","132,79",120,"252,79",49683.64,0.866,132.79,252.79,1195312,BC5917N,0001,WS,BC5917,Montgó / Toscamar
1014398,505365,5374710BC5957S0044GZ,6,"49.718,98","0,866","132,80",120,"252,80",49718.98,0.866,132.8,252.8,5374710,BC5957S,0044,GZ,BC5957,Arenal / Canal / Montañar
1006564,493973,3838206BC5933N0001XZ,6,"49.753,05","0,867","132,80",120,"252,80",49753.05,0.867,132.8,252.8,3838206,BC5933N,0001,XZ,BC5933,Casco urbano / Pueblo
1027503,499232,5953101BC5955S0050QD,6,"49.790,09","0,868","132,81",120,"252,81",49790.09,0.868,132.81,252.81,5953101,BC5955S,0050,QD,BC5955,Arenal / Canal / Montañar
1020662,453127,1868568BC5917S0001EB,6,"49.800,23","0,868","132,81",120,"252,81",49800.23,0.868,132.81,252.81,1868568,BC5917S,0001,EB,BC5917,Montgó / Toscamar
1009470,477550,2925812BC5932S0001WS,6,"49.811,36","0,868","132,81",120,"252,81",49811.36,0.868,132.81,252.81,2925812,BC5932S,0001,WS,BC5932,Casco urbano / Pueblo
1011656,477355,8209519BC5980N0001XD,6,"49.858,17","0,869","132,82",120,"252,82",49858.17,0.869,132.82,252.82,8209519,BC5980N,0001,XD,BC5980,Portitxol / Toscal / Trencall
1022787,508917,7043241BC5964S0072FH,6,"49.912,64","0,870","132,83",120,"252,83",49912.64,0.87,132.83,252.83,7043241,BC5964S,0072,FH,BC5964,Puerto / Aduanas
1024596,446564,7721017BC5972S0001UT,6,"50.004,21","0,871","132,84",120,"252,84",50004.21,0.871,132.84,252.84,7721017,BC5972S,0001,UT,BC5972,Tosalet / Cap Martí
1007297,487558,7419011BC5971N0001TE,6,"50.016,58","0,872","132,85",120,"252,85",50016.58,0.872,132.85,252.85,7419011,BC5971N,0001,TE,BC5971,Tosalet / Cap Martí
1020464,440358,9284130BC4998S0001BA,6,"50.075,89","0,873","132,85",120,"252,85",50075.89,0.873,132.85,252.85,9284130,BC4998S,0001,BA,BC4998,Les Fonts / Castellans
1012675,511006,4836823BC5943N0001PW,6,"50.207,97","0,875","132,88",120,"252,88",50207.97,0.875,132.88,252.88,4836823,BC5943N,0001,PW,BC5943,Casco urbano / Pueblo
1013223,481530,5370713BC5956N0001FA,6,"50.251,35","0,876","132,88",120,"252,88",50251.35,0.876,132.88,252.88,5370713,BC5956N,0001,FA,BC5956,Arenal / Canal / Montañar
1013237,476550,5370704BC5957S0001YD,6,"50.251,35","0,876","132,88",120,"252,88",50251.35,0.876,132.88,252.88,5370704,BC5957S,0001,YD,BC5957,Arenal / Canal / Montañar
1005523,485682,3921009BC5932S0001OS,6,"50.262,66","0,876","132,88",120,"252,88",50262.66,0.876,132.88,252.88,3921009,BC5932S,0001,OS,BC5932,Casco urbano / Pueblo
1007345,471068,7718741BC5971N0001OE,6,"50.276,77","0,876","132,89",120,"252,89",50276.77,0.876,132.89,252.89,7718741,BC5971N,0001,OE,BC5971,Tosalet / Cap Martí
1030054,486404,5853901BC5955S0003OR,6,"50.358,56","0,878","132,90",120,"252,90",50358.56,0.878,132.9,252.9,5853901,BC5955S,0003,OR,BC5955,Arenal / Canal / Montañar
1022789,496135,7043241BC5964S0074HK,6,"50.380,78","0,878","132,90",120,"252,90",50380.78,0.878,132.9,252.9,7043241,BC5964S,0074,HK,BC5964,Puerto / Aduanas
1025036,501714,4775402BC5947N0023KJ,6,"50.403,32","0,878","132,91",120,"252,91",50403.32,0.878,132.91,252.91,4775402,BC5947N,0023,KJ,BC5947,Casco urbano / Pueblo
1022809,471038,7043241BC5964S0093YI,6,"50.408,77","0,879","132,91",120,"252,91",50408.77,0.879,132.91,252.91,7043241,BC5964S,0093,YI,BC5964,Puerto / Aduanas
1013567,494608,3979001BC5937N0001FB,6,"50.424,92","0,879","132,91",120,"252,91",50424.92,0.879,132.91,252.91,3979001,BC5937N,0001,FB,BC5937,Casco urbano / Pueblo
1005834,480535,2078113BC5917N0001GS,6,"50.616,08","0,882","132,94",120,"252,94",50616.08,0.882,132.94,252.94,2078113,BC5917N,0001,GS,BC5917,Montgó / Toscamar
1018958,484056,4778301BC5947N0041OY,6,"50.734,22","0,884","132,96",120,"252,96",50734.22,0.884,132.96,252.96,4778301,BC5947N,0041,OY,BC5947,Casco urbano / Pueblo
1018203,429696,9686167BC4998S0001BA,6,"50.751,92","0,884","132,96",120,"252,96",50751.92,0.884,132.96,252.96,9686167,BC4998S,0001,BA,BC4998,Les Fonts / Castellans
1006566,497708,3838215BC5933N0001UZ,6,"50.844,26","0,886","132,97",120,"252,97",50844.26,0.886,132.97,252.97,3838215,BC5933N,0001,UZ,BC5933,Casco urbano / Pueblo
10000388,497675,5850401BC5955S0013RA,6,"50.949,70","0,888","132,99",120,"252,99",50949.7,0.888,132.99,252.99,5850401,BC5955S,0013,RA,BC5955,Arenal / Canal / Montañar
10000387,500058,5850401BC5955S0012EP,6,"50.949,70","0,888","132,99",120,"252,99",50949.7,0.888,132.99,252.99,5850401,BC5955S,0012,EP,BC5955,Arenal / Canal / Montañar
10000382,499513,5850401BC5955S0007QI,6,"50.949,70","0,888","132,99",120,"252,99",50949.7,0.888,132.99,252.99,5850401,BC5955S,0007,QI,BC5955,Arenal / Canal / Montañar
1010237,502069,6660008BC5964N0013MD,6,"50.991,22","0,889","133,00",120,"253,00",50991.22,0.889,133.0,253.0,6660008,BC5964N,0013,MD,BC5964,Puerto / Aduanas
1001331,453493,6660008BC5964N0021TK,6,"50.991,22","0,889","133,00",120,"253,00",50991.22,0.889,133.0,253.0,6660008,BC5964N,0021,TK,BC5964,Puerto / Aduanas
1018832,486857,5174001BC5957S0071DH,6,"50.992,30","0,889","133,00",120,"253,00",50992.3,0.889,133.0,253.0,5174001,BC5957S,0071,DH,BC5957,Arenal / Canal / Montañar
1008632,437337,2031911BC5923S0001GW,6,"50.996,19","0,889","133,00",120,"253,00",50996.19,0.889,133.0,253.0,2031911,BC5923S,0001,GW,BC5923,Rafalet / Lluca / Covatelles
1031709,479876,5747203BC5954N0029SX,6,"51.004,67","0,889","133,00",120,"253,00",51004.67,0.889,133.0,253.0,5747203,BC5954N,0029,SX,BC5954,Arenal / Canal / Montañar
1011496,472578,5372020BC5957S0029IS,6,"51.032,97","0,889","133,00",120,"253,00",51032.97,0.889,133.0,253.0,5372020,BC5957S,0029,IS,BC5957,Arenal / Canal / Montañar
1013164,480599,5370710BC5957S0001PD,6,"51.036,93","0,889","133,01",120,"253,01",51036.93,0.889,133.01,253.01,5370710,BC5957S,0001,PD,BC5957,Arenal / Canal / Montañar
1006684,446447,9285206BC4998N0001OE,6,"51.141,24","0,891","133,02",120,"253,02",51141.24,0.891,133.02,253.02,9285206,BC4998N,0001,OE,BC4998,Les Fonts / Castellans
10000378,497997,5850401BC5955S0003BR,6,"51.220,40","0,893","133,03",120,"253,03",51220.4,0.893,133.03,253.03,5850401,BC5955S,0003,BR,BC5955,Arenal / Canal / Montañar
1006875,467711,7913105BC5971S0001RA,6,"51.264,99","0,893","133,04",120,"253,04",51264.99,0.893,133.04,253.04,7913105,BC5971S,0001,RA,BC5971,Tosalet / Cap Martí
1007352,477295,7620205BC5971N0001YE,6,"51.296,01","0,894","133,05",120,"253,05",51296.01,0.894,133.05,253.05,7620205,BC5971N,0001,YE,BC5971,Tosalet / Cap Martí
1020443,469743,5369001BC5956N0019XE,6,"51.369,07","0,895","133,06",120,"253,06",51369.07,0.895,133.06,253.06,5369001,BC5956N,0019,XE,BC5956,Arenal / Canal / Montañar
1002571,458659,5374710BC5957S0065UD,6,"51.398,22","0,896","133,06",120,"253,06",51398.22,0.896,133.06,253.06,5374710,BC5957S,0065,UD,BC5957,Arenal / Canal / Montañar
1024069,505847,5174002BC5957S0009RZ,6,"51.400,96","0,896","133,06",120,"253,06",51400.96,0.896,133.06,253.06,5174002,BC5957S,0009,RZ,BC5957,Arenal / Canal / Montañar
1000548,497520,3966433BC5937S0001ET,6,"51.472,52","0,897","133,07",120,"253,07",51472.52,0.897,133.07,253.07,3966433,BC5937S,0001,ET,BC5937,Casco urbano / Pueblo
1000123,487794,5837804BC5953N0001EY,6,"51.619,24","0,900","133,10",120,"253,10",51619.24,0.9,133.1,253.1,5837804,BC5953N,0001,EY,BC5953,Arenal / Canal / Montañar
1022907,444596,5760105BC5956S0019IA,6,"51.672,92","0,901","133,10",120,"253,10",51672.92,0.901,133.1,253.1,5760105,BC5956S,0019,IA,BC5956,Arenal / Canal / Montañar
1018239,458040,1730813BC5913S0001QZ,6,"51.682,65","0,901","133,11",120,"253,11",51682.65,0.901,133.11,253.11,1730813,BC5913S,0001,QZ,BC5913,Montgó / Toscamar
1007317,461896,7422502BC5972S0001JT,6,"51.720,52","0,901","133,11",120,"253,11",51720.52,0.901,133.11,253.11,7422502,BC5972S,0001,JT,BC5972,Tosalet / Cap Martí
1031589,510734,5951201BC5955S0033UW,6,"51.803,75","0,903","133,13",120,"253,13",51803.75,0.903,133.13,253.13,5951201,BC5955S,0033,UW,BC5955,Arenal / Canal / Montañar
1016542,478638,6427505BC5962N0001PH,6,"51.855,25","0,904","133,13",120,"253,13",51855.25,0.904,133.13,253.13,6427505,BC5962N,0001,PH,BC5962,Puerto / Aduanas
1015684,473556,4241002BC5944S0001HR,6,"51.887,56","0,904","133,14",120,"253,14",51887.56,0.904,133.14,253.14,4241002,BC5944S,0001,HR,BC5944,Casco urbano / Pueblo
1015668,487198,1425210BC5912N0001PL,6,"51.911,93","0,905","133,14",120,"253,14",51911.93,0.905,133.14,253.14,1425210,BC5912N,0001,PL,BC5912,Montgó / Toscamar
1007305,490581,7517002BC5971N0001WE,6,"51.913,37","0,905","133,14",120,"253,14",51913.37,0.905,133.14,253.14,7517002,BC5971N,0001,WE,BC5971,Tosalet / Cap Martí
1018340,482357,3564804BC5937S0003QU,6,"52.297,59","0,911","133,20",120,"253,20",52297.59,0.911,133.2,253.2,3564804,BC5937S,0003,QU,BC5937,Casco urbano / Pueblo
1007941,490881,7230006BC5972N0001TB,6,"52.328,57","0,912","133,21",120,"253,21",52328.57,0.912,133.21,253.21,7230006,BC5972N,0001,TB,BC5972,Tosalet / Cap Martí
1012562,473738,5533105BC5953S0001AF,6,"52.379,42","0,913","133,22",120,"253,22",52379.42,0.913,133.22,253.22,5533105,BC5953S,0001,AF,BC5953,Arenal / Canal / Montañar
1004068,462914,8318408BC5981N0001FU,6,"52.402,41","0,913","133,22",120,"253,22",52402.41,0.913,133.22,253.22,8318408,BC5981N,0001,FU,BC5981,Portitxol / Toscal / Trencall
1024711,481300,5368407BC5956N0011PK,6,"52.413,90","0,913","133,22",120,"253,22",52413.9,0.913,133.22,253.22,5368407,BC5956N,0011,PK,BC5956,Arenal / Canal / Montañar
1012720,477914,9284126BC4998S0001AA,6,"52.465,21","0,914","133,23",120,"253,23",52465.21,0.914,133.23,253.23,9284126,BC4998S,0001,AA,BC4998,Les Fonts / Castellans
1019468,492755,5369001BC5956N0027RI,6,"52.509,86","0,915","133,24",120,"253,24",52509.86,0.915,133.24,253.24,5369001,BC5956N,0027,RI,BC5956,Arenal / Canal / Montañar
1005549,497071,3921017BC5932S0001IS,6,"52.566,29","0,916","133,24",120,"253,24",52566.29,0.916,133.24,253.24,3921017,BC5932S,0001,IS,BC5932,Casco urbano / Pueblo
1024080,484988,5174002BC5957S0020OE,6,"52.582,61","0,916","133,25",120,"253,25",52582.61,0.916,133.25,253.25,5174002,BC5957S,0020,OE,BC5957,Arenal / Canal / Montañar
1012600,461739,5335104BC5953N0001TY,6,"52.643,25","0,917","133,26",120,"253,26",52643.25,0.917,133.26,253.26,5335104,BC5953N,0001,TY,BC5953,Arenal / Canal / Montañar
1019375,492823,5368405BC5956N0066OS,6,"52.658,92","0,918","133,26",120,"253,26",52658.92,0.918,133.26,253.26,5368405,BC5956N,0066,OS,BC5956,Arenal / Canal / Montañar
1018544,430839,5333103BC5953S0001OF,6,"52.666,21","0,918","133,26",120,"253,26",52666.21,0.918,133.26,253.26,5333103,BC5953S,0001,OF,BC5953,Arenal / Canal / Montañar
1032185,490090,5648301BC5954N1001PZ,6,"52.701,66","0,918","133,27",120,"253,27",52701.66,0.918,133.27,253.27,5648301,BC5954N,1001,PZ,BC5954,Arenal / Canal / Montañar
1006153,501075,6141006BC5964S0001JS,6,"52.827,78","0,921","133,29",120,"253,29",52827.78,0.921,133.29,253.29,6141006,BC5964S,0001,JS,BC5964,Puerto / Aduanas
1019505,474118,5369001BC5956N0044GL,6,"52.869,22","0,921","133,29",120,"253,29",52869.22,0.921,133.29,253.29,5369001,BC5956N,0044,GL,BC5956,Arenal / Canal / Montañar
1007060,471596,7818709BC5971N0001TE,6,"52.947,18","0,923","133,30",120,"253,30",52947.18,0.923,133.3,253.3,7818709,BC5971N,0001,TE,BC5971,Tosalet / Cap Martí
1000035,496367,3550808BC5935S0001EJ,6,"52.991,56","0,924","133,31",120,"253,31",52991.56,0.924,133.31,253.31,3550808,BC5935S,0001,EJ,BC5935,Casco urbano / Pueblo
1024431,501592,6551006BC5965S0007ES,6,"52.993,13","0,924","133,31",120,"253,31",52993.13,0.924,133.31,253.31,6551006,BC5965S,0007,ES,BC5965,Puerto / Aduanas
1010037,480195,2065604BC5926N0001MX,6,"53.023,92","0,924","133,32",120,"253,32",53023.92,0.924,133.32,253.32,2065604,BC5926N,0001,MX,BC5926,Rafalet / Lluca / Covatelles
1007153,463218,7523814BC5972S0001GT,6,"53.071,66","0,925","133,32",120,"253,32",53071.66,0.925,133.32,253.32,7523814,BC5972S,0001,GT,BC5972,Tosalet / Cap Martí
1006742,479456,8209516BC5980N0001KD,6,"53.080,43","0,925","133,33",120,"253,33",53080.43,0.925,133.33,253.33,8209516,BC5980N,0001,KD,BC5980,Portitxol / Toscal / Trencall
1003240,459532,6352010BC5965S0022LZ,6,"53.103,27","0,925","133,33",120,"253,33",53103.27,0.925,133.33,253.33,6352010,BC5965S,0022,LZ,BC5965,Puerto / Aduanas
1025848,502494,5457312BC5955N0032FH,6,"53.150,91","0,926","133,34",120,"253,34",53150.91,0.926,133.34,253.34,5457312,BC5955N,0032,FH,BC5955,Arenal / Canal / Montañar
10000381,497996,5850401BC5955S0006MU,6,"53.163,58","0,927","133,34",120,"253,34",53163.58,0.927,133.34,253.34,5850401,BC5955S,0006,MU,BC5955,Arenal / Canal / Montañar
1000309,486445,5539803BC5953N0001TY,6,"53.166,08","0,927","133,34",120,"253,34",53166.08,0.927,133.34,253.34,5539803,BC5953N,0001,TY,BC5953,Arenal / Canal / Montañar
1011147,505153,5372021BC5957S0001KD,6,"53.308,15","0,929","133,36",120,"253,36",53308.15,0.929,133.36,253.36,5372021,BC5957S,0001,KD,BC5957,Arenal / Canal / Montañar
1007331,496356,7620104BC5972S0001HT,6,"53.341,71","0,930","133,37",120,"253,37",53341.71,0.93,133.37,253.37,7620104,BC5972S,0001,HT,BC5972,Tosalet / Cap Martí
1006805,486222,7615305BC5971S0001MA,6,"53.371,34","0,930","133,37",120,"253,37",53371.34,0.93,133.37,253.37,7615305,BC5971S,0001,MA,BC5971,Tosalet / Cap Martí
1024590,507761,2074741BC5927S0001YQ,6,"53.411,02","0,931","133,38",120,"253,38",53411.02,0.931,133.38,253.38,2074741,BC5927S,0001,YQ,BC5927,Rafalet / Lluca / Covatelles
1021136,494036,7824117BC5972S0001KT,6,"53.419,66","0,931","133,38",120,"253,38",53419.66,0.931,133.38,253.38,7824117,BC5972S,0001,KT,BC5972,Tosalet / Cap Martí
1022532,490055,6353102BC5965S0024IM,6,"53.427,18","0,931","133,38",120,"253,38",53427.18,0.931,133.38,253.38,6353102,BC5965S,0024,IM,BC5965,Puerto / Aduanas
1009452,477486,2625813BC5922S0001SI,6,"53.442,59","0,931","133,38",120,"253,38",53442.59,0.931,133.38,253.38,2625813,BC5922S,0001,SI,BC5922,Rafalet / Lluca / Covatelles
1006415,497562,7137015BC5973N0001PF,6,"53.466,96","0,932","133,39",120,"253,39",53466.96,0.932,133.39,253.39,7137015,BC5973N,0001,PF,BC5973,Tosalet / Cap Martí
1017558,486868,2279935BC5928S0001LK,6,"53.514,54","0,933","133,39",120,"253,39",53514.54,0.933,133.39,253.39,2279935,BC5928S,0001,LK,BC5928,Rafalet / Lluca / Covatelles
1025825,480856,5457312BC5955N0017TU,6,"53.577,34","0,934","133,40",120,"253,40",53577.34,0.934,133.4,253.4,5457312,BC5955N,0017,TU,BC5955,Arenal / Canal / Montañar
10000377,499607,5850401BC5955S0001KW,6,"53.634,04","0,935","133,41",120,"253,41",53634.04,0.935,133.41,253.41,5850401,BC5955S,0001,KW,BC5955,Arenal / Canal / Montañar
1007058,471590,7818707BC5971N0001PE,6,"53.703,39","0,936","133,42",120,"253,42",53703.39,0.936,133.42,253.42,7818707,BC5971N,0001,PE,BC5971,Tosalet / Cap Martí
1024965,436007,1635105BC5913N0001UD,6,"53.730,46","0,936","133,43",120,"253,43",53730.46,0.936,133.43,253.43,1635105,BC5913N,0001,UD,BC5913,Montgó / Toscamar
1031585,499967,5951201BC5955S0029YQ,6,"53.755,91","0,937","133,43",120,"253,43",53755.91,0.937,133.43,253.43,5951201,BC5955S,0029,YQ,BC5955,Arenal / Canal / Montañar
1025827,483661,5457312BC5955N0018YI,6,"53.824,92","0,938","133,44",120,"253,44",53824.92,0.938,133.44,253.44,5457312,BC5955N,0018,YI,BC5955,Arenal / Canal / Montañar
1013581,511313,4080102BC5938S0001PX,6,"53.842,47","0,938","133,45",120,"253,45",53842.47,0.938,133.45,253.45,4080102,BC5938S,0001,PX,BC5938,Casco urbano / Pueblo
1010639,452909,2229313BC5923S0001ZW,6,"53.874,76","0,939","133,45",120,"253,45",53874.76,0.939,133.45,253.45,2229313,BC5923S,0001,ZW,BC5923,Rafalet / Lluca / Covatelles
1003507,490656,6251302BC5965S0035XI,6,"53.901,60","0,939","133,45",120,"253,45",53901.6,0.939,133.45,253.45,6251302,BC5965S,0035,XI,BC5965,Puerto / Aduanas
1003498,505402,6251302BC5965S0037QP,6,"53.901,60","0,939","133,45",120,"253,45",53901.6,0.939,133.45,253.45,6251302,BC5965S,0037,QP,BC5965,Puerto / Aduanas
1025840,507592,5457312BC5955N0027SF,6,"53.977,08","0,941","133,47",120,"253,47",53977.08,0.941,133.47,253.47,5457312,BC5955N,0027,SF,BC5955,Arenal / Canal / Montañar
1017316,463212,7735501BC5793N0001AS,6,"53.985,06","0,941","133,47",120,"253,47",53985.06,0.941,133.47,253.47,7735501,BC5793N,0001,AS,BC5793,Sin clasificar / revisar
1013780,501841,5373001BC5957S0023TY,6,"54.123,42","0,943","133,49",120,"253,49",54123.42,0.943,133.49,253.49,5373001,BC5957S,0023,TY,BC5957,Arenal / Canal / Montañar
1019098,481732,5856804BC5955N0013IE,6,"54.144,42","0,944","133,49",120,"253,49",54144.42,0.944,133.49,253.49,5856804,BC5955N,0013,IE,BC5955,Arenal / Canal / Montañar
1024159,495973,8525345BC5982S0001OO,6,"54.163,68","0,944","133,50",120,"253,50",54163.68,0.944,133.5,253.5,8525345,BC5982S,0001,OO,BC5982,Costa Nova / Balcón al Mar / Ambolo
1031460,480871,5951201BC5955S0011FO,6,"54.218,87","0,945","133,50",120,"253,50",54218.87,0.945,133.5,253.5,5951201,BC5955S,0011,FO,BC5955,Arenal / Canal / Montañar
1002296,476037,6749503BC5964N0022JL,6,"54.313,36","0,947","133,52",120,"253,52",54313.36,0.947,133.52,253.52,6749503,BC5964N,0022,JL,BC5964,Puerto / Aduanas
1021628,487729,4877001BC5947N0099RE,6,"54.365,27","0,947","133,53",120,"253,53",54365.27,0.947,133.53,253.53,4877001,BC5947N,0099,RE,BC5947,Casco urbano / Pueblo
1030013,462531,6052203BC5955S0383ZM,6,"54.385,01","0,948","133,53",120,"253,53",54385.01,0.948,133.53,253.53,6052203,BC5955S,0383,ZM,BC5955,Arenal / Canal / Montañar
1013757,430044,3981624BC5938S0001WX,6,"54.388,86","0,948","133,53",120,"253,53",54388.86,0.948,133.53,253.53,3981624,BC5938S,0001,WX,BC5938,Casco urbano / Pueblo
1022732,466623,7912106BC5971S0001IA,6,"54.428,29","0,949","133,54",120,"253,54",54428.29,0.949,133.54,253.54,7912106,BC5971S,0001,IA,BC5971,Tosalet / Cap Martí
1006597,444710,1868539BC5927S0001UQ,6,"54.448,94","0,949","133,54",120,"253,54",54448.94,0.949,133.54,253.54,1868539,BC5927S,0001,UQ,BC5927,Rafalet / Lluca / Covatelles
1030018,474514,6052203BC5955S0389RY,6,"54.479,09","0,949","133,55",120,"253,55",54479.09,0.949,133.55,253.55,6052203,BC5955S,0389,RY,BC5955,Arenal / Canal / Montañar
1000454,492381,4941506BC5944S0001HR,6,"54.501,19","0,950","133,55",120,"253,55",54501.19,0.95,133.55,253.55,4941506,BC5944S,0001,HR,BC5944,Casco urbano / Pueblo
1007148,489920,6623323BC5962S0001TQ,6,"54.629,41","0,952","133,57",120,"253,57",54629.41,0.952,133.57,253.57,6623323,BC5962S,0001,TQ,BC5962,Puerto / Aduanas
1024005,504018,5129004BC5952N0001WS,6,"54.666,41","0,953","133,57",120,"253,57",54666.41,0.953,133.57,253.57,5129004,BC5952N,0001,WS,BC5952,Arenal / Canal / Montañar
1022836,489301,7043242BC5964S0052OW,6,"54.675,32","0,953","133,58",120,"253,58",54675.32,0.953,133.58,253.58,7043242,BC5964S,0052,OW,BC5964,Puerto / Aduanas
1015623,479569,8882611BC4988S0001DU,6,"54.695,68","0,953","133,58",120,"253,58",54695.68,0.953,133.58,253.58,8882611,BC4988S,0001,DU,BC4988,Les Fonts / Castellans
1031464,484059,5951201BC5955S0015KD,6,"54.707,29","0,953","133,58",120,"253,58",54707.29,0.953,133.58,253.58,5951201,BC5955S,0015,KD,BC5955,Arenal / Canal / Montañar
10000394,497676,5850401BC5955S0019PJ,6,"54.781,14","0,955","133,59",120,"253,59",54781.14,0.955,133.59,253.59,5850401,BC5955S,0019,PJ,BC5955,Arenal / Canal / Montañar
1019108,500557,5856804BC5955N0025JS,6,"54.847,78","0,956","133,60",120,"253,60",54847.78,0.956,133.6,253.6,5856804,BC5955N,0025,JS,BC5955,Arenal / Canal / Montañar
1000114,499813,4947005BC5944N0001JL,6,"54.928,98","0,957","133,62",120,"253,62",54928.98,0.957,133.62,253.62,4947005,BC5944N,0001,JL,BC5944,Casco urbano / Pueblo
1018522,422195,5133419BC5953S0001HF,6,"54.981,16","0,958","133,62",120,"253,62",54981.16,0.958,133.62,253.62,5133419,BC5953S,0001,HF,BC5953,Arenal / Canal / Montañar
1000468,498834,4936001BC5943N0001PW,6,"55.004,95","0,959","133,63",120,"253,63",55004.95,0.959,133.63,253.63,4936001,BC5943N,0001,PW,BC5943,Casco urbano / Pueblo
1006907,476180,6710508BC5960N0001ST,6,"55.037,96","0,959","133,63",120,"253,63",55037.96,0.959,133.63,253.63,6710508,BC5960N,0001,ST,BC5960,Puerto / Aduanas
1026522,492433,7921322BC5972S0001ZT,6,"55.261,53","0,963","133,67",120,"253,67",55261.53,0.963,133.67,253.67,7921322,BC5972S,0001,ZT,BC5972,Tosalet / Cap Martí
1031583,494033,5951201BC5955S0027RX,6,"55.266,71","0,963","133,67",120,"253,67",55266.71,0.963,133.67,253.67,5951201,BC5955S,0027,RX,BC5955,Arenal / Canal / Montañar
1021311,491016,7721008BC5972S0001XT,6,"55.465,24","0,967","133,70",120,"253,70",55465.24,0.967,133.7,253.7,7721008,BC5972S,0001,XT,BC5972,Tosalet / Cap Martí
1025091,495170,5564502BC5956S0078TY,6,"55.479,63","0,967","133,70",120,"253,70",55479.63,0.967,133.7,253.7,5564502,BC5956S,0078,TY,BC5956,Arenal / Canal / Montañar
1018373,497797,5030603BC5942N0001GI,6,"55.558,99","0,968","133,71",120,"253,71",55558.99,0.968,133.71,253.71,5030603,BC5942N,0001,GI,BC5942,Casco urbano / Pueblo
1022897,503988,5760105BC5956S0009QR,6,"55.680,33","0,970","133,73",120,"253,73",55680.33,0.97,133.73,253.73,5760105,BC5956S,0009,QR,BC5956,Arenal / Canal / Montañar
1019623,505132,5762021BC5956S0012TR,6,"55.708,95","0,971","133,74",120,"253,74",55708.95,0.971,133.74,253.74,5762021,BC5956S,0012,TR,BC5956,Arenal / Canal / Montañar
1020933,446934,5762021BC5956S0010EW,6,"55.708,95","0,971","133,74",120,"253,74",55708.95,0.971,133.74,253.74,5762021,BC5956S,0010,EW,BC5956,Arenal / Canal / Montañar
1025811,464051,5457312BC5955N0006BX,6,"55.789,41","0,972","133,75",120,"253,75",55789.41,0.972,133.75,253.75,5457312,BC5955N,0006,BX,BC5955,Arenal / Canal / Montañar
1010670,441898,2866705BC5926N0001MX,6,"55.830,86","0,973","133,76",120,"253,76",55830.86,0.973,133.76,253.76,2866705,BC5926N,0001,MX,BC5926,Rafalet / Lluca / Covatelles
1012017,487588,9284119BC4998S0001ZA,6,"55.951,99","0,975","133,78",120,"253,78",55951.99,0.975,133.78,253.78,9284119,BC4998S,0001,ZA,BC4998,Les Fonts / Castellans
1003935,492871,8716306BC5981N0001LU,6,"56.027,82","0,976","133,79",120,"253,79",56027.82,0.976,133.79,253.79,8716306,BC5981N,0001,LU,BC5981,Portitxol / Toscal / Trencall
1006105,509407,6241013BC5964S0001XS,6,"56.047,43","0,977","133,79",120,"253,79",56047.43,0.977,133.79,253.79,6241013,BC5964S,0001,XS,BC5964,Puerto / Aduanas
1007687,508624,0025003BC5900S0001IS,6,"56.072,06","0,977","133,79",120,"253,79",56072.06,0.977,133.79,253.79,0025003,BC5900S,0001,IS,BC5900,Montgó / Toscamar
1015619,487929,8882602BC4988S0001TU,6,"56.323,89","0,982","133,83",120,"253,83",56323.89,0.982,133.83,253.83,8882602,BC4988S,0001,TU,BC4988,Les Fonts / Castellans
1030012,462530,6052203BC5955S0382BX,6,"56.343,55","0,982","133,84",120,"253,84",56343.55,0.982,133.84,253.84,6052203,BC5955S,0382,BX,BC5955,Arenal / Canal / Montañar
1007200,472671,6922105BC5962S0001ZQ,6,"56.391,62","0,983","133,84",120,"253,84",56391.62,0.983,133.84,253.84,6922105,BC5962S,0001,ZQ,BC5962,Puerto / Aduanas
1030023,462545,6052203BC5955S0394YI,6,"56.419,81","0,983","133,85",120,"253,85",56419.81,0.983,133.85,253.85,6052203,BC5955S,0394,YI,BC5955,Arenal / Canal / Montañar
1012663,476258,4835001BC5943S0001DP,6,"56.438,28","0,984","133,85",120,"253,85",56438.28,0.984,133.85,253.85,4835001,BC5943S,0001,DP,BC5943,Casco urbano / Pueblo
1003587,448498,9877615BC4997N0001YO,6,"56.567,87","0,986","133,87",120,"253,87",56567.87,0.986,133.87,253.87,9877615,BC4997N,0001,YO,BC4997,Les Fonts / Castellans
1006745,461525,8209515BC5980N0001OD,6,"56.617,14","0,987","133,88",120,"253,88",56617.14,0.987,133.88,253.88,8209515,BC5980N,0001,OD,BC5980,Portitxol / Toscal / Trencall
1014534,477566,3837503BC5933N0001WZ,6,"56.907,27","0,992","133,93",120,"253,93",56907.27,0.992,133.93,253.93,3837503,BC5933N,0001,WZ,BC5933,Casco urbano / Pueblo
1007136,510832,6623313BC5962S0001AQ,6,"56.950,08","0,993","133,93",120,"253,93",56950.08,0.993,133.93,253.93,6623313,BC5962S,0001,AQ,BC5962,Puerto / Aduanas
1031901,488342,5466506BC5956S0008PE,6,"57.066,08","0,995","133,95",120,"253,95",57066.08,0.995,133.95,253.95,5466506,BC5956S,0008,PE,BC5956,Arenal / Canal / Montañar
1007085,482538,6923701BC5962S0001FQ,6,"57.171,98","0,996","133,97",120,"253,97",57171.98,0.996,133.97,253.97,6923701,BC5962S,0001,FQ,BC5962,Puerto / Aduanas
1020480,441418,6912108BC5961S0001DU,6,"57.178,19","0,996","133,97",120,"253,97",57178.19,0.996,133.97,253.97,6912108,BC5961S,0001,DU,BC5961,Puerto / Aduanas
1025130,473530,5564502BC5956S0116PA,6,"57.223,17","0,997","133,98",120,"253,98",57223.17,0.997,133.98,253.98,5564502,BC5956S,0116,PA,BC5956,Arenal / Canal / Montañar
1018821,477926,5174001BC5957S0060TI,6,"57.226,87","0,997","133,98",120,"253,98",57226.87,0.997,133.98,253.98,5174001,BC5957S,0060,TI,BC5957,Arenal / Canal / Montañar
1000476,499990,5038005BC5953N0001EY,6,"57.330,00","0,999","133,99",120,"253,99",57330.0,0.999,133.99,253.99,5038005,BC5953N,0001,EY,BC5953,Arenal / Canal / Montañar
1022579,497872,6451302BC5965S0011AD,6,"57.330,57","0,999","133,99",120,"253,99",57330.57,0.999,133.99,253.99,6451302,BC5965S,0011,AD,BC5965,Puerto / Aduanas
1022581,480059,6451302BC5965S0013DG,6,"57.330,57","0,999","133,99",120,"253,99",57330.57,0.999,133.99,253.99,6451302,BC5965S,0013,DG,BC5965,Puerto / Aduanas
1011100,505530,5372021BC5957S0003BG,6,"57.374,05","1,000","134,00",120,"254,00",57374.05,1.0,134.0,254.0,5372021,BC5957S,0003,BG,BC5957,Arenal / Canal / Montañar
1019144,488281,7522106BC5972S0001YT,6,"57.558,14","1,003","134,03",120,"254,03",57558.14,1.003,134.03,254.03,7522106,BC5972S,0001,YT,BC5972,Tosalet / Cap Martí
1003558,434855,0007029BC5905S0001DT,6,"57.734,23","1,006","134,06",120,"254,06",57734.23,1.006,134.06,254.06,0007029,BC5905S,0001,DT,BC5905,Montgó / Toscamar
1031603,486442,5951201BC5955S0047KD,6,"57.791,03","1,007","134,06",120,"254,06",57791.03,1.007,134.06,254.06,5951201,BC5955S,0047,KD,BC5955,Arenal / Canal / Montañar
1027525,489121,5953101BC5955S0072JY,6,"57.793,68","1,007","134,06",120,"254,06",57793.68,1.007,134.06,254.06,5953101,BC5955S,0072,JY,BC5955,Arenal / Canal / Montañar
1019200,507922,8723805BC5982S0001RO,6,"57.835,49","1,008","134,07",120,"254,07",57835.49,1.008,134.07,254.07,8723805,BC5982S,0001,RO,BC5982,Costa Nova / Balcón al Mar / Ambolo
10000416,506091,5764611BC5956S0022YA,6,"57.930,98","1,010","134,09",120,"254,09",57930.98,1.01,134.09,254.09,5764611,BC5956S,0022,YA,BC5956,Arenal / Canal / Montañar
1022514,482047,5652204BC5955S0033JW,6,"58.003,80","1,011","134,10",120,"254,10",58003.8,1.011,134.1,254.1,5652204,BC5955S,0033,JW,BC5955,Arenal / Canal / Montañar
1010795,476123,5568512BC5956N0033OA,6,"58.295,94","1,016","134,14",120,"254,14",58295.94,1.016,134.14,254.14,5568512,BC5956N,0033,OA,BC5956,Arenal / Canal / Montañar
1003822,477832,8616601BC5981N0001JU,6,"58.327,41","1,017","134,15",120,"254,15",58327.41,1.017,134.15,254.15,8616601,BC5981N,0001,JU,BC5981,Portitxol / Toscal / Trencall
1023904,494630,8421919BC5982S0001YO,6,"58.329,78","1,017","134,15",120,"254,15",58329.78,1.017,134.15,254.15,8421919,BC5982S,0001,YO,BC5982,Costa Nova / Balcón al Mar / Ambolo
1022396,498736,4747502BC5944N0001EL,6,"58.386,39","1,018","134,16",120,"254,16",58386.39,1.018,134.16,254.16,4747502,BC5944N,0001,EL,BC5944,Casco urbano / Pueblo
1002730,502290,6551001BC5965S0110UG,6,"58.394,25","1,018","134,16",120,"254,16",58394.25,1.018,134.16,254.16,6551001,BC5965S,0110,UG,BC5965,Puerto / Aduanas
1002529,499253,6551001BC5965S0125LR,6,"58.394,25","1,018","134,16",120,"254,16",58394.25,1.018,134.16,254.16,6551001,BC5965S,0125,LR,BC5965,Puerto / Aduanas
1022494,477606,5652204BC5955S0013EA,6,"58.398,46","1,018","134,16",120,"254,16",58398.46,1.018,134.16,254.16,5652204,BC5955S,0013,EA,BC5955,Arenal / Canal / Montañar
1025790,500014,3679011BC5937N0001OB,6,"58.421,60","1,018","134,16",120,"254,16",58421.6,1.018,134.16,254.16,3679011,BC5937N,0001,OB,BC5937,Casco urbano / Pueblo
1029155,492878,5133410BC5953S0001RF,6,"58.434,17","1,018","134,17",120,"254,17",58434.17,1.018,134.17,254.17,5133410,BC5953S,0001,RF,BC5953,Arenal / Canal / Montañar
1017182,489690,7236307BC5973N0001PF,6,"58.441,90","1,019","134,17",120,"254,17",58441.9,1.019,134.17,254.17,7236307,BC5973N,0001,PF,BC5973,Tosalet / Cap Martí
10000018,492241,5132002BC5953S0001UF,6,"58.470,61","1,019","134,17",120,"254,17",58470.61,1.019,134.17,254.17,5132002,BC5953S,0001,UF,BC5953,Arenal / Canal / Montañar
1013985,457459,2843702BC5924S0001EL,6,"58.477,81","1,019","134,17",120,"254,17",58477.81,1.019,134.17,254.17,2843702,BC5924S,0001,EL,BC5924,Rafalet / Lluca / Covatelles
1018510,465121,5440404BC5953N0001LY,6,"58.590,10","1,021","134,19",120,"254,19",58590.1,1.021,134.19,254.19,5440404,BC5953N,0001,LY,BC5953,Arenal / Canal / Montañar
1005299,474823,2177303BC5927N0001HH,6,"58.710,60","1,023","134,21",120,"254,21",58710.6,1.023,134.21,254.21,2177303,BC5927N,0001,HH,BC5927,Rafalet / Lluca / Covatelles
1023586,481586,5652204BC5955S0075QO,6,"58.824,32","1,025","134,23",120,"254,23",58824.32,1.025,134.23,254.23,5652204,BC5955S,0075,QO,BC5955,Arenal / Canal / Montañar
1017327,485693,7435501BC5973S0001SX,6,"58.872,16","1,026","134,23",120,"254,23",58872.16,1.026,134.23,254.23,7435501,BC5973S,0001,SX,BC5973,Tosalet / Cap Martí
1012421,477431,9686119BC4998N0001XE,6,"58.891,92","1,026","134,24",120,"254,24",58891.92,1.026,134.24,254.24,9686119,BC4998N,0001,XE,BC4998,Les Fonts / Castellans
1007082,463645,7124333BC5972S0001AT,6,"58.916,69","1,027","134,24",120,"254,24",58916.69,1.027,134.24,254.24,7124333,BC5972S,0001,AT,BC5972,Tosalet / Cap Martí
1023982,446869,8126607BC5982N0001IQ,6,"58.944,80","1,027","134,25",120,"254,25",58944.8,1.027,134.25,254.25,8126607,BC5982N,0001,IQ,BC5982,Costa Nova / Balcón al Mar / Ambolo
1019644,476985,5174001BC5957S0019WT,6,"59.040,16","1,029","134,26",120,"254,26",59040.16,1.029,134.26,254.26,5174001,BC5957S,0019,WT,BC5957,Arenal / Canal / Montañar
1022580,485888,6451302BC5965S0012SF,6,"59.072,88","1,030","134,27",120,"254,27",59072.88,1.03,134.27,254.27,6451302,BC5965S,0012,SF,BC5965,Puerto / Aduanas
1029163,490617,5033002BC5943S0001BP,6,"59.083,13","1,030","134,27",120,"254,27",59083.13,1.03,134.27,254.27,5033002,BC5943S,0001,BP,BC5943,Casco urbano / Pueblo
1012487,471377,1195355BC5917N0001TS,6,"59.089,04","1,030","134,27",120,"254,27",59089.04,1.03,134.27,254.27,1195355,BC5917N,0001,TS,BC5917,Montgó / Toscamar
1017223,459637,7435201BC5973N0001MF,6,"59.190,67","1,032","134,28",120,"254,28",59190.67,1.032,134.28,254.28,7435201,BC5973N,0001,MF,BC5973,Tosalet / Cap Martí
1004219,475155,8819701BC5981N0001BU,6,"59.361,35","1,035","134,31",120,"254,31",59361.35,1.035,134.31,254.31,8819701,BC5981N,0001,BU,BC5981,Portitxol / Toscal / Trencall
1003578,490072,1975803BC5917N0001KS,6,"59.402,48","1,035","134,32",120,"254,32",59402.48,1.035,134.32,254.32,1975803,BC5917N,0001,KS,BC5917,Montgó / Toscamar
1007375,501253,7519308BC5971N0001OE,6,"59.521,38","1,037","134,34",120,"254,34",59521.38,1.037,134.34,254.34,7519308,BC5971N,0001,OE,BC5971,Tosalet / Cap Martí
1019120,481733,5856804BC5955N0037EZ,6,"59.532,81","1,038","134,34",120,"254,34",59532.81,1.038,134.34,254.34,5856804,BC5955N,0037,EZ,BC5955,Arenal / Canal / Montañar
1023901,488078,8525351BC5982S0001DO,6,"59.538,43","1,038","134,34",120,"254,34",59538.43,1.038,134.34,254.34,8525351,BC5982S,0001,DO,BC5982,Costa Nova / Balcón al Mar / Ambolo
1020430,444594,3838211BC5933N0001JZ,6,"59.584,26","1,038","134,35",120,"254,35",59584.26,1.038,134.35,254.35,3838211,BC5933N,0001,JZ,BC5933,Casco urbano / Pueblo
1026210,511311,7514502BC5971S0001UA,6,"59.592,52","1,039","134,35",120,"254,35",59592.52,1.039,134.35,254.35,7514502,BC5971S,0001,UA,BC5971,Tosalet / Cap Martí
1019196,508648,7919204BC5972S0001YT,6,"59.720,82","1,041","134,37",120,"254,37",59720.82,1.041,134.37,254.37,7919204,BC5972S,0001,YT,BC5972,Tosalet / Cap Martí
1016705,511029,6230512BC5962N0001HH,6,"59.803,62","1,042","134,38",120,"254,38",59803.62,1.042,134.38,254.38,6230512,BC5962N,0001,HH,BC5962,Puerto / Aduanas
1010020,459003,2578935BC5927N0001DH,6,"59.853,46","1,043","134,39",120,"254,39",59853.46,1.043,134.39,254.39,2578935,BC5927N,0001,DH,BC5927,Rafalet / Lluca / Covatelles
1031949,494020,4773801BC5947S0010TG,6,"59.870,52","1,043","134,39",120,"254,39",59870.52,1.043,134.39,254.39,4773801,BC5947S,0010,TG,BC5947,Casco urbano / Pueblo
1017332,505643,7233018BC5973S0001OX,6,"60.064,18","1,047","134,42",120,"254,42",60064.18,1.047,134.42,254.42,7233018,BC5973S,0001,OX,BC5973,Tosalet / Cap Martí
1021131,437307,7835605BC5973S0001BX,6,"60.107,92","1,048","134,43",120,"254,43",60107.92,1.048,134.43,254.43,7835605,BC5973S,0001,BX,BC5973,Tosalet / Cap Martí
1019166,472108,8516504BC5981N0001WU,6,"60.141,18","1,048","134,43",120,"254,43",60141.18,1.048,134.43,254.43,8516504,BC5981N,0001,WU,BC5981,Portitxol / Toscal / Trencall
1018278,434873,2944006BC5924S0001IL,6,"60.189,96","1,049","134,44",120,"254,44",60189.96,1.049,134.44,254.44,2944006,BC5924S,0001,IL,BC5924,Rafalet / Lluca / Covatelles
1010023,480085,2578938BC5927N0001JH,6,"60.202,78","1,049","134,44",120,"254,44",60202.78,1.049,134.44,254.44,2578938,BC5927N,0001,JH,BC5927,Rafalet / Lluca / Covatelles
1012580,482215,5437010BC5953N0001UY,6,"60.224,73","1,050","134,45",120,"254,45",60224.73,1.05,134.45,254.45,5437010,BC5953N,0001,UY,BC5953,Arenal / Canal / Montañar
1010089,461782,8629203BC5982N0001MQ,6,"60.290,94","1,051","134,46",120,"254,46",60290.94,1.051,134.46,254.46,8629203,BC5982N,0001,MQ,BC5982,Costa Nova / Balcón al Mar / Ambolo
1022850,477748,7614308BC5971S0001XA,6,"60.358,46","1,052","134,47",120,"254,47",60358.46,1.052,134.47,254.47,7614308,BC5971S,0001,XA,BC5971,Tosalet / Cap Martí
1020982,490393,3780104BC5938S0001TX,6,"60.359,00","1,052","134,47",120,"254,47",60359.0,1.052,134.47,254.47,3780104,BC5938S,0001,TX,BC5938,Casco urbano / Pueblo
1009293,507120,2074719BC5927S0001RQ,6,"60.418,35","1,053","134,48",120,"254,48",60418.35,1.053,134.48,254.48,2074719,BC5927S,0001,RQ,BC5927,Rafalet / Lluca / Covatelles
1010615,510391,2877402BC5927N0001QH,6,"60.682,36","1,058","134,52",120,"254,52",60682.36,1.058,134.52,254.52,2877402,BC5927N,0001,QH,BC5927,Rafalet / Lluca / Covatelles
1007141,463426,7522103BC5972S0001WT,6,"60.821,29","1,060","134,54",120,"254,54",60821.29,1.06,134.54,254.54,7522103,BC5972S,0001,WT,BC5972,Tosalet / Cap Martí
1024832,477567,5266508BC5956N0032DP,6,"60.873,91","1,061","134,55",120,"254,55",60873.91,1.061,134.55,254.55,5266508,BC5956N,0032,DP,BC5956,Arenal / Canal / Montañar
1006984,477264,7514519BC5971S0001KA,6,"60.875,30","1,061","134,55",120,"254,55",60875.3,1.061,134.55,254.55,7514519,BC5971S,0001,KA,BC5971,Tosalet / Cap Martí
1014014,464181,2644004BC5924S0001FL,6,"60.894,97","1,061","134,55",120,"254,55",60894.97,1.061,134.55,254.55,2644004,BC5924S,0001,FL,BC5924,Rafalet / Lluca / Covatelles
10000414,505508,5764611BC5956S0020RO,6,"61.138,47","1,066","134,59",120,"254,59",61138.47,1.066,134.59,254.59,5764611,BC5956S,0020,RO,BC5956,Arenal / Canal / Montañar
1018306,507047,3838202BC5933N0001OZ,6,"61.144,55","1,066","134,59",120,"254,59",61144.55,1.066,134.59,254.59,3838202,BC5933N,0001,OZ,BC5933,Casco urbano / Pueblo
1024166,497530,8421920BC5982S0001AO,6,"61.148,37","1,066","134,59",120,"254,59",61148.37,1.066,134.59,254.59,8421920,BC5982S,0001,AO,BC5982,Costa Nova / Balcón al Mar / Ambolo
1013943,496561,2739016BC5923N0001IJ,6,"61.204,14","1,067","134,60",120,"254,60",61204.14,1.067,134.6,254.6,2739016,BC5923N,0001,IJ,BC5923,Rafalet / Lluca / Covatelles
1017477,482802,7823410BC5972S0001IT,6,"61.420,52","1,070","134,63",120,"254,63",61420.52,1.07,134.63,254.63,7823410,BC5972S,0001,IT,BC5972,Tosalet / Cap Martí
1011838,421974,0478110BC5907N0001XI,6,"61.423,35","1,070","134,63",120,"254,63",61423.35,1.07,134.63,254.63,0478110,BC5907N,0001,XI,BC5907,Montgó / Toscamar
1012677,470668,4836808BC5943N0001ZW,6,"61.501,29","1,072","134,65",120,"254,65",61501.29,1.072,134.65,254.65,4836808,BC5943N,0001,ZW,BC5943,Casco urbano / Pueblo
1017984,471592,5656501BC5955N0039TM,6,"61.615,82","1,074","134,66",120,"254,66",61615.82,1.074,134.66,254.66,5656501,BC5955N,0039,TM,BC5955,Arenal / Canal / Montañar
1017551,440628,5656501BC5955N0046OR,6,"61.615,82","1,074","134,66",120,"254,66",61615.82,1.074,134.66,254.66,5656501,BC5955N,0046,OR,BC5955,Arenal / Canal / Montañar
1017490,510866,5656501BC5955N0047PT,6,"61.615,82","1,074","134,66",120,"254,66",61615.82,1.074,134.66,254.66,5656501,BC5955N,0047,PT,BC5955,Arenal / Canal / Montañar
1017995,510556,5656501BC5955N0038RX,6,"61.615,82","1,074","134,66",120,"254,66",61615.82,1.074,134.66,254.66,5656501,BC5955N,0038,RX,BC5955,Arenal / Canal / Montañar
1006852,474221,7915702BC5971S0001AA,6,"61.618,49","1,074","134,66",120,"254,66",61618.49,1.074,134.66,254.66,7915702,BC5971S,0001,AA,BC5971,Tosalet / Cap Martí
1004016,471969,8619049BC5981N0001PU,6,"61.762,43","1,076","134,69",120,"254,69",61762.43,1.076,134.69,254.69,8619049,BC5981N,0001,PU,BC5981,Portitxol / Toscal / Trencall
1001546,453370,5758403BC5955N0030SF,6,"61.763,54","1,076","134,69",120,"254,69",61763.54,1.076,134.69,254.69,5758403,BC5955N,0030,SF,BC5955,Arenal / Canal / Montañar
1003597,468107,5470807BC5957S0001YD,6,"61.826,74","1,077","134,70",120,"254,70",61826.74,1.077,134.7,254.7,5470807,BC5957S,0001,YD,BC5957,Arenal / Canal / Montañar
1000329,442346,5939606BC5953N0001GY,6,"61.923,63","1,079","134,71",120,"254,71",61923.63,1.079,134.71,254.71,5939606,BC5953N,0001,GY,BC5953,Arenal / Canal / Montañar
1017262,448120,7231305BC5973S0001DX,6,"61.955,74","1,080","134,72",120,"254,72",61955.74,1.08,134.72,254.72,7231305,BC5973S,0001,DX,BC5973,Tosalet / Cap Martí
1014004,460701,2794515BC5924S0001BL,6,"62.115,61","1,083","134,74",120,"254,74",62115.61,1.083,134.74,254.74,2794515,BC5924S,0001,BL,BC5924,Rafalet / Lluca / Covatelles
1011847,429462,0478112BC5907N0001JI,6,"62.243,88","1,085","134,76",120,"254,76",62243.88,1.085,134.76,254.76,0478112,BC5907N,0001,JI,BC5907,Montgó / Toscamar
1025809,455770,5457312BC5955N0005LZ,6,"62.301,66","1,086","134,77",120,"254,77",62301.66,1.086,134.77,254.77,5457312,BC5955N,0005,LZ,BC5955,Arenal / Canal / Montañar
1006835,485139,7616019BC5971N0001ME,6,"62.341,87","1,086","134,78",120,"254,78",62341.87,1.086,134.78,254.78,7616019,BC5971N,0001,ME,BC5971,Tosalet / Cap Martí
1025817,476421,5457312BC5955N0011XQ,6,"62.391,83","1,087","134,79",120,"254,79",62391.83,1.087,134.79,254.79,5457312,BC5955N,0011,XQ,BC5955,Arenal / Canal / Montañar
1007194,451345,7124311BC5972S0001TT,6,"62.393,60","1,087","134,79",120,"254,79",62393.6,1.087,134.79,254.79,7124311,BC5972S,0001,TT,BC5972,Tosalet / Cap Martí
1005028,481916,5531204BC5953S0001LF,6,"62.411,82","1,088","134,79",120,"254,79",62411.82,1.088,134.79,254.79,5531204,BC5953S,0001,LF,BC5953,Arenal / Canal / Montañar
1011531,489910,1179440BC5918S0001SF,6,"62.440,87","1,088","134,79",120,"254,79",62440.87,1.088,134.79,254.79,1179440,BC5918S,0001,SF,BC5918,Montgó / Toscamar
1012555,502135,5333302BC5953S0001IF,6,"62.522,99","1,090","134,81",120,"254,81",62522.99,1.09,134.81,254.81,5333302,BC5953S,0001,IF,BC5953,Arenal / Canal / Montañar
1025781,503841,5960715BC5956S0006MQ,6,"62.566,24","1,090","134,81",120,"254,81",62566.24,1.09,134.81,254.81,5960715,BC5956S,0006,MQ,BC5956,Arenal / Canal / Montañar
1017222,478456,7236306BC5973N0001QF,6,"62.592,97","1,091","134,82",120,"254,82",62592.97,1.091,134.82,254.82,7236306,BC5973N,0001,QF,BC5973,Tosalet / Cap Martí
1017487,458180,7823409BC5972S0001ET,6,"62.597,44","1,091","134,82",120,"254,82",62597.44,1.091,134.82,254.82,7823409,BC5972S,0001,ET,BC5972,Tosalet / Cap Martí
1020534,511188,7429610BC5972N0001OB,6,"62.607,66","1,091","134,82",120,"254,82",62607.66,1.091,134.82,254.82,7429610,BC5972N,0001,OB,BC5972,Tosalet / Cap Martí
1019071,498365,7072605BC5972N0001WB,6,"62.830,90","1,095","134,85",120,"254,85",62830.9,1.095,134.85,254.85,7072605,BC5972N,0001,WB,BC5972,Tosalet / Cap Martí
1023895,478847,8524001BC5982S0001EO,6,"62.894,08","1,096","134,86",120,"254,86",62894.08,1.096,134.86,254.86,8524001,BC5982S,0001,EO,BC5982,Costa Nova / Balcón al Mar / Ambolo
1004355,490489,9316301BC5991N0001LA,6,"62.950,11","1,097","134,87",120,"254,87",62950.11,1.097,134.87,254.87,9316301,BC5991N,0001,LA,BC5991,Costa Nova / Balcón al Mar / Ambolo
1012660,473986,4833312BC5943S0001KP,6,"63.064,32","1,099","134,89",120,"254,89",63064.32,1.099,134.89,254.89,4833312,BC5943S,0001,KP,BC5943,Casco urbano / Pueblo
1012529,486474,5337401BC5953N0001MY,6,"63.102,85","1,100","134,90",120,"254,90",63102.85,1.1,134.9,254.9,5337401,BC5953N,0001,MY,BC5953,Arenal / Canal / Montañar
1005869,503931,3966406BC5937S0001WT,6,"63.150,36","1,101","134,91",120,"254,91",63150.36,1.101,134.91,254.91,3966406,BC5937S,0001,WT,BC5937,Casco urbano / Pueblo
1017456,475061,7824107BC5972S0001QT,6,"63.340,09","1,104","134,93",120,"254,93",63340.09,1.104,134.93,254.93,7824107,BC5972S,0001,QT,BC5972,Tosalet / Cap Martí
1006555,474693,3838207BC5933N0001IZ,6,"63.466,93","1,106","134,95",120,"254,95",63466.93,1.106,134.95,254.95,3838207,BC5933N,0001,IZ,BC5933,Casco urbano / Pueblo
1032041,490606,4372124BC5946N0005JA,6,"63.480,48","1,106","134,96",120,"254,96",63480.48,1.106,134.96,254.96,4372124,BC5946N,0005,JA,BC5946,Casco urbano / Pueblo
1024140,483149,8524005BC5982S0001HO,6,"63.488,97","1,106","134,96",120,"254,96",63488.97,1.106,134.96,254.96,8524005,BC5982S,0001,HO,BC5982,Costa Nova / Balcón al Mar / Ambolo
1017146,476989,7434502BC5973S0001HX,6,"63.665,34","1,110","134,99",120,"254,99",63665.34,1.11,134.99,254.99,7434502,BC5973S,0001,HX,BC5973,Tosalet / Cap Martí
1008654,423753,2279922BC5927N0001ZH,6,"63.687,70","1,110","134,99",120,"254,99",63687.7,1.11,134.99,254.99,2279922,BC5927N,0001,ZH,BC5927,Rafalet / Lluca / Covatelles
1026526,456640,7921320BC5972S0001ET,6,"63.710,33","1,110","134,99",120,"254,99",63710.33,1.11,134.99,254.99,7921320,BC5972S,0001,ET,BC5972,Tosalet / Cap Martí
1003948,471337,8814011BC5981S0001UG,6,"63.805,56","1,112","135,01",120,"255,01",63805.56,1.112,135.01,255.01,8814011,BC5981S,0001,UG,BC5981,Portitxol / Toscal / Trencall
1007349,505457,7518412BC5971N0001JE,6,"63.835,75","1,113","135,01",120,"255,01",63835.75,1.113,135.01,255.01,7518412,BC5971N,0001,JE,BC5971,Tosalet / Cap Martí
1017496,443487,7825212BC5972N0001TB,6,"63.912,56","1,114","135,02",120,"255,02",63912.56,1.114,135.02,255.02,7825212,BC5972N,0001,TB,BC5972,Tosalet / Cap Martí
1018163,445419,2028921BC5922N0001OM,6,"63.945,04","1,114","135,03",120,"255,03",63945.04,1.114,135.03,255.03,2028921,BC5922N,0001,OM,BC5922,Rafalet / Lluca / Covatelles
1017231,463215,7732207BC5973S0001GX,6,"64.001,16","1,115","135,04",120,"255,04",64001.16,1.115,135.04,255.04,7732207,BC5973S,0001,GX,BC5973,Tosalet / Cap Martí
1006965,499577,7611003BC5971S0001LA,6,"64.035,55","1,116","135,04",120,"255,04",64035.55,1.116,135.04,255.04,7611003,BC5971S,0001,LA,BC5971,Tosalet / Cap Martí
1008647,505498,2235803BC5923N0001HJ,6,"64.145,49","1,118","135,06",120,"255,06",64145.49,1.118,135.06,255.06,2235803,BC5923N,0001,HJ,BC5923,Rafalet / Lluca / Covatelles
1002603,502795,7046002BC5974N0003YP,6,"64.300,86","1,121","135,09",120,"255,09",64300.86,1.121,135.09,255.09,7046002,BC5974N,0003,YP,BC5974,Portitxol / Toscal / Trencall
1003020,492956,7046002BC5974N0019LM,6,"64.300,86","1,121","135,09",120,"255,09",64300.86,1.121,135.09,255.09,7046002,BC5974N,0019,LM,BC5974,Portitxol / Toscal / Trencall
1031888,483856,5466512BC5956N0002IS,6,"64.350,46","1,121","135,09",120,"255,09",64350.46,1.121,135.09,255.09,5466512,BC5956N,0002,IS,BC5956,Arenal / Canal / Montañar
1027535,462525,5953101BC5955S0082QD,6,"64.399,00","1,122","135,10",120,"255,10",64399.0,1.122,135.1,255.1,5953101,BC5955S,0082,QD,BC5955,Arenal / Canal / Montañar
1024220,507603,2842514BC5924S0001WL,6,"64.544,20","1,125","135,12",120,"255,12",64544.2,1.125,135.12,255.12,2842514,BC5924S,0001,WL,BC5924,Rafalet / Lluca / Covatelles
1029122,487926,1731316BC5913S0001DZ,6,"64.662,40","1,127","135,14",120,"255,14",64662.4,1.127,135.14,255.14,1731316,BC5913S,0001,DZ,BC5913,Montgó / Toscamar
1013997,480141,2843721BC5924S0001TL,6,"64.836,90","1,130","135,17",120,"255,17",64836.9,1.13,135.17,255.17,2843721,BC5924S,0001,TL,BC5924,Rafalet / Lluca / Covatelles
1007960,492027,7429604BC5972N0001TB,6,"64.887,57","1,131","135,18",120,"255,18",64887.57,1.131,135.18,255.18,7429604,BC5972N,0001,TB,BC5972,Tosalet / Cap Martí
1020479,462310,7411708BC5971S0001HA,6,"64.947,89","1,132","135,19",120,"255,19",64947.89,1.132,135.19,255.19,7411708,BC5971S,0001,HA,BC5971,Tosalet / Cap Martí
1018255,493925,2939712BC5923N0001UJ,6,"65.012,07","1,133","135,20",120,"255,20",65012.07,1.133,135.2,255.2,2939712,BC5923N,0001,UJ,BC5923,Rafalet / Lluca / Covatelles
1025481,494690,2748902BC5924N0001ZA,6,"65.113,97","1,135","135,21",120,"255,21",65113.97,1.135,135.21,255.21,2748902,BC5924N,0001,ZA,BC5924,Rafalet / Lluca / Covatelles
1008109,478120,9682509BC4998S0001QA,6,"65.142,91","1,135","135,22",120,"255,22",65142.91,1.135,135.22,255.22,9682509,BC4998S,0001,QA,BC4998,Les Fonts / Castellans
1020627,475832,8916001BC5981N0001GU,6,"65.181,67","1,136","135,22",120,"255,22",65181.67,1.136,135.22,255.22,8916001,BC5981N,0001,GU,BC5981,Portitxol / Toscal / Trencall
1007063,479148,6623314BC5962S0001BQ,6,"65.257,64","1,137","135,24",120,"255,24",65257.64,1.137,135.24,255.24,6623314,BC5962S,0001,BQ,BC5962,Puerto / Aduanas
1026345,507096,7921318BC5972S0001ST,6,"65.367,39","1,139","135,25",120,"255,25",65367.39,1.139,135.25,255.25,7921318,BC5972S,0001,ST,BC5972,Tosalet / Cap Martí
1026485,476556,5750201BC5955S0004ZT,6,"65.371,93","1,139","135,25",120,"255,25",65371.93,1.139,135.25,255.25,5750201,BC5955S,0004,ZT,BC5955,Arenal / Canal / Montañar
1003600,486826,5372019BC5957S0001RD,6,"65.407,50","1,140","135,26",120,"255,26",65407.5,1.14,135.26,255.26,5372019,BC5957S,0001,RD,BC5957,Arenal / Canal / Montañar
1012494,480028,11953B1BC5917N0001PS,6,"65.437,63","1,140","135,26",120,"255,26",65437.63,1.14,135.26,255.26,11953B1,BC5917N,0001,PS,BC5917,Montgó / Toscamar
1006782,481587,7914202BC5971S0001OA,6,"65.520,02","1,142","135,28",120,"255,28",65520.02,1.142,135.28,255.28,7914202,BC5971S,0001,OA,BC5971,Tosalet / Cap Martí
1010259,483357,1072611BC5917S0001BB,6,"65.545,26","1,142","135,28",120,"255,28",65545.26,1.142,135.28,255.28,1072611,BC5917S,0001,BB,BC5917,Montgó / Toscamar
1019793,505128,6947808BC5964N0042HP,6,"65.581,85","1,143","135,29",120,"255,29",65581.85,1.143,135.29,255.29,6947808,BC5964N,0042,HP,BC5964,Puerto / Aduanas
1025182,473096,5960711BC5955N0036IB,6,"65.675,67","1,145","135,30",120,"255,30",65675.67,1.145,135.3,255.3,5960711,BC5955N,0036,IB,BC5955,Arenal / Canal / Montañar
1007328,501323,7421004BC5972S0001PT,6,"65.691,81","1,145","135,30",120,"255,30",65691.81,1.145,135.3,255.3,7421004,BC5972S,0001,PT,BC5972,Tosalet / Cap Martí
1006554,504016,3838210BC5933N0001IZ,6,"65.700,14","1,145","135,31",120,"255,31",65700.14,1.145,135.31,255.31,3838210,BC5933N,0001,IZ,BC5933,Casco urbano / Pueblo
1027203,507308,3117911BC5931N0001EP,6,"65.710,13","1,145","135,31",120,"255,31",65710.13,1.145,135.31,255.31,3117911,BC5931N,0001,EP,BC5931,Casco urbano / Pueblo
1019042,457941,7915210BC5971N0001DE,6,"65.769,90","1,146","135,32",120,"255,32",65769.9,1.146,135.32,255.32,7915210,BC5971N,0001,DE,BC5971,Tosalet / Cap Martí
1010411,487129,4936017BC5943N0001SW,6,"65.818,29","1,147","135,32",120,"255,32",65818.29,1.147,135.32,255.32,4936017,BC5943N,0001,SW,BC5943,Casco urbano / Pueblo
1019914,491273,6937022BC5963N0001GP,6,"65.954,14","1,149","135,34",120,"255,34",65954.14,1.149,135.34,255.34,6937022,BC5963N,0001,GP,BC5963,Puerto / Aduanas
1022685,483181,8524006BC5982S0001WO,6,"66.094,98","1,152","135,37",120,"255,37",66094.98,1.152,135.37,255.37,8524006,BC5982S,0001,WO,BC5982,Costa Nova / Balcón al Mar / Ambolo
1019079,460191,7429611BC5972N0001KB,6,"66.113,88","1,152","135,37",120,"255,37",66113.88,1.152,135.37,255.37,7429611,BC5972N,0001,KB,BC5972,Tosalet / Cap Martí
1029272,442513,5374712BC5957S0011OB,6,"66.159,32","1,153","135,38",120,"255,38",66159.32,1.153,135.38,255.38,5374712,BC5957S,0011,OB,BC5957,Arenal / Canal / Montañar
1025168,448483,5640101BC5954S0001PI,6,"66.266,04","1,155","135,39",120,"255,39",66266.04,1.155,135.39,255.39,5640101,BC5954S,0001,PI,BC5954,Arenal / Canal / Montañar
1031885,481619,5466512BC5956N0001UA,6,"66.302,46","1,155","135,40",120,"255,40",66302.46,1.155,135.4,255.4,5466512,BC5956N,0001,UA,BC5956,Arenal / Canal / Montañar
1004352,485353,9217001BC5991N0001BA,6,"66.314,73","1,156","135,40",120,"255,40",66314.73,1.156,135.4,255.4,9217001,BC5991N,0001,BA,BC5991,Costa Nova / Balcón al Mar / Ambolo
1019027,447339,7517018BC5971N0001RE,6,"66.483,12","1,159","135,43",120,"255,43",66483.12,1.159,135.43,255.43,7517018,BC5971N,0001,RE,BC5971,Tosalet / Cap Martí
1026942,457810,7711902BC5971S0001GA,6,"66.524,51","1,159","135,43",120,"255,43",66524.51,1.159,135.43,255.43,7711902,BC5971S,0001,GA,BC5971,Tosalet / Cap Martí
1023894,460892,8423303BC5982S0001DO,6,"66.571,67","1,160","135,44",120,"255,44",66571.67,1.16,135.44,255.44,8423303,BC5982S,0001,DO,BC5982,Costa Nova / Balcón al Mar / Ambolo
1016829,487809,5656501BC5955N0052SU,6,"66.610,35","1,161","135,45",120,"255,45",66610.35,1.161,135.45,255.45,5656501,BC5955N,0052,SU,BC5955,Arenal / Canal / Montañar
1007367,477782,7521215BC5972S0001DT,6,"66.963,72","1,167","135,50",120,"255,50",66963.72,1.167,135.5,255.5,7521215,BC5972S,0001,DT,BC5972,Tosalet / Cap Martí
1010679,484856,8986351BC4988N0001SX,6,"67.003,56","1,168","135,51",120,"255,51",67003.56,1.168,135.51,255.51,8986351,BC4988N,0001,SX,BC4988,Les Fonts / Castellans
1011005,468578,5372012BC5957S0053QR,6,"67.076,20","1,169","135,52",120,"255,52",67076.2,1.169,135.52,255.52,5372012,BC5957S,0053,QR,BC5957,Arenal / Canal / Montañar
1019509,437738,9490809BC4998N0001IE,6,"67.114,21","1,170","135,53",120,"255,53",67114.21,1.17,135.53,255.53,9490809,BC4998N,0001,IE,BC4998,Les Fonts / Castellans
1005183,495799,8688958BC4998N0001KE,6,"67.143,15","1,170","135,53",120,"255,53",67143.15,1.17,135.53,255.53,8688958,BC4998N,0001,KE,BC4998,Les Fonts / Castellans
1003779,475848,8515614BC5981S0001KG,6,"67.341,13","1,174","135,56",120,"255,56",67341.13,1.174,135.56,255.56,8515614,BC5981S,0001,KG,BC5981,Portitxol / Toscal / Trencall
1007074,462913,6924007BC5962S0001XQ,6,"67.352,34","1,174","135,56",120,"255,56",67352.34,1.174,135.56,255.56,6924007,BC5962S,0001,XQ,BC5962,Puerto / Aduanas
1024961,463981,7512009BC5971S0001JA,6,"67.392,36","1,174","135,57",120,"255,57",67392.36,1.174,135.57,255.57,7512009,BC5971S,0001,JA,BC5971,Tosalet / Cap Martí
1013654,486499,3981620BC5938S0001SX,6,"67.401,44","1,175","135,57",120,"255,57",67401.44,1.175,135.57,255.57,3981620,BC5938S,0001,SX,BC5938,Casco urbano / Pueblo
1006592,478846,1868571BC5916N0001EK,6,"67.446,11","1,175","135,58",120,"255,58",67446.11,1.175,135.58,255.58,1868571,BC5916N,0001,EK,BC5916,Montgó / Toscamar
1003910,446201,9111006BC5991S0001BL,6,"67.477,45","1,176","135,58",120,"255,58",67477.45,1.176,135.58,255.58,9111006,BC5991S,0001,BL,BC5991,Costa Nova / Balcón al Mar / Ambolo
1017193,491913,7131603BC5973S0001GX,6,"67.634,16","1,179","135,61",120,"255,61",67634.16,1.179,135.61,255.61,7131603,BC5973S,0001,GX,BC5973,Tosalet / Cap Martí
1006422,488172,6541407BC5964S0001PS,6,"67.724,81","1,180","135,62",120,"255,62",67724.81,1.18,135.62,255.62,6541407,BC5964S,0001,PS,BC5964,Puerto / Aduanas
1007377,491086,7518413BC5971N0001EE,6,"67.725,57","1,180","135,62",120,"255,62",67725.57,1.18,135.62,255.62,7518413,BC5971N,0001,EE,BC5971,Tosalet / Cap Martí
1020648,496426,9311105BC5991S0001XL,6,"67.726,74","1,180","135,62",120,"255,62",67726.74,1.18,135.62,255.62,9311105,BC5991S,0001,XL,BC5991,Costa Nova / Balcón al Mar / Ambolo
1006817,453856,7816209BC5971N0001ZE,6,"67.787,89","1,181","135,63",120,"255,63",67787.89,1.181,135.63,255.63,7816209,BC5971N,0001,ZE,BC5971,Tosalet / Cap Martí
1027210,489338,3117904BC5931N0001DP,6,"67.804,25","1,182","135,64",120,"255,64",67804.25,1.182,135.64,255.64,3117904,BC5931N,0001,DP,BC5931,Casco urbano / Pueblo
1021072,497776,0881260BC5908S0001PP,6,"67.841,43","1,182","135,64",120,"255,64",67841.43,1.182,135.64,255.64,0881260,BC5908S,0001,PP,BC5908,Montgó / Toscamar
1005576,445701,0017029BC5905S0001WT,6,"67.844,26","1,182","135,64",120,"255,64",67844.26,1.182,135.64,255.64,0017029,BC5905S,0001,WT,BC5905,Montgó / Toscamar
1006074,496069,6235501BC5963S0001GK,6,"67.950,21","1,184","135,66",120,"255,66",67950.21,1.184,135.66,255.66,6235501,BC5963S,0001,GK,BC5963,Puerto / Aduanas
1024146,497414,5133409BC5953S0001XF,6,"67.953,87","1,184","135,66",120,"255,66",67953.87,1.184,135.66,255.66,5133409,BC5953S,0001,XF,BC5953,Arenal / Canal / Montañar
1027545,464982,5953101BC5955S0092IB,6,"68.057,04","1,186","135,67",120,"255,67",68057.04,1.186,135.67,255.67,5953101,BC5955S,0092,IB,BC5955,Arenal / Canal / Montañar
1024984,444738,5550304BC5955S0014YS,6,"68.232,80","1,189","135,70",120,"255,70",68232.8,1.189,135.7,255.7,5550304,BC5955S,0014,YS,BC5955,Arenal / Canal / Montañar
1028585,510731,6929609BC5962N0001BH,6,"68.419,53","1,192","135,73",120,"255,73",68419.53,1.192,135.73,255.73,6929609,BC5962N,0001,BH,BC5962,Puerto / Aduanas
1017500,499985,7824105BC5972S0001YT,6,"68.436,58","1,193","135,73",120,"255,73",68436.58,1.193,135.73,255.73,7824105,BC5972S,0001,YT,BC5972,Tosalet / Cap Martí
1005460,470689,9388935BC4998N0001JE,6,"68.464,73","1,193","135,74",120,"255,74",68464.73,1.193,135.74,255.74,9388935,BC4998N,0001,JE,BC4998,Les Fonts / Castellans
1030113,442607,2950702BC5925S0001GD,6,"68.468,35","1,193","135,74",120,"255,74",68468.35,1.193,135.74,255.74,2950702,BC5925S,0001,GD,BC5925,Rafalet / Lluca / Covatelles
1029081,482305,7514505BC5971S0001AA,6,"68.496,69","1,194","135,74",120,"255,74",68496.69,1.194,135.74,255.74,7514505,BC5971S,0001,AA,BC5971,Tosalet / Cap Martí
1028383,503609,5743531BC5954S0001GI,6,"68.503,57","1,194","135,74",120,"255,74",68503.57,1.194,135.74,255.74,5743531,BC5954S,0001,GI,BC5954,Arenal / Canal / Montañar
1022574,486471,6451302BC5965S0006OA,6,"68.705,46","1,197","135,78",120,"255,78",68705.46,1.197,135.78,255.78,6451302,BC5965S,0006,OA,BC5965,Puerto / Aduanas
1024763,462537,4846504BC5944N0001IL,6,"68.758,89","1,198","135,78",120,"255,78",68758.89,1.198,135.78,255.78,4846504,BC5944N,0001,IL,BC5944,Casco urbano / Pueblo
1003753,495457,8610014BC5981S0001UG,6,"68.836,73","1,200","135,80",120,"255,80",68836.73,1.2,135.8,255.8,8610014,BC5981S,0001,UG,BC5981,Portitxol / Toscal / Trencall
1011553,474054,1195344BC5907N0001WI,6,"68.839,70","1,200","135,80",120,"255,80",68839.7,1.2,135.8,255.8,1195344,BC5907N,0001,WI,BC5907,Montgó / Toscamar
1016826,479032,7331420BC5973S0001ZX,6,"68.993,22","1,202","135,82",120,"255,82",68993.22,1.202,135.82,255.82,7331420,BC5973S,0001,ZX,BC5973,Tosalet / Cap Martí
1009468,492877,2925814BC5922S0001BI,6,"69.107,35","1,204","135,84",120,"255,84",69107.35,1.204,135.84,255.84,2925814,BC5922S,0001,BI,BC5922,Rafalet / Lluca / Covatelles
1029054,507123,7836018BC5973N0001XF,6,"69.144,50","1,205","135,85",120,"255,85",69144.5,1.205,135.85,255.85,7836018,BC5973N,0001,XF,BC5973,Tosalet / Cap Martí
1016172,481670,0677431BC5907N0001PI,6,"69.303,30","1,208","135,87",120,"255,87",69303.3,1.208,135.87,255.87,0677431,BC5907N,0001,PI,BC5907,Montgó / Toscamar
1004244,451690,9018001BC5991N0001KA,6,"69.326,00","1,208","135,87",120,"255,87",69326.0,1.208,135.87,255.87,9018001,BC5991N,0001,KA,BC5991,Costa Nova / Balcón al Mar / Ambolo
1006448,479914,7137011BC5953N0001BY,6,"69.349,78","1,209","135,88",120,"255,88",69349.78,1.209,135.88,255.88,7137011,BC5953N,0001,BY,BC5953,Arenal / Canal / Montañar
1024888,477435,8518211BC5981N0001DU,6,"69.389,02","1,209","135,88",120,"255,88",69389.02,1.209,135.88,255.88,8518211,BC5981N,0001,DU,BC5981,Portitxol / Toscal / Trencall
1019054,430946,7514516BC5971S0001FA,6,"69.441,82","1,210","135,89",120,"255,89",69441.82,1.21,135.89,255.89,7514516,BC5971S,0001,FA,BC5971,Tosalet / Cap Martí
1002960,481577,6749501BC5964N0101PU,6,"69.713,06","1,215","135,93",120,"255,93",69713.06,1.215,135.93,255.93,6749501,BC5964N,0101,PU,BC5964,Puerto / Aduanas
1019183,494017,8528404BC5982N0001BQ,6,"69.827,97","1,217","135,95",120,"255,95",69827.97,1.217,135.95,255.95,8528404,BC5982N,0001,BQ,BC5982,Costa Nova / Balcón al Mar / Ambolo
1019392,485821,4933306BC5943S0001YP,6,"69.855,65","1,217","135,96",120,"255,96",69855.65,1.217,135.96,255.96,4933306,BC5943S,0001,YP,BC5943,Casco urbano / Pueblo
1017718,418452,0880602BC5908S0001YP,6,"69.864,75","1,218","135,96",120,"255,96",69864.75,1.218,135.96,255.96,0880602,BC5908S,0001,YP,BC5908,Montgó / Toscamar
1016616,510292,6131426BC5963S0001OK,6,"69.892,09","1,218","135,96",120,"255,96",69892.09,1.218,135.96,255.96,6131426,BC5963S,0001,OK,BC5963,Puerto / Aduanas
1024747,481248,2549604BC5924N0001WA,6,"69.936,10","1,219","135,97",120,"255,97",69936.1,1.219,135.97,255.97,2549604,BC5924N,0001,WA,BC5924,Rafalet / Lluca / Covatelles
1020586,488949,5662001BC5956S0037ZM,6,"69.998,03","1,220","135,98",120,"255,98",69998.03,1.22,135.98,255.98,5662001,BC5956S,0037,ZM,BC5956,Arenal / Canal / Montañar
1020589,471378,5662001BC5956S0040ZM,6,"69.998,03","1,220","135,98",120,"255,98",69998.03,1.22,135.98,255.98,5662001,BC5956S,0040,ZM,BC5956,Arenal / Canal / Montañar
1008100,491742,7514521BC5971S0001OA,6,"70.006,56","1,220","135,98",120,"255,98",70006.56,1.22,135.98,255.98,7514521,BC5971S,0001,OA,BC5971,Tosalet / Cap Martí
1004049,483704,8617812BC5981N0001PU,6,"70.007,75","1,220","135,98",120,"255,98",70007.75,1.22,135.98,255.98,8617812,BC5981N,0001,PU,BC5981,Portitxol / Toscal / Trencall
1004408,452544,9317603BC5991N0001IA,6,"70.015,09","1,220","135,98",120,"255,98",70015.09,1.22,135.98,255.98,9317603,BC5991N,0001,IA,BC5991,Costa Nova / Balcón al Mar / Ambolo
1028827,478642,2748915BC5924N0001LA,6,"70.026,67","1,220","135,98",120,"255,98",70026.67,1.22,135.98,255.98,2748915,BC5924N,0001,LA,BC5924,Rafalet / Lluca / Covatelles
1026164,489832,3118212BC5931N0001SP,6,"70.143,67","1,222","136,00",120,"256,00",70143.67,1.222,136.0,256.0,3118212,BC5931N,0001,SP,BC5931,Casco urbano / Pueblo
1027205,467392,3117909BC5931N0001SP,6,"70.275,72","1,225","136,02",120,"256,02",70275.72,1.225,136.02,256.02,3117909,BC5931N,0001,SP,BC5931,Casco urbano / Pueblo
1025492,489681,7824438BC5972S0001RT,6,"70.405,25","1,227","136,04",120,"256,04",70405.25,1.227,136.04,256.04,7824438,BC5972S,0001,RT,BC5972,Tosalet / Cap Martí
1003920,498075,9111007BC5991S0001YL,6,"70.429,12","1,227","136,05",120,"256,05",70429.12,1.227,136.05,256.05,9111007,BC5991S,0001,YL,BC5991,Costa Nova / Balcón al Mar / Ambolo
1029109,486755,4933305BC5943S0001BP,6,"70.500,85","1,229","136,06",120,"256,06",70500.85,1.229,136.06,256.06,4933305,BC5943S,0001,BP,BC5943,Casco urbano / Pueblo
1019523,501201,7615364BC5971S0001QA,6,"70.537,33","1,229","136,06",120,"256,06",70537.33,1.229,136.06,256.06,7615364,BC5971S,0001,QA,BC5971,Tosalet / Cap Martí
1003028,485513,6749501BC5964N0110HD,6,"70.588,72","1,230","136,07",120,"256,07",70588.72,1.23,136.07,256.07,6749501,BC5964N,0110,HD,BC5964,Puerto / Aduanas
1000139,498307,5344011BC5954S0001ZI,6,"70.682,05","1,232","136,09",120,"256,09",70682.05,1.232,136.09,256.09,5344011,BC5954S,0001,ZI,BC5954,Arenal / Canal / Montañar
1030112,474880,9286613BC4998N0001BE,6,"70.683,99","1,232","136,09",120,"256,09",70683.99,1.232,136.09,256.09,9286613,BC4998N,0001,BE,BC4998,Les Fonts / Castellans
1018996,487467,6621103BC5962S0001XQ,6,"70.685,73","1,232","136,09",120,"256,09",70685.73,1.232,136.09,256.09,6621103,BC5962S,0001,XQ,BC5962,Puerto / Aduanas
1012102,501930,2578913BC5927N0001UH,6,"70.702,68","1,232","136,09",120,"256,09",70702.68,1.232,136.09,256.09,2578913,BC5927N,0001,UH,BC5927,Rafalet / Lluca / Covatelles
1016170,504834,9286604BC4998N0001SE,6,"70.828,93","1,234","136,11",120,"256,11",70828.93,1.234,136.11,256.11,9286604,BC4998N,0001,SE,BC4998,Les Fonts / Castellans
1024416,473861,6352008BC5965S0017EL,6,"70.839,07","1,235","136,11",120,"256,11",70839.07,1.235,136.11,256.11,6352008,BC5965S,0017,EL,BC5965,Puerto / Aduanas
1023977,481867,7225517BC5962S0001KQ,6,"70.846,12","1,235","136,11",120,"256,11",70846.12,1.235,136.11,256.11,7225517,BC5962S,0001,KQ,BC5962,Puerto / Aduanas
1000319,500033,5443209BC5954S0001WI,6,"70.861,68","1,235","136,11",120,"256,11",70861.68,1.235,136.11,256.11,5443209,BC5954S,0001,WI,BC5954,Arenal / Canal / Montañar
1019064,489104,7915703BC5971S0001BA,6,"70.907,08","1,236","136,12",120,"256,12",70907.08,1.236,136.12,256.12,7915703,BC5971S,0001,BA,BC5971,Tosalet / Cap Martí
1003895,457022,8816414BC5981N0001FU,6,"71.116,66","1,239","136,15",120,"256,15",71116.66,1.239,136.15,256.15,8816414,BC5981N,0001,FU,BC5981,Portitxol / Toscal / Trencall
1004464,473233,9316305BC5991N0001OA,6,"71.222,66","1,241","136,17",120,"256,17",71222.66,1.241,136.17,256.17,9316305,BC5991N,0001,OA,BC5991,Costa Nova / Balcón al Mar / Ambolo
1018216,487094,9989802BC5908N0001UW,6,"71.244,21","1,242","136,17",120,"256,17",71244.21,1.242,136.17,256.17,9989802,BC5908N,0001,UW,BC5908,Montgó / Toscamar
1023956,495529,4536406BC5943N0001AW,6,"71.388,79","1,244","136,20",120,"256,20",71388.79,1.244,136.2,256.2,4536406,BC5943N,0001,AW,BC5943,Casco urbano / Pueblo
1027546,476016,5953101BC5955S0093OZ,6,"71.680,26","1,249","136,24",120,"256,24",71680.26,1.249,136.24,256.24,5953101,BC5955S,0093,OZ,BC5955,Arenal / Canal / Montañar
1023854,504173,5463703BC5956S0146TO,6,"71.745,80","1,250","136,25",120,"256,25",71745.8,1.25,136.25,256.25,5463703,BC5956S,0146,TO,BC5956,Arenal / Canal / Montañar
1006863,446568,7915206BC5971N0001RE,6,"71.867,15","1,252","136,27",120,"256,27",71867.15,1.252,136.27,256.27,7915206,BC5971N,0001,RE,BC5971,Tosalet / Cap Martí
1004434,478659,9317619BC5991N0001PA,6,"71.916,85","1,253","136,28",120,"256,28",71916.85,1.253,136.28,256.28,9317619,BC5991N,0001,PA,BC5991,Costa Nova / Balcón al Mar / Ambolo
1020472,452566,6710509BC5960N0001ZT,6,"71.917,34","1,253","136,28",120,"256,28",71917.34,1.253,136.28,256.28,6710509,BC5960N,0001,ZT,BC5960,Puerto / Aduanas
1006261,506911,6236311BC5963N0001YP,6,"71.996,43","1,255","136,29",120,"256,29",71996.43,1.255,136.29,256.29,6236311,BC5963N,0001,YP,BC5963,Puerto / Aduanas
1004420,481885,9217009BC5991N0001MA,6,"72.177,98","1,258","136,32",120,"256,32",72177.98,1.258,136.32,256.32,9217009,BC5991N,0001,MA,BC5991,Costa Nova / Balcón al Mar / Ambolo
1007094,469845,6623303BC5962S0001JQ,6,"72.274,60","1,260","136,34",120,"256,34",72274.6,1.26,136.34,256.34,6623303,BC5962S,0001,JQ,BC5962,Puerto / Aduanas
1030318,495696,6830418BC5962N0001KH,6,"72.294,37","1,260","136,34",120,"256,34",72294.37,1.26,136.34,256.34,6830418,BC5962N,0001,KH,BC5962,Puerto / Aduanas
1030430,495696,6830418BC5962N0001KH,6,"72.294,37","1,260","136,34",120,"256,34",72294.37,1.26,136.34,256.34,6830418,BC5962N,0001,KH,BC5962,Puerto / Aduanas
1001502,505708,5954701BC5955S0010WI,6,"72.327,28","1,260","136,34",120,"256,34",72327.28,1.26,136.34,256.34,5954701,BC5955S,0010,WI,BC5955,Arenal / Canal / Montañar
1001520,497514,5954701BC5955S0015UD,6,"72.327,28","1,260","136,34",120,"256,34",72327.28,1.26,136.34,256.34,5954701,BC5955S,0015,UD,BC5955,Arenal / Canal / Montañar
1005663,462965,6830416BC5962N0001MH,6,"72.380,67","1,261","136,35",120,"256,35",72380.67,1.261,136.35,256.35,6830416,BC5962N,0001,MH,BC5962,Puerto / Aduanas
1024996,444731,5550304BC5955S0026GZ,6,"72.475,12","1,263","136,37",120,"256,37",72475.12,1.263,136.37,256.37,5550304,BC5955S,0026,GZ,BC5955,Arenal / Canal / Montañar
1006793,488237,8115001BC5981S0001TG,6,"72.514,47","1,264","136,37",120,"256,37",72514.47,1.264,136.37,256.37,8115001,BC5981S,0001,TG,BC5981,Portitxol / Toscal / Trencall
1003616,495609,5372015BC5957S0001FD,6,"72.568,94","1,265","136,38",120,"256,38",72568.94,1.265,136.38,256.38,5372015,BC5957S,0001,FD,BC5957,Arenal / Canal / Montañar
1003622,460149,5372017BC5957S0001OD,6,"72.568,94","1,265","136,38",120,"256,38",72568.94,1.265,136.38,256.38,5372017,BC5957S,0001,OD,BC5957,Arenal / Canal / Montañar
1003992,426585,8716309BC5981N0001MU,6,"72.609,71","1,265","136,39",120,"256,39",72609.71,1.265,136.39,256.39,8716309,BC5981N,0001,MU,BC5981,Portitxol / Toscal / Trencall
1023764,491440,1731325BC5913S0001ZZ,6,"72.628,44","1,266","136,39",120,"256,39",72628.44,1.266,136.39,256.39,1731325,BC5913S,0001,ZZ,BC5913,Montgó / Toscamar
1019036,451353,7616021BC5971N0001FE,6,"72.633,96","1,266","136,39",120,"256,39",72633.96,1.266,136.39,256.39,7616021,BC5971N,0001,FE,BC5971,Tosalet / Cap Martí
1000410,487399,5741412BC5954S0001XI,6,"72.645,45","1,266","136,39",120,"256,39",72645.45,1.266,136.39,256.39,5741412,BC5954S,0001,XI,BC5954,Arenal / Canal / Montañar
1031902,483046,5466506BC5956S0009AR,6,"72.678,98","1,267","136,40",120,"256,40",72678.98,1.267,136.4,256.4,5466506,BC5956S,0009,AR,BC5956,Arenal / Canal / Montañar
1018227,465919,1533907BC5913S0001OZ,6,"72.727,02","1,267","136,41",120,"256,41",72727.02,1.267,136.41,256.41,1533907,BC5913S,0001,OZ,BC5913,Montgó / Toscamar
1024006,463505,8513006BC5981S0001IG,6,"72.730,81","1,268","136,41",120,"256,41",72730.81,1.268,136.41,256.41,8513006,BC5981S,0001,IG,BC5981,Portitxol / Toscal / Trencall
1017337,466291,7336106BC5973N0001IF,6,"72.776,25","1,268","136,41",120,"256,41",72776.25,1.268,136.41,256.41,7336106,BC5973N,0001,IF,BC5973,Tosalet / Cap Martí
1020762,480239,9182809BC4998S0001UA,6,"72.889,97","1,270","136,43",120,"256,43",72889.97,1.27,136.43,256.43,9182809,BC4998S,0001,UA,BC4998,Les Fonts / Castellans
1018310,441417,2933835BC5933S0001LY,6,"72.893,37","1,270","136,43",120,"256,43",72893.37,1.27,136.43,256.43,2933835,BC5933S,0001,LY,BC5933,Casco urbano / Pueblo
1006928,469619,7212713BC5971S0001OA,6,"72.893,41","1,270","136,43",120,"256,43",72893.41,1.27,136.43,256.43,7212713,BC5971S,0001,OA,BC5971,Tosalet / Cap Martí
1021902,488988,2127403BC5922N0001YM,6,"73.127,03","1,274","136,47",120,"256,47",73127.03,1.274,136.47,256.47,2127403,BC5922N,0001,YM,BC5922,Rafalet / Lluca / Covatelles
1007934,494583,7328806BC5972N0001AB,6,"73.230,70","1,276","136,49",120,"256,49",73230.7,1.276,136.49,256.49,7328806,BC5972N,0001,AB,BC5972,Tosalet / Cap Martí
1017357,468553,7231308BC5973S0001JX,6,"73.262,55","1,277","136,49",120,"256,49",73262.55,1.277,136.49,256.49,7231308,BC5973S,0001,JX,BC5973,Tosalet / Cap Martí
1017280,429319,7230002BC5973S0001GX,6,"73.374,56","1,279","136,51",120,"256,51",73374.56,1.279,136.51,256.51,7230002,BC5973S,0001,GX,BC5973,Tosalet / Cap Martí
1028126,479293,5960713BC5955N0002QK,6,"73.396,97","1,279","136,51",120,"256,51",73396.97,1.279,136.51,256.51,5960713,BC5955N,0002,QK,BC5955,Arenal / Canal / Montañar
1012457,416720,1179446BC5918S0001BF,6,"73.475,46","1,281","136,52",120,"256,52",73475.46,1.281,136.52,256.52,1179446,BC5918S,0001,BF,BC5918,Montgó / Toscamar
1004096,507140,8619023BC5981N0001FU,6,"73.547,73","1,282","136,54",120,"256,54",73547.73,1.282,136.54,256.54,8619023,BC5981N,0001,FU,BC5981,Portitxol / Toscal / Trencall
1010356,437601,7929305BC5972N0001IB,6,"73.608,17","1,283","136,55",120,"256,55",73608.17,1.283,136.55,256.55,7929305,BC5972N,0001,IB,BC5972,Tosalet / Cap Martí
1016477,446449,6029302BC5962N0001JH,6,"73.619,50","1,283","136,55",120,"256,55",73619.5,1.283,136.55,256.55,6029302,BC5962N,0001,JH,BC5962,Puerto / Aduanas
1007381,480241,7519310BC5971N0001ME,6,"73.636,76","1,283","136,55",120,"256,55",73636.76,1.283,136.55,256.55,7519310,BC5971N,0001,ME,BC5971,Tosalet / Cap Martí
1009426,461674,0003016BC5900S0001KS,6,"73.729,43","1,285","136,56",120,"256,56",73729.43,1.285,136.56,256.56,0003016,BC5900S,0001,KS,BC5900,Montgó / Toscamar
1012486,485634,1195314BC5917N0001BS,6,"73.847,89","1,287","136,58",120,"256,58",73847.89,1.287,136.58,256.58,1195314,BC5917N,0001,BS,BC5917,Montgó / Toscamar
1026990,479813,4933327BC5943S0001EP,6,"73.853,97","1,287","136,58",120,"256,58",73853.97,1.287,136.58,256.58,4933327,BC5943S,0001,EP,BC5943,Casco urbano / Pueblo
1006136,492995,6539803BC5963N0001KP,6,"73.966,26","1,289","136,60",120,"256,60",73966.26,1.289,136.6,256.6,6539803,BC5963N,0001,KP,BC5963,Puerto / Aduanas
1016496,504372,6736706BC5963N0001PP,6,"74.021,50","1,290","136,61",120,"256,61",74021.5,1.29,136.61,256.61,6736706,BC5963N,0001,PP,BC5963,Puerto / Aduanas
1004904,429463,2675319BC5927S0001FQ,6,"74.151,23","1,292","136,63",120,"256,63",74151.23,1.292,136.63,256.63,2675319,BC5927S,0001,FQ,BC5927,Rafalet / Lluca / Covatelles
1018525,437312,5133408BC5953S0001DF,6,"74.220,96","1,294","136,64",120,"256,64",74220.96,1.294,136.64,256.64,5133408,BC5953S,0001,DF,BC5953,Arenal / Canal / Montañar
1024393,467447,6922109BC5962S0001AQ,6,"74.236,31","1,294","136,64",120,"256,64",74236.31,1.294,136.64,256.64,6922109,BC5962S,0001,AQ,BC5962,Puerto / Aduanas
1000490,471349,4936006BC5943N0001OW,6,"74.256,20","1,294","136,65",120,"256,65",74256.2,1.294,136.65,256.65,4936006,BC5943N,0001,OW,BC5943,Casco urbano / Pueblo
1007177,490202,6923713BC5962S0001EQ,6,"74.266,40","1,294","136,65",120,"256,65",74266.4,1.294,136.65,256.65,6923713,BC5962S,0001,EQ,BC5962,Puerto / Aduanas
1003730,490776,8591412BC5981S0001XG,6,"74.401,19","1,297","136,67",120,"256,67",74401.19,1.297,136.67,256.67,8591412,BC5981S,0001,XG,BC5981,Portitxol / Toscal / Trencall
1029135,477623,9285201BC4998N0001PE,6,"74.557,29","1,299","136,69",120,"256,69",74557.29,1.299,136.69,256.69,9285201,BC4998N,0001,PE,BC4998,Les Fonts / Castellans
1018215,449517,0084903BC5908N0001LW,6,"74.584,68","1,300","136,70",120,"256,70",74584.68,1.3,136.7,256.7,0084903,BC5908N,0001,LW,BC5908,Montgó / Toscamar
1006567,480156,3838205BC5933N0001DZ,6,"74.708,60","1,302","136,72",120,"256,72",74708.6,1.302,136.72,256.72,3838205,BC5933N,0001,DZ,BC5933,Casco urbano / Pueblo
1019037,484803,7620209BC5971N0001LE,6,"74.741,30","1,303","136,72",120,"256,72",74741.3,1.303,136.72,256.72,7620209,BC5971N,0001,LE,BC5971,Tosalet / Cap Martí
1029157,494078,1731331BC5913S0001WZ,6,"74.779,02","1,303","136,73",120,"256,73",74779.02,1.303,136.73,256.73,1731331,BC5913S,0001,WZ,BC5913,Montgó / Toscamar
1003660,441041,8610041BC5981S0001IG,6,"74.808,29","1,304","136,73",120,"256,73",74808.29,1.304,136.73,256.73,8610041,BC5981S,0001,IG,BC5981,Portitxol / Toscal / Trencall
1020476,475294,7212718BC5971S0001IA,6,"74.864,26","1,305","136,74",120,"256,74",74864.26,1.305,136.74,256.74,7212718,BC5971S,0001,IA,BC5971,Tosalet / Cap Martí
1007901,466070,2265903BC5926N0001PX,6,"74.886,38","1,305","136,75",120,"256,75",74886.38,1.305,136.75,256.75,2265903,BC5926N,0001,PX,BC5926,Rafalet / Lluca / Covatelles
1005584,479398,0010010BC5905N0001UB,6,"74.894,39","1,305","136,75",120,"256,75",74894.39,1.305,136.75,256.75,0010010,BC5905N,0001,UB,BC5905,Montgó / Toscamar
1000064,509465,4947011BC5944N0001ZL,6,"74.991,91","1,307","136,76",120,"256,76",74991.91,1.307,136.76,256.76,4947011,BC5944N,0001,ZL,BC5944,Casco urbano / Pueblo
1005668,451340,6831405BC5963S0001WK,6,"75.077,45","1,308","136,78",120,"256,78",75077.45,1.308,136.78,256.78,6831405,BC5963S,0001,WK,BC5963,Puerto / Aduanas
1006925,440377,7013710BC5961S0001EU,6,"75.153,02","1,310","136,79",120,"256,79",75153.02,1.31,136.79,256.79,7013710,BC5961S,0001,EU,BC5961,Puerto / Aduanas
1003702,49792,8812803BC5981S0001UG,6,"75.173,86","1,310","136,79",120,"256,79",75173.86,1.31,136.79,256.79,8812803,BC5981S,0001,UG,BC5981,Portitxol / Toscal / Trencall
1016841,487811,6932603BC5963S0001SK,6,"75.176,92","1,310","136,79",120,"256,79",75176.92,1.31,136.79,256.79,6932603,BC5963S,0001,SK,BC5963,Puerto / Aduanas
1029250,504839,2578962BC5927N0001FH,6,"75.426,16","1,315","136,83",120,"256,83",75426.16,1.315,136.83,256.83,2578962,BC5927N,0001,FH,BC5927,Rafalet / Lluca / Covatelles
1031437,478551,5952136BC5955S0062OX,6,"75.437,34","1,315","136,83",120,"256,83",75437.34,1.315,136.83,256.83,5952136,BC5955S,0062,OX,BC5955,Arenal / Canal / Montañar
1017268,421603,7232718BC5973S0001OX,6,"75.445,79","1,315","136,83",120,"256,83",75445.79,1.315,136.83,256.83,7232718,BC5973S,0001,OX,BC5973,Tosalet / Cap Martí
1017295,506739,7234014BC5973S0001QX,6,"75.487,62","1,316","136,84",120,"256,84",75487.62,1.316,136.84,256.84,7234014,BC5973S,0001,QX,BC5973,Tosalet / Cap Martí
1023093,489633,1195394BC5917S0001KB,6,"75.643,09","1,318","136,86",120,"256,86",75643.09,1.318,136.86,256.86,1195394,BC5917S,0001,KB,BC5917,Montgó / Toscamar
1003934,497059,8813703BC5981S0001IG,6,"75.659,11","1,319","136,87",120,"256,87",75659.11,1.319,136.87,256.87,8813703,BC5981S,0001,IG,BC5981,Portitxol / Toscal / Trencall
1000052,470104,2346306BC5924N0001OA,6,"75.696,58","1,319","136,87",120,"256,87",75696.58,1.319,136.87,256.87,2346306,BC5924N,0001,OA,BC5924,Rafalet / Lluca / Covatelles
1007038,480742,7512005BC5971S0001RA,6,"75.745,79","1,320","136,88",120,"256,88",75745.79,1.32,136.88,256.88,7512005,BC5971S,0001,RA,BC5971,Tosalet / Cap Martí
1017201,494358,7233008BC5973S0001GX,6,"75.822,29","1,321","136,89",120,"256,89",75822.29,1.321,136.89,256.89,7233008,BC5973S,0001,GX,BC5973,Tosalet / Cap Martí
1016035,437602,7419009BC5971N0001FE,6,"75.839,31","1,322","136,90",120,"256,90",75839.31,1.322,136.9,256.9,7419009,BC5971N,0001,FE,BC5971,Tosalet / Cap Martí
1004229,480047,8819725BC5981N0001ZU,6,"75.840,42","1,322","136,90",120,"256,90",75840.42,1.322,136.9,256.9,8819725,BC5981N,0001,ZU,BC5981,Portitxol / Toscal / Trencall
1029055,507121,7836019BC5973N0001IF,6,"75.863,07","1,322","136,90",120,"256,90",75863.07,1.322,136.9,256.9,7836019,BC5973N,0001,IF,BC5973,Tosalet / Cap Martí
1004093,462526,8318413BC5981N0001OU,6,"76.016,41","1,325","136,92",120,"256,92",76016.41,1.325,136.92,256.92,8318413,BC5981N,0001,OU,BC5981,Portitxol / Toscal / Trencall
1022684,434837,8423302BC5982S0001RO,6,"76.033,60","1,325","136,93",120,"256,93",76033.6,1.325,136.93,256.93,8423302,BC5982S,0001,RO,BC5982,Costa Nova / Balcón al Mar / Ambolo
1029812,446466,4625227BC5942N0001ZI,6,"76.067,56","1,326","136,93",120,"256,93",76067.56,1.326,136.93,256.93,4625227,BC5942N,0001,ZI,BC5942,Casco urbano / Pueblo
1016603,500292,7331417BC5973S0001ZX,6,"76.094,73","1,326","136,94",120,"256,94",76094.73,1.326,136.94,256.94,7331417,BC5973S,0001,ZX,BC5973,Tosalet / Cap Martí
1023897,488947,8525346BC5982S0001KO,6,"76.105,30","1,326","136,94",120,"256,94",76105.3,1.326,136.94,256.94,8525346,BC5982S,0001,KO,BC5982,Costa Nova / Balcón al Mar / Ambolo
1020398,505860,6436207BC5963N0001MP,6,"76.352,84","1,331","136,98",120,"256,98",76352.84,1.331,136.98,256.98,6436207,BC5963N,0001,MP,BC5963,Puerto / Aduanas
1006941,476863,7312710BC5971S0001BA,6,"76.434,46","1,332","136,99",120,"256,99",76434.46,1.332,136.99,256.99,7312710,BC5971S,0001,BA,BC5971,Tosalet / Cap Martí
1004154,446448,9021602BC5982S0001TO,6,"76.475,70","1,333","137,00",120,"257,00",76475.7,1.333,137.0,257.0,9021602,BC5982S,0001,TO,BC5982,Costa Nova / Balcón al Mar / Ambolo
1006858,491454,7616015BC7616N0001PR,6,"76.521,20","1,334","137,00",120,"257,00",76521.2,1.334,137.0,257.0,7616015,BC7616N,0001,PR,BC7616,Sin clasificar / revisar
1006572,479258,3838229BC5933N0001FZ,6,"76.615,04","1,335","137,02",120,"257,02",76615.04,1.335,137.02,257.02,3838229,BC5933N,0001,FZ,BC5933,Casco urbano / Pueblo
1007081,489067,7126701BC5972N0001FB,6,"76.690,49","1,337","137,03",120,"257,03",76690.49,1.337,137.03,257.03,7126701,BC5972N,0001,FB,BC5972,Tosalet / Cap Martí
1026845,510882,7919706BC5971N0001ZE,6,"76.771,92","1,338","137,04",120,"257,04",76771.92,1.338,137.04,257.04,7919706,BC5971N,0001,ZE,BC5971,Tosalet / Cap Martí
1004613,497044,2870012BC5927S0001DQ,6,"76.882,11","1,340","137,06",120,"257,06",76882.11,1.34,137.06,257.06,2870012,BC5927S,0001,DQ,BC5927,Rafalet / Lluca / Covatelles
1019150,461211,5734607BC5973S0001GX,6,"76.990,73","1,342","137,08",120,"257,08",76990.73,1.342,137.08,257.08,5734607,BC5973S,0001,GX,BC5973,Tosalet / Cap Martí
1006197,508943,7238714BC5973N0001EF,6,"77.105,20","1,344","137,09",120,"257,09",77105.2,1.344,137.09,257.09,7238714,BC5973N,0001,EF,BC5973,Tosalet / Cap Martí
1017324,464592,7333007BC5973S0001ZX,6,"77.177,92","1,345","137,11",120,"257,11",77177.92,1.345,137.11,257.11,7333007,BC5973S,0001,ZX,BC5973,Tosalet / Cap Martí
1026148,476651,3118221BC5931N0001BP,6,"77.218,39","1,346","137,11",120,"257,11",77218.39,1.346,137.11,257.11,3118221,BC5931N,0001,BP,BC5931,Casco urbano / Pueblo
1028750,494153,5025608BC5952N0001RS,6,"77.224,43","1,346","137,11",120,"257,11",77224.43,1.346,137.11,257.11,5025608,BC5952N,0001,RS,BC5952,Arenal / Canal / Montañar
1016779,478155,6127713BC5962N0001KH,6,"77.363,55","1,348","137,13",120,"257,13",77363.55,1.348,137.13,257.13,6127713,BC5962N,0001,KH,BC5962,Puerto / Aduanas
1000575,426943,2267932BC5926N0001HX,6,"77.402,14","1,349","137,14",120,"257,14",77402.14,1.349,137.14,257.14,2267932,BC5926N,0001,HX,BC5926,Rafalet / Lluca / Covatelles
1004413,497575,9217024BC5991N0001SA,6,"77.600,89","1,352","137,17",120,"257,17",77600.89,1.352,137.17,257.17,9217024,BC5991N,0001,SA,BC5991,Costa Nova / Balcón al Mar / Ambolo
1020411,485557,6335003BC5963N0001TP,6,"77.668,40","1,354","137,18",120,"257,18",77668.4,1.354,137.18,257.18,6335003,BC5963N,0001,TP,BC5963,Puerto / Aduanas
1010986,454957,5568512BC5956N0010GJ,6,"77.727,91","1,355","137,19",120,"257,19",77727.91,1.355,137.19,257.19,5568512,BC5956N,0010,GJ,BC5956,Arenal / Canal / Montañar
1020841,472120,5568512BC5956N0022QE,6,"77.727,91","1,355","137,19",120,"257,19",77727.91,1.355,137.19,257.19,5568512,BC5956N,0022,QE,BC5956,Arenal / Canal / Montañar
1029659,441331,2650106BC5925S0001TD,6,"77.776,85","1,355","137,20",120,"257,20",77776.85,1.355,137.2,257.2,2650106,BC5925S,0001,TD,BC5925,Rafalet / Lluca / Covatelles
1003861,410062,8513020BC5981S0001AG,6,"77.931,65","1,358","137,22",120,"257,22",77931.65,1.358,137.22,257.22,8513020,BC5981S,0001,AG,BC5981,Portitxol / Toscal / Trencall
1022715,451805,7633614BC5973S0001AX,6,"77.973,01","1,359","137,23",120,"257,23",77973.01,1.359,137.23,257.23,7633614,BC5973S,0001,AX,BC5973,Tosalet / Cap Martí
1019168,469336,8919701BC5981N0001SU,6,"78.003,20","1,359","137,23",120,"257,23",78003.2,1.359,137.23,257.23,8919701,BC5981N,0001,SU,BC5981,Portitxol / Toscal / Trencall
1013984,477199,2845002BC5924N0001IA,6,"78.056,04","1,360","137,24",120,"257,24",78056.04,1.36,137.24,257.24,2845002,BC5924N,0001,IA,BC5924,Rafalet / Lluca / Covatelles
1025444,510218,3630605BC5933S0001TY,6,"78.157,92","1,362","137,26",120,"257,26",78157.92,1.362,137.26,257.26,3630605,BC5933S,0001,TY,BC5933,Casco urbano / Pueblo
1015595,472734,7517013BC5971N0001TE,6,"78.329,58","1,365","137,29",120,"257,29",78329.58,1.365,137.29,257.29,7517013,BC5971N,0001,TE,BC5971,Tosalet / Cap Martí
1006950,509451,7212716BC5971N0001DE,6,"78.356,16","1,366","137,29",120,"257,29",78356.16,1.366,137.29,257.29,7212716,BC5971N,0001,DE,BC5971,Tosalet / Cap Martí
1029804,462516,7912407BC5971S0001YA,6,"78.386,80","1,366","137,29",120,"257,29",78386.8,1.366,137.29,257.29,7912407,BC5971S,0001,YA,BC5971,Tosalet / Cap Martí
1012438,462233,9882407BC4998S0001OA,6,"78.582,76","1,370","137,33",120,"257,33",78582.76,1.37,137.33,257.33,9882407,BC4998S,0001,OA,BC4998,Les Fonts / Castellans
1003672,49791,8812845BC5981S0001QG,6,"78.716,34","1,372","137,35",120,"257,35",78716.34,1.372,137.35,257.35,8812845,BC5981S,0001,QG,BC5981,Portitxol / Toscal / Trencall
1020639,461030,8919704BC5981N0001HU,6,"78.889,10","1,375","137,37",120,"257,37",78889.1,1.375,137.37,257.37,8919704,BC5981N,0001,HU,BC5981,Portitxol / Toscal / Trencall
1000028,443661,2346307BC5924N0001KA,6,"78.934,72","1,376","137,38",120,"257,38",78934.72,1.376,137.38,257.38,2346307,BC5924N,0001,KA,BC5924,Rafalet / Lluca / Covatelles
1003711,410074,8610006BC5980N0001ID,6,"79.050,48","1,378","137,40",120,"257,40",79050.48,1.378,137.4,257.4,8610006,BC5980N,0001,ID,BC5980,Portitxol / Toscal / Trencall
1000189,479550,5837815BC5953N0001YY,6,"79.183,91","1,380","137,42",120,"257,42",79183.91,1.38,137.42,257.42,5837815,BC5953N,0001,YY,BC5953,Arenal / Canal / Montañar
1003659,441040,8610042BC5981S0001JG,6,"79.294,18","1,382","137,44",120,"257,44",79294.18,1.382,137.44,257.44,8610042,BC5981S,0001,JG,BC5981,Portitxol / Toscal / Trencall
1006326,511005,7633611BC5973S0001UX,6,"79.345,01","1,383","137,45",120,"257,45",79345.01,1.383,137.45,257.45,7633611,BC5973S,0001,UX,BC5973,Tosalet / Cap Martí
1004063,508854,8619045BC5981N0001BU,6,"79.433,48","1,384","137,46",120,"257,46",79433.48,1.384,137.46,257.46,8619045,BC5981N,0001,BU,BC5981,Portitxol / Toscal / Trencall
1003725,49788,8510809BC5981S0001YG,6,"79.612,25","1,387","137,49",120,"257,49",79612.25,1.387,137.49,257.49,8510809,BC5981S,0001,YG,BC5981,Portitxol / Toscal / Trencall
1026619,454555,7921513BC5972S0001ZT,6,"79.714,99","1,389","137,50",120,"257,50",79714.99,1.389,137.5,257.5,7921513,BC5972S,0001,ZT,BC5972,Tosalet / Cap Martí
1016454,482843,6229513BC5962N0001SH,6,"79.735,06","1,390","137,51",120,"257,51",79735.06,1.39,137.51,257.51,6229513,BC5962N,0001,SH,BC5962,Puerto / Aduanas
1018578,483924,5143515BC5954S0001LI,6,"79.750,19","1,390","137,51",120,"257,51",79750.19,1.39,137.51,257.51,5143515,BC5954S,0001,LI,BC5954,Arenal / Canal / Montañar
1006557,459894,4139008BC5943N0001FW,6,"79.772,81","1,390","137,51",120,"257,51",79772.81,1.39,137.51,257.51,4139008,BC5943N,0001,FW,BC5943,Casco urbano / Pueblo
1022936,489297,8024313BC5982S0001ZO,6,"79.776,63","1,390","137,51",120,"257,51",79776.63,1.39,137.51,257.51,8024313,BC5982S,0001,ZO,BC5982,Costa Nova / Balcón al Mar / Ambolo
1008625,476058,2031912BC5923S0001QW,6,"79.989,69","1,394","137,55",120,"257,55",79989.69,1.394,137.55,257.55,2031912,BC5923S,0001,QW,BC5923,Rafalet / Lluca / Covatelles
1018991,487003,6710517BC5960N0001BT,6,"80.031,33","1,395","137,55",120,"257,55",80031.33,1.395,137.55,257.55,6710517,BC5960N,0001,BT,BC5960,Puerto / Aduanas
1003671,49793,8812846BC5981S0001PG,6,"80.123,75","1,396","137,57",120,"257,57",80123.75,1.396,137.57,257.57,8812846,BC5981S,0001,PG,BC5981,Portitxol / Toscal / Trencall
1013634,503202,3882306BC5938S0001PX,6,"80.169,01","1,397","137,57",120,"257,57",80169.01,1.397,137.57,257.57,3882306,BC5938S,0001,PX,BC5938,Casco urbano / Pueblo
1024168,474132,8723802BC5982S0001MO,6,"80.282,22","1,399","137,59",120,"257,59",80282.22,1.399,137.59,257.59,8723802,BC5982S,0001,MO,BC5982,Costa Nova / Balcón al Mar / Ambolo
1019041,430908,7818704BC5971N0001YE,6,"80.602,75","1,405","137,64",120,"257,64",80602.75,1.405,137.64,257.64,7818704,BC5971N,0001,YE,BC5971,Tosalet / Cap Martí
1029066,426824,7614302BC5971S0001FA,6,"80.694,17","1,406","137,66",120,"257,66",80694.17,1.406,137.66,257.66,7614302,BC5971S,0001,FA,BC5971,Tosalet / Cap Martí
1013745,429312,3981603BC5938S0001TX,6,"80.694,33","1,406","137,66",120,"257,66",80694.33,1.406,137.66,257.66,3981603,BC5938S,0001,TX,BC5938,Casco urbano / Pueblo
1005540,505918,4024706BC5932S0001KS,6,"80.706,62","1,407","137,66",120,"257,66",80706.62,1.407,137.66,257.66,4024706,BC5932S,0001,KS,BC5932,Casco urbano / Pueblo
1019038,499588,7620208BC5971N0001PE,6,"80.715,49","1,407","137,66",120,"257,66",80715.49,1.407,137.66,257.66,7620208,BC5971N,0001,PE,BC5971,Tosalet / Cap Martí
1024388,475019,2549609BC5924N0001QA,6,"80.716,11","1,407","137,66",120,"257,66",80716.11,1.407,137.66,257.66,2549609,BC5924N,0001,QA,BC5924,Rafalet / Lluca / Covatelles
1012979,482398,7191003BC5974S0001JH,6,"80.767,07","1,408","137,67",120,"257,67",80767.07,1.408,137.67,257.67,7191003,BC5974S,0001,JH,BC5974,Portitxol / Toscal / Trencall
1005313,421970,7538904BC5973N0001HF,6,"80.793,65","1,408","137,67",120,"257,67",80793.65,1.408,137.67,257.67,7538904,BC5973N,0001,HF,BC5973,Tosalet / Cap Martí
1013976,421975,2644001BC5924S0001PL,6,"80.796,44","1,408","137,67",120,"257,67",80796.44,1.408,137.67,257.67,2644001,BC5924S,0001,PL,BC5924,Rafalet / Lluca / Covatelles
1031371,485434,7823423BC5982S0001YO,6,"80.825,22","1,409","137,68",120,"257,68",80825.22,1.409,137.68,257.68,7823423,BC5982S,0001,YO,BC5982,Costa Nova / Balcón al Mar / Ambolo
1006014,478469,5734603BC5973S0001WX,6,"80.957,22","1,411","137,70",120,"257,70",80957.22,1.411,137.7,257.7,5734603,BC5973S,0001,WX,BC5973,Tosalet / Cap Martí
1000214,479971,8610013BC5981S0001ZG,6,"80.978,98","1,411","137,70",120,"257,70",80978.98,1.411,137.7,257.7,8610013,BC5981S,0001,ZG,BC5981,Portitxol / Toscal / Trencall
1027345,502362,5239804BC5953N0001GY,6,"81.051,97","1,413","137,71",120,"257,71",81051.97,1.413,137.71,257.71,5239804,BC5953N,0001,GY,BC5953,Arenal / Canal / Montañar
1024975,480598,5550304BC5955S0005MY,6,"81.169,23","1,415","137,73",120,"257,73",81169.23,1.415,137.73,257.73,5550304,BC5955S,0005,MY,BC5955,Arenal / Canal / Montañar
1026618,442953,7818809BC5971N0001OE,6,"81.233,66","1,416","137,74",120,"257,74",81233.66,1.416,137.74,257.74,7818809,BC5971N,0001,OE,BC5971,Tosalet / Cap Martí
1004451,500016,9317613BC5991N0001WA,6,"81.329,09","1,417","137,76",120,"257,76",81329.09,1.417,137.76,257.76,9317613,BC5991N,0001,WA,BC5991,Costa Nova / Balcón al Mar / Ambolo
1006991,462315,7513003BC5971S0001FA,6,"81.381,68","1,418","137,76",120,"257,76",81381.68,1.418,137.76,257.76,7513003,BC5971S,0001,FA,BC5971,Tosalet / Cap Martí
1003944,479496,8816405BC5981N0001YU,6,"81.585,79","1,422","137,80",120,"257,80",81585.79,1.422,137.8,257.8,8816405,BC5981N,0001,YU,BC5981,Portitxol / Toscal / Trencall
1007300,500740,7323413BC5972S0001YT,6,"81.775,68","1,425","137,83",120,"257,83",81775.68,1.425,137.83,257.83,7323413,BC5972S,0001,YT,BC5972,Tosalet / Cap Martí
1000239,471486,4947021BC5944N0001GL,6,"81.833,19","1,426","137,84",120,"257,84",81833.19,1.426,137.84,257.84,4947021,BC5944N,0001,GL,BC5944,Casco urbano / Pueblo
1012401,458136,0015033BC5905N0001QB,6,"81.913,30","1,428","137,85",120,"257,85",81913.3,1.428,137.85,257.85,0015033,BC5905N,0001,QB,BC5905,Montgó / Toscamar
1017170,461820,7534703BC5973S0001WX,6,"81.993,51","1,429","137,86",120,"257,86",81993.51,1.429,137.86,257.86,7534703,BC5973S,0001,WX,BC5973,Tosalet / Cap Martí
1004165,451738,8919218BC5981N0001EU,6,"82.081,89","1,430","137,87",120,"257,87",82081.89,1.43,137.87,257.87,8919218,BC5981N,0001,EU,BC5981,Portitxol / Toscal / Trencall
1022970,433118,7015706BC5961N0001RX,6,"82.124,80","1,431","137,88",120,"257,88",82124.8,1.431,137.88,257.88,7015706,BC5961N,0001,RX,BC5961,Puerto / Aduanas
1010369,498708,8128014BC5982N0001UQ,6,"82.181,86","1,432","137,89",120,"257,89",82181.86,1.432,137.89,257.89,8128014,BC5982N,0001,UQ,BC5982,Costa Nova / Balcón al Mar / Ambolo
1019049,498300,7212709BC5971S0001MA,6,"82.275,69","1,434","137,90",120,"257,90",82275.69,1.434,137.9,257.9,7212709,BC5971S,0001,MA,BC5971,Tosalet / Cap Martí
1012020,482021,0084951BC5908N0001JW,6,"82.336,29","1,435","137,91",120,"257,91",82336.29,1.435,137.91,257.91,0084951,BC5908N,0001,JW,BC5908,Montgó / Toscamar
1020634,436445,8619008BC5981N0001WU,6,"82.357,75","1,435","137,92",120,"257,92",82357.75,1.435,137.92,257.92,8619008,BC5981N,0001,WU,BC5981,Portitxol / Toscal / Trencall
1003661,441055,8610040BC5981S0001XG,6,"82.406,08","1,436","137,93",120,"257,93",82406.08,1.436,137.93,257.93,8610040,BC5981S,0001,XG,BC5981,Portitxol / Toscal / Trencall
1005044,476535,4836817BC5943N0001YW,6,"82.482,05","1,437","137,94",120,"257,94",82482.05,1.437,137.94,257.94,4836817,BC5943N,0001,YW,BC5943,Casco urbano / Pueblo
1013003,484745,7113308BC5971S0001AA,6,"82.513,44","1,438","137,94",120,"257,94",82513.44,1.438,137.94,257.94,7113308,BC5971S,0001,AA,BC5971,Tosalet / Cap Martí
1001608,507303,5758403BC5955N0019UO,6,"82.635,42","1,440","137,96",120,"257,96",82635.42,1.44,137.96,257.96,5758403,BC5955N,0019,UO,BC5955,Arenal / Canal / Montañar
1020633,504663,8619043BC5981N0001WU,6,"82.705,40","1,441","137,97",120,"257,97",82705.4,1.441,137.97,257.97,8619043,BC5981N,0001,WU,BC5981,Portitxol / Toscal / Trencall
1025153,484566,3631517BC5933S0001KY,6,"82.731,05","1,442","137,98",120,"257,98",82731.05,1.442,137.98,257.98,3631517,BC5933S,0001,KY,BC5933,Casco urbano / Pueblo
1007057,495774,7818710BC5971N0001PE,6,"82.806,28","1,443","137,99",120,"257,99",82806.28,1.443,137.99,257.99,7818710,BC5971N,0001,PE,BC5971,Tosalet / Cap Martí
1003954,481590,8814018BC5981S0001QG,6,"82.863,93","1,444","138,00",120,"258,00",82863.93,1.444,138.0,258.0,8814018,BC5981S,0001,QG,BC5981,Portitxol / Toscal / Trencall
1019519,461342,4138702BC5943N0001YW,6,"82.880,69","1,444","138,00",120,"258,00",82880.69,1.444,138.0,258.0,4138702,BC5943N,0001,YW,BC5943,Casco urbano / Pueblo
1025484,460029,3630607BC5933S0001MY,6,"82.985,71","1,446","138,02",120,"258,02",82985.71,1.446,138.02,258.02,3630607,BC5933S,0001,MY,BC5933,Casco urbano / Pueblo
1026243,499394,9214605BC5991S0001LL,6,"83.003,94","1,447","138,02",120,"258,02",83003.94,1.447,138.02,258.02,9214605,BC5991S,0001,LL,BC5991,Costa Nova / Balcón al Mar / Ambolo
1016907,491303,6229508BC5962N0001JH,6,"83.207,26","1,450","138,05",120,"258,05",83207.26,1.45,138.05,258.05,6229508,BC5962N,0001,JH,BC5962,Puerto / Aduanas
1018512,487779,5837816BC5953N0001GY,6,"83.232,87","1,451","138,06",120,"258,06",83232.87,1.451,138.06,258.06,5837816,BC5953N,0001,GY,BC5953,Arenal / Canal / Montañar
1004305,4326,9115807BC5991N0001SA,6,"83.359,36","1,453","138,07",120,"258,07",83359.36,1.453,138.07,258.07,9115807,BC5991N,0001,SA,BC5991,Costa Nova / Balcón al Mar / Ambolo
1003821,426589,8513021BC5981S0001BG,6,"83.712,68","1,459","138,13",120,"258,13",83712.68,1.459,138.13,258.13,8513021,BC5981S,0001,BG,BC5981,Portitxol / Toscal / Trencall
1025803,481594,9322007BC5992S0001UD,6,"83.844,11","1,461","138,15",120,"258,15",83844.11,1.461,138.15,258.15,9322007,BC5992S,0001,UD,BC5992,Costa Nova / Balcón al Mar / Ambolo
1007919,483356,7228010BC5972N0001LB,6,"83.956,41","1,463","138,17",120,"258,17",83956.41,1.463,138.17,258.17,7228010,BC5972N,0001,LB,BC5972,Tosalet / Cap Martí
1030020,481970,6052203BC5955S0391ET,6,"83.958,42","1,463","138,17",120,"258,17",83958.42,1.463,138.17,258.17,6052203,BC5955S,0391,ET,BC5955,Arenal / Canal / Montañar
1018531,430045,5233212BC5953S0001YF,6,"83.959,79","1,463","138,17",120,"258,17",83959.79,1.463,138.17,258.17,5233212,BC5953S,0001,YF,BC5953,Arenal / Canal / Montañar
1020653,495918,9217028BC5991N0001WA,6,"84.143,69","1,466","138,20",120,"258,20",84143.69,1.466,138.2,258.2,9217028,BC5991N,0001,WA,BC5991,Costa Nova / Balcón al Mar / Ambolo
1021954,508522,7134002BC5973S0001BX,6,"84.206,33","1,468","138,21",120,"258,21",84206.33,1.468,138.21,258.21,7134002,BC5973S,0001,BX,BC5973,Tosalet / Cap Martí
1011560,454891,0881211BC5908S0001EP,6,"84.405,10","1,471","138,24",120,"258,24",84405.1,1.471,138.24,258.24,0881211,BC5908S,0001,EP,BC5908,Montgó / Toscamar
1006344,469749,7631711BC5973S0001QX,6,"84.568,33","1,474","138,26",120,"258,26",84568.33,1.474,138.26,258.26,7631711,BC5973S,0001,QX,BC5973,Tosalet / Cap Martí
1017864,504019,1868533BC5917S0001XB,6,"84.726,95","1,477","138,29",120,"258,29",84726.95,1.477,138.29,258.29,1868533,BC5917S,0001,XB,BC5917,Montgó / Toscamar
1013706,507170,4281628BC5948S0001GE,6,"84.833,13","1,478","138,31",120,"258,31",84833.13,1.478,138.31,258.31,4281628,BC5948S,0001,GE,BC5948,Casco urbano / Pueblo
1020638,482621,8617805BC5981N0001BU,6,"84.893,40","1,479","138,32",120,"258,32",84893.4,1.479,138.32,258.32,8617805,BC5981N,0001,BU,BC5981,Portitxol / Toscal / Trencall
1010872,449594,5762012BC5956S0001SL,6,"84.932,16","1,480","138,32",120,"258,32",84932.16,1.48,138.32,258.32,5762012,BC5956S,0001,SL,BC5956,Arenal / Canal / Montañar
1028840,445142,2779321BC5928S0001JK,6,"85.149,69","1,484","138,36",120,"258,36",85149.69,1.484,138.36,258.36,2779321,BC5928S,0001,JK,BC5928,Rafalet / Lluca / Covatelles
1013731,499280,4379810BC5947N0001MQ,6,"85.197,45","1,485","138,36",120,"258,36",85197.45,1.485,138.36,258.36,4379810,BC5947N,0001,MQ,BC5947,Casco urbano / Pueblo
1027951,454887,7015725BC5971N0001YE,6,"85.247,75","1,486","138,37",120,"258,37",85247.75,1.486,138.37,258.37,7015725,BC5971N,0001,YE,BC5971,Tosalet / Cap Martí
1025165,442950,2980410BC5928S0001GK,6,"85.406,23","1,488","138,40",120,"258,40",85406.23,1.488,138.4,258.4,2980410,BC5928S,0001,GK,BC5928,Rafalet / Lluca / Covatelles
1017808,495146,9875701BC4997N0001HO,6,"85.464,47","1,489","138,41",120,"258,41",85464.47,1.489,138.41,258.41,9875701,BC4997N,0001,HO,BC4997,Les Fonts / Castellans
1016905,499134,7829005BC5972N0001RB,6,"85.541,62","1,491","138,42",120,"258,42",85541.62,1.491,138.42,258.42,7829005,BC5972N,0001,RB,BC5972,Tosalet / Cap Martí
1025450,485400,8525366BC5982S0001YO,6,"85.564,69","1,491","138,42",120,"258,42",85564.69,1.491,138.42,258.42,8525366,BC5982S,0001,YO,BC5982,Costa Nova / Balcón al Mar / Ambolo
1029092,500512,7015724BC5971N0001BE,6,"85.864,55","1,496","138,47",120,"258,47",85864.55,1.496,138.47,258.47,7015724,BC5971N,0001,BE,BC5971,Tosalet / Cap Martí
1003912,471584,9113007BC5991S0001HL,6,"85.921,12","1,497","138,48",120,"258,48",85921.12,1.497,138.48,258.48,9113007,BC5991S,0001,HL,BC5991,Costa Nova / Balcón al Mar / Ambolo
1008657,437326,2279927BC5927N0001BH,6,"86.007,99","1,499","138,49",120,"258,49",86007.99,1.499,138.49,258.49,2279927,BC5927N,0001,BH,BC5927,Rafalet / Lluca / Covatelles
1005565,486873,2465911BC5926N0001HX,6,"86.035,35","1,499","138,49",120,"258,49",86035.35,1.499,138.49,258.49,2465911,BC5926N,0001,HX,BC5926,Rafalet / Lluca / Covatelles
1031701,479197,5747203BC5954N0021RF,6,"86.233,88","1,503","138,53",120,"258,53",86233.88,1.503,138.53,258.53,5747203,BC5954N,0021,RF,BC5954,Arenal / Canal / Montañar
1021107,511033,7135601BC5973S0001JX,6,"86.361,44","1,505","138,55",120,"258,55",86361.44,1.505,138.55,258.55,7135601,BC5973S,0001,JX,BC5973,Tosalet / Cap Martí
1019861,485534,5729007BC5952N0001RS,6,"86.399,83","1,506","138,55",120,"258,55",86399.83,1.506,138.55,258.55,5729007,BC5952N,0001,RS,BC5952,Arenal / Canal / Montañar
1026874,480132,9111022BC5991S0001KL,6,"86.437,53","1,506","138,56",120,"258,56",86437.53,1.506,138.56,258.56,9111022,BC5991S,0001,KL,BC5991,Costa Nova / Balcón al Mar / Ambolo
1020688,495213,5662001BC5956S0068BX,6,"86.620,72","1,510","138,59",120,"258,59",86620.72,1.51,138.59,258.59,5662001,BC5956S,0068,BX,BC5956,Arenal / Canal / Montañar
1007233,459291,6923712BC5962S0001JQ,6,"86.648,61","1,510","138,59",120,"258,59",86648.61,1.51,138.59,258.59,6923712,BC5962S,0001,JQ,BC5962,Puerto / Aduanas
1020396,491984,6537107BC5963N0001HP,6,"86.680,50","1,511","138,60",120,"258,60",86680.5,1.511,138.6,258.6,6537107,BC5963N,0001,HP,BC5963,Puerto / Aduanas
1007166,504865,7525102BC5972N0001IB,6,"86.706,84","1,511","138,60",120,"258,60",86706.84,1.511,138.6,258.6,7525102,BC5972N,0001,IB,BC5972,Tosalet / Cap Martí
1030026,462539,6052203BC5955S0397OA,6,"86.896,38","1,514","138,63",120,"258,63",86896.38,1.514,138.63,258.63,6052203,BC5955S,0397,OA,BC5955,Arenal / Canal / Montañar
1031732,488665,3216627BC5931N0001EP,6,"86.983,42","1,516","138,64",120,"258,64",86983.42,1.516,138.64,258.64,3216627,BC5931N,0001,EP,BC5931,Casco urbano / Pueblo
1031115,472641,6233718BC5963S0001QK,6,"87.227,41","1,520","138,68",120,"258,68",87227.41,1.52,138.68,258.68,6233718,BC5963S,0001,QK,BC5963,Puerto / Aduanas
1017056,461155,6327002BC5962N0001JH,6,"87.268,92","1,521","138,69",120,"258,69",87268.92,1.521,138.69,258.69,6327002,BC5962N,0001,JH,BC5962,Puerto / Aduanas
1004098,481835,8518206BC5981N0001KU,6,"87.331,12","1,522","138,70",120,"258,70",87331.12,1.522,138.7,258.7,8518206,BC5981N,0001,KU,BC5981,Portitxol / Toscal / Trencall
1006414,508581,7237307BC5973N0001GF,6,"87.349,41","1,522","138,70",120,"258,70",87349.41,1.522,138.7,258.7,7237307,BC5973N,0001,GF,BC5973,Tosalet / Cap Martí
1003552,508374,9789813BC4998N0001EE,6,"87.609,58","1,527","138,74",120,"258,74",87609.58,1.527,138.74,258.74,9789813,BC4998N,0001,EE,BC4998,Les Fonts / Castellans
1016809,483262,6127707BC5962N0001FH,6,"87.615,58","1,527","138,74",120,"258,74",87615.58,1.527,138.74,258.74,6127707,BC5962N,0001,FH,BC5962,Puerto / Aduanas
1006107,485545,6533708BC5963S0001YK,6,"87.828,21","1,531","138,78",120,"258,78",87828.21,1.531,138.78,258.78,6533708,BC5963S,0001,YK,BC5963,Puerto / Aduanas
1028618,490867,2944008BC5924S0001EL,6,"87.949,35","1,533","138,79",120,"258,79",87949.35,1.533,138.79,258.79,2944008,BC5924S,0001,EL,BC5924,Rafalet / Lluca / Covatelles
1011554,477657,0881207BC5908S0001JP,6,"87.973,25","1,533","138,80",120,"258,80",87973.25,1.533,138.8,258.8,0881207,BC5908S,0001,JP,BC5908,Montgó / Toscamar
1013426,442439,7191006BC5974S0001ZH,6,"88.187,05","1,537","138,83",120,"258,83",88187.05,1.537,138.83,258.83,7191006,BC5974S,0001,ZH,BC5974,Portitxol / Toscal / Trencall
1004180,479868,8920803BC5982S0001QO,6,"88.250,52","1,538","138,84",120,"258,84",88250.52,1.538,138.84,258.84,8920803,BC5982S,0001,QO,BC5982,Costa Nova / Balcón al Mar / Ambolo
1019043,471338,6912101BC5971S0001LA,6,"88.317,86","1,539","138,85",120,"258,85",88317.86,1.539,138.85,258.85,6912101,BC5971S,0001,LA,BC5971,Tosalet / Cap Martí
1017440,481206,7826608BC5972N0001JB,6,"88.543,52","1,543","138,89",120,"258,89",88543.52,1.543,138.89,258.89,7826608,BC5972N,0001,JB,BC5972,Tosalet / Cap Martí
1017662,478927,4631004BC5943S0001DP,6,"88.591,04","1,544","138,90",120,"258,90",88591.04,1.544,138.9,258.9,4631004,BC5943S,0001,DP,BC5943,Casco urbano / Pueblo
1003667,485119,8610033BC5981S0001OG,6,"88.669,30","1,545","138,91",120,"258,91",88669.3,1.545,138.91,258.91,8610033,BC5981S,0001,OG,BC5981,Portitxol / Toscal / Trencall
1022933,464866,5539814BC5954S0001II,6,"88.862,47","1,549","138,94",120,"258,94",88862.47,1.549,138.94,258.94,5539814,BC5954S,0001,II,BC5954,Arenal / Canal / Montañar
1009566,504003,9388944BC4998N0001WE,6,"88.880,35","1,549","138,94",120,"258,94",88880.35,1.549,138.94,258.94,9388944,BC4998N,0001,WE,BC4998,Les Fonts / Castellans
1032033,508901,5829805BC5952N0001PS,6,"88.974,40","1,551","138,96",120,"258,96",88974.4,1.551,138.96,258.96,5829805,BC5952N,0001,PS,BC5952,Arenal / Canal / Montañar
1006569,477083,3939409BC5933N0001IZ,6,"88.983,73","1,551","138,96",120,"258,96",88983.73,1.551,138.96,258.96,3939409,BC5933N,0001,IZ,BC5933,Casco urbano / Pueblo
1029069,510284,6624205BC5962S0001DQ,6,"89.010,91","1,551","138,96",120,"258,96",89010.91,1.551,138.96,258.96,6624205,BC5962S,0001,DQ,BC5962,Puerto / Aduanas
1026944,497266,0880616BC5908S0001DP,6,"89.077,31","1,552","138,97",120,"258,97",89077.31,1.552,138.97,258.97,0880616,BC5908S,0001,DP,BC5908,Montgó / Toscamar
1018221,461716,1335515BC5913N0001KD,6,"89.109,72","1,553","138,98",120,"258,98",89109.72,1.553,138.98,258.98,1335515,BC5913N,0001,KD,BC5913,Montgó / Toscamar
1011375,508152,5372012BC5957S0012KZ,6,"89.256,31","1,556","139,00",120,"259,00",89256.31,1.556,139.0,259.0,5372012,BC5957S,0012,KZ,BC5957,Arenal / Canal / Montañar
1011108,482928,5372012BC5957S0010HL,6,"89.256,31","1,556","139,00",120,"259,00",89256.31,1.556,139.0,259.0,5372012,BC5957S,0010,HL,BC5957,Arenal / Canal / Montañar
1011345,463863,5372012BC5957S0020ME,6,"89.256,31","1,556","139,00",120,"259,00",89256.31,1.556,139.0,259.0,5372012,BC5957S,0020,ME,BC5957,Arenal / Canal / Montañar
1011149,509094,5372012BC5957S0018QR,6,"89.256,31","1,556","139,00",120,"259,00",89256.31,1.556,139.0,259.0,5372012,BC5957S,0018,QR,BC5957,Arenal / Canal / Montañar
1011298,480337,5372012BC5957S0001PD,6,"89.256,31","1,556","139,00",120,"259,00",89256.31,1.556,139.0,259.0,5372012,BC5957S,0001,PD,BC5957,Arenal / Canal / Montañar
1003964,440367,9014001BC5981S0001ZG,6,"89.282,24","1,556","139,00",120,"259,00",89282.24,1.556,139.0,259.0,9014001,BC5981S,0001,ZG,BC5981,Portitxol / Toscal / Trencall
1018376,491834,4739308BC5943N0001QW,6,"89.282,57","1,556","139,00",120,"259,00",89282.57,1.556,139.0,259.0,4739308,BC5943N,0001,QW,BC5943,Casco urbano / Pueblo
1029146,489188,9582904BC4998S0001EA,6,"89.457,40","1,559","139,03",120,"259,03",89457.4,1.559,139.03,259.03,9582904,BC4998S,0001,EA,BC4998,Les Fonts / Castellans
1003650,477728,8610018BC5981S0001BG,6,"89.627,17","1,562","139,06",120,"259,06",89627.17,1.562,139.06,259.06,8610018,BC5981S,0001,BG,BC5981,Portitxol / Toscal / Trencall
1004389,504013,9217016BC5991N0001DA,6,"90.263,70","1,573","139,16",120,"259,16",90263.7,1.573,139.16,259.16,9217016,BC5991N,0001,DA,BC5991,Costa Nova / Balcón al Mar / Ambolo
1007201,451913,6623302BC5962S0001IQ,6,"90.505,18","1,577","139,20",120,"259,20",90505.18,1.577,139.2,259.2,6623302,BC5962S,0001,IQ,BC5962,Puerto / Aduanas
1012996,476010,7491009BC5974S0001QH,6,"90.517,02","1,578","139,20",120,"259,20",90517.02,1.578,139.2,259.2,7491009,BC5974S,0001,QH,BC5974,Portitxol / Toscal / Trencall
1006387,471358,6337312BC5963N0001SP,6,"91.168,60","1,589","139,30",120,"259,30",91168.6,1.589,139.3,259.3,6337312,BC5963N,0001,SP,BC5963,Puerto / Aduanas
1003842,498309,8616607BC5981S0001WG,6,"91.182,03","1,589","139,30",120,"259,30",91182.03,1.589,139.3,259.3,8616607,BC5981S,0001,WG,BC5981,Portitxol / Toscal / Trencall
1026986,500435,2843704BC5924S0001ZL,6,"91.331,68","1,592","139,33",120,"259,33",91331.68,1.592,139.33,259.33,2843704,BC5924S,0001,ZL,BC5924,Rafalet / Lluca / Covatelles
1031433,480088,5952136BC5955S0058IZ,6,"91.372,34","1,592","139,33",120,"259,33",91372.34,1.592,139.33,259.33,5952136,BC5955S,0058,IZ,BC5955,Arenal / Canal / Montañar
1020404,488844,7338510BC5973N0001BF,6,"91.482,67","1,594","139,35",120,"259,35",91482.67,1.594,139.35,259.35,7338510,BC5973N,0001,BF,BC5973,Tosalet / Cap Martí
1012418,444725,7212711BC5917S0001FB,6,"91.574,12","1,596","139,36",120,"259,36",91574.12,1.596,139.36,259.36,7212711,BC5917S,0001,FB,BC5917,Montgó / Toscamar
1016886,508574,7827620BC5972N0001UB,6,"91.613,34","1,597","139,37",120,"259,37",91613.34,1.597,139.37,259.37,7827620,BC5972N,0001,UB,BC5972,Tosalet / Cap Martí
1004803,510483,1833124BC5913S0001YZ,6,"91.812,24","1,600","139,40",120,"259,40",91812.24,1.6,139.4,259.4,1833124,BC5913S,0001,YZ,BC5913,Montgó / Toscamar
1029679,484742,3152304BC5935S0001SJ,6,"92.048,93","1,604","139,44",120,"259,44",92048.93,1.604,139.44,259.44,3152304,BC5935S,0001,SJ,BC5935,Casco urbano / Pueblo
1000982,428999,5743516BC5954S0001EI,6,"92.086,79","1,605","139,44",120,"259,44",92086.79,1.605,139.44,259.44,5743516,BC5954S,0001,EI,BC5954,Arenal / Canal / Montañar
1030901,500485,2546018BC5924N0001HA,6,"92.179,16","1,606","139,46",120,"259,46",92179.16,1.606,139.46,259.46,2546018,BC5924N,0001,HA,BC5924,Rafalet / Lluca / Covatelles
1004363,495756,9320801BC5992S0001ZD,6,"92.213,28","1,607","139,46",120,"259,46",92213.28,1.607,139.46,259.46,9320801,BC5992S,0001,ZD,BC5992,Costa Nova / Balcón al Mar / Ambolo
1003741,410671,8609014BC5980N0001JD,6,"92.328,02","1,609","139,48",120,"259,48",92328.02,1.609,139.48,259.48,8609014,BC5980N,0001,JD,BC5980,Portitxol / Toscal / Trencall
1006830,501769,7912112BC5971S0001SA,6,"92.382,12","1,610","139,49",120,"259,49",92382.12,1.61,139.49,259.49,7912112,BC5971S,0001,SA,BC5971,Tosalet / Cap Martí
1025636,442981,7316010BC5971N0001SE,6,"92.545,10","1,613","139,52",120,"259,52",92545.1,1.613,139.52,259.52,7316010,BC5971N,0001,SE,BC5971,Tosalet / Cap Martí
1004059,436443,8619009BC5981N0001AU,6,"92.570,24","1,613","139,52",120,"259,52",92570.24,1.613,139.52,259.52,8619009,BC5981N,0001,AU,BC5981,Portitxol / Toscal / Trencall
1004273,510887,8821006BC5982S0001OO,6,"92.801,98","1,617","139,56",120,"259,56",92801.98,1.617,139.56,259.56,8821006,BC5982S,0001,OO,BC5982,Costa Nova / Balcón al Mar / Ambolo
1013733,477831,3981617BC5938S0001SX,6,"92.835,47","1,618","139,56",120,"259,56",92835.47,1.618,139.56,259.56,3981617,BC5938S,0001,SX,BC5938,Casco urbano / Pueblo
1006118,480118,6241004BC5964S0001FS,6,"92.909,30","1,619","139,57",120,"259,57",92909.3,1.619,139.57,259.57,6241004,BC5964S,0001,FS,BC5964,Puerto / Aduanas
1021285,477702,7614304BC5971S0001OA,6,"93.053,22","1,622","139,60",120,"259,60",93053.22,1.622,139.6,259.6,7614304,BC5971S,0001,OA,BC5971,Tosalet / Cap Martí
1029678,481730,3152305BC5935S0001ZJ,6,"93.107,30","1,623","139,60",120,"259,60",93107.3,1.623,139.6,259.6,3152305,BC5935S,0001,ZJ,BC5935,Casco urbano / Pueblo
1016897,495147,6731012BC5963S0001UK,6,"93.386,55","1,628","139,65",120,"259,65",93386.55,1.628,139.65,259.65,6731012,BC5963S,0001,UK,BC5963,Puerto / Aduanas
1032301,492597,3152302BC5935S0001JJ,6,"93.428,04","1,628","139,65",120,"259,65",93428.04,1.628,139.65,259.65,3152302,BC5935S,0001,JJ,BC5935,Casco urbano / Pueblo
1017448,482543,7725302BC5972S0001MT,6,"93.604,42","1,631","139,68",120,"259,68",93604.42,1.631,139.68,259.68,7725302,BC5972S,0001,MT,BC5972,Tosalet / Cap Martí
1006372,481584,6033003BC5953S0001LF,6,"93.619,38","1,632","139,68",120,"259,68",93619.38,1.632,139.68,259.68,6033003,BC5953S,0001,LF,BC5953,Arenal / Canal / Montañar
1024386,443014,2548304BC5924N0001IA,6,"93.669,52","1,632","139,69",120,"259,69",93669.52,1.632,139.69,259.69,2548304,BC5924N,0001,IA,BC5924,Rafalet / Lluca / Covatelles
1029074,499937,7023501BC5972S0001XT,6,"93.778,31","1,634","139,71",120,"259,71",93778.31,1.634,139.71,259.71,7023501,BC5972S,0001,XT,BC5972,Tosalet / Cap Martí
1031878,487337,8116710BC5981N0001MU,6,"93.782,11","1,634","139,71",120,"259,71",93782.11,1.634,139.71,259.71,8116710,BC5981N,0001,MU,BC5981,Portitxol / Toscal / Trencall
1029193,492262,9882408BC4998S0001KA,6,"93.826,76","1,635","139,72",120,"259,72",93826.76,1.635,139.72,259.72,9882408,BC4998S,0001,KA,BC4998,Les Fonts / Castellans
1013650,508914,3981628BC5938S0001GX,6,"93.829,16","1,635","139,72",120,"259,72",93829.16,1.635,139.72,259.72,3981628,BC5938S,0001,GX,BC5938,Casco urbano / Pueblo
1021126,446465,7233009BC5973S0001QX,6,"94.339,36","1,644","139,80",120,"259,80",94339.36,1.644,139.8,259.8,7233009,BC5973S,0001,QX,BC5973,Tosalet / Cap Martí
1007773,429456,8525315BC5982N0001RQ,6,"94.405,28","1,645","139,81",120,"259,81",94405.28,1.645,139.81,259.81,8525315,BC5982N,0001,RQ,BC5982,Costa Nova / Balcón al Mar / Ambolo
1006110,434844,6283715BC5983N0001AK,6,"94.438,02","1,646","139,81",120,"259,81",94438.02,1.646,139.81,259.81,6283715,BC5983N,0001,AK,BC5983,Costa Nova / Balcón al Mar / Ambolo
1029665,441330,2650105BC5925S0001LD,6,"94.922,25","1,654","139,89",120,"259,89",94922.25,1.654,139.89,259.89,2650105,BC5925S,0001,LD,BC5925,Rafalet / Lluca / Covatelles
1031680,481273,6939326BC5963N0001RP,6,"94.980,07","1,655","139,90",120,"259,90",94980.07,1.655,139.9,259.9,6939326,BC5963N,0001,RP,BC5963,Puerto / Aduanas
1004188,484353,8821005BC5982S0001MO,6,"95.058,34","1,657","139,91",120,"259,91",95058.34,1.657,139.91,259.91,8821005,BC5982S,0001,MO,BC5982,Costa Nova / Balcón al Mar / Ambolo
1024389,474110,2950720BC5935S0001IJ,6,"95.186,34","1,659","139,93",120,"259,93",95186.34,1.659,139.93,259.93,2950720,BC5935S,0001,IJ,BC5935,Casco urbano / Pueblo
1028135,461563,1335514BC5913N0001OD,6,"95.207,72","1,659","139,93",120,"259,93",95207.72,1.659,139.93,259.93,1335514,BC5913N,0001,OD,BC5913,Montgó / Toscamar
1016490,472159,6939301BC5963N0001JP,6,"95.220,34","1,659","139,94",120,"259,94",95220.34,1.659,139.94,259.94,6939301,BC5963N,0001,JP,BC5963,Puerto / Aduanas
1006133,467481,7238728BC5973N0001PF,6,"95.299,28","1,661","139,95",120,"259,95",95299.28,1.661,139.95,259.95,7238728,BC5973N,0001,PF,BC5973,Tosalet / Cap Martí
1016589,480400,7136005BC5973N0001AF,6,"95.573,73","1,666","139,99",120,"259,99",95573.73,1.666,139.99,259.99,7136005,BC5973N,0001,AF,BC5973,Tosalet / Cap Martí
1006300,485528,7237323BC5973N0001DF,6,"95.645,12","1,667","140,00",120,"260,00",95645.12,1.667,140.0,260.0,7237323,BC5973N,0001,DF,BC5973,Tosalet / Cap Martí
1017178,506102,7231306BC5973S0001XX,6,"95.717,17","1,668","140,01",120,"260,01",95717.17,1.668,140.01,260.01,7231306,BC5973S,0001,XX,BC5973,Tosalet / Cap Martí
1004137,477333,8919209BC5981N0001KU,6,"95.721,21","1,668","140,01",120,"260,01",95721.21,1.668,140.01,260.01,8919209,BC5981N,0001,KU,BC5981,Portitxol / Toscal / Trencall
1031735,487795,7513013BC5971S0001IA,6,"95.797,63","1,670","140,03",120,"260,03",95797.63,1.67,140.03,260.03,7513013,BC5971S,0001,IA,BC5971,Tosalet / Cap Martí
1006909,477308,6609303BC5960N0001MT,6,"96.202,78","1,677","140,09",120,"260,09",96202.78,1.677,140.09,260.09,6609303,BC5960N,0001,MT,BC5960,Puerto / Aduanas
1017075,510510,5733017BC5953S0001EF,6,"96.204,37","1,677","140,09",120,"260,09",96204.37,1.677,140.09,260.09,5733017,BC5953S,0001,EF,BC5953,Arenal / Canal / Montañar
1016777,477840,5931002BC5953S0001UF,6,"96.360,80","1,679","140,11",120,"260,11",96360.8,1.679,140.11,260.11,5931002,BC5953S,0001,UF,BC5953,Arenal / Canal / Montañar
1016877,492360,6734808BC5963S0001XK,6,"96.395,06","1,680","140,12",120,"260,12",96395.06,1.68,140.12,260.12,6734808,BC5963S,0001,XK,BC5963,Puerto / Aduanas
1003851,503686,8513018BC5981S0001BG,6,"96.589,85","1,683","140,15",120,"260,15",96589.85,1.683,140.15,260.15,8513018,BC5981S,0001,BG,BC5981,Portitxol / Toscal / Trencall
1026996,477263,2028908BC5922N0001GM,6,"96.703,16","1,685","140,17",120,"260,17",96703.16,1.685,140.17,260.17,2028908,BC5922N,0001,GM,BC5922,Rafalet / Lluca / Covatelles
1000308,487091,5941512BC5954S0001PI,6,"96.871,07","1,688","140,19",120,"260,19",96871.07,1.688,140.19,260.19,5941512,BC5954S,0001,PI,BC5954,Arenal / Canal / Montañar
1004507,459703,9322508BC5992S0001DD,6,"97.035,21","1,691","140,22",120,"260,22",97035.21,1.691,140.22,260.22,9322508,BC5992S,0001,DD,BC5992,Costa Nova / Balcón al Mar / Ambolo
1006304,477491,6241017BC5964S0001SS,6,"97.401,95","1,697","140,28",120,"260,28",97401.95,1.697,140.28,260.28,6241017,BC5964S,0001,SS,BC5964,Puerto / Aduanas
1009109,477777,2669805BC5926N0001SX,6,"97.979,22","1,708","140,37",120,"260,37",97979.22,1.708,140.37,260.37,2669805,BC5926N,0001,SX,BC5926,Rafalet / Lluca / Covatelles
1012037,468906,0681603BC5908S0001DP,6,"98.996,50","1,725","140,53",120,"260,53",98996.5,1.725,140.53,260.53,0681603,BC5908S,0001,DP,BC5908,Montgó / Toscamar
1005631,471059,6830411BC5962N0001QH,6,"99.459,72","1,733","140,60",120,"260,60",99459.72,1.733,140.6,260.6,6830411,BC5962N,0001,QH,BC5962,Puerto / Aduanas
1004134,484336,8519803BC5981N0001BU,6,"99.572,61","1,735","140,62",120,"260,62",99572.61,1.735,140.62,260.62,8519803,BC5981N,0001,BU,BC5981,Portitxol / Toscal / Trencall
1032246,490102,4342909BC5944S0001BR,6,"99.752,10","1,738","140,65",120,"260,65",99752.1,1.738,140.65,260.65,4342909,BC5944S,0001,BR,BC5944,Casco urbano / Pueblo
1015760,501836,3571644BC5936N0001PE,6,"99.771,14","1,739","140,65",120,"260,65",99771.14,1.739,140.65,260.65,3571644,BC5936N,0001,PE,BC5936,Casco urbano / Pueblo
1027309,448484,5140304BC5954S0001HI,6,"99.878,98","1,741","140,67",120,"260,67",99878.98,1.741,140.67,260.67,5140304,BC5954S,0001,HI,BC5954,Arenal / Canal / Montañar
1010028,469214,8685937BC4988N0001YX,6,"99.924,24","1,741","140,67",120,"260,67",99924.24,1.741,140.67,260.67,8685937,BC4988N,0001,YX,BC4988,Les Fonts / Castellans
10000786,498642,5026174BC5942N0001EI,6,"99.963,21","1,742","140,68",120,"260,68",99963.21,1.742,140.68,260.68,5026174,BC5942N,0001,EI,BC5942,Casco urbano / Pueblo
1025289,474068,4051604BC5944N0001JL,6,"100.338,04","1,749","140,74",120,"260,74",100338.04,1.749,140.74,260.74,4051604,BC5944N,0001,JL,BC5944,Casco urbano / Pueblo
1029091,459462,7015705BC5961N0001KX,6,"100.548,06","1,752","140,77",120,"260,77",100548.06,1.752,140.77,260.77,7015705,BC5961N,0001,KX,BC5961,Puerto / Aduanas
1006286,477150,7039315BC5973N0001JF,6,"100.573,42","1,753","140,77",120,"260,77",100573.42,1.753,140.77,260.77,7039315,BC5973N,0001,JF,BC5973,Tosalet / Cap Martí
1018208,480424,11953B3BC5917N0001TS,6,"100.824,14","1,757","140,81",120,"260,81",100824.14,1.757,140.81,260.81,11953B3,BC5917N,0001,TS,BC5917,Montgó / Toscamar
1008851,490302,5229008BC5952N0001US,6,"101.019,76","1,761","140,84",120,"260,84",101019.76,1.761,140.84,260.84,5229008,BC5952N,0001,US,BC5952,Arenal / Canal / Montañar
1016163,472672,9286606BC4998N0001UE,6,"101.468,74","1,768","140,92",120,"260,92",101468.74,1.768,140.92,260.92,9286606,BC4998N,0001,UE,BC4998,Les Fonts / Castellans
1029119,482662,1731324BC5913S0001SZ,6,"101.706,40","1,773","140,95",120,"260,95",101706.4,1.773,140.95,260.95,1731324,BC5913S,0001,SZ,BC5913,Montgó / Toscamar
1031556,500475,5743553BC5954S0001ZI,6,"101.883,80","1,776","140,98",120,"260,98",101883.8,1.776,140.98,260.98,5743553,BC5954S,0001,ZI,BC5954,Arenal / Canal / Montañar
1027335,509090,6817930BC5961S0001AU,6,"102.061,12","1,779","141,01",120,"261,01",102061.12,1.779,141.01,261.01,6817930,BC5961S,0001,AU,BC5961,Puerto / Aduanas
1017267,461810,7436001BC5973N0001BF,6,"102.183,80","1,781","141,03",120,"261,03",102183.8,1.781,141.03,261.03,7436001,BC5973N,0001,BF,BC5973,Tosalet / Cap Martí
1016932,480573,7036401BC5973N0001XF,6,"102.195,24","1,781","141,03",120,"261,03",102195.24,1.781,141.03,261.03,7036401,BC5973N,0001,XF,BC5973,Tosalet / Cap Martí
1016533,500113,6527503BC5962N0001UH,6,"102.625,97","1,789","141,10",120,"261,10",102625.97,1.789,141.1,261.1,6527503,BC5962N,0001,UH,BC5962,Puerto / Aduanas
1017710,506633,0781711BC5907N0001II,6,"102.695,19","1,790","141,11",120,"261,11",102695.19,1.79,141.11,261.11,0781711,BC5907N,0001,II,BC5907,Montgó / Toscamar
1030736,497363,8629223BC5982N0001AQ,6,"102.823,29","1,792","141,13",120,"261,13",102823.29,1.792,141.13,261.13,8629223,BC5982N,0001,AQ,BC5982,Costa Nova / Balcón al Mar / Ambolo
1017364,429000,7234207BC5973S0001LX,6,"102.844,03","1,792","141,13",120,"261,13",102844.03,1.792,141.13,261.13,7234207,BC5973S,0001,LX,BC5973,Tosalet / Cap Martí
1028677,508578,5731607BC5953S0001MF,6,"102.906,33","1,793","141,14",120,"261,14",102906.33,1.793,141.14,261.14,5731607,BC5953S,0001,MF,BC5953,Arenal / Canal / Montañar
1008723,410069,9121011BC5992S0001RD,6,"103.093,74","1,797","141,17",120,"261,17",103093.74,1.797,141.17,261.17,9121011,BC5992S,0001,RD,BC5992,Costa Nova / Balcón al Mar / Ambolo
1029646,502669,3829364BC5933S0001AY,6,"103.234,58","1,799","141,19",120,"261,19",103234.58,1.799,141.19,261.19,3829364,BC5933S,0001,AY,BC5933,Casco urbano / Pueblo
1019013,448667,6332306BC5963S0001YK,6,"103.388,03","1,802","141,22",120,"261,22",103388.03,1.802,141.22,261.22,6332306,BC5963S,0001,YK,BC5963,Puerto / Aduanas
1018186,477040,9780809BC4997N0001KO,6,"103.562,85","1,805","141,24",120,"261,24",103562.85,1.805,141.24,261.24,9780809,BC4997N,0001,KO,BC4997,Les Fonts / Castellans
1006096,495578,6928509BC5962N0001AH,6,"103.567,48","1,805","141,24",120,"261,24",103567.48,1.805,141.24,261.24,6928509,BC5962N,0001,AH,BC5962,Puerto / Aduanas
1023866,481503,9218026BC5991N0001SA,6,"103.623,21","1,806","141,25",120,"261,25",103623.21,1.806,141.25,261.25,9218026,BC5991N,0001,SA,BC5991,Costa Nova / Balcón al Mar / Ambolo
1004261,484539,8821016BC5982S0001EO,6,"104.282,49","1,817","141,36",120,"261,36",104282.49,1.817,141.36,261.36,8821016,BC5982S,0001,EO,BC5982,Costa Nova / Balcón al Mar / Ambolo
1007043,471287,7013702BC5961S0001RU,6,"104.475,11","1,821","141,39",120,"261,39",104475.11,1.821,141.39,261.39,7013702,BC5961S,0001,RU,BC5961,Puerto / Aduanas
1016568,484944,7136006BC5973N0001BF,6,"104.522,53","1,822","141,39",120,"261,39",104522.53,1.822,141.39,261.39,7136006,BC5973N,0001,BF,BC5973,Tosalet / Cap Martí
1004149,425287,9020201BC5982S0001ZO,6,"104.545,98","1,822","141,40",120,"261,40",104545.98,1.822,141.4,261.4,9020201,BC5982S,0001,ZO,BC5982,Costa Nova / Balcón al Mar / Ambolo
1030502,482251,0677425BC5907N0001YI,6,"104.568,17","1,822","141,40",120,"261,40",104568.17,1.822,141.4,261.4,0677425,BC5907N,0001,YI,BC5907,Montgó / Toscamar
1020500,429451,7123305BC5972S0001LT,6,"105.732,50","1,843","141,58",120,"261,58",105732.5,1.843,141.58,261.58,7123305,BC5972S,0001,LT,BC5972,Tosalet / Cap Martí
1008130,487264,5329209BC5952N0001HS,6,"106.687,06","1,859","141,73",120,"261,73",106687.06,1.859,141.73,261.73,5329209,BC5952N,0001,HS,BC5952,Arenal / Canal / Montañar
1019010,483806,6233712BC5963S0001HK,6,"106.797,75","1,861","141,75",120,"261,75",106797.75,1.861,141.75,261.75,6233712,BC5963S,0001,HK,BC5963,Puerto / Aduanas
1004302,464289,9312702BC5991S0001QL,6,"106.986,60","1,865","141,78",120,"261,78",106986.6,1.865,141.78,261.78,9312702,BC5991S,0001,QL,BC5991,Costa Nova / Balcón al Mar / Ambolo
1000281,436172,5743504BC5954S0001FI,6,"107.389,17","1,872","141,84",120,"261,84",107389.17,1.872,141.84,261.84,5743504,BC5954S,0001,FI,BC5954,Arenal / Canal / Montañar
1013923,444835,2739001BC5923N0001GJ,6,"107.411,64","1,872","141,85",120,"261,85",107411.64,1.872,141.85,261.85,2739001,BC5923N,0001,GJ,BC5923,Rafalet / Lluca / Covatelles
1026199,491196,4625219BC5942S0001XH,6,"107.641,65","1,876","141,88",120,"261,88",107641.65,1.876,141.88,261.88,4625219,BC5942S,0001,XH,BC5942,Casco urbano / Pueblo
1022738,504120,7226405BC5972N0001UB,6,"108.029,68","1,883","141,94",120,"261,94",108029.68,1.883,141.94,261.94,7226405,BC5972N,0001,UB,BC5972,Tosalet / Cap Martí
1027302,448625,7919301BC5972S0001YT,6,"108.058,64","1,883","141,95",120,"261,95",108058.64,1.883,141.95,261.95,7919301,BC5972S,0001,YT,BC5972,Tosalet / Cap Martí
1015589,511027,8810309BC5981S0001IG,6,"108.059,25","1,883","141,95",120,"261,95",108059.25,1.883,141.95,261.95,8810309,BC5981S,0001,IG,BC5981,Portitxol / Toscal / Trencall
1013661,446198,3983515BC5938S0001MX,6,"108.287,61","1,887","141,98",120,"261,98",108287.61,1.887,141.98,261.98,3983515,BC5938S,0001,MX,BC5938,Casco urbano / Pueblo
1006146,501596,6142008BC5964S0001JS,6,"108.836,51","1,897","142,07",120,"262,07",108836.51,1.897,142.07,262.07,6142008,BC5964S,0001,JS,BC5964,Puerto / Aduanas
1024682,481868,2465938BC5926N0001ZX,6,"109.120,78","1,902","142,12",120,"262,12",109120.78,1.902,142.12,262.12,2465938,BC5926N,0001,ZX,BC5926,Rafalet / Lluca / Covatelles
1024391,474629,2950526BC5925S0001ID,6,"109.811,26","1,914","142,22",120,"262,22",109811.26,1.914,142.22,262.22,2950526,BC5925S,0001,ID,BC5925,Rafalet / Lluca / Covatelles
1029755,442973,5026138BC5942N0001JI,6,"110.026,34","1,918","142,26",120,"262,26",110026.34,1.918,142.26,262.26,5026138,BC5942N,0001,JI,BC5942,Casco urbano / Pueblo
1003687,410073,8591403BC5981S0001FG,6,"110.056,82","1,918","142,26",120,"262,26",110056.82,1.918,142.26,262.26,8591403,BC5981S,0001,FG,BC5981,Portitxol / Toscal / Trencall
1016753,477149,8027811BC5972N0001GB,6,"110.693,31","1,929","142,36",120,"262,36",110693.31,1.929,142.36,262.36,8027811,BC5972N,0001,GB,BC5972,Tosalet / Cap Martí
1007138,504102,7226409BC5972N0001BB,6,"110.716,70","1,930","142,37",120,"262,37",110716.7,1.93,142.37,262.37,7226409,BC5972N,0001,BB,BC5972,Tosalet / Cap Martí
1029764,486756,5140307BC5954S0001BI,6,"111.447,27","1,942","142,48",120,"262,48",111447.27,1.942,142.48,262.48,5140307,BC5954S,0001,BI,BC5954,Arenal / Canal / Montañar
1020415,484652,6939304BC5963N0001ZP,6,"112.004,09","1,952","142,57",120,"262,57",112004.09,1.952,142.57,262.57,6939304,BC5963N,0001,ZP,BC5963,Puerto / Aduanas
103201,498490,5743552BC5954S0001SI,6,"112.018,56","1,952","142,57",120,"262,57",112018.56,1.952,142.57,262.57,5743552,BC5954S,0001,SI,BC5954,Arenal / Canal / Montañar
1005998,491174,6233705BC5963S0001EK,6,"112.038,44","1,953","142,57",120,"262,57",112038.44,1.953,142.57,262.57,6233705,BC5963S,0001,EK,BC5963,Puerto / Aduanas
1006046,501027,6728008BC5962N0001ZH,6,"112.068,75","1,953","142,58",120,"262,58",112068.75,1.953,142.58,262.58,6728008,BC5962N,0001,ZH,BC5962,Puerto / Aduanas
1006586,448056,7521216BC5972S0001XT,6,"112.221,14","1,956","142,60",120,"262,60",112221.14,1.956,142.6,262.6,7521216,BC5972S,0001,XT,BC5972,Tosalet / Cap Martí
1004247,437609,9121703BC5992S0001PD,6,"112.951,65","1,968","142,72",120,"262,72",112951.65,1.968,142.72,262.72,9121703,BC5992S,0001,PD,BC5992,Costa Nova / Balcón al Mar / Ambolo
1028838,490856,7829006BC5972N0001DB,6,"113.550,52","1,979","142,81",120,"262,81",113550.52,1.979,142.81,262.81,7829006,BC5972N,0001,DB,BC5972,Tosalet / Cap Martí
1008916,494657,2267902BC5926N0001AX,6,"113.705,19","1,982","142,83",120,"262,83",113705.19,1.982,142.83,262.83,2267902,BC5926N,0001,AX,BC5926,Rafalet / Lluca / Covatelles
1004195,463900,8919728BC5981N0001JU,6,"113.901,67","1,985","142,87",120,"262,87",113901.67,1.985,142.87,262.87,8919728,BC5981N,0001,JU,BC5981,Portitxol / Toscal / Trencall
1013592,501290,3679002BC5937N0001QB,6,"114.197,73","1,990","142,91",120,"262,91",114197.73,1.99,142.91,262.91,3679002,BC5937N,0001,QB,BC5937,Casco urbano / Pueblo
1013572,469171,3981614BC5938S0001IX,6,"114.256,16","1,991","142,92",120,"262,92",114256.16,1.991,142.92,262.92,3981614,BC5938S,0001,IX,BC5938,Casco urbano / Pueblo
1021906,491515,5741413BC5954S0001II,6,"114.307,64","1,992","142,93",120,"262,93",114307.64,1.992,142.93,262.93,5741413,BC5954S,0001,II,BC5954,Arenal / Canal / Montañar
1006938,474632,7513018BC5971S0001UA,6,"114.740,95","2,000","143,00",120,"263,00",114740.95,2.0,143.0,263.0,7513018,BC5971S,0001,UA,BC5971,Tosalet / Cap Martí
1006157,494464,6235504BC5963S0001LK,6,"114.871,11","2,002","143,02",120,"263,02",114871.11,2.002,143.02,263.02,6235504,BC5963S,0001,LK,BC5963,Puerto / Aduanas
1004186,494901,9220604BC5991N0001WA,6,"115.796,42","2,018","143,16",120,"263,16",115796.42,2.018,143.16,263.16,9220604,BC5991N,0001,WA,BC5991,Costa Nova / Balcón al Mar / Ambolo
1029090,442965,7015714BC5971S0001EA,6,"115.863,46","2,019","143,17",120,"263,17",115863.46,2.019,143.17,263.17,7015714,BC5971S,0001,EA,BC5971,Tosalet / Cap Martí
1007621,485382,5587008BC5958N0001XX,6,"116.219,52","2,025","143,23",120,"263,23",116219.52,2.025,143.23,263.23,5587008,BC5958N,0001,XX,BC5958,Arenal / Canal / Montañar
1010182,467215,2267968BC5926N0001YX,6,"116.535,11","2,031","143,28",120,"263,28",116535.11,2.031,143.28,263.28,2267968,BC5926N,0001,YX,BC5926,Rafalet / Lluca / Covatelles
1020467,502753,7912414BC5971S0001LA,6,"116.845,77","2,036","143,33",120,"263,33",116845.77,2.036,143.33,263.33,7912414,BC5971S,0001,LA,BC5971,Tosalet / Cap Martí
1030661,486815,8630001BC5983S0001PE,6,"116.932,53","2,038","143,34",120,"263,34",116932.53,2.038,143.34,263.34,8630001,BC5983S,0001,PE,BC5983,Costa Nova / Balcón al Mar / Ambolo
1032204,490103,3015317BC5931N0001IP,6,"117.731,20","2,052","143,47",120,"263,47",117731.2,2.052,143.47,263.47,3015317,BC5931N,0001,IP,BC5931,Casco urbano / Pueblo
1018485,477469,4984113BC5948S0001UE,6,"118.980,15","2,074","143,66",120,"263,66",118980.15,2.074,143.66,263.66,4984113,BC5948S,0001,UE,BC5948,Casco urbano / Pueblo
1003436,467681,7327510BC5972N0001EB,6,"119.414,05","2,081","143,73",120,"263,73",119414.05,2.081,143.73,263.73,7327510,BC5972N,0001,EB,BC5972,Tosalet / Cap Martí
1029160,490139,1730808BC5913S0001YZ,6,"120.169,96","2,094","143,85",120,"263,85",120169.96,2.094,143.85,263.85,1730808,BC5913S,0001,YZ,BC5913,Montgó / Toscamar
1013676,465874,3981622BC5938S0001UX,6,"121.606,27","2,119","144,07",120,"264,07",121606.27,2.119,144.07,264.07,3981622,BC5938S,0001,UX,BC5938,Casco urbano / Pueblo
1029594,456149,2949223BC5924N0001WA,6,"122.043,97","2,127","144,14",120,"264,14",122043.97,2.127,144.14,264.14,2949223,BC5924N,0001,WA,BC5924,Rafalet / Lluca / Covatelles
1010072,477598,8629212BC5982N0001IQ,6,"122.212,71","2,130","144,17",120,"264,17",122212.71,2.13,144.17,264.17,8629212,BC5982N,0001,IQ,BC5982,Costa Nova / Balcón al Mar / Ambolo
1031431,480688,5952136BC5955S0056YL,6,"122.267,54","2,131","144,18",120,"264,18",122267.54,2.131,144.18,264.18,5952136,BC5955S,0056,YL,BC5955,Arenal / Canal / Montañar
1028124,479954,4625216BC5942S0001KH,6,"122.321,61","2,132","144,19",120,"264,19",122321.61,2.132,144.19,264.19,4625216,BC5942S,0001,KH,BC5942,Casco urbano / Pueblo
1010786,484195,1195353BC5917N0001PS,6,"124.111,41","2,163","144,47",120,"264,47",124111.41,2.163,144.47,264.47,1195353,BC5917N,0001,PS,BC5917,Montgó / Toscamar
1015591,477854,8812829BC5981S0001EG,6,"126.092,75","2,198","144,78",120,"264,78",126092.75,2.198,144.78,264.78,8812829,BC5981S,0001,EG,BC5981,Portitxol / Toscal / Trencall
1004272,479267,8821008BC5982S0001RO,6,"126.350,10","2,202","144,82",120,"264,82",126350.1,2.202,144.82,264.82,8821008,BC5982S,0001,RO,BC5982,Costa Nova / Balcón al Mar / Ambolo
1020406,446452,6442012BC5964S0001WS,6,"126.428,55","2,203","144,83",120,"264,83",126428.55,2.203,144.83,264.83,6442012,BC5964S,0001,WS,BC5964,Puerto / Aduanas
1017369,449935,7032404BC5973S0001YX,6,"127.069,08","2,215","144,93",120,"264,93",127069.08,2.215,144.93,264.93,7032404,BC5973S,0001,YX,BC5973,Tosalet / Cap Martí
1015582,495794,8812823BC5981S0001KG,6,"127.660,91","2,225","145,02",120,"265,02",127660.91,2.225,145.02,265.02,8812823,BC5981S,0001,KG,BC5981,Portitxol / Toscal / Trencall
1017317,466926,7131602BC5973S0001YX,6,"129.952,49","2,265","145,38",120,"265,38",129952.49,2.265,145.38,265.38,7131602,BC5973S,0001,YX,BC5973,Tosalet / Cap Martí
1006090,492363,5936003BC5953N0001KY,6,"131.042,35","2,284","145,55",120,"265,55",131042.35,2.284,145.55,265.55,5936003,BC5953N,0001,KY,BC5953,Arenal / Canal / Montañar
1009099,437607,2669801BC5927S0001XQ,6,"132.239,98","2,305","145,74",120,"265,74",132239.98,2.305,145.74,265.74,2669801,BC5927S,0001,XQ,BC5927,Rafalet / Lluca / Covatelles
1030938,496420,4042128BC5944S0001FR,6,"133.574,82","2,328","145,95",120,"265,95",133574.82,2.328,145.95,265.95,4042128,BC5944S,0001,FR,BC5944,Casco urbano / Pueblo
1023034,477200,1195374BC5907N0001UI,6,"133.703,77","2,330","145,97",120,"265,97",133703.77,2.33,145.97,265.97,1195374,BC5907N,0001,UI,BC5907,Montgó / Toscamar
1025783,469122,03082A015001580001LB,6,"133.733,96","2,331","145,98",120,"265,98",133733.96,2.331,145.98,265.98,03082A0,1500158,0001,LB,150015,Sin clasificar / revisar
1028398,501687,2281018BC5928S0001JK,6,"139.136,56","2,425","146,82",120,"266,82",139136.56,2.425,146.82,266.82,2281018,BC5928S,0001,JK,BC5928,Rafalet / Lluca / Covatelles
1005649,446450,6830412BC5962N0001PH,6,"141.460,53","2,465","147,19",120,"267,19",141460.53,2.465,147.19,267.19,6830412,BC5962N,0001,PH,BC5962,Puerto / Aduanas
1013416,508623,7932105BC5973S0001MX,6,"142.180,39","2,478","147,30",120,"267,30",142180.39,2.478,147.3,267.3,7932105,BC5973S,0001,MX,BC5973,Tosalet / Cap Martí
1008368,487269,8414414BC5981S0001DG,6,"142.254,47","2,479","147,31",120,"267,31",142254.47,2.479,147.31,267.31,8414414,BC5981S,0001,DG,BC5981,Portitxol / Toscal / Trencall
1006043,510845,6241015BC5964S0001JS,6,"142.593,88","2,485","147,37",120,"267,37",142593.88,2.485,147.37,267.37,6241015,BC5964S,0001,JS,BC5964,Puerto / Aduanas
1018478,472082,4786013BC5948N0001YK,6,"145.973,64","2,544","147,90",120,"267,90",145973.64,2.544,147.9,267.9,4786013,BC5948N,0001,YK,BC5948,Casco urbano / Pueblo
1019203,483916,8138006BC5983N0001BK,6,"147.425,01","2,569","148,12",120,"268,12",147425.01,2.569,148.12,268.12,8138006,BC5983N,0001,BK,BC5983,Costa Nova / Balcón al Mar / Ambolo
1031539,479448,2646005BC5924N0001PA,6,"150.975,85","2,631","148,68",120,"268,68",150975.85,2.631,148.68,268.68,2646005,BC5924N,0001,PA,BC5924,Rafalet / Lluca / Covatelles
1004503,492048,9321206BC5992S0001QD,6,"158.197,44","2,757","149,81",120,"269,81",158197.44,2.757,149.81,269.81,9321206,BC5992S,0001,QD,BC5992,Costa Nova / Balcón al Mar / Ambolo
1025315,462304,1868538BC5927S0001ZQ,6,"160.506,06","2,797","150,18",120,"270,18",160506.06,2.797,150.18,270.18,1868538,BC5927S,0001,ZQ,BC5927,Rafalet / Lluca / Covatelles
1030341,462304,1868538BC5927S0001ZQ,6,"160.506,06","2,797","150,18",120,"270,18",160506.06,2.797,150.18,270.18,1868538,BC5927S,0001,ZQ,BC5927,Rafalet / Lluca / Covatelles
1029133,474623,9322512BC5992S0001XD,6,"161.384,58","2,813","150,31",120,"270,31",161384.58,2.813,150.31,270.31,9322512,BC5992S,0001,XD,BC5992,Costa Nova / Balcón al Mar / Ambolo
1013697,434871,4379812BC5947N0001KQ,6,"165.076,82","2,877","150,89",120,"270,89",165076.82,2.877,150.89,270.89,4379812,BC5947N,0001,KQ,BC5947,Casco urbano / Pueblo
1012471,492446,0975222BC5907N0001YI,6,"166.014,76","2,893","151,04",120,"271,04",166014.76,2.893,151.04,271.04,0975222,BC5907N,0001,YI,BC5907,Montgó / Toscamar
1018393,482647,4842329BC5944S0001DR,6,"175.790,69","3,064","152,57",120,"272,57",175790.69,3.064,152.57,272.57,4842329,BC5944S,0001,DR,BC5944,Casco urbano / Pueblo
10000796,453797,2281010BC5928S0001FK,6,"179.905,94","3,135","153,22",120,"273,22",179905.94,3.135,153.22,273.22,2281010,BC5928S,0001,FK,BC5928,Rafalet / Lluca / Covatelles
1004356,477599,9320506BC5991N0001IA,6,"200.123,99","3,488","156,39",120,"276,39",200123.99,3.488,156.39,276.39,9320506,BC5991N,0001,IA,BC5991,Costa Nova / Balcón al Mar / Ambolo
1013628,434866,4281619BC5948S0001UE,6,"237.276,77","4,135","162,22",120,"282,22",237276.77,4.135,162.22,282.22,4281619,BC5948S,0001,UE,BC5948,Casco urbano / Pueblo
1028820,456150,6341402BC5964S0001RS,6,"317.289,30","5,530","174,77",120,"294,77",317289.3,5.53,174.77,294.77,6341402,BC5964S,0001,RS,BC5964,Puerto / Aduanas
1008708,497226,5481705BC5958S0001QU,7,"7.108,82","0,124","126,12",140,"266,12",7108.82,0.124,126.12,266.12,5481705,BC5958S,0001,QU,BC5958,Arenal / Canal / Montañar
1014978,503178,3664615BC5937S0001OT,7,"12.245,60","0,213","126,92",140,"266,92",12245.6,0.213,126.92,266.92,3664615,BC5937S,0001,OT,BC5937,Casco urbano / Pueblo
1016232,499353,4176301BC5947N0013TP,7,"17.471,38","0,304","127,74",140,"267,74",17471.38,0.304,127.74,267.74,4176301,BC5947N,0013,TP,BC5947,Casco urbano / Pueblo
1011580,455075,5950402BC5955S0001LW,7,"18.175,31","0,317","127,85",140,"267,85",18175.31,0.317,127.85,267.85,5950402,BC5955S,0001,LW,BC5955,Arenal / Canal / Montañar
1015520,503924,5279510BC5957N0004SI,7,"18.669,20","0,325","127,93",140,"267,93",18669.2,0.325,127.93,267.93,5279510,BC5957N,0004,SI,BC5957,Arenal / Canal / Montañar
1014719,509317,3864117BC5937S0003HU,7,"21.672,40","0,378","128,40",140,"268,40",21672.4,0.378,128.4,268.4,3864117,BC5937S,0003,HU,BC5937,Casco urbano / Pueblo
1017515,507188,5379425BC5957N0001DT,7,"22.950,66","0,400","128,60",140,"268,60",22950.66,0.4,128.6,268.6,5379425,BC5957N,0001,DT,BC5957,Arenal / Canal / Montañar
1007872,471999,5379511BC5957N0012KD,7,"24.974,70","0,435","128,92",140,"268,92",24974.7,0.435,128.92,268.92,5379511,BC5957N,0012,KD,BC5957,Arenal / Canal / Montañar
1000825,459159,5380702BC5957N0008US,7,"28.613,70","0,499","129,49",140,"269,49",28613.7,0.499,129.49,269.49,5380702,BC5957N,0008,US,BC5957,Arenal / Canal / Montañar
10000503,511041,4475719BC5947N0045SP,7,"29.290,49","0,510","129,59",140,"269,59",29290.49,0.51,129.59,269.59,4475719,BC5947N,0045,SP,BC5947,Casco urbano / Pueblo
1007827,505113,5379508BC5957N0010HA,7,"30.484,59","0,531","129,78",140,"269,78",30484.59,0.531,129.78,269.78,5379508,BC5957N,0010,HA,BC5957,Arenal / Canal / Montañar
1010169,477097,5378409BC5957N0004DI,7,"32.327,31","0,563","130,07",140,"270,07",32327.31,0.563,130.07,270.07,5378409,BC5957N,0004,DI,BC5957,Arenal / Canal / Montañar
1010170,476967,5378409BC5957N0005FO,7,"32.327,31","0,563","130,07",140,"270,07",32327.31,0.563,130.07,270.07,5378409,BC5957N,0005,FO,BC5957,Arenal / Canal / Montañar
1001566,510794,5753204BC5955S0049RG,7,"32.458,17","0,566","130,09",140,"270,09",32458.17,0.566,130.09,270.09,5753204,BC5955S,0049,RG,BC5955,Arenal / Canal / Montañar
1002050,509792,5753204BC5955S0034GE,7,"32.458,17","0,566","130,09",140,"270,09",32458.17,0.566,130.09,270.09,5753204,BC5955S,0034,GE,BC5955,Arenal / Canal / Montañar
1013109,478036,5760101BC5956S0026XG,7,"33.086,07","0,577","130,19",140,"270,19",33086.07,0.577,130.19,270.19,5760101,BC5956S,0026,XG,BC5956,Arenal / Canal / Montañar
1023062,478688,4575002BC5947S0018HM,7,"34.157,98","0,595","130,36",140,"270,36",34157.98,0.595,130.36,270.36,4575002,BC5947S,0018,HM,BC5947,Casco urbano / Pueblo
1021808,461024,5172002BC5957S0083ZW,7,"34.160,23","0,595","130,36",140,"270,36",34160.23,0.595,130.36,270.36,5172002,BC5957S,0083,ZW,BC5957,Arenal / Canal / Montañar
1025555,496817,5483030BC5958S0027OR,7,"34.702,60","0,605","130,44",140,"270,44",34702.6,0.605,130.44,270.44,5483030,BC5958S,0027,OR,BC5958,Arenal / Canal / Montañar
1010775,430902,0010014BC5905N0001BB,7,"34.903,55","0,608","130,47",140,"270,47",34903.55,0.608,130.47,270.47,0010014,BC5905N,0001,BB,BC5905,Montgó / Toscamar
1017611,510202,6451301BC5965S0009EF,7,"35.228,31","0,614","130,53",140,"270,53",35228.31,0.614,130.53,270.53,6451301,BC5965S,0009,EF,BC5965,Puerto / Aduanas
1010781,488758,1195379BC5917N0001YS,7,"35.829,90","0,624","130,62",140,"270,62",35829.9,0.624,130.62,270.62,1195379,BC5917N,0001,YS,BC5917,Montgó / Toscamar
1015387,466080,11953C3BC5917N0001XS,7,"36.454,72","0,635","130,72",140,"270,72",36454.72,0.635,130.72,270.72,11953C3,BC5917N,0001,XS,BC5917,Montgó / Toscamar
1013861,491216,4578307BC5947N0024XK,7,"36.806,52","0,641","130,77",140,"270,77",36806.52,0.641,130.77,270.77,4578307,BC5947N,0024,XK,BC5947,Casco urbano / Pueblo
1010198,483887,5378406BC5957N0004OI,7,"37.116,56","0,647","130,82",140,"270,82",37116.56,0.647,130.82,270.82,5378406,BC5957N,0004,OI,BC5957,Arenal / Canal / Montañar
1031613,506516,5463709BC5956S0024JD,7,"37.291,76","0,650","130,85",140,"270,85",37291.76,0.65,130.85,270.85,5463709,BC5956S,0024,JD,BC5956,Arenal / Canal / Montañar
1021392,455645,5560001BC5955N0078WR,7,"41.185,25","0,718","131,46",140,"271,46",41185.25,0.718,131.46,271.46,5560001,BC5955N,0078,WR,BC5955,Arenal / Canal / Montañar
1012136,509873,6945612BC5964S0001QS,7,"42.052,81","0,733","131,60",140,"271,60",42052.81,0.733,131.6,271.6,6945612,BC5964S,0001,QS,BC5964,Puerto / Aduanas
1028206,510759,5454153BC5955S0048SF,7,"42.484,33","0,740","131,66",140,"271,66",42484.33,0.74,131.66,271.66,5454153,BC5955S,0048,SF,BC5955,Arenal / Canal / Montañar
1020565,504039,5662001BC5956S0016YI,7,"42.639,60","0,743","131,69",140,"271,69",42639.6,0.743,131.69,271.69,5662001,BC5956S,0016,YI,BC5956,Arenal / Canal / Montañar
1016051,449179,6251304BC5965S0026AW,7,"42.725,67","0,745","131,70",140,"271,70",42725.67,0.745,131.7,271.7,6251304,BC5965S,0026,AW,BC5965,Puerto / Aduanas
1024434,511255,6551006BC5965S0008RD,7,"42.836,07","0,747","131,72",140,"271,72",42836.07,0.747,131.72,271.72,6551006,BC5965S,0008,RD,BC5965,Puerto / Aduanas
1023013,467448,6749517BC5964N0021MK,7,"47.866,81","0,834","132,51",140,"272,51",47866.81,0.834,132.51,272.51,6749517,BC5964N,0021,MK,BC5964,Puerto / Aduanas
1019549,492681,5376605BC5957S0037XJ,7,"48.691,32","0,849","132,64",140,"272,64",48691.32,0.849,132.64,272.64,5376605,BC5957S,0037,XJ,BC5957,Arenal / Canal / Montañar
1021723,483144,5379503BC5957N0029PR,7,"49.282,37","0,859","132,73",140,"272,73",49282.37,0.859,132.73,272.73,5379503,BC5957N,0029,PR,BC5957,Arenal / Canal / Montañar
1022822,486985,7043242BC5964S0038QJ,7,"51.131,55","0,891","133,02",140,"273,02",51131.55,0.891,133.02,273.02,7043242,BC5964S,0038,QJ,BC5964,Puerto / Aduanas
1018538,443863,5233810BC5953S0001SF,7,"51.819,74","0,903","133,13",140,"273,13",51819.74,0.903,133.13,273.13,5233810,BC5953S,0001,SF,BC5953,Arenal / Canal / Montañar
1013927,504264,2843719BC5924S0001FL,7,"52.460,91","0,914","133,23",140,"273,23",52460.91,0.914,133.23,273.23,2843719,BC5924S,0001,FL,BC5924,Rafalet / Lluca / Covatelles
1001808,483274,5859008BC5955N0026FD,7,"53.158,30","0,926","133,34",140,"273,34",53158.3,0.926,133.34,273.34,5859008,BC5955N,0026,FD,BC5955,Arenal / Canal / Montañar
1024724,505323,5368407BC5956N0021JW,7,"54.970,00","0,958","133,62",140,"273,62",54970.0,0.958,133.62,273.62,5368407,BC5956N,0021,JW,BC5956,Arenal / Canal / Montañar
1021692,457252,5133411BC5953S0001DF,7,"55.133,83","0,961","133,65",140,"273,65",55133.83,0.961,133.65,273.65,5133411,BC5953S,0001,DF,BC5953,Arenal / Canal / Montañar
1029687,504286,3664208BC5937S0003TU,7,"55.747,01","0,972","133,74",140,"273,74",55747.01,0.972,133.74,273.74,3664208,BC5937S,0003,TU,BC5937,Casco urbano / Pueblo
1018305,499015,3837504BC5933N0001AZ,7,"56.459,53","0,984","133,86",140,"273,86",56459.53,0.984,133.86,273.86,3837504,BC5933N,0001,AZ,BC5933,Casco urbano / Pueblo
1009440,456200,0004015BC5900S0001FS,7,"57.273,94","0,998","133,98",140,"273,98",57273.94,0.998,133.98,273.98,0004015,BC5900S,0001,FS,BC5900,Montgó / Toscamar
1013996,475655,2644003BC5924S0001TL,7,"57.739,49","1,006","134,06",140,"274,06",57739.49,1.006,134.06,274.06,2644003,BC5924S,0001,TL,BC5924,Rafalet / Lluca / Covatelles
1003811,426609,8416410BC5981N0001PU,7,"58.351,96","1,017","134,15",140,"274,15",58351.96,1.017,134.15,274.15,8416410,BC5981N,0001,PU,BC5981,Portitxol / Toscal / Trencall
1003697,505473,8610032BC5981S0001MG,7,"58.787,31","1,025","134,22",140,"274,22",58787.31,1.025,134.22,274.22,8610032,BC5981S,0001,MG,BC5981,Portitxol / Toscal / Trencall
1029167,470978,5029003BC5952N0001QS,7,"64.485,13","1,124","135,11",140,"275,11",64485.13,1.124,135.11,275.11,5029003,BC5952N,0001,QS,BC5952,Arenal / Canal / Montañar
1005850,510177,2465907BC5926N0001UX,7,"67.306,21","1,173","135,56",140,"275,56",67306.21,1.173,135.56,275.56,2465907,BC5926N,0001,UX,BC5926,Rafalet / Lluca / Covatelles
1016472,511040,6327009BC5962N0001AH,7,"70.926,60","1,236","136,12",140,"276,12",70926.6,1.236,136.12,276.12,6327009,BC5962N,0001,AH,BC5962,Puerto / Aduanas
1001685,443586,5954701BC5955S0005MY,7,"72.327,28","1,260","136,34",140,"276,34",72327.28,1.26,136.34,276.34,5954701,BC5955S,0005,MY,BC5955,Arenal / Canal / Montañar
1026144,510732,3118217BC5931N0001AP,7,"72.652,82","1,266","136,40",140,"276,40",72652.82,1.266,136.4,276.4,3118217,BC5931N,0001,AP,BC5931,Casco urbano / Pueblo
1004441,475840,9217030BC5991N0001HA,7,"74.125,17","1,292","136,63",140,"276,63",74125.17,1.292,136.63,276.63,9217030,BC5991N,0001,HA,BC5991,Costa Nova / Balcón al Mar / Ambolo
1017103,493659,7436003BC5973N0001GF,7,"75.581,94","1,317","136,85",140,"276,85",75581.94,1.317,136.85,276.85,7436003,BC5973N,0001,GF,BC5973,Tosalet / Cap Martí
1024987,477888,5550304BC5955S0017OG,7,"78.851,53","1,374","137,37",140,"277,37",78851.53,1.374,137.37,277.37,5550304,BC5955S,0017,OG,BC5955,Arenal / Canal / Montañar
1009888,502707,5079501BC5957N0025SM,7,"78.871,01","1,375","137,37",140,"277,37",78871.01,1.375,137.37,277.37,5079501,BC5957N,0025,SM,BC5957,Arenal / Canal / Montañar
1022744,458201,7720402BC5971N0001WE,7,"79.165,98","1,380","137,42",140,"277,42",79165.98,1.38,137.42,277.42,7720402,BC5971N,0001,WE,BC5971,Tosalet / Cap Martí
1028044,475735,4873902BC5947S0148LQ,7,"79.920,53","1,393","137,54",140,"277,54",79920.53,1.393,137.54,277.54,4873902,BC5947S,0148,LQ,BC5947,Casco urbano / Pueblo
1028812,501851,5536007BC5953N0001JY,7,"83.975,36","1,463","138,17",140,"278,17",83975.36,1.463,138.17,278.17,5536007,BC5953N,0001,JY,BC5953,Arenal / Canal / Montañar
1026910,491445,5747208BC5954N0012BI,7,"84.490,63","1,472","138,25",140,"278,25",84490.63,1.472,138.25,278.25,5747208,BC5954N,0012,BI,BC5954,Arenal / Canal / Montañar
1017154,43360,7735503BC5973S0001YX,7,"86.422,58","1,506","138,56",140,"278,56",86422.58,1.506,138.56,278.56,7735503,BC5973S,0001,YX,BC5973,Tosalet / Cap Martí
1021517,486624,2028912BC5912N0001QL,7,"86.657,67","1,510","138,59",140,"278,59",86657.67,1.51,138.59,278.59,2028912,BC5912N,0001,QL,BC5912,Montgó / Toscamar
1030025,462544,6052203BC5955S0396IP,7,"89.784,02","1,565","139,08",140,"279,08",89784.02,1.565,139.08,279.08,6052203,BC5955S,0396,IP,BC5955,Arenal / Canal / Montañar
1006450,508683,6337310BC5963N0001JP,7,"90.689,11","1,581","139,22",140,"279,22",90689.11,1.581,139.22,279.22,6337310,BC5963N,0001,JP,BC5963,Puerto / Aduanas
1013739,462836,4479108BC5947N0001LQ,7,"92.957,12","1,620","139,58",140,"279,58",92957.12,1.62,139.58,279.58,4479108,BC5947N,0001,LQ,BC5947,Casco urbano / Pueblo
1009094,429321,2571632BC5926N0001IX,7,"94.451,24","1,646","139,81",140,"279,81",94451.24,1.646,139.81,279.81,2571632,BC5926N,0001,IX,BC5926,Rafalet / Lluca / Covatelles
1029765,481603,5144713BC5954S0001FI,7,"97.469,15","1,699","140,29",140,"280,29",97469.15,1.699,140.29,280.29,5144713,BC5954S,0001,FI,BC5954,Arenal / Canal / Montañar
1029106,492034,7824433BC5972S0001TT,7,"98.407,41","1,715","140,44",140,"280,44",98407.41,1.715,140.44,280.44,7824433,BC5972S,0001,TT,BC5972,Tosalet / Cap Martí
1016904,498850,6731013BC5963S0001HK,7,"98.732,43","1,721","140,49",140,"280,49",98732.43,1.721,140.49,280.49,6731013,BC5963S,0001,HK,BC5963,Puerto / Aduanas
1000450,505497,5837824BC5953N0001FY,7,"101.413,40","1,767","140,91",140,"280,91",101413.4,1.767,140.91,280.91,5837824,BC5953N,0001,FY,BC5953,Arenal / Canal / Montañar
1021511,469752,5227501BC5952N0001MS,7,"104.434,46","1,820","141,38",140,"281,38",104434.46,1.82,141.38,281.38,5227501,BC5952N,0001,MS,BC5952,Arenal / Canal / Montañar
1024423,510654,6352008BC5965S0024UM,7,"106.146,42","1,850","141,65",140,"281,65",106146.42,1.85,141.65,281.65,6352008,BC5965S,0024,UM,BC5965,Puerto / Aduanas
1029677,459386,3152306BC5935S0001UJ,7,"109.603,02","1,910","142,19",140,"282,19",109603.02,1.91,142.19,282.19,3152306,BC5935S,0001,UJ,BC5935,Casco urbano / Pueblo
200007,510083,7517009BC5971N0001LE,7,"118.602,16","2,067","143,60",140,"283,60",118602.16,2.067,143.6,283.6,7517009,BC5971N,0001,LE,BC5971,Tosalet / Cap Martí
1000516,472648,5183017BC5958S0001LU,7,"122.736,37","2,139","144,25",140,"284,25",122736.37,2.139,144.25,284.25,5183017,BC5958S,0001,LU,BC5958,Arenal / Canal / Montañar
1020649,425511,9311106BC5991S0001IL,7,"127.097,96","2,215","144,94",140,"284,94",127097.96,2.215,144.94,284.94,9311106,BC5991S,0001,IL,BC5991,Costa Nova / Balcón al Mar / Ambolo
1005740,467757,9322008BC5992S0001HD,7,"128.902,40","2,246","145,22",140,"285,22",128902.4,2.246,145.22,285.22,9322008,BC5992S,0001,HD,BC5992,Costa Nova / Balcón al Mar / Ambolo
1030946,458506,6509403BC5960N0001ST,7,"134.306,87","2,341","146,07",140,"286,07",134306.87,2.341,146.07,286.07,6509403,BC5960N,0001,ST,BC5960,Puerto / Aduanas
1011007,511266,6623310BC5962S0001UQ,7,"139.806,29","2,437","146,93",140,"286,93",139806.29,2.437,146.93,286.93,6623310,BC5962S,0001,UQ,BC5962,Puerto / Aduanas
1031931,483968,2651408BC5925S0001JD,7,"159.709,88","2,783","150,05",140,"290,05",159709.88,2.783,150.05,290.05,2651408,BC5925S,0001,JD,BC5925,Rafalet / Lluca / Covatelles
1000271,507106,4947001BC5944N0001RL,7,"166.911,47","2,909","151,18",140,"291,18",166911.47,2.909,151.18,291.18,4947001,BC5944N,0001,RL,BC5944,Casco urbano / Pueblo
1016721,495649,0478156BC5907N0001YI,7,"174.330,40","3,038","152,34",140,"292,34",174330.4,3.038,152.34,292.34,0478156,BC5907N,0001,YI,BC5907,Montgó / Toscamar
1003722,490968,8508002BC5980N0001ID,7,"244.835,12","4,267","163,40",140,"303,40",244835.12,4.267,163.4,303.4,8508002,BC5980N,0001,ID,BC5980,Portitxol / Toscal / Trencall
1005330,490155,3976221BC5937N0001KB,8,"9.832,83","0,171","126,54",160,"286,54",9832.83,0.171,126.54,286.54,3976221,BC5937N,0001,KB,BC5937,Casco urbano / Pueblo
1008766,509861,3769107BC5936N0001UE,8,"10.732,59","0,187","126,68",160,"286,68",10732.59,0.187,126.68,286.68,3769107,BC5936N,0001,UE,BC5936,Casco urbano / Pueblo
1004938,507541,3479126BC5937N0001XB,8,"12.058,66","0,210","126,89",160,"286,89",12058.66,0.21,126.89,286.89,3479126,BC5937N,0001,XB,BC5937,Casco urbano / Pueblo
1012335,479422,3966413BC5937S0001GT,8,"13.396,54","0,233","127,10",160,"287,10",13396.54,0.233,127.1,287.1,3966413,BC5937S,0001,GT,BC5937,Casco urbano / Pueblo
1001011,500302,5658007BC5955N0025GS,8,"14.796,88","0,258","127,32",160,"287,32",14796.88,0.258,127.32,287.32,5658007,BC5955N,0025,GS,BC5955,Arenal / Canal / Montañar
1001187,510340,5658007BC5955N0024FA,8,"14.796,88","0,258","127,32",160,"287,32",14796.88,0.258,127.32,287.32,5658007,BC5955N,0024,FA,BC5955,Arenal / Canal / Montañar
1011932,488693,3463005BC5937S0001WT,8,"15.777,63","0,275","127,47",160,"287,47",15777.63,0.275,127.47,287.47,3463005,BC5937S,0001,WT,BC5937,Casco urbano / Pueblo
1011898,470008,7043231BC5974S0012QQ,8,"16.029,97","0,279","127,51",160,"287,51",16029.97,0.279,127.51,287.51,7043231,BC5974S,0012,QQ,BC5974,Portitxol / Toscal / Trencall
1002977,488449,5381213BC5958S0004FP,8,"16.698,35","0,291","127,62",160,"287,62",16698.35,0.291,127.62,287.62,5381213,BC5958S,0004,FP,BC5958,Arenal / Canal / Montañar
1016322,487179,4176303BC5947N0019YH,8,"17.471,38","0,304","127,74",160,"287,74",17471.38,0.304,127.74,287.74,4176303,BC5947N,0019,YH,BC5947,Casco urbano / Pueblo
1015169,466112,5380302BC5958S0013HH,8,"19.567,42","0,341","128,07",160,"288,07",19567.42,0.341,128.07,288.07,5380302,BC5958S,0013,HH,BC5958,Arenal / Canal / Montañar
1021157,510640,3776012BC5937N0004ZM,8,"21.546,78","0,376","128,38",160,"288,38",21546.78,0.376,128.38,288.38,3776012,BC5937N,0004,ZM,BC5937,Casco urbano / Pueblo
1012012,499779,3473810BC5937S0002LY,8,"21.945,85","0,382","128,44",160,"288,44",21945.85,0.382,128.44,288.44,3473810,BC5937S,0002,LY,BC5937,Casco urbano / Pueblo
1007533,502323,3863504BC5937S0004UI,8,"22.088,33","0,385","128,46",160,"288,46",22088.33,0.385,128.46,288.46,3863504,BC5937S,0004,UI,BC5937,Casco urbano / Pueblo
1007535,502325,3863504BC5937S0008AS,8,"22.088,33","0,385","128,46",160,"288,46",22088.33,0.385,128.46,288.46,3863504,BC5937S,0008,AS,BC5937,Casco urbano / Pueblo
1016004,489006,5454103BC5955S0147ZH,8,"22.237,69","0,388","128,49",160,"288,49",22237.69,0.388,128.49,288.49,5454103,BC5955S,0147,ZH,BC5955,Arenal / Canal / Montañar
1000749,491296,4174412BC5947S0007XG,8,"22.590,32","0,394","128,54",160,"288,54",22590.32,0.394,128.54,288.54,4174412,BC5947S,0007,XG,BC5947,Casco urbano / Pueblo
1010513,470653,3767404BC5937N0009DT,8,"22.771,91","0,397","128,57",160,"288,57",22771.91,0.397,128.57,288.57,3767404,BC5937N,0009,DT,BC5937,Casco urbano / Pueblo
1016279,505526,4075801BC5947N0025FL,8,"23.823,42","0,415","128,74",160,"288,74",23823.42,0.415,128.74,288.74,4075801,BC5947N,0025,FL,BC5947,Casco urbano / Pueblo
1015283,470469,3373534BC5937S0001GT,8,"24.194,52","0,422","128,79",160,"288,79",24194.52,0.422,128.79,288.79,3373534,BC5937S,0001,GT,BC5937,Casco urbano / Pueblo
1015771,499316,5454103BC5955S0116XJ,8,"24.567,69","0,428","128,85",160,"288,85",24567.69,0.428,128.85,288.85,5454103,BC5955S,0116,XJ,BC5955,Arenal / Canal / Montañar
1006491,510688,5847051BC5954N0001KM,8,"24.647,06","0,430","128,87",160,"288,87",24647.06,0.43,128.87,288.87,5847051,BC5954N,0001,KM,BC5954,Arenal / Canal / Montañar
1016400,507422,5328608BC5957N0013RF,8,"24.658,05","0,430","128,87",160,"288,87",24658.05,0.43,128.87,288.87,5328608,BC5957N,0013,RF,BC5957,Arenal / Canal / Montañar
1009460,479042,2622302BC5922N0001BM,8,"25.155,07","0,438","128,95",160,"288,95",25155.07,0.438,128.95,288.95,2622302,BC5922N,0001,BM,BC5922,Rafalet / Lluca / Covatelles
1030482,478602,3663820BC5937S0001UT,8,"25.320,21","0,441","128,97",160,"288,97",25320.21,0.441,128.97,288.97,3663820,BC5937S,0001,UT,BC5937,Casco urbano / Pueblo
1002925,509284,5856803BC5955N0090YP,8,"25.808,68","0,450","129,05",160,"289,05",25808.68,0.45,129.05,289.05,5856803,BC5955N,0090,YP,BC5955,Arenal / Canal / Montañar
1002302,496020,5856803BC5955N0086TO,8,"25.808,68","0,450","129,05",160,"289,05",25808.68,0.45,129.05,289.05,5856803,BC5955N,0086,TO,BC5955,Arenal / Canal / Montañar
1004615,492348,2870014BC5927S0001IQ,8,"26.166,63","0,456","129,10",160,"289,10",26166.63,0.456,129.1,289.1,2870014,BC5927S,0001,IQ,BC5927,Rafalet / Lluca / Covatelles
1024239,499989,4876901BC5947N0001PQ,8,"26.301,50","0,458","129,13",160,"289,13",26301.5,0.458,129.13,289.13,4876901,BC5947N,0001,PQ,BC5947,Casco urbano / Pueblo
1016427,508205,2963059BC5936S0001QA,8,"26.376,83","0,460","129,14",160,"289,14",26376.83,0.46,129.14,289.14,2963059,BC5936S,0001,QA,BC5936,Casco urbano / Pueblo
1014374,500454,4277208BC5947N0017LF,8,"26.881,03","0,468","129,22",160,"289,22",26881.03,0.468,129.22,289.22,4277208,BC5947N,0017,LF,BC5947,Casco urbano / Pueblo
1010199,505333,5379404BC5957N0003KU,8,"27.364,66","0,477","129,29",160,"289,29",27364.66,0.477,129.29,289.29,5379404,BC5957N,0003,KU,BC5957,Arenal / Canal / Montañar
1006248,485654,6542508BC5964S0001TS,8,"27.490,44","0,479","129,31",160,"289,31",27490.44,0.479,129.31,289.31,6542508,BC5964S,0001,TS,BC5964,Puerto / Aduanas
1010454,501921,3776719BC5937N0010ME,8,"27.626,86","0,481","129,33",160,"289,33",27626.86,0.481,129.33,289.33,3776719,BC5937N,0010,ME,BC5937,Casco urbano / Pueblo
1008035,483137,7538915BC5973N0001LF,8,"27.642,64","0,482","129,34",160,"289,34",27642.64,0.482,129.34,289.34,7538915,BC5973N,0001,LF,BC5973,Tosalet / Cap Martí
1026866,464453,4875804BC5947N0010AU,8,"27.653,74","0,482","129,34",160,"289,34",27653.74,0.482,129.34,289.34,4875804,BC5947N,0010,AU,BC5947,Casco urbano / Pueblo
1011606,495556,5369003BC5956N0004TF,8,"27.892,09","0,486","129,37",160,"289,37",27892.09,0.486,129.37,289.37,5369003,BC5956N,0004,TF,BC5956,Arenal / Canal / Montañar
1015550,478176,5380701BC5957N0032DR,8,"28.199,35","0,491","129,42",160,"289,42",28199.35,0.491,129.42,289.42,5380701,BC5957N,0032,DR,BC5957,Arenal / Canal / Montañar
1011604,492974,5369003BC5956N0001WA,8,"28.209,03","0,492","129,42",160,"289,42",28209.03,0.492,129.42,289.42,5369003,BC5956N,0001,WA,BC5956,Arenal / Canal / Montañar
1009713,503528,5178002BC5957N0066JY,8,"28.654,30","0,499","129,49",160,"289,49",28654.3,0.499,129.49,289.49,5178002,BC5957N,0066,JY,BC5957,Arenal / Canal / Montañar
10000446,504978,5469003BC5956N0005ZG,8,"30.018,56","0,523","129,71",160,"289,71",30018.56,0.523,129.71,289.71,5469003,BC5956N,0005,ZG,BC5956,Arenal / Canal / Montañar
1011611,492881,5369003BC5956N0012PL,8,"30.427,78","0,530","129,77",160,"289,77",30427.78,0.53,129.77,289.77,5369003,BC5956N,0012,PL,BC5956,Arenal / Canal / Montañar
1000553,501822,2870005BC5927S0001MQ,8,"30.865,04","0,538","129,84",160,"289,84",30865.04,0.538,129.84,289.84,2870005,BC5927S,0001,MQ,BC5927,Rafalet / Lluca / Covatelles
1021470,490146,5560001BC5955N0156SF,8,"30.922,05","0,539","129,85",160,"289,85",30922.05,0.539,129.85,289.85,5560001,BC5955N,0156,SF,BC5955,Arenal / Canal / Montañar
1001237,495400,5758401BC5955N0003XL,8,"30.946,98","0,539","129,85",160,"289,85",30946.98,0.539,129.85,289.85,5758401,BC5955N,0003,XL,BC5955,Arenal / Canal / Montañar
1001543,509062,5758401BC5955N0010EM,8,"30.946,98","0,539","129,85",160,"289,85",30946.98,0.539,129.85,289.85,5758401,BC5955N,0010,EM,BC5955,Arenal / Canal / Montañar
1015547,505811,5279508BC5957N0019PB,8,"31.348,93","0,546","129,92",160,"289,92",31348.93,0.546,129.92,289.92,5279508,BC5957N,0019,PB,BC5957,Arenal / Canal / Montañar
10000527,504300,4475719BC5947N0070TE,8,"31.591,65","0,551","129,96",160,"289,96",31591.65,0.551,129.96,289.96,4475719,BC5947N,0070,TE,BC5947,Casco urbano / Pueblo
10000509,503524,4475719BC5947N0052HF,8,"32.042,64","0,558","130,03",160,"290,03",32042.64,0.558,130.03,290.03,4475719,BC5947N,0052,HF,BC5947,Casco urbano / Pueblo
1012138,490706,6944601BC5964S0084YW,8,"32.461,56","0,566","130,09",160,"290,09",32461.56,0.566,130.09,290.09,6944601,BC5964S,0084,YW,BC5964,Puerto / Aduanas
1024379,492338,5170809BC5957S0126QS,8,"32.688,00","0,570","130,13",160,"290,13",32688.0,0.57,130.13,290.13,5170809,BC5957S,0126,QS,BC5957,Arenal / Canal / Montañar
1010550,471341,3473820BC5937S0013ZF,8,"32.761,54","0,571","130,14",160,"290,14",32761.54,0.571,130.14,290.14,3473820,BC5937S,0013,ZF,BC5937,Casco urbano / Pueblo
1005692,511410,5381213BC5958S0002SI,8,"33.396,79","0,582","130,24",160,"290,24",33396.79,0.582,130.24,290.24,5381213,BC5958S,0002,SI,BC5958,Arenal / Canal / Montañar
1009782,490183,5178002BC5957N0084YK,8,"33.477,29","0,583","130,25",160,"290,25",33477.29,0.583,130.25,290.25,5178002,BC5957N,0084,YK,BC5957,Arenal / Canal / Montañar
1001180,504989,5855001BC5955S0025XB,8,"33.806,52","0,589","130,30",160,"290,30",33806.52,0.589,130.3,290.3,5855001,BC5955S,0025,XB,BC5955,Arenal / Canal / Montañar
1003447,497936,7043221BC5974S0001XH,8,"33.834,40","0,590","130,31",160,"290,31",33834.4,0.59,130.31,290.31,7043221,BC5974S,0001,XH,BC5974,Portitxol / Toscal / Trencall
1031491,491288,5747209BC5954N0012YI,8,"33.924,79","0,591","130,32",160,"290,32",33924.79,0.591,130.32,290.32,5747209,BC5954N,0012,YI,BC5954,Arenal / Canal / Montañar
1009674,447427,5178002BC5957N0094DW,8,"34.044,71","0,593","130,34",160,"290,34",34044.71,0.593,130.34,290.34,5178002,BC5957N,0094,DW,BC5957,Arenal / Canal / Montañar
1000625,509824,3865111BC5937S0012LD,8,"34.064,01","0,594","130,34",160,"290,34",34064.01,0.594,130.34,290.34,3865111,BC5937S,0012,LD,BC5937,Casco urbano / Pueblo
1001229,499183,5856805BC5955N0004AB,8,"34.173,77","0,596","130,36",160,"290,36",34173.77,0.596,130.36,290.36,5856805,BC5955N,0004,AB,BC5955,Arenal / Canal / Montañar
1024915,471586,5457311BC5955N0006AX,8,"34.320,90","0,598","130,38",160,"290,38",34320.9,0.598,130.38,290.38,5457311,BC5955N,0006,AX,BC5955,Arenal / Canal / Montañar
1009878,497657,5278204BC5957N0015XH,8,"34.461,71","0,601","130,41",160,"290,41",34461.71,0.601,130.41,290.41,5278204,BC5957N,0015,XH,BC5957,Arenal / Canal / Montañar
1021215,482608,4277601BC5947N0030WZ,8,"34.472,24","0,601","130,41",160,"290,41",34472.24,0.601,130.41,290.41,4277601,BC5947N,0030,WZ,BC5947,Casco urbano / Pueblo
1007424,458306,0015002BC5905N0001PB,8,"34.712,40","0,605","130,44",160,"290,44",34712.4,0.605,130.44,290.44,0015002,BC5905N,0001,PB,BC5905,Montgó / Toscamar
1016042,437309,8783509BC4988S0001IU,8,"34.866,54","0,608","130,47",160,"290,47",34866.54,0.608,130.47,290.47,8783509,BC4988S,0001,IU,BC4988,Les Fonts / Castellans
1008994,505577,5454149BC5955S0001FW,8,"34.870,41","0,608","130,47",160,"290,47",34870.41,0.608,130.47,290.47,5454149,BC5955S,0001,FW,BC5955,Arenal / Canal / Montañar
1001130,507556,5855001BC5955S0006OU,8,"35.058,63","0,611","130,50",160,"290,50",35058.63,0.611,130.5,290.5,5855001,BC5955S,0006,OU,BC5955,Arenal / Canal / Montañar
1001079,480639,5855001BC5955S0039PI,8,"35.058,63","0,611","130,50",160,"290,50",35058.63,0.611,130.5,290.5,5855001,BC5955S,0039,PI,BC5955,Arenal / Canal / Montañar
1020731,496854,5382901BC5958S0038FS,8,"35.078,74","0,611","130,50",160,"290,50",35078.74,0.611,130.5,290.5,5382901,BC5958S,0038,FS,BC5958,Arenal / Canal / Montañar
1025693,499685,5750211BC5955S0013ZA,8,"35.305,06","0,615","130,54",160,"290,54",35305.06,0.615,130.54,290.54,5750211,BC5955S,0013,ZA,BC5955,Arenal / Canal / Montañar
1026227,448711,5760106BC5955N0107AE,8,"35.417,74","0,617","130,56",160,"290,56",35417.74,0.617,130.56,290.56,5760106,BC5955N,0107,AE,BC5955,Arenal / Canal / Montañar
1011839,491495,0478107BC5907N0001XI,8,"35.634,39","0,621","130,59",160,"290,59",35634.39,0.621,130.59,290.59,0478107,BC5907N,0001,XI,BC5907,Montgó / Toscamar
1006616,423348,3070006BC5927S0001JQ,8,"35.813,97","0,624","130,62",160,"290,62",35813.97,0.624,130.62,290.62,3070006,BC5927S,0001,JQ,BC5927,Rafalet / Lluca / Covatelles
1013815,509261,4578303BC5947N0001GQ,8,"35.885,24","0,625","130,63",160,"290,63",35885.24,0.625,130.63,290.63,4578303,BC5947N,0001,GQ,BC5947,Casco urbano / Pueblo
1005697,498718,5370728BC5956N0001UA,8,"36.059,35","0,628","130,66",160,"290,66",36059.35,0.628,130.66,290.66,5370728,BC5956N,0001,UA,BC5956,Arenal / Canal / Montañar
1000784,470466,4174415BC5947S0012TJ,8,"36.086,17","0,629","130,66",160,"290,66",36086.17,0.629,130.66,290.66,4174415,BC5947S,0012,TJ,BC5947,Casco urbano / Pueblo
1000730,470634,4174415BC5947S0007EG,8,"36.086,17","0,629","130,66",160,"290,66",36086.17,0.629,130.66,290.66,4174415,BC5947S,0007,EG,BC5947,Casco urbano / Pueblo
1000731,470648,4174415BC5947S0006WF,8,"36.086,17","0,629","130,66",160,"290,66",36086.17,0.629,130.66,290.66,4174415,BC5947S,0006,WF,BC5947,Casco urbano / Pueblo
1021365,494949,5560001BC5955N0051RY,8,"36.242,15","0,632","130,68",160,"290,68",36242.15,0.632,130.68,290.68,5560001,BC5955N,0051,RY,BC5955,Arenal / Canal / Montañar
1007422,449518,0014023BC5905N0001WB,8,"36.732,28","0,640","130,76",160,"290,76",36732.28,0.64,130.76,290.76,0014023,BC5905N,0001,WB,BC5905,Montgó / Toscamar
1022902,496119,5760105BC5956S0014EY,8,"36.852,34","0,642","130,78",160,"290,78",36852.34,0.642,130.78,290.78,5760105,BC5956S,0014,EY,BC5956,Arenal / Canal / Montañar
1001769,477972,5852005BC5955S0017GG,8,"37.064,76","0,646","130,81",160,"290,81",37064.76,0.646,130.81,290.81,5852005,BC5955S,0017,GG,BC5955,Arenal / Canal / Montañar
1030277,474234,4372801BC5947S0029WI,8,"37.613,00","0,656","130,90",160,"290,90",37613.0,0.656,130.9,290.9,4372801,BC5947S,0029,WI,BC5947,Casco urbano / Pueblo
1015575,495507,5380701BC5957N0033FT,8,"37.684,62","0,657","130,91",160,"290,91",37684.62,0.657,130.91,290.91,5380701,BC5957N,0033,FT,BC5957,Arenal / Canal / Montañar
1025494,510515,5169033BC5956N0002QS,8,"38.442,31","0,670","131,03",160,"291,03",38442.31,0.67,131.03,291.03,5169033,BC5956N,0002,QS,BC5956,Arenal / Canal / Montañar
1023771,427452,5368401BC5956N0014TZ,8,"38.452,07","0,670","131,03",160,"291,03",38452.07,0.67,131.03,291.03,5368401,BC5956N,0014,TZ,BC5956,Arenal / Canal / Montañar
1021699,500303,5379503BC5957N0005GO,8,"38.543,96","0,672","131,05",160,"291,05",38543.96,0.672,131.05,291.05,5379503,BC5957N,0005,GO,BC5957,Arenal / Canal / Montañar
1009083,447053,5454130BC5955S0001IW,8,"38.668,21","0,674","131,07",160,"291,07",38668.21,0.674,131.07,291.07,5454130,BC5955S,0001,IW,BC5955,Arenal / Canal / Montañar
1007343,491475,7519314BC5971N0001DE,8,"38.854,09","0,677","131,09",160,"291,09",38854.09,0.677,131.09,291.09,7519314,BC5971N,0001,DE,BC5971,Tosalet / Cap Martí
1017619,486087,6451301BC5965S0032JT,8,"38.979,35","0,679","131,11",160,"291,11",38979.35,0.679,131.11,291.11,6451301,BC5965S,0032,JT,BC5965,Puerto / Aduanas
1025821,471579,5457312BC5955N0013QE,8,"39.311,63","0,685","131,17",160,"291,17",39311.63,0.685,131.17,291.17,5457312,BC5955N,0013,QE,BC5955,Arenal / Canal / Montañar
1010184,490461,5378407BC5957N0003JU,8,"39.512,59","0,689","131,20",160,"291,20",39512.59,0.689,131.2,291.2,5378407,BC5957N,0003,JU,BC5957,Arenal / Canal / Montañar
1025530,499727,5483030BC5958S0002DI,8,"39.756,86","0,693","131,24",160,"291,24",39756.86,0.693,131.24,291.24,5483030,BC5958S,0002,DI,BC5958,Arenal / Canal / Montañar
1027125,492394,5564501BC5956S0019QA,8,"39.833,86","0,694","131,25",160,"291,25",39833.86,0.694,131.25,291.25,5564501,BC5956S,0019,QA,BC5956,Arenal / Canal / Montañar
1001619,501800,5856801BC5955N0016UY,8,"39.879,95","0,695","131,26",160,"291,26",39879.95,0.695,131.26,291.26,5856801,BC5955N,0016,UY,BC5955,Arenal / Canal / Montañar
1025536,490800,5483030BC5958S0008LF,8,"40.023,09","0,698","131,28",160,"291,28",40023.09,0.698,131.28,291.28,5483030,BC5958S,0008,LF,BC5958,Arenal / Canal / Montañar
1025553,489720,5483030BC5958S0025UW,8,"40.023,09","0,698","131,28",160,"291,28",40023.09,0.698,131.28,291.28,5483030,BC5958S,0025,UW,BC5958,Arenal / Canal / Montañar
1028214,509670,5454153BC5955S0056JL,8,"40.046,43","0,698","131,28",160,"291,28",40046.43,0.698,131.28,291.28,5454153,BC5955S,0056,JL,BC5955,Arenal / Canal / Montañar
1010109,475914,8630011BC5983S0001RE,8,"40.298,15","0,702","131,32",160,"291,32",40298.15,0.702,131.32,291.32,8630011,BC5983S,0001,RE,BC5983,Costa Nova / Balcón al Mar / Ambolo
1025533,505813,5483030BC5958S0005HA,8,"40.555,47","0,707","131,36",160,"291,36",40555.47,0.707,131.36,291.36,5483030,BC5958S,0005,HA,BC5958,Arenal / Canal / Montañar
1009224,482163,8685901BC4988N0001HX,8,"41.138,85","0,717","131,45",160,"291,45",41138.85,0.717,131.45,291.45,8685901,BC4988N,0001,HX,BC4988,Les Fonts / Castellans
1024901,481262,4871010BC5947S0029WI,8,"41.311,18","0,720","131,48",160,"291,48",41311.18,0.72,131.48,291.48,4871010,BC5947S,0029,WI,BC5947,Casco urbano / Pueblo
1004784,463686,2229319BC5922N0001YM,8,"41.316,99","0,720","131,48",160,"291,48",41316.99,0.72,131.48,291.48,2229319,BC5922N,0001,YM,BC5922,Rafalet / Lluca / Covatelles
1010114,458906,0008017BC5900N0001YR,8,"41.599,33","0,725","131,52",160,"291,52",41599.33,0.725,131.52,291.52,0008017,BC5900N,0001,YR,BC5900,Montgó / Toscamar
1002800,460968,6352005BC5965S0028UR,8,"41.602,12","0,725","131,53",160,"291,53",41602.12,0.725,131.53,291.53,6352005,BC5965S,0028,UR,BC5965,Puerto / Aduanas
1007421,472907,0015019BC5905N0001ZB,8,"41.720,91","0,727","131,54",160,"291,54",41720.91,0.727,131.54,291.54,0015019,BC5905N,0001,ZB,BC5905,Montgó / Toscamar
1028622,497461,5568508BC5956N0028ZO,8,"42.063,67","0,733","131,60",160,"291,60",42063.67,0.733,131.6,291.6,5568508,BC5956N,0028,ZO,BC5956,Arenal / Canal / Montañar
1023697,503950,5658002BC5955N0249JD,8,"42.112,43","0,734","131,61",160,"291,61",42112.43,0.734,131.61,291.61,5658002,BC5955N,0249,JD,BC5955,Arenal / Canal / Montañar
1001235,483651,5859008BC5955N0021OI,8,"42.372,52","0,738","131,65",160,"291,65",42372.52,0.738,131.65,291.65,5859008,BC5955N,0021,OI,BC5955,Arenal / Canal / Montañar
1019135,493296,7124332BC5972S0001WT,8,"42.546,48","0,741","131,67",160,"291,67",42546.48,0.741,131.67,291.67,7124332,BC5972S,0001,WT,BC5972,Tosalet / Cap Martí
1003592,426730,5370701BC5957S0001WD,8,"42.552,57","0,742","131,67",160,"291,67",42552.57,0.742,131.67,291.67,5370701,BC5957S,0001,WD,BC5957,Arenal / Canal / Montañar
1017863,493614,1868589BC5916N0001MK,8,"43.187,50","0,753","131,77",160,"291,77",43187.5,0.753,131.77,291.77,1868589,BC5916N,0001,MK,BC5916,Montgó / Toscamar
1005457,487028,9590207BC4999S0001RT,8,"43.221,34","0,753","131,78",160,"291,78",43221.34,0.753,131.78,291.78,9590207,BC4999S,0001,RT,BC4999,Les Fonts / Castellans
1007571,508431,5585601BC5958S0001LU,8,"43.236,38","0,754","131,78",160,"291,78",43236.38,0.754,131.78,291.78,5585601,BC5958S,0001,LU,BC5958,Arenal / Canal / Montañar
1002433,496877,7046005BC5974N0001II,8,"43.278,81","0,754","131,79",160,"291,79",43278.81,0.754,131.79,291.79,7046005,BC5974N,0001,II,BC5974,Portitxol / Toscal / Trencall
1005307,435456,0013008BC5950N0001IQ,8,"43.309,91","0,755","131,79",160,"291,79",43309.91,0.755,131.79,291.79,0013008,BC5950N,0001,IQ,BC5950,Arenal / Canal / Montañar
1000949,463642,8989316BC4998N0001RE,8,"43.309,95","0,755","131,79",160,"291,79",43309.95,0.755,131.79,291.79,8989316,BC4998N,0001,RE,BC4998,Les Fonts / Castellans
1013940,488738,2843714BC5924S0001GL,8,"43.602,68","0,760","131,84",160,"291,84",43602.68,0.76,131.84,291.84,2843714,BC5924S,0001,GL,BC5924,Rafalet / Lluca / Covatelles
10000456,504014,0282505BC5908S0001KP,8,"43.723,52","0,762","131,86",160,"291,86",43723.52,0.762,131.86,291.86,0282505,BC5908S,0001,KP,BC5908,Montgó / Toscamar
1018893,496855,5272701BC5957S0052PE,8,"44.455,49","0,775","131,97",160,"291,97",44455.49,0.775,131.97,291.97,5272701,BC5957S,0052,PE,BC5957,Arenal / Canal / Montañar
1006518,510354,5847064BC5954N0001HM,8,"44.489,73","0,775","131,98",160,"291,98",44489.73,0.775,131.98,291.98,5847064,BC5954N,0001,HM,BC5954,Arenal / Canal / Montañar
1000001,461526,9284112BC4998S0001RA,8,"45.468,20","0,792","132,13",160,"292,13",45468.2,0.792,132.13,292.13,9284112,BC4998S,0001,RA,BC4998,Les Fonts / Castellans
1023572,472336,5652204BC5955S0061DZ,8,"45.621,55","0,795","132,16",160,"292,16",45621.55,0.795,132.16,292.16,5652204,BC5955S,0061,DZ,BC5955,Arenal / Canal / Montañar
1007318,483966,7518411BC5971N0001IE,8,"46.025,76","0,802","132,22",160,"292,22",46025.76,0.802,132.22,292.22,7518411,BC5971N,0001,IE,BC5971,Tosalet / Cap Martí
1031526,486038,4169505BC5946N1415KT,8,"46.334,78","0,808","132,27",160,"292,27",46334.78,0.808,132.27,292.27,4169505,BC5946N,1415,KT,BC5946,Casco urbano / Pueblo
1028230,480993,5454153BC5955S0072RY,8,"46.338,31","0,808","132,27",160,"292,27",46338.31,0.808,132.27,292.27,5454153,BC5955S,0072,RY,BC5955,Arenal / Canal / Montañar
1022708,483135,4024307BC5932S0001AS,8,"46.398,92","0,809","132,28",160,"292,28",46398.92,0.809,132.28,292.28,4024307,BC5932S,0001,AS,BC5932,Casco urbano / Pueblo
1012253,507256,6945607BC5964S0001YS,8,"46.500,69","0,810","132,29",160,"292,29",46500.69,0.81,132.29,292.29,6945607,BC5964S,0001,YS,BC5964,Puerto / Aduanas
1003017,489246,6749506BC5964N0012FS,8,"46.531,68","0,811","132,30",160,"292,30",46531.68,0.811,132.3,292.3,6749506,BC5964N,0012,FS,BC5964,Puerto / Aduanas
1010375,510686,7929314BC5972N0001HB,8,"46.599,75","0,812","132,31",160,"292,31",46599.75,0.812,132.31,292.31,7929314,BC5972N,0001,HB,BC5972,Tosalet / Cap Martí
1022931,504317,5760104BC5956S0011FE,8,"46.602,71","0,812","132,31",160,"292,31",46602.71,0.812,132.31,292.31,5760104,BC5956S,0011,FE,BC5956,Arenal / Canal / Montañar
1021474,451243,5560001BC5955N0160DG,8,"46.749,72","0,815","132,33",160,"292,33",46749.72,0.815,132.33,292.33,5560001,BC5955N,0160,DG,BC5955,Arenal / Canal / Montañar
1024376,503717,5170809BC5957S0123ZO,8,"46.916,69","0,818","132,36",160,"292,36",46916.69,0.818,132.36,292.36,5170809,BC5957S,0123,ZO,BC5957,Arenal / Canal / Montañar
1014081,474907,4150420BC5944N0001JL,8,"46.976,20","0,819","132,37",160,"292,37",46976.2,0.819,132.37,292.37,4150420,BC5944N,0001,JL,BC5944,Casco urbano / Pueblo
1018924,497618,5272702BC5957S0025QI,8,"47.067,25","0,820","132,38",160,"292,38",47067.25,0.82,132.38,292.38,5272702,BC5957S,0025,QI,BC5957,Arenal / Canal / Montañar
1016164,497192,9286601BC4998N0001IE,8,"47.311,15","0,825","132,42",160,"292,42",47311.15,0.825,132.42,292.42,9286601,BC4998N,0001,IE,BC4998,Les Fonts / Castellans
1008287,494539,2669806BC5926N0001ZX,8,"47.527,95","0,828","132,45",160,"292,45",47527.95,0.828,132.45,292.45,2669806,BC5926N,0001,ZX,BC5926,Rafalet / Lluca / Covatelles
1008615,490451,2866710BC5926N0001KX,8,"47.644,74","0,830","132,47",160,"292,47",47644.74,0.83,132.47,292.47,2866710,BC5926N,0001,KX,BC5926,Rafalet / Lluca / Covatelles
1010416,500351,9284153BC4998S0001SA,8,"47.917,55","0,835","132,52",160,"292,52",47917.55,0.835,132.52,292.52,9284153,BC4998S,0001,SA,BC4998,Les Fonts / Castellans
1011655,467278,6660008BC5964N0011ZA,8,"48.673,50","0,848","132,63",160,"292,63",48673.5,0.848,132.63,292.63,6660008,BC5964N,0011,ZA,BC5964,Puerto / Aduanas
1017727,505464,2065601BC5926N0001LX,8,"49.456,37","0,862","132,76",160,"292,76",49456.37,0.862,132.76,292.76,2065601,BC5926N,0001,LX,BC5926,Rafalet / Lluca / Covatelles
1004664,465889,0012012BC5905S0001ST,8,"49.666,25","0,866","132,79",160,"292,79",49666.25,0.866,132.79,292.79,0012012,BC5905S,0001,ST,BC5905,Montgó / Toscamar
1005791,486229,2578964BC5927N0001OH,8,"49.971,62","0,871","132,84",160,"292,84",49971.62,0.871,132.84,292.84,2578964,BC5927N,0001,OH,BC5927,Rafalet / Lluca / Covatelles
1016127,444732,0007001BC5900N0001XR,8,"50.004,43","0,871","132,84",160,"292,84",50004.43,0.871,132.84,292.84,0007001,BC5900N,0001,XR,BC5900,Montgó / Toscamar
1009447,477299,2625817BC5922S0001WI,8,"50.019,10","0,872","132,85",160,"292,85",50019.1,0.872,132.85,292.85,2625817,BC5922S,0001,WI,BC5922,Rafalet / Lluca / Covatelles
1013964,447969,2843722BC5924S0001FL,8,"50.294,07","0,877","132,89",160,"292,89",50294.07,0.877,132.89,292.89,2843722,BC5924S,0001,FL,BC5924,Rafalet / Lluca / Covatelles
1012435,475796,0084928BC4998S0001YA,8,"50.366,74","0,878","132,90",160,"292,90",50366.74,0.878,132.9,292.9,0084928,BC4998S,0001,YA,BC4998,Les Fonts / Castellans
1005853,465443,0017040BC5905S0001QT,8,"50.799,70","0,885","132,97",160,"292,97",50799.7,0.885,132.97,292.97,0017040,BC5905S,0001,QT,BC5905,Montgó / Toscamar
1006674,479879,2578956BC5927N0001PH,8,"50.898,43","0,887","132,98",160,"292,98",50898.43,0.887,132.98,292.98,2578956,BC5927N,0001,PH,BC5927,Rafalet / Lluca / Covatelles
1014138,505867,6660008BC5964N0024IZ,8,"50.991,22","0,889","133,00",160,"293,00",50991.22,0.889,133.0,293.0,6660008,BC5964N,0024,IZ,BC5964,Puerto / Aduanas
1010974,488122,5372020BC5957S0021MR,8,"51.032,97","0,889","133,00",160,"293,00",51032.97,0.889,133.0,293.0,5372020,BC5957S,0021,MR,BC5957,Arenal / Canal / Montañar
1017436,431268,1868535BC5917S0001JB,8,"51.307,82","0,894","133,05",160,"293,05",51307.82,0.894,133.05,293.05,1868535,BC5917S,0001,JB,BC5917,Montgó / Toscamar
1010532,444092,6145537BC5964S0001WS,8,"51.333,87","0,895","133,05",160,"293,05",51333.87,0.895,133.05,293.05,6145537,BC5964S,0001,WS,BC5964,Puerto / Aduanas
1019301,471319,3665616BC5937S0007YA,8,"51.678,67","0,901","133,11",160,"293,11",51678.67,0.901,133.11,293.11,3665616,BC5937S,0007,YA,BC5937,Casco urbano / Pueblo
1008482,454093,2229310BC5923S0001JW,8,"51.989,90","0,906","133,15",160,"293,15",51989.9,0.906,133.15,293.15,2229310,BC5923S,0001,JW,BC5923,Rafalet / Lluca / Covatelles
1010599,505584,9580906BC4998S0001AA,8,"52.052,44","0,907","133,16",160,"293,16",52052.44,0.907,133.16,293.16,9580906,BC4998S,0001,AA,BC4998,Les Fonts / Castellans
1021422,504025,5560001BC5955N0108WR,8,"52.107,01","0,908","133,17",160,"293,17",52107.01,0.908,133.17,293.17,5560001,BC5955N,0108,WR,BC5955,Arenal / Canal / Montañar
1008630,466981,2031916BC5923S0001FW,8,"52.303,47","0,912","133,20",160,"293,20",52303.47,0.912,133.2,293.2,2031916,BC5923S,0001,FW,BC5923,Rafalet / Lluca / Covatelles
1017431,488652,1539665BC5914S0001LG,8,"52.444,83","0,914","133,23",160,"293,23",52444.83,0.914,133.23,293.23,1539665,BC5914S,0001,LG,BC5914,Montgó / Toscamar
1015736,474651,3667029BC5936N0001UE,8,"52.453,74","0,914","133,23",160,"293,23",52453.74,0.914,133.23,293.23,3667029,BC5936N,0001,UE,BC5936,Casco urbano / Pueblo
1009569,470878,9388943BC4998N0001HE,8,"52.850,55","0,921","133,29",160,"293,29",52850.55,0.921,133.29,293.29,9388943,BC4998N,0001,HE,BC4998,Les Fonts / Castellans
1018523,504838,5133418BC5953S0001UF,8,"53.052,05","0,925","133,32",160,"293,32",53052.05,0.925,133.32,293.32,5133418,BC5953S,0001,UF,BC5953,Arenal / Canal / Montañar
1010785,490730,1195380BC5917N0001AS,8,"53.306,24","0,929","133,36",160,"293,36",53306.24,0.929,133.36,293.36,1195380,BC5917N,0001,AS,BC5917,Montgó / Toscamar
1000037,505201,3450404BC5934N0001TG,8,"53.408,46","0,931","133,38",160,"293,38",53408.46,0.931,133.38,293.38,3450404,BC5934N,0001,TG,BC5934,Casco urbano / Pueblo
1015765,464709,2963020BC5936N0001UE,8,"53.568,75","0,934","133,40",160,"293,40",53568.75,0.934,133.4,293.4,2963020,BC5936N,0001,UE,BC5936,Casco urbano / Pueblo
1021621,474740,4877001BC5947N0092BL,8,"54.008,94","0,941","133,47",160,"293,47",54008.94,0.941,133.47,293.47,4877001,BC5947N,0092,BL,BC5947,Casco urbano / Pueblo
1022908,510902,5760105BC5956S0020YO,8,"54.039,63","0,942","133,48",160,"293,48",54039.63,0.942,133.48,293.48,5760105,BC5956S,0020,YO,BC5956,Arenal / Canal / Montañar
1025290,489695,1335513BC5913N0001MD,8,"54.301,26","0,946","133,52",160,"293,52",54301.26,0.946,133.52,293.52,1335513,BC5913N,0001,MD,BC5913,Montgó / Toscamar
1017334,505649,7835606BC5973S0001YX,8,"54.357,55","0,947","133,53",160,"293,53",54357.55,0.947,133.53,293.53,7835606,BC5973S,0001,YX,BC5973,Tosalet / Cap Martí
1006894,478773,6710515BC5960N0001WT,8,"54.622,52","0,952","133,57",160,"293,57",54622.52,0.952,133.57,293.57,6710515,BC5960N,0001,WT,BC5960,Puerto / Aduanas
1026259,510873,5760106BC5955N0140OQ,8,"54.841,68","0,956","133,60",160,"293,60",54841.68,0.956,133.6,293.6,5760106,BC5955N,0140,OQ,BC5955,Arenal / Canal / Montañar
1020569,471593,5662001BC5956S0020UO,8,"54.922,69","0,957","133,61",160,"293,61",54922.69,0.957,133.61,293.61,5662001,BC5956S,0020,UO,BC5956,Arenal / Canal / Montañar
1020570,478473,5662001BC5956S0021IP,8,"54.922,69","0,957","133,61",160,"293,61",54922.69,0.957,133.61,293.61,5662001,BC5956S,0021,IP,BC5956,Arenal / Canal / Montañar
1006191,507435,6533712BC5963S0001GK,8,"54.943,19","0,958","133,62",160,"293,62",54943.19,0.958,133.62,293.62,6533712,BC5963S,0001,GK,BC5963,Puerto / Aduanas
1026436,460026,4871006BC5947S0030FY,8,"55.396,34","0,965","133,69",160,"293,69",55396.34,0.965,133.69,293.69,4871006,BC5947S,0030,FY,BC5947,Casco urbano / Pueblo
1010822,448857,5859010BC5955N0065OJ,8,"55.522,78","0,968","133,71",160,"293,71",55522.78,0.968,133.71,293.71,5859010,BC5955N,0065,OJ,BC5955,Arenal / Canal / Montañar
1026468,509875,4871006BC5947S0062FY,8,"55.799,29","0,972","133,75",160,"293,75",55799.29,0.972,133.75,293.75,4871006,BC5947S,0062,FY,BC5947,Casco urbano / Pueblo
1017378,511453,7734503BC5973S0001QX,8,"55.867,84","0,974","133,76",160,"293,76",55867.84,0.974,133.76,293.76,7734503,BC5973S,0001,QX,BC5973,Tosalet / Cap Martí
1019088,496866,5856804BC5955N0003QL,8,"55.908,05","0,974","133,77",160,"293,77",55908.05,0.974,133.77,293.77,5856804,BC5955N,0003,QL,BC5955,Arenal / Canal / Montañar
1024681,497193,8525343BC5982S0001FO,8,"55.908,63","0,974","133,77",160,"293,77",55908.63,0.974,133.77,293.77,8525343,BC5982S,0001,FO,BC5982,Costa Nova / Balcón al Mar / Ambolo
1017580,480036,6451301BC5965S0036ZO,8,"56.210,36","0,980","133,82",160,"293,82",56210.36,0.98,133.82,293.82,6451301,BC5965S,0036,ZO,BC5965,Puerto / Aduanas
1026420,476682,4871006BC5947S0014RL,8,"56.213,72","0,980","133,82",160,"293,82",56213.72,0.98,133.82,293.82,4871006,BC5947S,0014,RL,BC5947,Casco urbano / Pueblo
1023038,499996,5431006BC5953S0001FF,8,"56.786,55","0,990","133,91",160,"293,91",56786.55,0.99,133.91,293.91,5431006,BC5953S,0001,FF,BC5953,Arenal / Canal / Montañar
1000228,497674,6140512BC5963N0001DP,8,"56.851,74","0,991","133,92",160,"293,92",56851.74,0.991,133.92,293.92,6140512,BC5963N,0001,DP,BC5963,Puerto / Aduanas
1025731,470670,5750211BC5955S0051QF,8,"57.346,92","0,999","133,99",160,"293,99",57346.92,0.999,133.99,293.99,5750211,BC5955S,0051,QF,BC5955,Arenal / Canal / Montañar
1010689,483402,1195358BC5917N0001OS,8,"57.395,75","1,000","134,00",160,"294,00",57395.75,1.0,134.0,294.0,1195358,BC5917N,0001,OS,BC5917,Montgó / Toscamar
1005030,487093,4836801BC5943N0001RW,8,"57.709,97","1,006","134,05",160,"294,05",57709.97,1.006,134.05,294.05,4836801,BC5943N,0001,RW,BC5943,Casco urbano / Pueblo
1004909,479278,2573404BC5927S0001MQ,8,"58.036,19","1,011","134,10",160,"294,10",58036.19,1.011,134.1,294.1,2573404,BC5927S,0001,MQ,BC5927,Rafalet / Lluca / Covatelles
1011905,485635,7043223BC5974S0001JH,8,"58.127,25","1,013","134,12",160,"294,12",58127.25,1.013,134.12,294.12,7043223,BC5974S,0001,JH,BC5974,Portitxol / Toscal / Trencall
1024142,462247,7816202BC5981N0001RU,8,"58.226,63","1,015","134,13",160,"294,13",58226.63,1.015,134.13,294.13,7816202,BC5981N,0001,RU,BC5981,Portitxol / Toscal / Trencall
1012614,510456,5437003BC5953N0001JY,8,"58.466,17","1,019","134,17",160,"294,17",58466.17,1.019,134.17,294.17,5437003,BC5953N,0001,JY,BC5953,Arenal / Canal / Montañar
1007276,469915,7124305BC5972S0001QT,8,"58.500,82","1,020","134,18",160,"294,18",58500.82,1.02,134.18,294.18,7124305,BC5972S,0001,QT,BC5972,Tosalet / Cap Martí
1004671,462190,0012014BC5905S0001UT,8,"58.551,99","1,020","134,18",160,"294,18",58551.99,1.02,134.18,294.18,0012014,BC5905S,0001,UT,BC5905,Montgó / Toscamar
1010070,458511,8531105BC5983S0001JE,8,"58.600,24","1,021","134,19",160,"294,19",58600.24,1.021,134.19,294.19,8531105,BC5983S,0001,JE,BC5983,Costa Nova / Balcón al Mar / Ambolo
1030120,471318,3569010BC5936N0001LE,8,"58.644,43","1,022","134,20",160,"294,20",58644.43,1.022,134.2,294.2,3569010,BC5936N,0001,LE,BC5936,Casco urbano / Pueblo
1006873,499966,6660008BC5964N0030AQ,8,"58.710,57","1,023","134,21",160,"294,21",58710.57,1.023,134.21,294.21,6660008,BC5964N,0030,AQ,BC5964,Puerto / Aduanas
1021898,486645,5169036BC5956N0151LE,8,"58.714,73","1,023","134,21",160,"294,21",58714.73,1.023,134.21,294.21,5169036,BC5956N,0151,LE,BC5956,Arenal / Canal / Montañar
1017443,476771,7825205BC5972N0001GB,8,"58.794,25","1,025","134,22",160,"294,22",58794.25,1.025,134.22,294.22,7825205,BC5972N,0001,GB,BC5972,Tosalet / Cap Martí
1028819,465007,2480604BC5928S0001DK,8,"58.814,25","1,025","134,22",160,"294,22",58814.25,1.025,134.22,294.22,2480604,BC5928S,0001,DK,BC5928,Rafalet / Lluca / Covatelles
1024087,479318,5174002BC5957S0027HP,8,"58.893,41","1,026","134,24",160,"294,24",58893.41,1.026,134.24,294.24,5174002,BC5957S,0027,HP,BC5957,Arenal / Canal / Montañar
1010668,445053,2866707BC5926N0001KX,8,"58.999,21","1,028","134,25",160,"294,25",58999.21,1.028,134.25,294.25,2866707,BC5926N,0001,KX,BC5926,Rafalet / Lluca / Covatelles
1003446,496343,7043222BC5974S0001IH,8,"59.095,38","1,030","134,27",160,"294,27",59095.38,1.03,134.27,294.27,7043222,BC5974S,0001,IH,BC5974,Portitxol / Toscal / Trencall
1000225,502578,4947006BC5944N0001EL,8,"59.143,10","1,031","134,28",160,"294,28",59143.1,1.031,134.28,294.28,4947006,BC5944N,0001,EL,BC5944,Casco urbano / Pueblo
1017683,466624,4727011BC5942N0001DI,8,"59.225,07","1,032","134,29",160,"294,29",59225.07,1.032,134.29,294.29,4727011,BC5942N,0001,DI,BC5942,Casco urbano / Pueblo
1014957,495497,3471501BC5937S0001AT,8,"59.309,45","1,034","134,30",160,"294,30",59309.45,1.034,134.3,294.3,3471501,BC5937S,0001,AT,BC5937,Casco urbano / Pueblo
1024147,477792,5232402BC5953S0001GF,8,"59.647,87","1,040","134,36",160,"294,36",59647.87,1.04,134.36,294.36,5232402,BC5953S,0001,GF,BC5953,Arenal / Canal / Montañar
1028536,502796,1635136BC5913S0001ZZ,8,"59.695,69","1,040","134,36",160,"294,36",59695.69,1.04,134.36,294.36,1635136,BC5913S,0001,ZZ,BC5913,Montgó / Toscamar
1025630,506502,6550305BC5965S0065KY,8,"59.892,55","1,044","134,39",160,"294,39",59892.55,1.044,134.39,294.39,6550305,BC5965S,0065,KY,BC5965,Puerto / Aduanas
1007564,434827,2074715BC5927S0001FQ,8,"59.952,04","1,045","134,40",160,"294,40",59952.04,1.045,134.4,294.4,2074715,BC5927S,0001,FQ,BC5927,Rafalet / Lluca / Covatelles
1013234,457599,5272730BC5957S0010XL,8,"60.003,30","1,046","134,41",160,"294,41",60003.3,1.046,134.41,294.41,5272730,BC5957S,0010,XL,BC5957,Arenal / Canal / Montañar
1004057,463581,8518203BC5981N0001FU,8,"60.004,90","1,046","134,41",160,"294,41",60004.9,1.046,134.41,294.41,8518203,BC5981N,0001,FU,BC5981,Portitxol / Toscal / Trencall
1009498,492777,2423707BC5922S0001PI,8,"60.005,14","1,046","134,41",160,"294,41",60005.14,1.046,134.41,294.41,2423707,BC5922S,0001,PI,BC5922,Rafalet / Lluca / Covatelles
1020196,489073,6241020BC5964S0001SS,8,"60.042,43","1,046","134,42",160,"294,42",60042.43,1.046,134.42,294.42,6241020,BC5964S,0001,SS,BC5964,Puerto / Aduanas
1021381,505704,5560001BC5955N0067JL,8,"60.097,90","1,047","134,43",160,"294,43",60097.9,1.047,134.43,294.43,5560001,BC5955N,0067,JL,BC5955,Arenal / Canal / Montañar
1005909,507490,9877630BC4997N0001KO,8,"60.141,27","1,048","134,43",160,"294,43",60141.27,1.048,134.43,294.43,9877630,BC4997N,0001,KO,BC4997,Les Fonts / Castellans
1000805,494998,4072805BC5937S0001JT,8,"60.152,55","1,048","134,43",160,"294,43",60152.55,1.048,134.43,294.43,4072805,BC5937S,0001,JT,BC5937,Casco urbano / Pueblo
1031707,511438,5747203BC5954N0027PB,8,"60.472,34","1,054","134,49",160,"294,49",60472.34,1.054,134.49,294.49,5747203,BC5954N,0027,PB,BC5954,Arenal / Canal / Montañar
1000474,508075,5038003BC5953N0001IY,8,"60.474,92","1,054","134,49",160,"294,49",60474.92,1.054,134.49,294.49,5038003,BC5953N,0001,IY,BC5953,Arenal / Canal / Montañar
1004900,487021,2573406BC5927S0001KQ,8,"60.608,62","1,056","134,51",160,"294,51",60608.62,1.056,134.51,294.51,2573406,BC5927S,0001,KQ,BC5927,Rafalet / Lluca / Covatelles
1004254,475732,8620305BC5981N0001MU,8,"60.736,88","1,059","134,53",160,"294,53",60736.88,1.059,134.53,294.53,8620305,BC5981N,0001,MU,BC5981,Portitxol / Toscal / Trencall
1007918,476070,7230101BC5972N0001PB,8,"60.827,64","1,060","134,54",160,"294,54",60827.64,1.06,134.54,294.54,7230101,BC5972N,0001,PB,BC5972,Tosalet / Cap Martí
1010097,462871,8629217BC5982N0001UQ,8,"60.910,01","1,062","134,55",160,"294,55",60910.01,1.062,134.55,294.55,8629217,BC5982N,0001,UQ,BC5982,Costa Nova / Balcón al Mar / Ambolo
1020544,490391,9780812BC4997N0001KO,8,"60.961,75","1,062","134,56",160,"294,56",60961.75,1.062,134.56,294.56,9780812,BC4997N,0001,KO,BC4997,Les Fonts / Castellans
1017470,427121,7826609BC5972N0001EB,8,"61.003,25","1,063","134,57",160,"294,57",61003.25,1.063,134.57,294.57,7826609,BC5972N,0001,EB,BC5972,Tosalet / Cap Martí
1013536,450513,4180402BC5947N0001FQ,8,"61.076,79","1,064","134,58",160,"294,58",61076.79,1.064,134.58,294.58,4180402,BC5947N,0001,FQ,BC5947,Casco urbano / Pueblo
1012594,500166,5338711BC5953N0001AY,8,"61.129,78","1,065","134,59",160,"294,59",61129.78,1.065,134.59,294.59,5338711,BC5953N,0001,AY,BC5953,Arenal / Canal / Montañar
1007954,496751,7230003BC5972N0001QB,8,"61.452,74","1,071","134,64",160,"294,64",61452.74,1.071,134.64,294.64,7230003,BC5972N,0001,QB,BC5972,Tosalet / Cap Martí
1016697,490971,6633006BC5963S0001ZK,8,"62.039,84","1,081","134,73",160,"294,73",62039.84,1.081,134.73,294.73,6633006,BC5963S,0001,ZK,BC5963,Puerto / Aduanas
1000181,510463,5939406BC5953N0001UY,8,"62.087,30","1,082","134,74",160,"294,74",62087.3,1.082,134.74,294.74,5939406,BC5953N,0001,UY,BC5953,Arenal / Canal / Montañar
1016936,495435,6734807BC5963S0001DK,8,"62.116,79","1,083","134,74",160,"294,74",62116.79,1.083,134.74,294.74,6734807,BC5963S,0001,DK,BC5963,Puerto / Aduanas
1024503,496267,7015711BC5971N0001XE,8,"62.138,68","1,083","134,75",160,"294,75",62138.68,1.083,134.75,294.75,7015711,BC5971N,0001,XE,BC5971,Tosalet / Cap Martí
1004281,495137,8919719BC5981N0001OU,8,"62.347,49","1,087","134,78",160,"294,78",62347.49,1.087,134.78,294.78,8919719,BC5981N,0001,OU,BC5981,Portitxol / Toscal / Trencall
1021063,499302,9787927BC4998N0001RE,8,"62.376,88","1,087","134,78",160,"294,78",62376.88,1.087,134.78,294.78,9787927,BC4998N,0001,RE,BC4998,Les Fonts / Castellans
1005676,500030,9686139BC4998N0001PE,8,"62.399,27","1,087","134,79",160,"294,79",62399.27,1.087,134.79,294.79,9686139,BC4998N,0001,PE,BC4998,Les Fonts / Castellans
1007563,493881,2375111BC5927S0001RQ,8,"62.559,61","1,090","134,81",160,"294,81",62559.61,1.09,134.81,294.81,2375111,BC5927S,0001,RQ,BC5927,Rafalet / Lluca / Covatelles
1027441,477300,4833317BC5943S0001JP,8,"62.672,73","1,092","134,83",160,"294,83",62672.73,1.092,134.83,294.83,4833317,BC5943S,0001,JP,BC5943,Casco urbano / Pueblo
1016771,506116,6836009BC5963N0001QP,8,"62.705,89","1,093","134,84",160,"294,84",62705.89,1.093,134.84,294.84,6836009,BC5963N,0001,QP,BC5963,Puerto / Aduanas
1001486,486463,5656507BC5955N0043FQ,8,"62.788,45","1,094","134,85",160,"294,85",62788.45,1.094,134.85,294.85,5656507,BC5955N,0043,FQ,BC5955,Arenal / Canal / Montañar
1012337,473727,6947801BC5964N0016TH,8,"62.851,93","1,095","134,86",160,"294,86",62851.93,1.095,134.86,294.86,6947801,BC5964N,0016,TH,BC5964,Puerto / Aduanas
1006559,490463,3838220BC5933N0001WZ,8,"62.854,90","1,095","134,86",160,"294,86",62854.9,1.095,134.86,294.86,3838220,BC5933N,0001,WZ,BC5933,Casco urbano / Pueblo
1008878,477911,2963027BC5936S0001QA,8,"63.016,06","1,098","134,88",160,"294,88",63016.06,1.098,134.88,294.88,2963027,BC5936S,0001,QA,BC5936,Casco urbano / Pueblo
1017690,433761,0025036BC4955N0001JT,8,"63.591,66","1,108","134,97",160,"294,97",63591.66,1.108,134.97,294.97,0025036,BC4955N,0001,JT,BC4955,Les Fonts / Castellans
1022592,487458,5170805BC5957S0006JK,8,"63.905,66","1,114","135,02",160,"295,02",63905.66,1.114,135.02,295.02,5170805,BC5957S,0006,JK,BC5957,Arenal / Canal / Montañar
1000456,465944,4941507BC5944S0001WR,8,"63.920,76","1,114","135,03",160,"295,03",63920.76,1.114,135.03,295.03,4941507,BC5944S,0001,WR,BC5944,Casco urbano / Pueblo
1017112,437310,7735504BC5973S0001GX,8,"63.922,84","1,114","135,03",160,"295,03",63922.84,1.114,135.03,295.03,7735504,BC5973S,0001,GX,BC5973,Tosalet / Cap Martí
1007131,445924,6623324BC5962S0001FQ,8,"64.007,81","1,116","135,04",160,"295,04",64007.81,1.116,135.04,295.04,6623324,BC5962S,0001,FQ,BC5962,Puerto / Aduanas
1003575,482923,1975805BC5917N0001DS,8,"64.331,39","1,121","135,09",160,"295,09",64331.39,1.121,135.09,295.09,1975805,BC5917N,0001,DS,BC5917,Montgó / Toscamar
1012531,502697,5337404BC5953N0001RY,8,"64.575,90","1,125","135,13",160,"295,13",64575.9,1.125,135.13,295.13,5337404,BC5953N,0001,RY,BC5953,Arenal / Canal / Montañar
1000318,508591,5941508BC5954S0001QI,8,"64.615,08","1,126","135,13",160,"295,13",64615.08,1.126,135.13,295.13,5941508,BC5954S,0001,QI,BC5954,Arenal / Canal / Montañar
1004412,495632,9016803BC5981N0001SU,8,"64.649,15","1,127","135,14",160,"295,14",64649.15,1.127,135.14,295.14,9016803,BC5981N,0001,SU,BC5981,Portitxol / Toscal / Trencall
1004196,483237,8821017BC5982S0001SO,8,"64.742,43","1,128","135,15",160,"295,15",64742.43,1.128,135.15,295.15,8821017,BC5982S,0001,SO,BC5982,Costa Nova / Balcón al Mar / Ambolo
1016043,482957,8783527BC4988S0001QU,8,"64.760,74","1,129","135,16",160,"295,16",64760.74,1.129,135.16,295.16,8783527,BC4988S,0001,QU,BC4988,Les Fonts / Castellans
1015588,478217,3838203BC5933N0001KZ,8,"64.991,99","1,133","135,19",160,"295,19",64991.99,1.133,135.19,295.19,3838203,BC5933N,0001,KZ,BC5933,Casco urbano / Pueblo
1018557,498637,5533710BC5953S0001UF,8,"65.050,24","1,134","135,20",160,"295,20",65050.24,1.134,135.2,295.2,5533710,BC5953S,0001,UF,BC5953,Arenal / Canal / Montañar
1006661,507224,2279914BC5927N0001XH,8,"65.239,24","1,137","135,23",160,"295,23",65239.24,1.137,135.23,295.23,2279914,BC5927N,0001,XH,BC5927,Rafalet / Lluca / Covatelles
1006799,510906,7816203BC5971N0001DE,8,"65.257,01","1,137","135,24",160,"295,24",65257.01,1.137,135.24,295.24,7816203,BC5971N,0001,DE,BC5971,Tosalet / Cap Martí
1017277,477393,7234211BC5973S0001TX,8,"65.274,60","1,138","135,24",160,"295,24",65274.6,1.138,135.24,295.24,7234211,BC5973S,0001,TX,BC5973,Tosalet / Cap Martí
1017422,480857,1868565BC5917S0001XB,8,"65.314,40","1,138","135,24",160,"295,24",65314.4,1.138,135.24,295.24,1868565,BC5917S,0001,XB,BC5917,Montgó / Toscamar
1011596,456438,03082A026001440001LK,8,"65.465,34","1,141","135,27",160,"295,27",65465.34,1.141,135.27,295.27,03082A0,2600144,0001,LK,260014,Sin clasificar / revisar
1027227,491347,3117914BC5931N0001UP,8,"65.476,19","1,141","135,27",160,"295,27",65476.19,1.141,135.27,295.27,3117914,BC5931N,0001,UP,BC5931,Casco urbano / Pueblo
1030340,473201,4342903BC5944S0001SR,8,"65.487,54","1,141","135,27",160,"295,27",65487.54,1.141,135.27,295.27,4342903,BC5944S,0001,SR,BC5944,Casco urbano / Pueblo
1012489,508422,11953C0BC5917N0001KS,8,"65.529,95","1,142","135,28",160,"295,28",65529.95,1.142,135.28,295.28,11953C0,BC5917N,0001,KS,BC5917,Montgó / Toscamar
1019033,459004,7616012BC5971N0001YE,8,"65.532,35","1,142","135,28",160,"295,28",65532.35,1.142,135.28,295.28,7616012,BC5971N,0001,YE,BC5971,Tosalet / Cap Martí
1027301,493108,7818808BC5971N0001ME,8,"65.898,80","1,148","135,34",160,"295,34",65898.8,1.148,135.34,295.34,7818808,BC5971N,0001,ME,BC5971,Tosalet / Cap Martí
1005997,483471,6236301BC5963N0001SP,8,"65.956,33","1,149","135,35",160,"295,35",65956.33,1.149,135.35,295.35,6236301,BC5963N,0001,SP,BC5963,Puerto / Aduanas
1017278,504430,7533601BC5973S0001ZX,8,"66.019,09","1,151","135,36",160,"295,36",66019.09,1.151,135.36,295.36,7533601,BC5973S,0001,ZX,BC5973,Tosalet / Cap Martí
1013732,510970,3981116BC5938S0001YX,8,"66.030,84","1,151","135,36",160,"295,36",66030.84,1.151,135.36,295.36,3981116,BC5938S,0001,YX,BC5938,Casco urbano / Pueblo
1005660,478233,6830403BC5962N0001WH,8,"66.139,30","1,153","135,37",160,"295,37",66139.3,1.153,135.37,295.37,6830403,BC5962N,0001,WH,BC5962,Puerto / Aduanas
1021619,509526,4877001BC5947N0090KJ,8,"66.164,75","1,153","135,38",160,"295,38",66164.75,1.153,135.38,295.38,4877001,BC5947N,0090,KJ,BC5947,Casco urbano / Pueblo
1028376,425996,6427519BC5962N0001JH,8,"66.213,23","1,154","135,39",160,"295,39",66213.23,1.154,135.39,295.39,6427519,BC5962N,0001,JH,BC5962,Puerto / Aduanas
1007359,504021,7521213BC5972S0001KT,8,"66.268,21","1,155","135,39",160,"295,39",66268.21,1.155,135.39,295.39,7521213,BC5972S,0001,KT,BC5972,Tosalet / Cap Martí
1011873,480307,9580916BC4998S0001TA,8,"66.433,59","1,158","135,42",160,"295,42",66433.59,1.158,135.42,295.42,9580916,BC4998S,0001,TA,BC4998,Les Fonts / Castellans
1017657,505504,4729008BC5942N0001MI,8,"66.548,44","1,160","135,44",160,"295,44",66548.44,1.16,135.44,295.44,4729008,BC5942N,0001,MI,BC5942,Casco urbano / Pueblo
1017024,452956,6627806BC5962N0001GH,8,"66.633,29","1,161","135,45",160,"295,45",66633.29,1.161,135.45,295.45,6627806,BC5962N,0001,GH,BC5962,Puerto / Aduanas
1017062,418449,6227713BC5962N0001PH,8,"66.642,60","1,161","135,45",160,"295,45",66642.6,1.161,135.45,295.45,6227713,BC5962N,0001,PH,BC5962,Puerto / Aduanas
1005041,442983,4837804BC5943N0001DW,8,"66.689,32","1,162","135,46",160,"295,46",66689.32,1.162,135.46,295.46,4837804,BC5943N,0001,DW,BC5943,Casco urbano / Pueblo
1018228,485505,1533906BC5913S0001MZ,8,"66.756,55","1,163","135,47",160,"295,47",66756.55,1.163,135.47,295.47,1533906,BC5913S,0001,MZ,BC5913,Montgó / Toscamar
1012721,488865,9084303BC4998S0001BA,8,"67.030,98","1,168","135,51",160,"295,51",67030.98,1.168,135.51,295.51,9084303,BC4998S,0001,BA,BC4998,Les Fonts / Castellans
1006399,467014,6436206BC5963N0001FP,8,"67.037,52","1,168","135,51",160,"295,51",67037.52,1.168,135.51,295.51,6436206,BC5963N,0001,FP,BC5963,Puerto / Aduanas
1004300,489602,9414005BC5991S0001WL,8,"67.051,65","1,169","135,52",160,"295,52",67051.65,1.169,135.52,295.52,9414005,BC5991S,0001,WL,BC5991,Costa Nova / Balcón al Mar / Ambolo
1011256,508774,5372012BC5957S0013LX,8,"67.076,20","1,169","135,52",160,"295,52",67076.2,1.169,135.52,295.52,5372012,BC5957S,0013,LX,BC5957,Arenal / Canal / Montañar
1017026,465242,6939313BC5963N0001YP,8,"67.090,02","1,169","135,52",160,"295,52",67090.02,1.169,135.52,295.52,6939313,BC5963N,0001,YP,BC5963,Puerto / Aduanas
1017450,438544,7824119BC5972S0001DT,8,"67.093,90","1,169","135,52",160,"295,52",67093.9,1.169,135.52,295.52,7824119,BC5972S,0001,DT,BC5972,Tosalet / Cap Martí
1019736,494279,5180411BC5958S0023TM,8,"67.348,76","1,174","135,56",160,"295,56",67348.76,1.174,135.56,295.56,5180411,BC5958S,0023,TM,BC5958,Arenal / Canal / Montañar
1003783,479792,8414434BC5981S0001QG,8,"67.377,02","1,174","135,57",160,"295,57",67377.02,1.174,135.57,295.57,8414434,BC5981S,0001,QG,BC5981,Portitxol / Toscal / Trencall
1023117,481585,7824403BC5972S0001MT,8,"67.699,85","1,180","135,62",160,"295,62",67699.85,1.18,135.62,295.62,7824403,BC5972S,0001,MT,BC5972,Tosalet / Cap Martí
1019603,498378,4778301BC5947N0076SO,8,"67.725,62","1,180","135,62",160,"295,62",67725.62,1.18,135.62,295.62,4778301,BC5947N,0076,SO,BC5947,Casco urbano / Pueblo
1002398,506183,6749501BC5964N0100OY,8,"67.914,69","1,184","135,65",160,"295,65",67914.69,1.184,135.65,295.65,6749501,BC5964N,0100,OY,BC5964,Puerto / Aduanas
1027216,502760,3117925BC5931N0001PP,8,"67.936,30","1,184","135,66",160,"295,66",67936.3,1.184,135.66,295.66,3117925,BC5931N,0001,PP,BC5931,Casco urbano / Pueblo
1027269,480528,7919714BC5971N0001BE,8,"67.992,92","1,185","135,66",160,"295,66",67992.92,1.185,135.66,295.66,7919714,BC5971N,0001,BE,BC5971,Tosalet / Cap Martí
1003594,478880,3663324BC5937S0001MT,8,"67.996,59","1,185","135,67",160,"295,67",67996.59,1.185,135.67,295.67,3663324,BC5937S,0001,MT,BC5937,Casco urbano / Pueblo
1006577,448515,3838212BC5933N0001EZ,8,"68.008,32","1,185","135,67",160,"295,67",68008.32,1.185,135.67,295.67,3838212,BC5933N,0001,EZ,BC5933,Casco urbano / Pueblo
1029178,507806,9284154BC4998S0001ZA,8,"68.081,71","1,187","135,68",160,"295,68",68081.71,1.187,135.68,295.68,9284154,BC4998S,0001,ZA,BC4998,Les Fonts / Castellans
1006574,492300,3838219BC5933N0001BZ,8,"68.228,05","1,189","135,70",160,"295,70",68228.05,1.189,135.7,295.7,3838219,BC5933N,0001,BZ,BC5933,Casco urbano / Pueblo
1016889,492786,6637013BC5963N0001IP,8,"68.255,79","1,190","135,71",160,"295,71",68255.79,1.19,135.71,295.71,6637013,BC5963N,0001,IP,BC5963,Puerto / Aduanas
1004013,470583,8518208BC5981N0001DU,8,"68.261,91","1,190","135,71",160,"295,71",68261.91,1.19,135.71,295.71,8518208,BC5981N,0001,DU,BC5981,Portitxol / Toscal / Trencall
1000106,474952,5939601BC5953N0001HY,8,"68.551,90","1,195","135,75",160,"295,75",68551.9,1.195,135.75,295.75,5939601,BC5953N,0001,HY,BC5953,Arenal / Canal / Montañar
1005804,473830,2176822BC5927N0001PH,8,"68.800,91","1,199","135,79",160,"295,79",68800.91,1.199,135.79,295.79,2176822,BC5927N,0001,PH,BC5927,Rafalet / Lluca / Covatelles
1017492,463660,7824429BC5972S0001LT,8,"68.836,54","1,200","135,80",160,"295,80",68836.54,1.2,135.8,295.8,7824429,BC5972S,0001,LT,BC5972,Tosalet / Cap Martí
1025013,471343,4846501BC5944N0001RL,8,"68.904,74","1,201","135,81",160,"295,81",68904.74,1.201,135.81,295.81,4846501,BC5944N,0001,RL,BC5944,Casco urbano / Pueblo
1026288,490125,4064111BC5947S0184UW,8,"68.917,73","1,201","135,81",160,"295,81",68917.73,1.201,135.81,295.81,4064111,BC5947S,0184,UW,BC5947,Casco urbano / Pueblo
1024224,473058,7823404BC5972S0001RT,8,"68.927,41","1,201","135,81",160,"295,81",68927.41,1.201,135.81,295.81,7823404,BC5972S,0001,RT,BC5972,Tosalet / Cap Martí
1010691,448499,1195387BC5917N0001TS,8,"69.092,24","1,204","135,84",160,"295,84",69092.24,1.204,135.84,295.84,1195387,BC5917N,0001,TS,BC5917,Montgó / Toscamar
1009442,479552,3829353BC5933S0001IY,8,"69.145,62","1,205","135,85",160,"295,85",69145.62,1.205,135.85,295.85,3829353,BC5933S,0001,IY,BC5933,Casco urbano / Pueblo
1006009,451518,7631701BC5973S0001UX,8,"69.238,66","1,207","135,86",160,"295,86",69238.66,1.207,135.86,295.86,7631701,BC5973S,0001,UX,BC5973,Tosalet / Cap Martí
1013824,490237,4676128BC5947N0001XQ,8,"69.419,88","1,210","135,89",160,"295,89",69419.88,1.21,135.89,295.89,4676128,BC5947N,0001,XQ,BC5947,Casco urbano / Pueblo
1017237,474048,7735502BC5973S0001BX,8,"69.482,38","1,211","135,90",160,"295,90",69482.38,1.211,135.9,295.9,7735502,BC5973S,0001,BX,BC5973,Tosalet / Cap Martí
1023585,458846,5652204BC5955S0074MI,8,"69.508,32","1,211","135,90",160,"295,90",69508.32,1.211,135.9,295.9,5652204,BC5955S,0074,MI,BC5955,Arenal / Canal / Montañar
1010255,489413,1370927BC5917N0001MS,8,"69.534,19","1,212","135,91",160,"295,91",69534.19,1.212,135.91,295.91,1370927,BC5917N,0001,MS,BC5917,Montgó / Toscamar
1017188,474824,7032402BC5973S0001AX,8,"69.544,84","1,212","135,91",160,"295,91",69544.84,1.212,135.91,295.91,7032402,BC5973S,0001,AX,BC5973,Tosalet / Cap Martí
1004387,487122,9317601BC5991N0001DA,8,"69.656,89","1,214","135,93",160,"295,93",69656.89,1.214,135.93,295.93,9317601,BC5991N,0001,DA,BC5991,Costa Nova / Balcón al Mar / Ambolo
1026480,467116,2548311BC5924N0001ZA,8,"70.038,01","1,221","135,99",160,"295,99",70038.01,1.221,135.99,295.99,2548311,BC5924N,0001,ZA,BC5924,Rafalet / Lluca / Covatelles
1009969,509453,2132402BC5923S0001UW,8,"70.277,44","1,225","136,02",160,"296,02",70277.44,1.225,136.02,296.02,2132402,BC5923S,0001,UW,BC5923,Rafalet / Lluca / Covatelles
1015676,498220,4241001BC5944S0001UR,8,"70.334,15","1,226","136,03",160,"296,03",70334.15,1.226,136.03,296.03,4241001,BC5944S,0001,UR,BC5944,Casco urbano / Pueblo
1006641,483174,9284127BC4998S0001BA,8,"70.558,19","1,230","136,07",160,"296,07",70558.19,1.23,136.07,296.07,9284127,BC4998S,0001,BA,BC4998,Les Fonts / Castellans
1020622,490038,8616611BC5981N0001AU,8,"70.687,39","1,232","136,09",160,"296,09",70687.39,1.232,136.09,296.09,8616611,BC5981N,0001,AU,BC5981,Portitxol / Toscal / Trencall
1000286,473193,5544005BC5954S0001QI,8,"70.724,19","1,233","136,09",160,"296,09",70724.19,1.233,136.09,296.09,5544005,BC5954S,0001,QI,BC5954,Arenal / Canal / Montañar
1017772,430052,2870030BC5926N0001YX,8,"70.810,08","1,234","136,11",160,"296,11",70810.08,1.234,136.11,296.11,2870030,BC5926N,0001,YX,BC5926,Rafalet / Lluca / Covatelles
1009505,504731,2622315BC5922N0001KM,8,"70.860,04","1,235","136,11",160,"296,11",70860.04,1.235,136.11,296.11,2622315,BC5922N,0001,KM,BC5922,Rafalet / Lluca / Covatelles
1003553,474372,9787902BC4998N0001JE,8,"70.869,63","1,235","136,12",160,"296,12",70869.63,1.235,136.12,296.12,9787902,BC4998N,0001,JE,BC4998,Les Fonts / Castellans
1029164,511312,5033003BC5943S0001YP,8,"70.888,21","1,235","136,12",160,"296,12",70888.21,1.235,136.12,296.12,5033003,BC5943S,0001,YP,BC5943,Casco urbano / Pueblo
1004418,476557,9217002BC5991N0001YA,8,"70.902,84","1,236","136,12",160,"296,12",70902.84,1.236,136.12,296.12,9217002,BC5991N,0001,YA,BC5991,Costa Nova / Balcón al Mar / Ambolo
1007986,490793,0084937BC4998N0001FE,8,"70.930,64","1,236","136,13",160,"296,13",70930.64,1.236,136.13,296.13,0084937,BC4998N,0001,FE,BC4998,Les Fonts / Castellans
1014016,468254,2843723BC5924S0001ML,8,"71.068,73","1,239","136,15",160,"296,15",71068.73,1.239,136.15,296.15,2843723,BC5924S,0001,ML,BC5924,Rafalet / Lluca / Covatelles
1011876,508167,9580921BC4998S0001MA,8,"71.136,30","1,240","136,16",160,"296,16",71136.3,1.24,136.16,296.16,9580921,BC4998S,0001,MA,BC4998,Les Fonts / Castellans
1009939,486028,5454110BC5955N0001BJ,8,"71.157,69","1,240","136,16",160,"296,16",71157.69,1.24,136.16,296.16,5454110,BC5955N,0001,BJ,BC5955,Arenal / Canal / Montañar
1006368,504330,6439006BC5963N0001ZP,8,"71.239,87","1,242","136,17",160,"296,17",71239.87,1.242,136.17,296.17,6439006,BC5963N,0001,ZP,BC5963,Puerto / Aduanas
1007021,462512,7512008BC5971S0001IA,8,"71.280,53","1,242","136,18",160,"296,18",71280.53,1.242,136.18,296.18,7512008,BC5971S,0001,IA,BC5971,Tosalet / Cap Martí
1000557,434864,0002011BC5900N0001FR,8,"71.281,57","1,242","136,18",160,"296,18",71281.57,1.242,136.18,296.18,0002011,BC5900N,0001,FR,BC5900,Montgó / Toscamar
1003815,4552,8513032BC5981S0001MG,8,"71.366,88","1,244","136,19",160,"296,19",71366.88,1.244,136.19,296.19,8513032,BC5981S,0001,MG,BC5981,Portitxol / Toscal / Trencall
1024062,446329,7721009BC5972S0001IT,8,"71.432,85","1,245","136,20",160,"296,20",71432.85,1.245,136.2,296.2,7721009,BC5972S,0001,IT,BC5972,Tosalet / Cap Martí
1007968,445488,9882423BC4998S0001UA,8,"71.463,83","1,245","136,21",160,"296,21",71463.83,1.245,136.21,296.21,9882423,BC4998S,0001,UA,BC4998,Les Fonts / Castellans
1025010,478163,5550304BC5955S0040MY,8,"71.477,59","1,246","136,21",160,"296,21",71477.59,1.246,136.21,296.21,5550304,BC5955S,0040,MY,BC5955,Arenal / Canal / Montañar
1000409,454408,4941510BC5944S0001WR,8,"71.640,67","1,249","136,24",160,"296,24",71640.67,1.249,136.24,296.24,4941510,BC5944S,0001,WR,BC5944,Casco urbano / Pueblo
1005815,491084,3075409BC5937N0001HB,8,"71.843,40","1,252","136,27",160,"296,27",71843.4,1.252,136.27,296.27,3075409,BC5937N,0001,HB,BC5937,Casco urbano / Pueblo
1016443,509894,6538703BC5963N0001OP,8,"71.988,26","1,255","136,29",160,"296,29",71988.26,1.255,136.29,296.29,6538703,BC5963N,0001,OP,BC5963,Puerto / Aduanas
1025117,510439,5564502BC5956S0103MQ,8,"72.262,67","1,259","136,33",160,"296,33",72262.67,1.259,136.33,296.33,5564502,BC5956S,0103,MQ,BC5956,Arenal / Canal / Montañar
1000933,478472,8690710BC4988N0001EX,8,"72.292,47","1,260","136,34",160,"296,34",72292.47,1.26,136.34,296.34,8690710,BC4988N,0001,EX,BC4988,Les Fonts / Castellans
1002047,511509,5954701BC5955S0012RP,8,"72.327,28","1,260","136,34",160,"296,34",72327.28,1.26,136.34,296.34,5954701,BC5955S,0012,RP,BC5955,Arenal / Canal / Montañar
1030291,446202,4938006BC5943N0001LW,8,"72.327,60","1,261","136,34",160,"296,34",72327.6,1.261,136.34,296.34,4938006,BC5943N,0001,LW,BC5943,Casco urbano / Pueblo
1005061,502776,5429401BC5952N0001DS,8,"72.397,80","1,262","136,36",160,"296,36",72397.8,1.262,136.36,296.36,5429401,BC5952N,0001,DS,BC5952,Arenal / Canal / Montañar
1026850,456151,8525340BC5982S0001PO,8,"72.626,34","1,266","136,39",160,"296,39",72626.34,1.266,136.39,296.39,8525340,BC5982S,0001,PO,BC5982,Costa Nova / Balcón al Mar / Ambolo
1024510,503273,8109420BC5980N0001ID,8,"72.638,37","1,266","136,39",160,"296,39",72638.37,1.266,136.39,296.39,8109420,BC5980N,0001,ID,BC5980,Portitxol / Toscal / Trencall
1003991,471406,8815602BC5981S0001TG,8,"72.653,49","1,266","136,40",160,"296,40",72653.49,1.266,136.4,296.4,8815602,BC5981S,0001,TG,BC5981,Portitxol / Toscal / Trencall
1007301,476537,7620106BC5972S0001AT,8,"72.775,50","1,268","136,41",160,"296,41",72775.5,1.268,136.41,296.41,7620106,BC5972S,0001,AT,BC5972,Tosalet / Cap Martí
1024156,480524,9284159BC4998S0001BA,8,"72.865,37","1,270","136,43",160,"296,43",72865.37,1.27,136.43,296.43,9284159,BC4998S,0001,BA,BC4998,Les Fonts / Castellans
1016614,477315,6131405BC5963S0001SK,8,"72.911,27","1,271","136,44",160,"296,44",72911.27,1.271,136.44,296.44,6131405,BC5963S,0001,SK,BC5963,Puerto / Aduanas
1004166,493697,8920807BC5982S0001FO,8,"72.993,99","1,272","136,45",160,"296,45",72993.99,1.272,136.45,296.45,8920807,BC5982S,0001,FO,BC5982,Costa Nova / Balcón al Mar / Ambolo
1017346,505081,7534708BC5973S0001QX,8,"73.138,31","1,275","136,47",160,"296,47",73138.31,1.275,136.47,296.47,7534708,BC5973S,0001,QX,BC5973,Tosalet / Cap Martí
1020392,511052,6442004BC5964S0001ES,8,"73.362,74","1,279","136,51",160,"296,51",73362.74,1.279,136.51,296.51,6442004,BC5964S,0001,ES,BC5964,Puerto / Aduanas
1022582,447392,6451302BC5965S0014FH,8,"73.516,45","1,281","136,53",160,"296,53",73516.45,1.281,136.53,296.53,6451302,BC5965S,0014,FH,BC5965,Puerto / Aduanas
1003266,456152,0681614BC5908S0001HP,8,"73.869,89","1,287","136,59",160,"296,59",73869.89,1.287,136.59,296.59,0681614,BC5908S,0001,HP,BC5908,Montgó / Toscamar
1000119,511463,5744004BC5954S0001XI,8,"73.892,12","1,288","136,59",160,"296,59",73892.12,1.288,136.59,296.59,5744004,BC5954S,0001,XI,BC5954,Arenal / Canal / Montañar
1006295,485155,7633608BC5973S0001UX,8,"74.301,89","1,295","136,65",160,"296,65",74301.89,1.295,136.65,296.65,7633608,BC5973S,0001,UX,BC5973,Tosalet / Cap Martí
1017087,487561,7334006BC5973S0001JX,8,"74.503,51","1,298","136,69",160,"296,69",74503.51,1.298,136.69,296.69,7334006,BC5973S,0001,JX,BC5973,Tosalet / Cap Martí
1005977,471589,6134604BC5963S0001EK,8,"74.641,29","1,301","136,71",160,"296,71",74641.29,1.301,136.71,296.71,6134604,BC5963S,0001,EK,BC5963,Puerto / Aduanas
1026856,471088,8421917BC5982S0001AO,8,"74.785,90","1,303","136,73",160,"296,73",74785.9,1.303,136.73,296.73,8421917,BC5982S,0001,AO,BC5982,Costa Nova / Balcón al Mar / Ambolo
1026141,511070,3118214BC5931N0001UP,8,"74.926,18","1,306","136,75",160,"296,75",74926.18,1.306,136.75,296.75,3118214,BC5931N,0001,UP,BC5931,Casco urbano / Pueblo
1016919,487173,6427506BC5962N0001LH,8,"74.933,06","1,306","136,75",160,"296,75",74933.06,1.306,136.75,296.75,6427506,BC5962N,0001,LH,BC5962,Puerto / Aduanas
1025189,506360,5960711BC5955N0044DW,8,"75.034,03","1,308","136,77",160,"296,77",75034.03,1.308,136.77,296.77,5960711,BC5955N,0044,DW,BC5955,Arenal / Canal / Montañar
1028769,504855,5025605BC5952N0001MS,8,"75.207,29","1,311","136,80",160,"296,80",75207.29,1.311,136.8,296.8,5025605,BC5952N,0001,MS,BC5952,Arenal / Canal / Montañar
1017220,488691,7233016BC5973S0001FX,8,"75.438,69","1,315","136,83",160,"296,83",75438.69,1.315,136.83,296.83,7233016,BC5973S,0001,FX,BC5973,Tosalet / Cap Martí
1025762,495697,2549605BC5924N0001AA,8,"75.527,98","1,316","136,85",160,"296,85",75527.98,1.316,136.85,296.85,2549605,BC5924N,0001,AA,BC5924,Rafalet / Lluca / Covatelles
1016902,483630,6627805BC5962N0001YH,8,"75.548,40","1,317","136,85",160,"296,85",75548.4,1.317,136.85,296.85,6627805,BC5962N,0001,YH,BC5962,Puerto / Aduanas
1024970,442974,7328821BC5972N0001MB,8,"75.795,88","1,321","136,89",160,"296,89",75795.88,1.321,136.89,296.89,7328821,BC5972N,0001,MB,BC5972,Tosalet / Cap Martí
1028872,478474,4873902BC5947S0115KM,8,"75.815,12","1,321","136,89",160,"296,89",75815.12,1.321,136.89,296.89,4873902,BC5947S,0115,KM,BC5947,Casco urbano / Pueblo
1031912,479728,3015314BC5931N0001RP,8,"75.829,87","1,322","136,89",160,"296,89",75829.87,1.322,136.89,296.89,3015314,BC5931N,0001,RP,BC5931,Casco urbano / Pueblo
1008876,509182,2963030BC5936N0001QE,8,"75.867,20","1,322","136,90",160,"296,90",75867.2,1.322,136.9,296.9,2963030,BC5936N,0001,QE,BC5936,Casco urbano / Pueblo
1015693,451502,4341008BC5944S0001HR,8,"75.868,41","1,322","136,90",160,"296,90",75868.41,1.322,136.9,296.9,4341008,BC5944S,0001,HR,BC5944,Casco urbano / Pueblo
1028583,489547,9590205BC4999S0001OT,8,"76.126,65","1,327","136,94",160,"296,94",76126.65,1.327,136.94,296.94,9590205,BC4999S,0001,OT,BC4999,Les Fonts / Castellans
1004176,495836,9121708BC5992S0001OD,8,"76.161,78","1,327","136,95",160,"296,95",76161.78,1.327,136.95,296.95,9121708,BC5992S,0001,OD,BC5992,Costa Nova / Balcón al Mar / Ambolo
1028597,454705,2548313BC5924N0001HA,8,"76.161,88","1,327","136,95",160,"296,95",76161.88,1.327,136.95,296.95,2548313,BC5924N,0001,HA,BC5924,Rafalet / Lluca / Covatelles
1024688,494656,7318408BC5971N0001QE,8,"76.253,73","1,329","136,96",160,"296,96",76253.73,1.329,136.96,296.96,7318408,BC5971N,0001,QE,BC5971,Tosalet / Cap Martí
1013573,457823,3781808BC5938S0001TX,8,"76.309,04","1,330","136,97",160,"296,97",76309.04,1.33,136.97,296.97,3781808,BC5938S,0001,TX,BC5938,Casco urbano / Pueblo
1024767,470595,5440405BC5953N0001TY,8,"76.321,52","1,330","136,97",160,"296,97",76321.52,1.33,136.97,296.97,5440405,BC5953N,0001,TY,BC5953,Arenal / Canal / Montañar
1019035,460562,7616011BC5971N0001BE,8,"76.321,61","1,330","136,97",160,"296,97",76321.61,1.33,136.97,296.97,7616011,BC5971N,0001,BE,BC5971,Tosalet / Cap Martí
1010593,461075,9580925BC4998S0001DA,8,"76.516,46","1,334","137,00",160,"297,00",76516.46,1.334,137.0,297.0,9580925,BC4998S,0001,DA,BC4998,Les Fonts / Castellans
1016026,499052,2267911BC5926N0001LX,8,"76.536,17","1,334","137,00",160,"297,00",76536.17,1.334,137.0,297.0,2267911,BC5926N,0001,LX,BC5926,Rafalet / Lluca / Covatelles
1022575,491139,6451302BC5965S0007PS,8,"76.578,75","1,335","137,01",160,"297,01",76578.75,1.335,137.01,297.01,6451302,BC5965S,0007,PS,BC5965,Puerto / Aduanas
1022754,429449,8525316BC5982N0001DQ,8,"76.865,60","1,340","137,06",160,"297,06",76865.6,1.34,137.06,297.06,8525316,BC5982N,0001,DQ,BC5982,Costa Nova / Balcón al Mar / Ambolo
1016709,495188,7827611BC5972N0001XB,8,"76.891,16","1,340","137,06",160,"297,06",76891.16,1.34,137.06,297.06,7827611,BC5972N,0001,XB,BC5972,Tosalet / Cap Martí
1017310,486858,7734505BC5973S0001LX,8,"77.005,48","1,342","137,08",160,"297,08",77005.48,1.342,137.08,297.08,7734505,BC5973S,0001,LX,BC5973,Tosalet / Cap Martí
1009964,460880,2035812BC5923S0001JW,8,"77.032,62","1,343","137,08",160,"297,08",77032.62,1.343,137.08,297.08,2035812,BC5923S,0001,JW,BC5923,Rafalet / Lluca / Covatelles
1006142,486773,6239206BC5963N0001XP,8,"77.081,45","1,343","137,09",160,"297,09",77081.45,1.343,137.09,297.09,6239206,BC5963N,0001,XP,BC5963,Puerto / Aduanas
1021637,506405,7919205BC5971N0001GE,8,"77.152,98","1,345","137,10",160,"297,10",77152.98,1.345,137.1,297.1,7919205,BC5971N,0001,GE,BC5971,Tosalet / Cap Martí
1028763,442946,5025601BC5952N0001PS,8,"77.244,80","1,346","137,12",160,"297,12",77244.8,1.346,137.12,297.12,5025601,BC5952N,0001,PS,BC5952,Arenal / Canal / Montañar
1020621,475700,8414422BC5981S0001SG,8,"77.247,34","1,346","137,12",160,"297,12",77247.34,1.346,137.12,297.12,8414422,BC5981S,0001,SG,BC5981,Portitxol / Toscal / Trencall
1027100,441340,2650302BC5925S0001MD,8,"77.388,22","1,349","137,14",160,"297,14",77388.22,1.349,137.14,297.14,2650302,BC5925S,0001,MD,BC5925,Rafalet / Lluca / Covatelles
1003545,467074,9789811BC4998N0001IE,8,"77.455,38","1,350","137,15",160,"297,15",77455.38,1.35,137.15,297.15,9789811,BC4998N,0001,IE,BC4998,Les Fonts / Castellans
1013565,487336,3983508BC5938S0001PX,8,"77.706,86","1,354","137,19",160,"297,19",77706.86,1.354,137.19,297.19,3983508,BC5938S,0001,PX,BC5938,Casco urbano / Pueblo
1004500,504057,9322509BC5992S0001XD,8,"77.712,67","1,354","137,19",160,"297,19",77712.67,1.354,137.19,297.19,9322509,BC5992S,0001,XD,BC5992,Costa Nova / Balcón al Mar / Ambolo
1005817,510663,1179414BC5917N0001BS,8,"77.852,77","1,357","137,21",160,"297,21",77852.77,1.357,137.21,297.21,1179414,BC5917N,0001,BS,BC5917,Montgó / Toscamar
1007943,495148,7228008BC5972N0001TB,8,"78.129,53","1,362","137,25",160,"297,25",78129.53,1.362,137.25,297.25,7228008,BC5972N,0001,TB,BC5972,Tosalet / Cap Martí
1031718,500279,5747203BC5954N0039LY,8,"78.197,44","1,363","137,27",160,"297,27",78197.44,1.363,137.27,297.27,5747203,BC5954N,0039,LY,BC5954,Arenal / Canal / Montañar
1026781,495665,3543201BC5924S0001AL,8,"78.312,60","1,365","137,28",160,"297,28",78312.6,1.365,137.28,297.28,3543201,BC5924S,0001,AL,BC5924,Rafalet / Lluca / Covatelles
1019525,495917,7614309BC5971S0001IA,8,"78.498,75","1,368","137,31",160,"297,31",78498.75,1.368,137.31,297.31,7614309,BC5971S,0001,IA,BC5971,Tosalet / Cap Martí
1026161,476321,3118202BC5931N0001KP,8,"78.633,35","1,370","137,33",160,"297,33",78633.35,1.37,137.33,297.33,3118202,BC5931N,0001,KP,BC5931,Casco urbano / Pueblo
1023137,468389,8019504BC5982S0001AO,8,"78.654,73","1,371","137,34",160,"297,34",78654.73,1.371,137.34,297.34,8019504,BC5982S,0001,AO,BC5982,Costa Nova / Balcón al Mar / Ambolo
1031740,501859,3519515BC5931N0001QP,8,"78.663,50","1,371","137,34",160,"297,34",78663.5,1.371,137.34,297.34,3519515,BC5931N,0001,QP,BC5931,Casco urbano / Pueblo
1026159,488063,3118204BC5931N0001DP,8,"78.689,94","1,371","137,34",160,"297,34",78689.94,1.371,137.34,297.34,3118204,BC5931N,0001,DP,BC5931,Casco urbano / Pueblo
1024687,471357,3630601BC5933S0001GY,8,"78.794,81","1,373","137,36",160,"297,36",78794.81,1.373,137.36,297.36,3630601,BC5933S,0001,GY,BC5933,Casco urbano / Pueblo
1008117,460296,9686105BC4998N0001GE,8,"78.812,56","1,374","137,36",160,"297,36",78812.56,1.374,137.36,297.36,9686105,BC4998N,0001,GE,BC4998,Les Fonts / Castellans
1025002,482011,5550304BC5955S0032KQ,8,"78.851,53","1,374","137,37",160,"297,37",78851.53,1.374,137.37,297.37,5550304,BC5955S,0032,KQ,BC5955,Arenal / Canal / Montañar
1024993,459206,5550304BC5955S0023SK,8,"78.851,53","1,374","137,37",160,"297,37",78851.53,1.374,137.37,297.37,5550304,BC5955S,0023,SK,BC5955,Arenal / Canal / Montañar
10000158,505905,5144715BC5954S0001OI,8,"78.852,18","1,374","137,37",160,"297,37",78852.18,1.374,137.37,297.37,5144715,BC5954S,0001,OI,BC5954,Arenal / Canal / Montañar
1006042,505568,6236308BC5963N0001YP,8,"78.864,17","1,374","137,37",160,"297,37",78864.17,1.374,137.37,297.37,6236308,BC5963N,0001,YP,BC5963,Puerto / Aduanas
1017050,501672,7829009BC5972N0001JB,8,"78.905,29","1,375","137,38",160,"297,38",78905.29,1.375,137.38,297.38,7829009,BC5972N,0001,JB,BC5972,Tosalet / Cap Martí
1009232,496207,0975213BC5907S0001ZH,8,"78.922,64","1,375","137,38",160,"297,38",78922.64,1.375,137.38,297.38,0975213,BC5907S,0001,ZH,BC5907,Montgó / Toscamar
1016469,453987,6941504BC5964S0001QS,8,"78.965,16","1,376","137,39",160,"297,39",78965.16,1.376,137.39,297.39,6941504,BC5964S,0001,QS,BC5964,Puerto / Aduanas
1025561,468451,2748901BC5924N0001SA,8,"79.052,17","1,378","137,40",160,"297,40",79052.17,1.378,137.4,297.4,2748901,BC5924N,0001,SA,BC5924,Rafalet / Lluca / Covatelles
1004276,418681,8821004BC5982S0001FO,8,"79.181,57","1,380","137,42",160,"297,42",79181.57,1.38,137.42,297.42,8821004,BC5982S,0001,FO,BC5982,Costa Nova / Balcón al Mar / Ambolo
1031876,478257,8323404BC5982S0001AO,8,"79.242,07","1,381","137,43",160,"297,43",79242.07,1.381,137.43,297.43,8323404,BC5982S,0001,AO,BC5982,Costa Nova / Balcón al Mar / Ambolo
1018205,490504,8109413BC5480N0001KA,8,"79.259,71","1,381","137,43",160,"297,43",79259.71,1.381,137.43,297.43,8109413,BC5480N,0001,KA,BC5480,Sin clasificar / revisar
1016914,476583,6937017BC5963N0001BP,8,"79.526,54","1,386","137,47",160,"297,47",79526.54,1.386,137.47,297.47,6937017,BC5963N,0001,BP,BC5963,Puerto / Aduanas
1007313,466646,7421011BC5972S0001MT,8,"79.581,67","1,387","137,48",160,"297,48",79581.67,1.387,137.48,297.48,7421011,BC5972S,0001,MT,BC5972,Tosalet / Cap Martí
1022959,465773,2127405BC5922N0001QM,8,"79.702,42","1,389","137,50",160,"297,50",79702.42,1.389,137.5,297.5,2127405,BC5922N,0001,QM,BC5922,Rafalet / Lluca / Covatelles
1018396,483663,4842320BC5944S0001QR,8,"79.780,40","1,390","137,51",160,"297,51",79780.4,1.39,137.51,297.51,4842320,BC5944S,0001,QR,BC5944,Casco urbano / Pueblo
1016712,467427,7626305BC5972N0001JB,8,"79.783,60","1,390","137,51",160,"297,51",79783.6,1.39,137.51,297.51,7626305,BC5972N,0001,JB,BC5972,Tosalet / Cap Martí
1028764,441162,5025602BC5952N0001LS,8,"79.995,47","1,394","137,55",160,"297,55",79995.47,1.394,137.55,297.55,5025602,BC5952N,0001,LS,BC5952,Arenal / Canal / Montañar
1028770,505931,5125817BC5952N0001SS,8,"80.006,77","1,394","137,55",160,"297,55",80006.77,1.394,137.55,297.55,5125817,BC5952N,0001,SS,BC5952,Arenal / Canal / Montañar
1026995,489416,1234808BC5913S0001BZ,8,"80.166,53","1,397","137,57",160,"297,57",80166.53,1.397,137.57,297.57,1234808,BC5913S,0001,BZ,BC5913,Montgó / Toscamar
1026402,455927,3152301BC5935S0001IJ,8,"80.244,52","1,398","137,59",160,"297,59",80244.52,1.398,137.59,297.59,3152301,BC5935S,0001,IJ,BC5935,Casco urbano / Pueblo
1019052,485157,7512012BC5971S0001JA,8,"80.302,34","1,399","137,60",160,"297,60",80302.34,1.399,137.6,297.6,7512012,BC5971S,0001,JA,BC5971,Tosalet / Cap Martí
1020481,472173,7513011BC5971S0001DA,8,"80.467,25","1,402","137,62",160,"297,62",80467.25,1.402,137.62,297.62,7513011,BC5971S,0001,DA,BC5971,Tosalet / Cap Martí
1000944,477735,8688910BC4988N0001HX,8,"80.596,18","1,405","137,64",160,"297,64",80596.18,1.405,137.64,297.64,8688910,BC4988N,0001,HX,BC4988,Les Fonts / Castellans
1004086,451836,8619011BC5981N0001WU,8,"80.839,86","1,409","137,68",160,"297,68",80839.86,1.409,137.68,297.68,8619011,BC5981N,0001,WU,BC5981,Portitxol / Toscal / Trencall
1005529,495923,4022313BC5942S0001TH,8,"80.875,35","1,409","137,69",160,"297,69",80875.35,1.409,137.69,297.69,4022313,BC5942S,0001,TH,BC5942,Casco urbano / Pueblo
1006179,505012,6436205BC5963N0001TP,8,"80.901,01","1,410","137,69",160,"297,69",80901.01,1.41,137.69,297.69,6436205,BC5963N,0001,TP,BC5963,Puerto / Aduanas
1000376,505576,5835101BC5953N0001UY,8,"80.921,91","1,410","137,69",160,"297,69",80921.91,1.41,137.69,297.69,5835101,BC5953N,0001,UY,BC5953,Arenal / Canal / Montañar
1024995,471485,5550304BC5955S0025FB,8,"81.169,23","1,415","137,73",160,"297,73",81169.23,1.415,137.73,297.73,5550304,BC5955S,0025,FB,BC5955,Arenal / Canal / Montañar
1027099,441329,2650303BC5925S0001OD,8,"81.255,72","1,416","137,74",160,"297,74",81255.72,1.416,137.74,297.74,2650303,BC5925S,0001,OD,BC5925,Rafalet / Lluca / Covatelles
1016148,436015,1841115BC5914S0001MG,8,"81.333,69","1,417","137,76",160,"297,76",81333.69,1.417,137.76,297.76,1841115,BC5914S,0001,MG,BC5914,Montgó / Toscamar
1004224,493110,9220605BC5991N0001AA,8,"81.467,27","1,420","137,78",160,"297,78",81467.27,1.42,137.78,297.78,9220605,BC5991N,0001,AA,BC5991,Costa Nova / Balcón al Mar / Ambolo
1012498,488166,0881262BC5907N0001TI,8,"81.652,58","1,423","137,81",160,"297,81",81652.58,1.423,137.81,297.81,0881262,BC5907N,0001,TI,BC5907,Montgó / Toscamar
1019534,499257,7921505BC5982S0001XO,8,"81.868,66","1,427","137,84",160,"297,84",81868.66,1.427,137.84,297.84,7921505,BC5982S,0001,XO,BC5982,Costa Nova / Balcón al Mar / Ambolo
1028747,491442,5125801BC5952N0001PS,8,"81.897,14","1,427","137,85",160,"297,85",81897.14,1.427,137.85,297.85,5125801,BC5952N,0001,PS,BC5952,Arenal / Canal / Montañar
1016676,501595,7529017BC5972N0001JB,8,"81.939,13","1,428","137,85",160,"297,85",81939.13,1.428,137.85,297.85,7529017,BC5972N,0001,JB,BC5972,Tosalet / Cap Martí
1018947,458305,4778301BC5947N0101UR,8,"81.957,84","1,428","137,86",160,"297,86",81957.84,1.428,137.86,297.86,4778301,BC5947N,0101,UR,BC5947,Casco urbano / Pueblo
1017381,492447,7736611BC5973N0001FF,8,"82.015,06","1,429","137,86",160,"297,86",82015.06,1.429,137.86,297.86,7736611,BC5973N,0001,FF,BC5973,Tosalet / Cap Martí
1018537,476221,5233809BC5953S0001UF,8,"82.080,80","1,430","137,87",160,"297,87",82080.8,1.43,137.87,297.87,5233809,BC5953S,0001,UF,BC5953,Arenal / Canal / Montañar
1022702,483071,8623107BC5982S0001WO,8,"82.095,88","1,431","137,88",160,"297,88",82095.88,1.431,137.88,297.88,8623107,BC5982S,0001,WO,BC5982,Costa Nova / Balcón al Mar / Ambolo
1032052,498783,3216301BC5931N0001KP,8,"82.112,23","1,431","137,88",160,"297,88",82112.23,1.431,137.88,297.88,3216301,BC5931N,0001,KP,BC5931,Casco urbano / Pueblo
1031288,507125,3015316BC5931N0001XP,8,"82.176,36","1,432","137,89",160,"297,89",82176.36,1.432,137.89,297.89,3015316,BC5931N,0001,XP,BC5931,Casco urbano / Pueblo
1007327,496788,7521207BC5972S0001FT,8,"82.211,17","1,433","137,89",160,"297,89",82211.17,1.433,137.89,297.89,7521207,BC5972S,0001,FT,BC5972,Tosalet / Cap Martí
1031743,489563,7134023BC5973S0001JX,8,"82.211,58","1,433","137,89",160,"297,89",82211.58,1.433,137.89,297.89,7134023,BC5973S,0001,JX,BC5973,Tosalet / Cap Martí
1019031,505736,7518407BC5971N0001XE,8,"82.722,24","1,442","137,97",160,"297,97",82722.24,1.442,137.97,297.97,7518407,BC5971N,0001,XE,BC5971,Tosalet / Cap Martí
1027104,463217,2650306BC5925S0001DD,8,"82.727,28","1,442","137,98",160,"297,98",82727.28,1.442,137.98,297.98,2650306,BC5925S,0001,DD,BC5925,Rafalet / Lluca / Covatelles
1022734,472102,7915709BC5971S0001TA,8,"82.736,69","1,442","137,98",160,"297,98",82736.69,1.442,137.98,297.98,7915709,BC5971S,0001,TA,BC5971,Tosalet / Cap Martí
1004404,488410,9218015BC5991N0001OA,8,"82.845,33","1,444","137,99",160,"297,99",82845.33,1.444,137.99,297.99,9218015,BC5991N,0001,OA,BC5991,Costa Nova / Balcón al Mar / Ambolo
1028031,477815,4873902BC5947S0135OF,8,"83.055,73","1,447","138,03",160,"298,03",83055.73,1.447,138.03,298.03,4873902,BC5947S,0135,OF,BC5947,Casco urbano / Pueblo
1017287,442769,7033002BC5973S0001MX,8,"83.129,48","1,449","138,04",160,"298,04",83129.48,1.449,138.04,298.04,7033002,BC5973S,0001,MX,BC5973,Tosalet / Cap Martí
1000511,473768,4983004BC5948S0001DE,8,"83.508,60","1,455","138,10",160,"298,10",83508.6,1.455,138.1,298.1,4983004,BC5948S,0001,DE,BC5948,Casco urbano / Pueblo
1016497,500146,6131403BC5963S0001JK,8,"83.678,21","1,458","138,12",160,"298,12",83678.21,1.458,138.12,298.12,6131403,BC5963S,0001,JK,BC5963,Puerto / Aduanas
1018237,459696,1635121BC5913S0001TZ,8,"83.717,85","1,459","138,13",160,"298,13",83717.85,1.459,138.13,298.13,1635121,BC5913S,0001,TZ,BC5913,Montgó / Toscamar
1020532,446900,7328820BC5972N0001FB,8,"83.772,95","1,460","138,14",160,"298,14",83772.95,1.46,138.14,298.14,7328820,BC5972N,0001,FB,BC5972,Tosalet / Cap Martí
1029214,500335,5629709BC5952N0001SS,8,"84.052,91","1,465","138,18",160,"298,18",84052.91,1.465,138.18,298.18,5629709,BC5952N,0001,SS,BC5952,Arenal / Canal / Montañar
1023114,500337,6424115BC5962S0001LQ,8,"84.333,38","1,470","138,23",160,"298,23",84333.38,1.47,138.23,298.23,6424115,BC5962S,0001,LQ,BC5962,Puerto / Aduanas
1029290,478894,5542611BC5954S0001LI,8,"84.494,94","1,473","138,25",160,"298,25",84494.94,1.473,138.25,298.25,5542611,BC5954S,0001,LI,BC5954,Arenal / Canal / Montañar
1009250,480296,9877605BC5907N0001SI,8,"84.507,12","1,473","138,25",160,"298,25",84507.12,1.473,138.25,298.25,9877605,BC5907N,0001,SI,BC5907,Montgó / Toscamar
1027098,441328,2650304BC5925S0001KD,8,"84.623,29","1,475","138,27",160,"298,27",84623.29,1.475,138.27,298.27,2650304,BC5925S,0001,KD,BC5925,Rafalet / Lluca / Covatelles
1020913,492384,5437009BC5953N0001WY,8,"84.663,99","1,475","138,28",160,"298,28",84663.99,1.475,138.28,298.28,5437009,BC5953N,0001,WY,BC5953,Arenal / Canal / Montañar
1024060,489457,8723803BC5982S0001OO,8,"84.718,24","1,476","138,29",160,"298,29",84718.24,1.476,138.29,298.29,8723803,BC5982S,0001,OO,BC5982,Costa Nova / Balcón al Mar / Ambolo
1021069,477607,4141307BC5944S0001SR,8,"84.816,56","1,478","138,30",160,"298,30",84816.56,1.478,138.3,298.3,4141307,BC5944S,0001,SR,BC5944,Casco urbano / Pueblo
1004046,428320,8619013BC5981N0001BU,8,"84.868,70","1,479","138,31",160,"298,31",84868.7,1.479,138.31,298.31,8619013,BC5981N,0001,BU,BC5981,Portitxol / Toscal / Trencall
1006210,484401,6134614BC5963S0001BK,8,"84.885,97","1,479","138,31",160,"298,31",84885.97,1.479,138.31,298.31,6134614,BC5963S,0001,BK,BC5963,Puerto / Aduanas
1004294,463699,9311104BC5991S0001DL,8,"84.922,55","1,480","138,32",160,"298,32",84922.55,1.48,138.32,298.32,9311104,BC5991S,0001,DL,BC5991,Costa Nova / Balcón al Mar / Ambolo
1023912,450562,8623108BC5982S0001AO,8,"84.925,79","1,480","138,32",160,"298,32",84925.79,1.48,138.32,298.32,8623108,BC5982S,0001,AO,BC5982,Costa Nova / Balcón al Mar / Ambolo
1007106,504837,6826511BC5962N0001MH,8,"85.379,62","1,488","138,39",160,"298,39",85379.62,1.488,138.39,298.39,6826511,BC5962N,0001,MH,BC5962,Puerto / Aduanas
1027103,441334,2650305BC5925S0001RD,8,"85.494,89","1,490","138,41",160,"298,41",85494.89,1.49,138.41,298.41,2650305,BC5925S,0001,RD,BC5925,Rafalet / Lluca / Covatelles
1000246,494877,5139411BC5953N0001BY,8,"85.761,98","1,495","138,45",160,"298,45",85761.98,1.495,138.45,298.45,5139411,BC5953N,0001,BY,BC5953,Arenal / Canal / Montañar
1003713,493665,8610046BC5981S0001UG,8,"85.793,53","1,495","138,46",160,"298,46",85793.53,1.495,138.46,298.46,8610046,BC5981S,0001,UG,BC5981,Portitxol / Toscal / Trencall
1025556,497206,8421928BC5982S0001FO,8,"85.833,85","1,496","138,46",160,"298,46",85833.85,1.496,138.46,298.46,8421928,BC5982S,0001,FO,BC5982,Costa Nova / Balcón al Mar / Ambolo
1016999,488224,6529706BC5962N0001YH,8,"85.941,83","1,498","138,48",160,"298,48",85941.83,1.498,138.48,298.48,6529706,BC5962N,0001,YH,BC5962,Puerto / Aduanas
1028037,454058,4873902BC5947S0141SJ,8,"86.108,89","1,501","138,51",160,"298,51",86108.89,1.501,138.51,298.51,4873902,BC5947S,0141,SJ,BC5947,Casco urbano / Pueblo
1006886,484685,6710512BC5960N0001ZT,8,"86.130,74","1,501","138,51",160,"298,51",86130.74,1.501,138.51,298.51,6710512,BC5960N,0001,ZT,BC5960,Puerto / Aduanas
1013708,482358,3983514BC5938S0001FX,8,"86.235,40","1,503","138,53",160,"298,53",86235.4,1.503,138.53,298.53,3983514,BC5938S,0001,FX,BC5938,Casco urbano / Pueblo
1013349,481674,7191016BC5974S0001GH,8,"86.270,23","1,503","138,53",160,"298,53",86270.23,1.503,138.53,298.53,7191016,BC5974S,0001,GH,BC5974,Portitxol / Toscal / Trencall
1006979,493385,7611002BC5971S0001PA,8,"86.284,83","1,504","138,53",160,"298,53",86284.83,1.504,138.53,298.53,7611002,BC5971S,0001,PA,BC5971,Tosalet / Cap Martí
1005541,442972,4022709BC5932S0001SS,8,"86.330,71","1,505","138,54",160,"298,54",86330.71,1.505,138.54,298.54,4022709,BC5932S,0001,SS,BC5932,Casco urbano / Pueblo
1029132,444708,9218034BC5991N0001AA,8,"86.389,76","1,506","138,55",160,"298,55",86389.76,1.506,138.55,298.55,9218034,BC5991N,0001,AA,BC5991,Costa Nova / Balcón al Mar / Ambolo
1003846,466635,8416402BC5981N0001AU,8,"86.464,97","1,507","138,56",160,"298,56",86464.97,1.507,138.56,298.56,8416402,BC5981N,0001,AU,BC5981,Portitxol / Toscal / Trencall
1002465,495228,7046001BC5964N0005XI,8,"86.490,06","1,507","138,57",160,"298,57",86490.06,1.507,138.57,298.57,7046001,BC5964N,0005,XI,BC5964,Puerto / Aduanas
1015702,510995,4241004BC5944S0001AR,8,"86.507,10","1,508","138,57",160,"298,57",86507.1,1.508,138.57,298.57,4241004,BC5944S,0001,AR,BC5944,Casco urbano / Pueblo
1005865,437792,9490804BC4999S0001OT,8,"86.923,70","1,515","138,63",160,"298,63",86923.7,1.515,138.63,298.63,9490804,BC4999S,0001,OT,BC4999,Les Fonts / Castellans
1027229,480376,4042146BC5944S0001UR,8,"87.021,15","1,517","138,65",160,"298,65",87021.15,1.517,138.65,298.65,4042146,BC5944S,0001,UR,BC5944,Casco urbano / Pueblo
1029100,504050,7818813BC5971N0001KE,8,"87.035,59","1,517","138,65",160,"298,65",87035.59,1.517,138.65,298.65,7818813,BC5971N,0001,KE,BC5971,Tosalet / Cap Martí
1006429,490888,7338502BC5973N0001ZF,8,"87.036,77","1,517","138,65",160,"298,65",87036.77,1.517,138.65,298.65,7338502,BC5973N,0001,ZF,BC5973,Tosalet / Cap Martí
1025343,460920,2028923BC5922N0001RM,8,"87.129,33","1,518","138,67",160,"298,67",87129.33,1.518,138.67,298.67,2028923,BC5922N,0001,RM,BC5922,Rafalet / Lluca / Covatelles
1012431,488478,0084931BC4998S0001YA,8,"87.245,76","1,520","138,68",160,"298,68",87245.76,1.52,138.68,298.68,0084931,BC4998S,0001,YA,BC4998,Les Fonts / Castellans
1003980,482050,8916009BC5981N0001KU,8,"87.262,34","1,521","138,69",160,"298,69",87262.34,1.521,138.69,298.69,8916009,BC5981N,0001,KU,BC5981,Portitxol / Toscal / Trencall
1024059,501739,8525367BC5982S0001GO,8,"87.329,30","1,522","138,70",160,"298,70",87329.3,1.522,138.7,298.7,8525367,BC5982S,0001,GO,BC5982,Costa Nova / Balcón al Mar / Ambolo
1005017,454959,4837806BC5943N0001IW,8,"87.334,40","1,522","138,70",160,"298,70",87334.4,1.522,138.7,298.7,4837806,BC5943N,0001,IW,BC5943,Casco urbano / Pueblo
1006667,482484,2279915BC5927N0001IH,8,"87.427,92","1,524","138,71",160,"298,71",87427.92,1.524,138.71,298.71,2279915,BC5927N,0001,IH,BC5927,Rafalet / Lluca / Covatelles
1020047,501777,7921503BC5972S0001RT,8,"87.445,00","1,524","138,72",160,"298,72",87445.0,1.524,138.72,298.72,7921503,BC5972S,0001,RT,BC5972,Tosalet / Cap Martí
1030948,488826,1642925BC5914S0001QG,8,"87.692,81","1,528","138,75",160,"298,75",87692.81,1.528,138.75,298.75,1642925,BC5914S,0001,QG,BC5914,Montgó / Toscamar
1003836,506725,8616303BC5981N0001MU,8,"87.948,34","1,533","138,79",160,"298,79",87948.34,1.533,138.79,298.79,8616303,BC5981N,0001,MU,BC5981,Portitxol / Toscal / Trencall
1000022,476567,3550502BC5934N0001YG,8,"88.206,22","1,537","138,84",160,"298,84",88206.22,1.537,138.84,298.84,3550502,BC5934N,0001,YG,BC5934,Casco urbano / Pueblo
1006052,487723,5833708BC5953S0001GF,8,"88.399,10","1,541","138,87",160,"298,87",88399.1,1.541,138.87,298.87,5833708,BC5953S,0001,GF,BC5953,Arenal / Canal / Montañar
1011879,505990,9580920BC4998S0001FA,8,"88.746,50","1,547","138,92",160,"298,92",88746.5,1.547,138.92,298.92,9580920,BC4998S,0001,FA,BC4998,Les Fonts / Castellans
1022701,474950,8623101BC5982S0001JO,8,"88.800,83","1,548","138,93",160,"298,93",88800.83,1.548,138.93,298.93,8623101,BC5982S,0001,JO,BC5982,Costa Nova / Balcón al Mar / Ambolo
1027102,441338,2650309BC5925S0001JD,8,"88.968,11","1,551","138,95",160,"298,95",88968.11,1.551,138.95,298.95,2650309,BC5925S,0001,JD,BC5925,Rafalet / Lluca / Covatelles
1020484,471665,7126702BC5972N0001MB,8,"89.145,32","1,554","138,98",160,"298,98",89145.32,1.554,138.98,298.98,7126702,BC5972N,0001,MB,BC5972,Tosalet / Cap Martí
1028240,486044,8531103BC5983S0001XE,8,"89.271,87","1,556","139,00",160,"299,00",89271.87,1.556,139.0,299.0,8531103,BC5983S,0001,XE,BC5983,Costa Nova / Balcón al Mar / Ambolo
1007623,453633,5384109BC5958S0001DU,8,"89.282,09","1,556","139,00",160,"299,00",89282.09,1.556,139.0,299.0,5384109,BC5958S,0001,DU,BC5958,Arenal / Canal / Montañar
1007930,504508,7328803BC5972N0001UB,8,"89.290,79","1,556","139,01",160,"299,01",89290.79,1.556,139.01,299.01,7328803,BC5972N,0001,UB,BC5972,Tosalet / Cap Martí
1004479,472160,9322504BC5992S0001MD,8,"89.548,63","1,561","139,05",160,"299,05",89548.63,1.561,139.05,299.05,9322504,BC5992S,0001,MD,BC5992,Costa Nova / Balcón al Mar / Ambolo
1017836,467220,03082A030002480001LR,8,"89.579,40","1,561","139,05",160,"299,05",89579.4,1.561,139.05,299.05,03082A0,3000248,0001,LR,300024,Sin clasificar / revisar
1000486,479312,4938024BC5943N0001SW,8,"89.620,16","1,562","139,06",160,"299,06",89620.16,1.562,139.06,299.06,4938024,BC5943N,0001,SW,BC5943,Casco urbano / Pueblo
1000122,483198,5741403BC5954S0001FI,8,"89.781,70","1,565","139,08",160,"299,08",89781.7,1.565,139.08,299.08,5741403,BC5954S,0001,FI,BC5954,Arenal / Canal / Montañar
1016754,486105,6230509BC5962N0001HH,8,"89.840,35","1,566","139,09",160,"299,09",89840.35,1.566,139.09,299.09,6230509,BC5962N,0001,HH,BC5962,Puerto / Aduanas
1020600,478202,5662001BC5956S0051YI,8,"89.898,67","1,567","139,10",160,"299,10",89898.67,1.567,139.1,299.1,5662001,BC5956S,0051,YI,BC5956,Arenal / Canal / Montañar
1016599,495164,7630506BC5972N0001HB,8,"90.107,68","1,570","139,13",160,"299,13",90107.68,1.57,139.13,299.13,7630506,BC5972N,0001,HB,BC5972,Tosalet / Cap Martí
1031119,500348,3631510BC5933S0001QY,8,"90.139,70","1,571","139,14",160,"299,14",90139.7,1.571,139.14,299.14,3631510,BC5933S,0001,QY,BC5933,Casco urbano / Pueblo
1030279,462185,7919702BC5971N0001IE,8,"90.340,31","1,574","139,17",160,"299,17",90340.31,1.574,139.17,299.17,7919702,BC5971N,0001,IE,BC5971,Tosalet / Cap Martí
1027097,494149,7015721BC5971S0001HA,8,"90.521,46","1,578","139,20",160,"299,20",90521.46,1.578,139.2,299.2,7015721,BC5971S,0001,HA,BC5971,Tosalet / Cap Martí
1007271,485546,6624218BC5962S0001AQ,8,"90.801,67","1,582","139,24",160,"299,24",90801.67,1.582,139.24,299.24,6624218,BC5962S,0001,AQ,BC5962,Puerto / Aduanas
1009983,460279,1934817BC5913S0001KZ,8,"90.807,59","1,583","139,24",160,"299,24",90807.59,1.583,139.24,299.24,1934817,BC5913S,0001,KZ,BC5913,Montgó / Toscamar
1006926,503704,7512004BC5971S0001KA,8,"90.852,83","1,583","139,25",160,"299,25",90852.83,1.583,139.25,299.25,7512004,BC5971S,0001,KA,BC5971,Tosalet / Cap Martí
1005967,478157,6243410BC5964S0001ZS,8,"90.878,96","1,584","139,25",160,"299,25",90878.96,1.584,139.25,299.25,6243410,BC5964S,0001,ZS,BC5964,Puerto / Aduanas
1013951,471695,2842503BC5924S0001XL,8,"91.008,35","1,586","139,27",160,"299,27",91008.35,1.586,139.27,299.27,2842503,BC5924S,0001,XL,BC5924,Rafalet / Lluca / Covatelles
1032203,486767,2980401BC5928S0001UK,8,"91.022,64","1,586","139,28",160,"299,28",91022.64,1.586,139.28,299.28,2980401,BC5928S,0001,UK,BC5928,Rafalet / Lluca / Covatelles
1005514,497070,3921018BC5932S0001JS,8,"91.079,75","1,587","139,29",160,"299,29",91079.75,1.587,139.29,299.29,3921018,BC5932S,0001,JS,BC5932,Casco urbano / Pueblo
1028746,494117,5125802BC5952N0001LS,8,"91.439,56","1,594","139,34",160,"299,34",91439.56,1.594,139.34,299.34,5125802,BC5952N,0001,LS,BC5952,Arenal / Canal / Montañar
1016628,465370,6224110BC5962S0001DQ,8,"91.643,70","1,597","139,37",160,"299,37",91643.7,1.597,139.37,299.37,6224110,BC5962S,0001,DQ,BC5962,Puerto / Aduanas
1021146,485399,4625210BC5942S0001PH,8,"91.956,52","1,603","139,42",160,"299,42",91956.52,1.603,139.42,299.42,4625210,BC5942S,0001,PH,BC5942,Casco urbano / Pueblo
1006868,471371,7616004BC5971N0001UE,8,"92.078,08","1,605","139,44",160,"299,44",92078.08,1.605,139.44,299.44,7616004,BC5971N,0001,UE,BC5971,Tosalet / Cap Martí
1018543,488484,5333110BC5953S0001XF,8,"92.125,74","1,606","139,45",160,"299,45",92125.74,1.606,139.45,299.45,5333110,BC5953S,0001,XF,BC5953,Arenal / Canal / Montañar
1026209,470016,5936017BC5953N0001WY,8,"92.137,61","1,606","139,45",160,"299,45",92137.61,1.606,139.45,299.45,5936017,BC5953N,0001,WY,BC5953,Arenal / Canal / Montañar
1016940,498263,6326502BC5962N0001OH,8,"92.390,07","1,610","139,49",160,"299,49",92390.07,1.61,139.49,299.49,6326502,BC5962N,0001,OH,BC5962,Puerto / Aduanas
1013932,488553,2944007BC5924S0001JL,8,"92.403,13","1,610","139,49",160,"299,49",92403.13,1.61,139.49,299.49,2944007,BC5924S,0001,JL,BC5924,Rafalet / Lluca / Covatelles
1007932,492530,7328802BC5972N0001ZB,8,"92.492,30","1,612","139,51",160,"299,51",92492.3,1.612,139.51,299.51,7328802,BC5972N,0001,ZB,BC5972,Tosalet / Cap Martí
1003746,462902,8609011BC5981S0001DG,8,"92.503,25","1,612","139,51",160,"299,51",92503.25,1.612,139.51,299.51,8609011,BC5981S,0001,DG,BC5981,Portitxol / Toscal / Trencall
1007027,504611,7412704BC5971S0001IA,8,"92.647,68","1,615","139,53",160,"299,53",92647.68,1.615,139.53,299.53,7412704,BC5971S,0001,IA,BC5971,Tosalet / Cap Martí
1025163,451568,3533915BC5933S0001AY,8,"92.839,42","1,618","139,56",160,"299,56",92839.42,1.618,139.56,299.56,3533915,BC5933S,0001,AY,BC5933,Casco urbano / Pueblo
1018571,482253,5931007BC5953S0001YF,8,"93.002,97","1,621","139,59",160,"299,59",93002.97,1.621,139.59,299.59,5931007,BC5953S,0001,YF,BC5953,Arenal / Canal / Montañar
1016783,480319,7529006BC5972N0001FB,8,"93.181,36","1,624","139,62",160,"299,62",93181.36,1.624,139.62,299.62,7529006,BC5972N,0001,FB,BC5972,Tosalet / Cap Martí
1016618,509054,7331401BC5973S0001LX,8,"93.225,63","1,625","139,62",160,"299,62",93225.63,1.625,139.62,299.62,7331401,BC5973S,0001,LX,BC5973,Tosalet / Cap Martí
10000013,482968,3216604BC5931N0001AP,8,"93.435,58","1,628","139,66",160,"299,66",93435.58,1.628,139.66,299.66,3216604,BC5931N,0001,AP,BC5931,Casco urbano / Pueblo
1031739,482967,3216603BC5931N0001WP,8,"93.454,44","1,629","139,66",160,"299,66",93454.44,1.629,139.66,299.66,3216603,BC5931N,0001,WP,BC5931,Casco urbano / Pueblo
1024210,437333,2980406BC5928S0001YK,8,"93.488,42","1,629","139,66",160,"299,66",93488.42,1.629,139.66,299.66,2980406,BC5928S,0001,YK,BC5928,Rafalet / Lluca / Covatelles
1017003,491317,6127709BC5962N0001OH,8,"93.526,30","1,630","139,67",160,"299,67",93526.3,1.63,139.67,299.67,6127709,BC5962N,0001,OH,BC5962,Puerto / Aduanas
1024887,491129,8513016BC5981S0001WG,8,"93.543,76","1,630","139,67",160,"299,67",93543.76,1.63,139.67,299.67,8513016,BC5981S,0001,WG,BC5981,Portitxol / Toscal / Trencall
1016592,477756,8127603BC5982N0001MQ,8,"93.617,54","1,632","139,68",160,"299,68",93617.54,1.632,139.68,299.68,8127603,BC5982N,0001,MQ,BC5982,Costa Nova / Balcón al Mar / Ambolo
1026477,456148,2949224BC5924N0001AA,8,"93.775,19","1,634","139,71",160,"299,71",93775.19,1.634,139.71,299.71,2949224,BC5924N,0001,AA,BC5924,Rafalet / Lluca / Covatelles
1004215,485938,9220601BC5991N0001ZA,8,"93.802,87","1,635","139,71",160,"299,71",93802.87,1.635,139.71,299.71,9220601,BC5991N,0001,ZA,BC5991,Costa Nova / Balcón al Mar / Ambolo
1028242,489608,4840512BC5943N0001MW,8,"94.016,65","1,638","139,75",160,"299,75",94016.65,1.638,139.75,299.75,4840512,BC5943N,0001,MW,BC5943,Casco urbano / Pueblo
1006591,481855,1868502BC5927S0001IQ,8,"94.135,65","1,641","139,77",160,"299,77",94135.65,1.641,139.77,299.77,1868502,BC5927S,0001,IQ,BC5927,Rafalet / Lluca / Covatelles
1003639,442963,8610005BC5981S0001XG,8,"94.204,09","1,642","139,78",160,"299,78",94204.09,1.642,139.78,299.78,8610005,BC5981S,0001,XG,BC5981,Portitxol / Toscal / Trencall
1012025,429453,0084969BC5908N0001FW,8,"94.381,39","1,645","139,80",160,"299,80",94381.39,1.645,139.8,299.8,0084969,BC5908N,0001,FW,BC5908,Montgó / Toscamar
1018225,496415,0478159BC5907N0001PI,8,"94.717,86","1,651","139,86",160,"299,86",94717.86,1.651,139.86,299.86,0478159,BC5907N,0001,PI,BC5907,Montgó / Toscamar
1003759,490687,8513025BC5981S0001PG,8,"95.013,19","1,656","139,90",160,"299,90",95013.19,1.656,139.9,299.9,8513025,BC5981S,0001,PG,BC5981,Portitxol / Toscal / Trencall
1016788,486106,5827002BC5952N0001PS,8,"95.035,88","1,656","139,91",160,"299,91",95035.88,1.656,139.91,299.91,5827002,BC5952N,0001,PS,BC5952,Arenal / Canal / Montañar
1019072,489590,7125005BC5972N0001JB,8,"95.132,26","1,658","139,92",160,"299,92",95132.26,1.658,139.92,299.92,7125005,BC5972N,0001,JB,BC5972,Tosalet / Cap Martí
1006087,506332,6436203BC5963N0001PP,8,"95.406,45","1,663","139,96",160,"299,96",95406.45,1.663,139.96,299.96,6436203,BC5963N,0001,PP,BC5963,Puerto / Aduanas
1024204,485269,5144703BC5954S0001BI,8,"95.414,01","1,663","139,97",160,"299,97",95414.01,1.663,139.97,299.97,5144703,BC5954S,0001,BI,BC5954,Arenal / Canal / Montañar
1015396,477810,1195396BC5917N0001DS,8,"95.653,01","1,667","140,00",160,"300,00",95653.01,1.667,140.0,300.0,1195396,BC5917N,0001,DS,BC5917,Montgó / Toscamar
1029208,428903,1195348BC5917N0001GS,8,"96.316,44","1,679","140,11",160,"300,11",96316.44,1.679,140.11,300.11,1195348,BC5917N,0001,GS,BC5917,Montgó / Toscamar
1019524,506003,7513014BC5971S0001JA,8,"96.350,99","1,679","140,11",160,"300,11",96350.99,1.679,140.11,300.11,7513014,BC5971S,0001,JA,BC5971,Tosalet / Cap Martí
1030316,495156,3830303BC5933S0001TY,8,"96.418,33","1,680","140,12",160,"300,12",96418.33,1.68,140.12,300.12,3830303,BC5933S,0001,TY,BC5933,Casco urbano / Pueblo
1022703,472688,8688935BC4998N0001EE,8,"96.456,64","1,681","140,13",160,"300,13",96456.64,1.681,140.13,300.13,8688935,BC4998N,0001,EE,BC4998,Les Fonts / Castellans
1025924,502425,7318409BC5971N0001PE,8,"96.693,78","1,685","140,17",160,"300,17",96693.78,1.685,140.17,300.17,7318409,BC5971N,0001,PE,BC5971,Tosalet / Cap Martí
1016478,491167,6731006BC5963S0001EK,8,"96.735,89","1,686","140,17",160,"300,17",96735.89,1.686,140.17,300.17,6731006,BC5963S,0001,EK,BC5963,Puerto / Aduanas
1027268,477635,3630603BC5933S0001PY,8,"97.001,30","1,691","140,21",160,"300,21",97001.3,1.691,140.21,300.21,3630603,BC5933S,0001,PY,BC5933,Casco urbano / Pueblo
1006987,481688,7513016BC5971S0001SA,8,"97.029,06","1,691","140,22",160,"300,22",97029.06,1.691,140.22,300.22,7513016,BC5971S,0001,SA,BC5971,Tosalet / Cap Martí
1004832,488706,9877612BC4997N0001WO,8,"97.407,01","1,698","140,28",160,"300,28",97407.01,1.698,140.28,300.28,9877612,BC4997N,0001,WO,BC4997,Les Fonts / Castellans
1016637,478485,7828516BC5972N0001XB,8,"97.490,40","1,699","140,29",160,"300,29",97490.4,1.699,140.29,300.29,7828516,BC5972N,0001,XB,BC5972,Tosalet / Cap Martí
1006396,492195,6334104BC5963S0001DK,8,"97.631,73","1,701","140,31",160,"300,31",97631.73,1.701,140.31,300.31,6334104,BC5963S,0001,DK,BC5963,Puerto / Aduanas
1006001,474799,7333021BC5973S0001QX,8,"97.695,58","1,703","140,32",160,"300,32",97695.58,1.703,140.32,300.32,7333021,BC5973S,0001,QX,BC5973,Tosalet / Cap Martí
1010040,486512,8816412BC5981N0001LU,8,"97.721,94","1,703","140,33",160,"300,33",97721.94,1.703,140.33,300.33,8816412,BC5981N,0001,LU,BC5981,Portitxol / Toscal / Trencall
1016737,478154,6326506BC5962N0001XH,8,"98.084,26","1,709","140,38",160,"300,38",98084.26,1.709,140.38,300.38,6326506,BC5962N,0001,XH,BC5962,Puerto / Aduanas
1003850,475689,8515611BC5981S0001FG,8,"98.113,66","1,710","140,39",160,"300,39",98113.66,1.71,140.39,300.39,8515611,BC5981S,0001,FG,BC5981,Portitxol / Toscal / Trencall
1024733,480641,7014406BC5971S0001PA,8,"98.126,29","1,710","140,39",160,"300,39",98126.29,1.71,140.39,300.39,7014406,BC5971S,0001,PA,BC5971,Tosalet / Cap Martí
1018229,454556,1533911BC5913S0001KZ,8,"98.362,11","1,714","140,43",160,"300,43",98362.11,1.714,140.43,300.43,1533911,BC5913S,0001,KZ,BC5913,Montgó / Toscamar
1003876,437608,8513003BC5981S0001RG,8,"98.560,94","1,718","140,46",160,"300,46",98560.94,1.718,140.46,300.46,8513003,BC5981S,0001,RG,BC5981,Portitxol / Toscal / Trencall
1022721,509048,3479128BC5937N0001JB,8,"98.582,20","1,718","140,46",160,"300,46",98582.2,1.718,140.46,300.46,3479128,BC5937N,0001,JB,BC5937,Casco urbano / Pueblo
1032303,491029,2949210BC5934N0001RG,8,"98.789,77","1,722","140,50",160,"300,50",98789.77,1.722,140.5,300.5,2949210,BC5934N,0001,RG,BC5934,Casco urbano / Pueblo
1005739,456347,9322013BC5992S0001AD,8,"98.803,59","1,722","140,50",160,"300,50",98803.59,1.722,140.5,300.5,9322013,BC5992S,0001,AD,BC5992,Costa Nova / Balcón al Mar / Ambolo
1031724,499436,3519719BC5931N0001XP,8,"98.887,85","1,723","140,51",160,"300,51",98887.85,1.723,140.51,300.51,3519719,BC5931N,0001,XP,BC5931,Casco urbano / Pueblo
1028630,480655,7225505BC5972S0001YT,8,"98.952,64","1,725","140,52",160,"300,52",98952.64,1.725,140.52,300.52,7225505,BC5972S,0001,YT,BC5972,Tosalet / Cap Martí
1000953,443343,9789810BC4998N0001XE,8,"99.044,31","1,726","140,54",160,"300,54",99044.31,1.726,140.54,300.54,9789810,BC4998N,0001,XE,BC4998,Les Fonts / Castellans
1026934,455073,4625221BC5942S0001DH,8,"99.179,64","1,728","140,56",160,"300,56",99179.64,1.728,140.56,300.56,4625221,BC5942S,0001,DH,BC5942,Casco urbano / Pueblo
1006353,505324,7039303BC5973N0001TF,8,"99.401,19","1,732","140,59",160,"300,59",99401.19,1.732,140.59,300.59,7039303,BC5973N,0001,TF,BC5973,Tosalet / Cap Martí
1009243,486513,1195334BC5907S0001IH,8,"99.527,34","1,735","140,61",160,"300,61",99527.34,1.735,140.61,300.61,1195334,BC5907S,0001,IH,BC5907,Montgó / Toscamar
1006242,501071,5936007BC5953N0001IY,8,"99.588,08","1,736","140,62",160,"300,62",99588.08,1.736,140.62,300.62,5936007,BC5953N,0001,IY,BC5953,Arenal / Canal / Montañar
1013557,492159,4182015BC5948S0001YE,8,"99.723,66","1,738","140,64",160,"300,64",99723.66,1.738,140.64,300.64,4182015,BC5948S,0001,YE,BC5948,Casco urbano / Pueblo
1025789,481938,8986303BC4988N0001FX,8,"99.919,72","1,741","140,67",160,"300,67",99919.72,1.741,140.67,300.67,8986303,BC4988N,0001,FX,BC4988,Les Fonts / Castellans
1000418,465158,5246308BC5954N0001TM,8,"100.086,47","1,744","140,70",160,"300,70",100086.47,1.744,140.7,300.7,5246308,BC5954N,0001,TM,BC5954,Arenal / Canal / Montañar
1004124,505356,8318705BC5981N0001XU,8,"100.325,45","1,748","140,74",160,"300,74",100325.45,1.748,140.74,300.74,8318705,BC5981N,0001,XU,BC5981,Portitxol / Toscal / Trencall
1014008,500036,2742602BC5924S0001WL,8,"100.366,55","1,749","140,74",160,"300,74",100366.55,1.749,140.74,300.74,2742602,BC5924S,0001,WL,BC5924,Rafalet / Lluca / Covatelles
1022711,468481,6827513BC5962N0001MH,8,"100.383,32","1,749","140,75",160,"300,75",100383.32,1.749,140.75,300.75,6827513,BC5962N,0001,MH,BC5962,Puerto / Aduanas
1029118,448679,1370938BC5917S0001EB,8,"100.739,24","1,756","140,80",160,"300,80",100739.24,1.756,140.8,300.8,1370938,BC5917S,0001,EB,BC5917,Montgó / Toscamar
1004488,482964,9418004BC5991N0001DA,8,"100.801,64","1,757","140,81",160,"300,81",100801.64,1.757,140.81,300.81,9418004,BC5991N,0001,DA,BC5991,Costa Nova / Balcón al Mar / Ambolo
1019517,460789,7633620BC5973S0001GX,8,"100.878,84","1,758","140,82",160,"300,82",100878.84,1.758,140.82,300.82,7633620,BC5973S,0001,GX,BC5973,Tosalet / Cap Martí
1025221,482568,1868584BC5916N0001QK,8,"101.015,94","1,760","140,84",160,"300,84",101015.94,1.76,140.84,300.84,1868584,BC5916N,0001,QK,BC5916,Montgó / Toscamar
1009267,498110,1072605BC5917S0001HB,8,"101.066,25","1,761","140,85",160,"300,85",101066.25,1.761,140.85,300.85,1072605,BC5917S,0001,HB,BC5917,Montgó / Toscamar
1003688,484320,8812844BC5981S0001GG,8,"101.203,66","1,764","140,87",160,"300,87",101203.66,1.764,140.87,300.87,8812844,BC5981S,0001,GG,BC5981,Portitxol / Toscal / Trencall
1004622,460702,3070058BC5926N0001TX,8,"101.247,99","1,765","140,88",160,"300,88",101247.99,1.765,140.88,300.88,3070058,BC5926N,0001,TX,BC5926,Rafalet / Lluca / Covatelles
1012497,489205,9314001BC5991S0001BL,8,"101.272,11","1,765","140,88",160,"300,88",101272.11,1.765,140.88,300.88,9314001,BC5991S,0001,BL,BC5991,Costa Nova / Balcón al Mar / Ambolo
1021099,484358,7331404BC5973S0001MX,8,"101.532,99","1,769","140,93",160,"300,93",101532.99,1.769,140.93,300.93,7331404,BC5973S,0001,MX,BC5973,Tosalet / Cap Martí
1005550,429448,2571639BC5927S0001WQ,8,"101.821,45","1,775","140,97",160,"300,97",101821.45,1.775,140.97,300.97,2571639,BC5927S,0001,WQ,BC5927,Rafalet / Lluca / Covatelles
1004283,445170,9121008BC5992S0001RD,8,"101.907,82","1,776","140,98",160,"300,98",101907.82,1.776,140.98,300.98,9121008,BC5992S,0001,RD,BC5992,Costa Nova / Balcón al Mar / Ambolo
1029604,441341,2950505BC5925S0001AD,8,"101.978,08","1,777","141,00",160,"301,00",101978.08,1.777,141.0,301.0,2950505,BC5925S,0001,AD,BC5925,Rafalet / Lluca / Covatelles
1020535,496994,7429619BC5972N0001ZB,8,"101.986,12","1,777","141,00",160,"301,00",101986.12,1.777,141.0,301.0,7429619,BC5972N,0001,ZB,BC5972,Tosalet / Cap Martí
1000366,472096,5939610BC5953N0001QY,8,"102.145,80","1,780","141,02",160,"301,02",102145.8,1.78,141.02,301.02,5939610,BC5953N,0001,QY,BC5953,Arenal / Canal / Montañar
1027336,488676,9190505BC4999S0001UT,8,"102.209,53","1,781","141,03",160,"301,03",102209.53,1.781,141.03,301.03,9190505,BC4999S,0001,UT,BC4999,Les Fonts / Castellans
1003818,426586,8513010BC5981S0001JG,8,"102.695,46","1,790","141,11",160,"301,11",102695.46,1.79,141.11,301.11,8513010,BC5981S,0001,JG,BC5981,Portitxol / Toscal / Trencall
1015617,471350,8810306BC5981S0001RG,8,"102.711,03","1,790","141,11",160,"301,11",102711.03,1.79,141.11,301.11,8810306,BC5981S,0001,RG,BC5981,Portitxol / Toscal / Trencall
1016784,454049,6424114BC5962S0001PQ,8,"102.830,59","1,792","141,13",160,"301,13",102830.59,1.792,141.13,301.13,6424114,BC5962S,0001,PQ,BC5962,Puerto / Aduanas
1006976,479027,7513009BC5971S0001XA,8,"103.127,91","1,797","141,18",160,"301,18",103127.91,1.797,141.18,301.18,7513009,BC5971S,0001,XA,BC5971,Tosalet / Cap Martí
1004242,501314,9220607BC5991N0001YA,8,"103.327,08","1,801","141,21",160,"301,21",103327.08,1.801,141.21,301.21,9220607,BC5991N,0001,YA,BC5991,Costa Nova / Balcón al Mar / Ambolo
1012616,484540,5437011BC5953N0001HY,8,"103.327,67","1,801","141,21",160,"301,21",103327.67,1.801,141.21,301.21,5437011,BC5953N,0001,HY,BC5953,Arenal / Canal / Montañar
1020631,481528,9111005BC5991S0001AL,8,"103.669,99","1,807","141,26",160,"301,26",103669.99,1.807,141.26,301.26,9111005,BC5991S,0001,AL,BC5991,Costa Nova / Balcón al Mar / Ambolo
1000031,476029,2346303BC5924N0001TA,8,"103.768,18","1,808","141,28",160,"301,28",103768.18,1.808,141.28,301.28,2346303,BC5924N,0001,TA,BC5924,Rafalet / Lluca / Covatelles
1006007,479678,6538713BC5963N0001EP,8,"103.865,86","1,810","141,29",160,"301,29",103865.86,1.81,141.29,301.29,6538713,BC5963N,0001,EP,BC5963,Puerto / Aduanas
1006040,466457,6134615BC5953S0001YF,8,"103.869,73","1,810","141,29",160,"301,29",103869.73,1.81,141.29,301.29,6134615,BC5953S,0001,YF,BC5953,Arenal / Canal / Montañar
1029120,456201,1731322BC5913S0001JZ,8,"103.977,90","1,812","141,31",160,"301,31",103977.9,1.812,141.31,301.31,1731322,BC5913S,0001,JZ,BC5913,Montgó / Toscamar
1004490,498673,9322507BC5992S0001RD,8,"104.390,68","1,819","141,37",160,"301,37",104390.68,1.819,141.37,301.37,9322507,BC5992S,0001,RD,BC5992,Costa Nova / Balcón al Mar / Ambolo
1016735,497262,7331411BC5973S0001DX,8,"104.733,70","1,825","141,43",160,"301,43",104733.7,1.825,141.43,301.43,7331411,BC5973S,0001,DX,BC5973,Tosalet / Cap Martí
1018282,509382,2270439BC5926N0001DX,8,"105.367,21","1,836","141,53",160,"301,53",105367.21,1.836,141.53,301.53,2270439,BC5926N,0001,DX,BC5926,Rafalet / Lluca / Covatelles
1031626,480237,9686145BC4998N0001FE,8,"105.892,16","1,845","141,61",160,"301,61",105892.16,1.845,141.61,301.61,9686145,BC4998N,0001,FE,BC4998,Les Fonts / Castellans
1006172,507696,6928503BC5962N0001EH,8,"105.918,21","1,846","141,61",160,"301,61",105918.21,1.846,141.61,301.61,6928503,BC5962N,0001,EH,BC5962,Puerto / Aduanas
1000018,511064,2646003BC5924N0001GA,8,"105.985,78","1,847","141,62",160,"301,62",105985.78,1.847,141.62,301.62,2646003,BC5924N,0001,GA,BC5924,Rafalet / Lluca / Covatelles
1007151,507138,7524103BC5972S0001ST,8,"106.324,71","1,853","141,68",160,"301,68",106324.71,1.853,141.68,301.68,7524103,BC5972S,0001,ST,BC5972,Tosalet / Cap Martí
1025617,448627,7919302BC5972S0001GT,8,"106.422,28","1,855","141,69",160,"301,69",106422.28,1.855,141.69,301.69,7919302,BC5972S,0001,GT,BC5972,Tosalet / Cap Martí
1005031,470750,5536009BC5953N0001SY,8,"106.576,89","1,857","141,72",160,"301,72",106576.89,1.857,141.72,301.72,5536009,BC5953N,0001,SY,BC5953,Arenal / Canal / Montañar
1019081,467072,7429613BC5972N0001DB,8,"106.736,14","1,860","141,74",160,"301,74",106736.14,1.86,141.74,301.74,7429613,BC5972N,0001,DB,BC5972,Tosalet / Cap Martí
1003726,491205,8609015BC5980N0001ED,8,"107.094,88","1,866","141,80",160,"301,80",107094.88,1.866,141.8,301.8,8609015,BC5980N,0001,ED,BC5980,Portitxol / Toscal / Trencall
1016114,450638,0881216BC5908S0001WP,8,"107.104,09","1,867","141,80",160,"301,80",107104.09,1.867,141.8,301.8,0881216,BC5908S,0001,WP,BC5908,Montgó / Toscamar
1021097,477217,8027808BC5972N0001GB,8,"107.883,14","1,880","141,92",160,"301,92",107883.14,1.88,141.92,301.92,8027808,BC5972N,0001,GB,BC5972,Tosalet / Cap Martí
1027432,501646,3832822BC5933S0001FY,8,"108.083,12","1,884","141,95",160,"301,95",108083.12,1.884,141.95,301.95,3832822,BC5933S,0001,FY,BC5933,Casco urbano / Pueblo
1016641,486472,6934701BC5963S0001IK,8,"108.210,81","1,886","141,97",160,"301,97",108210.81,1.886,141.97,301.97,6934701,BC5963S,0001,IK,BC5963,Puerto / Aduanas
1011872,509876,9580915BC4998S0001LA,8,"108.286,03","1,887","141,98",160,"301,98",108286.03,1.887,141.98,301.98,9580915,BC4998S,0001,LA,BC4998,Les Fonts / Castellans
1005958,485606,6134603BC5963S0001JK,8,"108.389,41","1,889","142,00",160,"302,00",108389.41,1.889,142.0,302.0,6134603,BC5963S,0001,JK,BC5963,Puerto / Aduanas
1000152,509197,5544004BC5954S0001GI,8,"108.418,07","1,889","142,01",160,"302,01",108418.07,1.889,142.01,302.01,5544004,BC5954S,0001,GI,BC5954,Arenal / Canal / Montañar
1003262,427571,6352007BC5965S0002TU,8,"108.467,72","1,890","142,01",160,"302,01",108467.72,1.89,142.01,302.01,6352007,BC5965S,0002,TU,BC5965,Puerto / Aduanas
1030301,505996,0881288BC5908S0001QP,8,"108.578,71","1,892","142,03",160,"302,03",108578.71,1.892,142.03,302.03,0881288,BC5908S,0001,QP,BC5908,Montgó / Toscamar
1014780,462293,8532006BC5983S0001RE,8,"108.641,56","1,893","142,04",160,"302,04",108641.56,1.893,142.04,302.04,8532006,BC5983S,0001,RE,BC5983,Costa Nova / Balcón al Mar / Ambolo
1010060,494030,8629211BC5982N0001XQ,8,"108.803,44","1,896","142,07",160,"302,07",108803.44,1.896,142.07,302.07,8629211,BC5982N,0001,XQ,BC5982,Costa Nova / Balcón al Mar / Ambolo
1012854,511382,3863104BC5937S0001AT,8,"108.884,10","1,898","142,08",160,"302,08",108884.1,1.898,142.08,302.08,3863104,BC5937S,0001,AT,BC5937,Casco urbano / Pueblo
1031555,477374,5229014BC5952N0001AS,8,"109.174,84","1,903","142,12",160,"302,12",109174.84,1.903,142.12,302.12,5229014,BC5952N,0001,AS,BC5952,Arenal / Canal / Montañar
1003418,468191,2573410BC5927S0001RQ,8,"109.932,42","1,916","142,24",160,"302,24",109932.42,1.916,142.24,302.24,2573410,BC5927S,0001,RQ,BC5927,Rafalet / Lluca / Covatelles
1029220,489885,1868555BC5916N0001TK,8,"110.037,64","1,918","142,26",160,"302,26",110037.64,1.918,142.26,302.26,1868555,BC5916N,0001,TK,BC5916,Montgó / Toscamar
1015597,481582,8812831BC5981S0001JG,8,"110.298,04","1,922","142,30",160,"302,30",110298.04,1.922,142.3,302.3,8812831,BC5981S,0001,JG,BC5981,Portitxol / Toscal / Trencall
1007222,455764,6624219BC5962S0001BQ,8,"110.650,91","1,928","142,36",160,"302,36",110650.91,1.928,142.36,302.36,6624219,BC5962S,0001,BQ,BC5962,Puerto / Aduanas
1004462,494336,9218012BC5991N0001TA,8,"110.886,74","1,933","142,39",160,"302,39",110886.74,1.933,142.39,302.39,9218012,BC5991N,0001,TA,BC5991,Costa Nova / Balcón al Mar / Ambolo
1000053,500667,3552706BC5935S0001FJ,8,"110.909,73","1,933","142,40",160,"302,40",110909.73,1.933,142.4,302.4,3552706,BC5935S,0001,FJ,BC5935,Casco urbano / Pueblo
1005968,480155,6533710BC5963S0001BK,8,"111.030,08","1,935","142,41",160,"302,41",111030.08,1.935,142.41,302.41,6533710,BC5963S,0001,BK,BC5963,Puerto / Aduanas
1032079,503306,3750472BC5934N0001DG,8,"111.414,86","1,942","142,48",160,"302,48",111414.86,1.942,142.48,302.48,3750472,BC5934N,0001,DG,BC5934,Casco urbano / Pueblo
1006704,499587,4986511BC5948N0001GK,8,"111.444,69","1,942","142,48",160,"302,48",111444.69,1.942,142.48,302.48,4986511,BC5948N,0001,GK,BC5948,Casco urbano / Pueblo
1017803,509196,4177319BC5947N0001ZQ,8,"111.568,25","1,944","142,50",160,"302,50",111568.25,1.944,142.5,302.5,4177319,BC5947N,0001,ZQ,BC5947,Casco urbano / Pueblo
1005359,487962,5684104BC5958S0001DU,8,"111.656,42","1,946","142,51",160,"302,51",111656.42,1.946,142.51,302.51,5684104,BC5958S,0001,DU,BC5958,Arenal / Canal / Montañar
10000159,495221,3519705BC5931N0001GP,8,"111.860,14","1,949","142,55",160,"302,55",111860.14,1.949,142.55,302.55,3519705,BC5931N,0001,GP,BC5931,Casco urbano / Pueblo
1009263,473992,8688924BC4988N0001MX,8,"112.351,67","1,958","142,62",160,"302,62",112351.67,1.958,142.62,302.62,8688924,BC4988N,0001,MX,BC4988,Les Fonts / Castellans
1006848,479313,7616006BC5971N0001WE,8,"112.576,45","1,962","142,66",160,"302,66",112576.45,1.962,142.66,302.66,7616006,BC5971N,0001,WE,BC5971,Tosalet / Cap Martí
1006194,425860,6241003BC5964S0001TS,8,"112.729,67","1,965","142,68",160,"302,68",112729.67,1.965,142.68,302.68,6241003,BC5964S,0001,TS,BC5964,Puerto / Aduanas
1006937,473645,7011604BC5961S0001IU,8,"112.825,09","1,966","142,70",160,"302,70",112825.09,1.966,142.7,302.7,7011604,BC5961S,0001,IU,BC5961,Puerto / Aduanas
1023552,469343,4739305BC5943N0001BW,8,"112.862,50","1,967","142,70",160,"302,70",112862.5,1.967,142.7,302.7,4739305,BC5943N,0001,BW,BC5943,Casco urbano / Pueblo
1020645,504991,9019311BC5991N0001YA,8,"112.977,67","1,969","142,72",160,"302,72",112977.67,1.969,142.72,302.72,9019311,BC5991N,0001,YA,BC5991,Costa Nova / Balcón al Mar / Ambolo
1006818,494091,8313509BC5981S0001WG,8,"113.519,81","1,978","142,81",160,"302,81",113519.81,1.978,142.81,302.81,8313509,BC5981S,0001,WG,BC5981,Portitxol / Toscal / Trencall
1007181,478559,6621110BC5962S0001SQ,8,"114.131,05","1,989","142,90",160,"302,90",114131.05,1.989,142.9,302.9,6621110,BC5962S,0001,SQ,BC5962,Puerto / Aduanas
1032074,492640,2949222BC5934N0001HG,8,"114.154,23","1,989","142,91",160,"302,91",114154.23,1.989,142.91,302.91,2949222,BC5934N,0001,HG,BC5934,Casco urbano / Pueblo
1000044,491206,4747505BC5944N0001UL,8,"114.164,10","1,990","142,91",160,"302,91",114164.1,1.99,142.91,302.91,4747505,BC5944N,0001,UL,BC5944,Casco urbano / Pueblo
1016506,500171,6227706BC5962N0001BH,8,"114.244,43","1,991","142,92",160,"302,92",114244.43,1.991,142.92,302.92,6227706,BC5962N,0001,BH,BC5962,Puerto / Aduanas
1028741,508098,5441510BC5954S0001OI,8,"114.251,59","1,991","142,92",160,"302,92",114251.59,1.991,142.92,302.92,5441510,BC5954S,0001,OI,BC5954,Arenal / Canal / Montañar
1020391,477985,6830407BC5962N0001GH,8,"114.802,50","2,001","143,01",160,"303,01",114802.5,2.001,143.01,303.01,6830407,BC5962N,0001,GH,BC5962,Puerto / Aduanas
1007186,457180,6924005BC5962S0001RQ,8,"114.905,73","2,003","143,02",160,"303,02",114905.73,2.003,143.02,303.02,6924005,BC5962S,0001,RQ,BC5962,Puerto / Aduanas
1031939,449847,8882607BC4988S0001RU,8,"115.131,75","2,006","143,06",160,"303,06",115131.75,2.006,143.06,303.06,8882607,BC4988S,0001,RU,BC4988,Les Fonts / Castellans
1015625,449847,8882607BC4988S0001RU,8,"115.131,75","2,006","143,06",160,"303,06",115131.75,2.006,143.06,303.06,8882607,BC4988S,0001,RU,BC4988,Les Fonts / Castellans
1004837,453794,9877611BC4997N0001HO,8,"115.321,10","2,010","143,09",160,"303,09",115321.1,2.01,143.09,303.09,9877611,BC4997N,0001,HO,BC4997,Les Fonts / Castellans
1006714,487924,5185201BC5948S0001SE,8,"115.614,01","2,015","143,13",160,"303,13",115614.01,2.015,143.13,303.13,5185201,BC5948S,0001,SE,BC5948,Casco urbano / Pueblo
1015586,460142,8912405BC5981S0001QG,8,"116.018,19","2,022","143,20",160,"303,20",116018.19,2.022,143.2,303.2,8912405,BC5981S,0001,QG,BC5981,Portitxol / Toscal / Trencall
1005822,476536,0979807BC5907N0001GI,8,"116.396,10","2,029","143,26",160,"303,26",116396.1,2.029,143.26,303.26,0979807,BC5907N,0001,GI,BC5907,Montgó / Toscamar
1012107,479715,5244306BC5954S0001MI,8,"116.465,93","2,030","143,27",160,"303,27",116465.93,2.03,143.27,303.27,5244306,BC5954S,0001,MI,BC5954,Arenal / Canal / Montañar
1006089,477320,5934101BC5953S0001JF,8,"116.913,46","2,038","143,34",160,"303,34",116913.46,2.038,143.34,303.34,5934101,BC5953S,0001,JF,BC5953,Arenal / Canal / Montañar
1004924,490989,3479110BC5937N0001BB,8,"117.039,40","2,040","143,36",160,"303,36",117039.4,2.04,143.36,303.36,3479110,BC5937N,0001,BB,BC5937,Casco urbano / Pueblo
1023547,460725,4840525BC5943N0001ZW,8,"117.116,18","2,041","143,37",160,"303,37",117116.18,2.041,143.37,303.37,4840525,BC5943N,0001,ZW,BC5943,Casco urbano / Pueblo
1004260,476741,8920801BC5982S0001YO,8,"117.652,37","2,050","143,45",160,"303,45",117652.37,2.05,143.45,303.45,8920801,BC5982S,0001,YO,BC5982,Costa Nova / Balcón al Mar / Ambolo
1005073,429328,2346311BC5924N0001RA,8,"117.845,35","2,054","143,48",160,"303,48",117845.35,2.054,143.48,303.48,2346311,BC5924N,0001,RA,BC5924,Rafalet / Lluca / Covatelles
1018266,511050,2794524BC5924S0001TL,8,"118.297,21","2,062","143,55",160,"303,55",118297.21,2.062,143.55,303.55,2794524,BC5924S,0001,TL,BC5924,Rafalet / Lluca / Covatelles
1018988,490097,6710501BC5960N0001KT,8,"119.004,69","2,074","143,67",160,"303,67",119004.69,2.074,143.67,303.67,6710501,BC5960N,0001,KT,BC5960,Puerto / Aduanas
1016537,443427,8127602BC5982N0001FQ,8,"119.117,22","2,076","143,68",160,"303,68",119117.22,2.076,143.68,303.68,8127602,BC5982N,0001,FQ,BC5982,Costa Nova / Balcón al Mar / Ambolo
1006006,491202,7238704BC5973N0001OF,8,"119.489,50","2,082","143,74",160,"303,74",119489.5,2.082,143.74,303.74,7238704,BC5973N,0001,OF,BC5973,Tosalet / Cap Martí
1018564,497194,5731601BC5953S0001GF,8,"119.773,76","2,087","143,79",160,"303,79",119773.76,2.087,143.79,303.79,5731601,BC5953S,0001,GF,BC5953,Arenal / Canal / Montañar
1031738,500078,0282501BC5908S0001TP,8,"120.059,25","2,092","143,83",160,"303,83",120059.25,2.092,143.83,303.83,0282501,BC5908S,0001,TP,BC5908,Montgó / Toscamar
1003698,477563,8812843BC5981S0001YG,8,"120.263,61","2,096","143,86",160,"303,86",120263.61,2.096,143.86,303.86,8812843,BC5981S,0001,YG,BC5981,Portitxol / Toscal / Trencall
1029654,508373,3216319BC5931N0001GP,8,"120.998,80","2,109","143,98",160,"303,98",120998.8,2.109,143.98,303.98,3216319,BC5931N,0001,GP,BC5931,Casco urbano / Pueblo
1031373,478848,3533916BC5933S0001BY,8,"121.176,14","2,112","144,01",160,"304,01",121176.14,2.112,144.01,304.01,3533916,BC5933S,0001,BY,BC5933,Casco urbano / Pueblo
1004454,476468,9317607BC5991N0001ZA,8,"121.305,69","2,114","144,03",160,"304,03",121305.69,2.114,144.03,304.03,9317607,BC5991N,0001,ZA,BC5991,Costa Nova / Balcón al Mar / Ambolo
1003692,49790,8609013BC5980N0001ID,8,"122.994,02","2,144","144,29",160,"304,29",122994.02,2.144,144.29,304.29,8609013,BC5980N,0001,ID,BC5980,Portitxol / Toscal / Trencall
1025800,478142,8989319BC4988N0001IX,8,"123.287,89","2,149","144,34",160,"304,34",123287.89,2.149,144.34,304.34,8989319,BC4988N,0001,IX,BC4988,Les Fonts / Castellans
1030117,466703,2028903BC5912N0001HL,8,"124.221,08","2,165","144,48",160,"304,48",124221.08,2.165,144.48,304.48,2028903,BC5912N,0001,HL,BC5912,Montgó / Toscamar
1005979,470487,6539802BC5963N0001OP,8,"124.266,49","2,166","144,49",160,"304,49",124266.49,2.166,144.49,304.49,6539802,BC5963N,0001,OP,BC5963,Puerto / Aduanas
1023984,470699,5936011BC5953N0001JY,8,"125.138,60","2,181","144,63",160,"304,63",125138.6,2.181,144.63,304.63,5936011,BC5953N,0001,JY,BC5953,Arenal / Canal / Montañar
1023113,483139,6527515BC5962N0001LH,8,"125.263,77","2,183","144,65",160,"304,65",125263.77,2.183,144.65,304.65,6527515,BC5962N,0001,LH,BC5962,Puerto / Aduanas
1006229,477942,7536001BC5973N0001SF,8,"126.073,65","2,197","144,77",160,"304,77",126073.65,2.197,144.77,304.77,7536001,BC5973N,0001,SF,BC5973,Tosalet / Cap Martí
1017049,489465,7926105BC5972N0001IB,8,"126.692,55","2,208","144,87",160,"304,87",126692.55,2.208,144.87,304.87,7926105,BC5972N,0001,IB,BC5972,Tosalet / Cap Martí
1017132,462390,7736602BC5973N0001YF,8,"126.800,27","2,210","144,89",160,"304,89",126800.27,2.21,144.89,304.89,7736602,BC5973N,0001,YF,BC5973,Tosalet / Cap Martí
1016492,464323,6126619BC5962N0001JH,8,"127.115,10","2,215","144,94",160,"304,94",127115.1,2.215,144.94,304.94,6126619,BC5962N,0001,JH,BC5962,Puerto / Aduanas
1020618,471169,8609009BC5981S0001XG,8,"128.998,77","2,248","145,23",160,"305,23",128998.77,2.248,145.23,305.23,8609009,BC5981S,0001,XG,BC5981,Portitxol / Toscal / Trencall
1007149,472729,6624221BC5962S0001AQ,8,"129.200,96","2,252","145,27",160,"305,27",129200.96,2.252,145.27,305.27,6624221,BC5962S,0001,AQ,BC5962,Puerto / Aduanas
1016945,480371,6131404BC5963S0001EK,8,"130.078,31","2,267","145,40",160,"305,40",130078.31,2.267,145.4,305.4,6131404,BC5963S,0001,EK,BC5963,Puerto / Aduanas
1007655,448784,5684101BC5958S0001OU,8,"130.656,94","2,277","145,49",160,"305,49",130656.94,2.277,145.49,305.49,5684101,BC5958S,0001,OU,BC5958,Arenal / Canal / Montañar
1004158,487116,9120502BC5991N0001AA,8,"131.192,34","2,286","145,58",160,"305,58",131192.34,2.286,145.58,305.58,9120502,BC5991N,0001,AA,BC5991,Costa Nova / Balcón al Mar / Ambolo
1010836,485340,0188801BC5908N0001OW,8,"131.621,63","2,294","145,64",160,"305,64",131621.63,2.294,145.64,305.64,0188801,BC5908N,0001,OW,BC5908,Montgó / Toscamar
1006302,500333,6232307BC5963S0001MK,8,"131.666,68","2,295","145,65",160,"305,65",131666.68,2.295,145.65,305.65,6232307,BC5963S,0001,MK,BC5963,Puerto / Aduanas
1032044,504850,3519703BC5931N0001BP,8,"132.756,05","2,314","145,82",160,"305,82",132756.05,2.314,145.82,305.82,3519703,BC5931N,0001,BP,BC5931,Casco urbano / Pueblo
1026872,482758,2748914BC5924N0001PA,8,"133.288,12","2,323","145,91",160,"305,91",133288.12,2.323,145.91,305.91,2748914,BC5924N,0001,PA,BC5924,Rafalet / Lluca / Covatelles
1016559,484829,6832003BC5963S0001LK,8,"133.908,03","2,334","146,00",160,"306,00",133908.03,2.334,146.0,306.0,6832003,BC5963S,0001,LK,BC5963,Puerto / Aduanas
1008662,506485,6323302BC5962S0001OQ,8,"135.073,58","2,354","146,19",160,"306,19",135073.58,2.354,146.19,306.19,6323302,BC5962S,0001,OQ,BC5962,Puerto / Aduanas
1032307,507794,8432706BC5983S0001JE,8,"135.384,11","2,359","146,23",160,"306,23",135384.11,2.359,146.23,306.23,8432706,BC5983S,0001,JE,BC5983,Costa Nova / Balcón al Mar / Ambolo
1013411,480046,7732215BC5973S0001FX,8,"136.301,00","2,375","146,38",160,"306,38",136301.0,2.375,146.38,306.38,7732215,BC5973S,0001,FX,BC5973,Tosalet / Cap Martí
1004486,446453,9418010BC5991N0001JA,8,"136.425,65","2,378","146,40",160,"306,40",136425.65,2.378,146.4,306.4,9418010,BC5991N,0001,JA,BC5991,Costa Nova / Balcón al Mar / Ambolo
1006439,501686,6232302BC5963S0001QK,8,"136.692,72","2,382","146,44",160,"306,44",136692.72,2.382,146.44,306.44,6232302,BC5963S,0001,QK,BC5963,Puerto / Aduanas
1006161,481572,6033007BC5953S0001OF,8,"136.746,80","2,383","146,45",160,"306,45",136746.8,2.383,146.45,306.45,6033007,BC5953S,0001,OF,BC5953,Arenal / Canal / Montañar
1021812,442969,7015804BC5971N0001DE,8,"137.286,43","2,393","146,53",160,"306,53",137286.43,2.393,146.53,306.53,7015804,BC5971N,0001,DE,BC5971,Tosalet / Cap Martí
1000304,461158,5736703BC5953N0001HY,8,"137.522,58","2,397","146,57",160,"306,57",137522.58,2.397,146.57,306.57,5736703,BC5953N,0001,HY,BC5953,Arenal / Canal / Montañar
1028814,509495,4984105BC5948S0001IE,8,"137.532,95","2,397","146,57",160,"306,57",137532.95,2.397,146.57,306.57,4984105,BC5948S,0001,IE,BC5948,Casco urbano / Pueblo
1005071,500929,2632307BC5923S0001IW,8,"137.686,07","2,400","146,60",160,"306,60",137686.07,2.4,146.6,306.6,2632307,BC5923S,0001,IW,BC5923,Rafalet / Lluca / Covatelles
1011563,453384,0677434BC5907N0001FI,8,"137.735,77","2,400","146,60",160,"306,60",137735.77,2.4,146.6,306.6,0677434,BC5907N,0001,FI,BC5907,Montgó / Toscamar
1008131,480145,5227510BC5952N0001IS,8,"138.399,54","2,412","146,71",160,"306,71",138399.54,2.412,146.71,306.71,5227510,BC5952N,0001,IS,BC5952,Arenal / Canal / Montañar
1028706,442951,4842303BC5944S0001JR,8,"138.778,10","2,419","146,77",160,"306,77",138778.1,2.419,146.77,306.77,4842303,BC5944S,0001,JR,BC5944,Casco urbano / Pueblo
1012686,484503,2035806BC5923N0001DJ,8,"139.692,79","2,435","146,91",160,"306,91",139692.79,2.435,146.91,306.91,2035806,BC5923N,0001,DJ,BC5923,Rafalet / Lluca / Covatelles
1027048,448524,5646010BC5954N0001ZM,8,"140.561,56","2,450","147,05",160,"307,05",140561.56,2.45,147.05,307.05,5646010,BC5954N,0001,ZM,BC5954,Arenal / Canal / Montañar
1003739,410070,8609006BC5981S0001KG,8,"140.650,95","2,451","147,06",160,"307,06",140650.95,2.451,147.06,307.06,8609006,BC5981S,0001,KG,BC5981,Portitxol / Toscal / Trencall
1023138,442949,1731327BC5913S0001HZ,8,"142.028,08","2,475","147,28",160,"307,28",142028.08,2.475,147.28,307.28,1731327,BC5913S,0001,HZ,BC5913,Montgó / Toscamar
1029060,479257,6708001BC5960N0001ET,8,"142.193,45","2,478","147,30",160,"307,30",142193.45,2.478,147.3,307.3,6708001,BC5960N,0001,ET,BC5960,Puerto / Aduanas
1004402,511288,9320803BC5992S0001HD,8,"142.522,80","2,484","147,35",160,"307,35",142522.8,2.484,147.35,307.35,9320803,BC5992S,0001,HD,BC5992,Costa Nova / Balcón al Mar / Ambolo
1021081,487637,6739112BC5963N0001TP,8,"143.330,81","2,498","147,48",160,"307,48",143330.81,2.498,147.48,307.48,6739112,BC5963N,0001,TP,BC5963,Puerto / Aduanas
1009573,476103,2773601BC5927S0001AQ,8,"144.052,28","2,510","147,59",160,"307,59",144052.28,2.51,147.59,307.59,2773601,BC5927S,0001,AQ,BC5927,Rafalet / Lluca / Covatelles
1003720,462396,8591407BC5981S0001RG,8,"144.731,91","2,522","147,70",160,"307,70",144731.91,2.522,147.7,307.7,8591407,BC5981S,0001,RG,BC5981,Portitxol / Toscal / Trencall
1007608,506564,5386315BC5958N0001SX,8,"144.876,43","2,525","147,72",160,"307,72",144876.43,2.525,147.72,307.72,5386315,BC5958N,0001,SX,BC5958,Arenal / Canal / Montañar
1021656,487288,0781713BC5908S0001EP,8,"145.988,04","2,544","147,90",160,"307,90",145988.04,2.544,147.9,307.9,0781713,BC5908S,0001,EP,BC5908,Montgó / Toscamar
1029171,471352,8810308BC5981S0001XG,8,"146.469,14","2,553","147,97",160,"307,97",146469.14,2.553,147.97,307.97,8810308,BC5981S,0001,XG,BC5981,Portitxol / Toscal / Trencall
1010388,500334,2963069BC5926S0001KU,8,"148.712,09","2,592","148,33",160,"308,33",148712.09,2.592,148.33,308.33,2963069,BC5926S,0001,KU,BC5926,Rafalet / Lluca / Covatelles
1013595,478661,4182029BC5948S0001DE,8,"148.774,26","2,593","148,34",160,"308,34",148774.26,2.593,148.34,308.34,4182029,BC5948S,0001,DE,BC5948,Casco urbano / Pueblo
1023124,511508,1868557BC5916N0001MK,8,"148.943,09","2,596","148,36",160,"308,36",148943.09,2.596,148.36,308.36,1868557,BC5916N,0001,MK,BC5916,Montgó / Toscamar
1017352,474044,7734508BC5973S0001MX,8,"149.189,63","2,600","148,40",160,"308,40",149189.63,2.6,148.4,308.4,7734508,BC5973S,0001,MX,BC5973,Tosalet / Cap Martí
1029131,501764,1195308BC5917N0001HS,8,"150.571,88","2,624","148,62",160,"308,62",150571.88,2.624,148.62,308.62,1195308,BC5917N,0001,HS,BC5917,Montgó / Toscamar
1011598,426836,0011008BC5955S0001ZW,8,"150.614,11","2,625","148,62",160,"308,62",150614.11,2.625,148.62,308.62,0011008,BC5955S,0001,ZW,BC5955,Arenal / Canal / Montañar
1029647,459893,3829362BC5933S0001HY,8,"151.971,07","2,649","148,84",160,"308,84",151971.07,2.649,148.84,308.84,3829362,BC5933S,0001,HY,BC5933,Casco urbano / Pueblo
10000789,508481,3216305BC5931N0001IP,8,"153.074,75","2,668","149,01",160,"309,01",153074.75,2.668,149.01,309.01,3216305,BC5931N,0001,IP,BC5931,Casco urbano / Pueblo
1029216,459418,9780805BC4997N0001TO,8,"157.061,11","2,737","149,63",160,"309,63",157061.11,2.737,149.63,309.63,9780805,BC4997N,0001,TO,BC4997,Les Fonts / Castellans
1013681,485562,3781802BC5938S0001BX,8,"160.223,07","2,792","150,13",160,"310,13",160223.07,2.792,150.13,310.13,3781802,BC5938S,0001,BX,BC5938,Casco urbano / Pueblo
1030466,453220,03082A015000310001LA,8,"162.085,78","2,825","150,42",160,"310,42",162085.78,2.825,150.42,310.42,03082A0,1500031,0001,LA,150003,Sin clasificar / revisar
1000258,500509,5538001BC5953N0001LY,8,"167.900,77","2,926","151,34",160,"311,34",167900.77,2.926,151.34,311.34,5538001,BC5953N,0001,LY,BC5953,Arenal / Canal / Montañar
1032067,487106,7028314BC5972N0001FB,8,"170.509,43","2,972","151,74",160,"311,74",170509.43,2.972,151.74,311.74,7028314,BC5972N,0001,FB,BC5972,Tosalet / Cap Martí
1016683,466191,6731010BC5963S0001SK,8,"172.304,49","3,003","152,03",160,"312,03",172304.49,3.003,152.03,312.03,6731010,BC5963S,0001,SK,BC5963,Puerto / Aduanas
1000576,444721,2267960BC5926N0001EX,8,"172.398,41","3,005","152,04",160,"312,04",172398.41,3.005,152.04,312.04,2267960,BC5926N,0001,EX,BC5926,Rafalet / Lluca / Covatelles
1030900,447697,1731315BC5913S0001RZ,8,"172.748,21","3,011","152,10",160,"312,10",172748.21,3.011,152.1,312.1,1731315,BC5913S,0001,RZ,BC5913,Montgó / Toscamar
1030464,471481,03082A015001530001LZ,8,"173.763,82","3,028","152,25",160,"312,25",173763.82,3.028,152.25,312.25,03082A0,1500153,0001,LZ,150015,Sin clasificar / revisar
1000411,504938,5733007BC5953S0001OF,8,"177.318,95","3,090","152,81",160,"312,81",177318.95,3.09,152.81,312.81,5733007,BC5953S,0001,OF,BC5953,Arenal / Canal / Montañar
10000024,511201,5743507BC5954S0001KI,8,"177.959,66","3,101","152,91",160,"312,91",177959.66,3.101,152.91,312.91,5743507,BC5954S,0001,KI,BC5954,Arenal / Canal / Montañar
10000196,510768,3750469BC5934N0001DG,8,"178.196,68","3,106","152,95",160,"312,95",178196.68,3.106,152.95,312.95,3750469,BC5934N,0001,DG,BC5934,Casco urbano / Pueblo
1023869,452914,4784806BC5948S0001GE,8,"179.083,41","3,121","153,09",160,"313,09",179083.41,3.121,153.09,313.09,4784806,BC5948S,0001,GE,BC5948,Casco urbano / Pueblo
1005741,494861,0982801BC5908S0001UP,8,"179.419,20","3,127","153,14",160,"313,14",179419.2,3.127,153.14,313.14,0982801,BC5908S,0001,UP,BC5908,Montgó / Toscamar
1021283,475029,2236902BC5923N0001HJ,8,"185.917,90","3,240","154,16",160,"314,16",185917.9,3.24,154.16,314.16,2236902,BC5923N,0001,HJ,BC5923,Rafalet / Lluca / Covatelles
1003428,445697,7327520BC5972N0001BB,8,"188.616,32","3,287","154,58",160,"314,58",188616.32,3.287,154.58,314.58,7327520,BC5972N,0001,BB,BC5972,Tosalet / Cap Martí
1017059,502746,6628208BC5962N0001FH,8,"189.909,28","3,310","154,79",160,"314,79",189909.28,3.31,154.79,314.79,6628208,BC5962N,0001,FH,BC5962,Puerto / Aduanas
1024207,464489,3829354BC5933S0001JY,8,"200.801,92","3,500","156,50",160,"316,50",200801.92,3.5,156.5,316.5,3829354,BC5933S,0001,JY,BC5933,Casco urbano / Pueblo
1000582,485629,2863113BC5926S0001YU,8,"215.016,69","3,747","158,73",160,"318,73",215016.69,3.747,158.73,318.73,2863113,BC5926S,0001,YU,BC5926,Rafalet / Lluca / Covatelles
1007208,446200,6826514BC5962N0001RH,8,"219.766,64","3,830","159,47",160,"319,47",219766.64,3.83,159.47,319.47,6826514,BC5962N,0001,RH,BC5962,Puerto / Aduanas
1013425,486203,7731005BC5973S0001UX,8,"224.054,97","3,905","160,14",160,"320,14",224054.97,3.905,160.14,320.14,7731005,BC5973S,0001,UX,BC5973,Tosalet / Cap Martí
1006165,484475,6542501BC5964S0001AS,8,"228.717,34","3,986","160,87",160,"320,87",228717.34,3.986,160.87,320.87,6542501,BC5964S,0001,AS,BC5964,Puerto / Aduanas
1015335,501778,8432502BC5983S0001LE,8,"229.068,82","3,992","160,93",160,"320,93",229068.82,3.992,160.93,320.93,8432502,BC5983S,0001,LE,BC5983,Costa Nova / Balcón al Mar / Ambolo
1006318,484112,6235503BC5963S0001PK,8,"230.347,00","4,014","161,13",160,"321,13",230347.0,4.014,161.13,321.13,6235503,BC5963S,0001,PK,BC5963,Puerto / Aduanas
1003160,487646,6553602BC5965S0001KY,8,"251.919,42","4,390","164,51",160,"324,51",251919.42,4.39,164.51,324.51,6553602,BC5965S,0001,KY,BC5965,Puerto / Aduanas
1027447,490362,9686171BC4998S0001YA,8,"263.103,66","4,585","166,27",160,"326,27",263103.66,4.585,166.27,326.27,9686171,BC4998S,0001,YA,BC4998,Les Fonts / Castellans
1007585,472997,5587001BC5958N0001TX,8,"284.308,37","4,955","169,59",160,"329,59",284308.37,4.955,169.59,329.59,5587001,BC5958N,0001,TX,BC5958,Arenal / Canal / Montañar
10000030,511015,5487710BC5958N0001EX,8,"294.894,16","5,139","171,25",160,"331,25",294894.16,5.139,171.25,331.25,5487710,BC5958N,0001,EX,BC5958,Arenal / Canal / Montañar
1000013,451023,3763028BC5937S0001HT,9,"10.118,28","0,176","126,59",180,"306,59",10118.28,0.176,126.59,306.59,3763028,BC5937S,0001,HT,BC5937,Casco urbano / Pueblo
1014667,451023,3763028BC5937S0001HT,9,"10.118,28","0,176","126,59",180,"306,59",10118.28,0.176,126.59,306.59,3763028,BC5937S,0001,HT,BC5937,Casco urbano / Pueblo
1020221,504038,5380702BC5957N0009ID,9,"28.613,70","0,499","129,49",180,"309,49",28613.7,0.499,129.49,309.49,5380702,BC5957N,0009,ID,BC5957,Arenal / Canal / Montañar
1007855,504037,5379510BC5957N0005TO,9,"33.537,31","0,584","130,26",180,"310,26",33537.31,0.584,130.26,310.26,5379510,BC5957N,0005,TO,BC5957,Arenal / Canal / Montañar
1015109,476982,5370728BC5956N0007DJ,9,"36.059,35","0,628","130,66",180,"310,66",36059.35,0.628,130.66,310.66,5370728,BC5956N,0007,DJ,BC5956,Arenal / Canal / Montañar
1021423,476873,5560001BC5955N0109ET,9,"38.984,47","0,679","131,11",180,"311,11",38984.47,0.679,131.11,311.11,5560001,BC5955N,0109,ET,BC5955,Arenal / Canal / Montañar
1008182,478980,6660008BC5964N0020RJ,9,"51.022,79","0,889","133,00",180,"313,00",51022.79,0.889,133.0,313.0,6660008,BC5964N,0020,RJ,BC5964,Puerto / Aduanas
1006809,496008,8114706BC5981S0001RG,9,"53.631,76","0,935","133,41",180,"313,41",53631.76,0.935,133.41,313.41,8114706,BC5981S,0001,RG,BC5981,Portitxol / Toscal / Trencall
1026507,501472,5750201BC5955S0027GX,9,"54.806,30","0,955","133,60",180,"313,60",54806.3,0.955,133.6,313.6,5750201,BC5955S,0027,GX,BC5955,Arenal / Canal / Montañar
1006776,505569,7616018BC5971N0001FE,9,"56.994,85","0,993","133,94",180,"313,94",56994.85,0.993,133.94,313.94,7616018,BC5971N,0001,FE,BC5971,Tosalet / Cap Martí
1002962,504186,6550301BC5965S0054BZ,9,"59.219,82","1,032","134,29",180,"314,29",59219.82,1.032,134.29,314.29,6550301,BC5965S,0054,BZ,BC5965,Puerto / Aduanas
1025184,510215,5960711BC5955N0039AM,9,"62.174,25","1,084","134,75",180,"314,75",62174.25,1.084,134.75,314.75,5960711,BC5955N,0039,AM,BC5955,Arenal / Canal / Montañar
1005906,457542,2267936BC5926N0001YX,9,"70.325,93","1,226","136,03",180,"316,03",70325.93,1.226,136.03,316.03,2267936,BC5926N,0001,YX,BC5926,Rafalet / Lluca / Covatelles
1006140,500571,6332308BC5963S0001QK,9,"82.033,89","1,430","137,87",180,"317,87",82033.89,1.43,137.87,317.87,6332308,BC5963S,0001,QK,BC5963,Puerto / Aduanas
1008606,476307,3068436BC5936N0001BE,9,"83.792,40","1,460","138,14",180,"318,14",83792.4,1.46,138.14,318.14,3068436,BC5936N,0001,BE,BC5936,Casco urbano / Pueblo
1006147,478969,6533717BC5963S0001FK,9,"84.568,28","1,474","138,26",180,"318,26",84568.28,1.474,138.26,318.26,6533717,BC5963S,0001,FK,BC5963,Puerto / Aduanas
1007924,488921,7429618BC5972N0001SB,9,"87.128,76","1,518","138,67",180,"318,67",87128.76,1.518,138.67,318.67,7429618,BC5972N,0001,SB,BC5972,Tosalet / Cap Martí
1026818,477434,2549602BC5924N0001UA,9,"89.186,99","1,554","138,99",180,"318,99",89186.99,1.554,138.99,318.99,2549602,BC5924N,0001,UA,BC5924,Rafalet / Lluca / Covatelles
1026166,461564,7818810BC5971N0001FE,9,"89.468,69","1,559","139,03",180,"319,03",89468.69,1.559,139.03,319.03,7818810,BC5971N,0001,FE,BC5971,Tosalet / Cap Martí
1019070,494008,7027606BC5972N0001XB,9,"89.528,45","1,560","139,04",180,"319,04",89528.45,1.56,139.04,319.04,7027606,BC5972N,0001,XB,BC5972,Tosalet / Cap Martí
1000332,482396,5539808BC5953N0001RY,9,"91.052,92","1,587","139,28",180,"319,28",91052.92,1.587,139.28,319.28,5539808,BC5953N,0001,RY,BC5953,Arenal / Canal / Montañar
1026900,467785,5747208BC5954N0002DQ,9,"92.109,88","1,605","139,45",180,"319,45",92109.88,1.605,139.45,319.45,5747208,BC5954N,0002,DQ,BC5954,Arenal / Canal / Montañar
1019171,507486,8115004BC5981S0001OG,9,"97.399,94","1,697","140,28",180,"320,28",97399.94,1.697,140.28,320.28,8115004,BC5981S,0001,OG,BC5981,Portitxol / Toscal / Trencall
1016770,511111,6937009BC5963N0001ZP,9,"101.328,93","1,766","140,89",180,"320,89",101328.93,1.766,140.89,320.89,6937009,BC5963N,0001,ZP,BC5963,Puerto / Aduanas
1013637,468250,4281615BC5948S0001JE,9,"102.877,46","1,793","141,14",180,"321,14",102877.46,1.793,141.14,321.14,4281615,BC5948S,0001,JE,BC5948,Casco urbano / Pueblo
1000218,465382,5641008BC5954S0001TI,9,"103.426,00","1,802","141,22",180,"321,22",103426.0,1.802,141.22,321.22,5641008,BC5954S,0001,TI,BC5954,Arenal / Canal / Montañar
1016448,499934,7626306BC5972N0001EB,9,"104.899,53","1,828","141,45",180,"321,45",104899.53,1.828,141.45,321.45,7626306,BC5972N,0001,EB,BC5972,Tosalet / Cap Martí
1006914,454452,7513008BC5971S0001DA,9,"104.955,18","1,829","141,46",180,"321,46",104955.18,1.829,141.46,321.46,7513008,BC5971S,0001,DA,BC5971,Tosalet / Cap Martí
1004007,488984,8619050BC5981N0001GU,9,"106.189,28","1,851","141,66",180,"321,66",106189.28,1.851,141.66,321.66,8619050,BC5981N,0001,GU,BC5981,Portitxol / Toscal / Trencall
1029769,504002,3533918BC5933S0001GY,9,"111.139,41","1,937","142,43",180,"322,43",111139.41,1.937,142.43,322.43,3533918,BC5933S,0001,GY,BC5933,Casco urbano / Pueblo
1006856,487599,8010106BC5971S0001FA,9,"111.610,62","1,945","142,51",180,"322,51",111610.62,1.945,142.51,322.51,8010106,BC5971S,0001,FA,BC5971,Tosalet / Cap Martí
1010241,478550,1170507BC5916N0001SK,9,"114.089,73","1,988","142,89",180,"322,89",114089.73,1.988,142.89,322.89,1170507,BC5916N,0001,SK,BC5916,Montgó / Toscamar
1015599,471353,8911405BC5981S0001LG,9,"118.866,53","2,072","143,64",180,"323,64",118866.53,2.072,143.64,323.64,8911405,BC5981S,0001,LG,BC5981,Portitxol / Toscal / Trencall
1020319,498194,7327521BC5972N0001YB,9,"123.911,68","2,159","144,44",180,"324,44",123911.68,2.159,144.44,324.44,7327521,BC5972N,0001,YB,BC5972,Tosalet / Cap Martí
1022946,470590,9780801BC4998S0001GA,9,"133.482,65","2,326","145,94",180,"325,94",133482.65,2.326,145.94,325.94,9780801,BC4998S,0001,GA,BC4998,Les Fonts / Castellans
1005639,487105,6928501BC5962N0001IH,9,"268.166,92","4,674","167,06",180,"347,06",268166.92,4.674,167.06,347.06,6928501,BC5962N,0001,IH,BC5962,Puerto / Aduanas
1007830,509776,5279507BC5957N0007GA,10,"10.171,96","0,177","126,60",200,"326,60",10171.96,0.177,126.6,326.6,5279507,BC5957N,0007,GA,BC5957,Arenal / Canal / Montañar
1014718,482571,3864120BC5937S0001FT,10,"15.532,37","0,271","127,44",200,"327,44",15532.37,0.271,127.44,327.44,3864120,BC5937S,0001,FT,BC5937,Casco urbano / Pueblo
1000550,504816,2963068BC5926S0001OU,10,"19.498,91","0,340","128,06",200,"328,06",19498.91,0.34,128.06,328.06,2963068,BC5926S,0001,OU,BC5926,Rafalet / Lluca / Covatelles
1005470,511471,3864409BC5937S0001RT,10,"20.886,75","0,364","128,28",200,"328,28",20886.75,0.364,128.28,328.28,3864409,BC5937S,0001,RT,BC5937,Casco urbano / Pueblo
1014720,496079,3864503BC5937S0001MT,10,"20.992,64","0,366","128,29",200,"328,29",20992.64,0.366,128.29,328.29,3864503,BC5937S,0001,MT,BC5937,Casco urbano / Pueblo
1015095,495098,3664002BC5937S0006GP,10,"21.064,43","0,367","128,30",200,"328,30",21064.43,0.367,128.3,328.3,3664002,BC5937S,0006,GP,BC5937,Casco urbano / Pueblo
1007700,505103,3763019BC5937S0001IT,10,"22.573,89","0,393","128,54",200,"328,54",22573.89,0.393,128.54,328.54,3763019,BC5937S,0001,IT,BC5937,Casco urbano / Pueblo
1001410,494541,5852001BC5955S0065SW,10,"25.781,41","0,449","129,04",200,"329,04",25781.41,0.449,129.04,329.04,5852001,BC5955S,0065,SW,BC5955,Arenal / Canal / Montañar
1024021,478297,4876901BC5947N0068DR,10,"26.912,79","0,469","129,22",200,"329,22",26912.79,0.469,129.22,329.22,4876901,BC5947N,0068,DR,BC5947,Casco urbano / Pueblo
1010664,496405,2866706BC5926N0001OX,10,"28.189,98","0,491","129,42",200,"329,42",28189.98,0.491,129.42,329.42,2866706,BC5926N,0001,OX,BC5926,Rafalet / Lluca / Covatelles
1010284,481364,3563414BC5937S0001KT,10,"28.534,60","0,497","129,48",200,"329,48",28534.6,0.497,129.48,329.48,3563414,BC5937S,0001,KT,BC5937,Casco urbano / Pueblo
1009924,501349,5328601BC5957N0009OD,10,"29.261,78","0,510","129,59",200,"329,59",29261.78,0.51,129.59,329.59,5328601,BC5957N,0009,OD,BC5957,Arenal / Canal / Montañar
1019738,504004,5180411BC5958S0025UW,10,"33.051,55","0,576","130,18",200,"330,18",33051.55,0.576,130.18,330.18,5180411,BC5958S,0025,UW,BC5958,Arenal / Canal / Montañar
1017401,490855,3765517BC5937S0001BT,10,"34.005,16","0,593","130,33",200,"330,33",34005.16,0.593,130.33,330.33,3765517,BC5937S,0001,BT,BC5937,Casco urbano / Pueblo
1000729,471320,4174415BC5947S0005QD,10,"36.086,17","0,629","130,66",200,"330,66",36086.17,0.629,130.66,330.66,4174415,BC5947S,0005,QD,BC5947,Casco urbano / Pueblo
1027060,495468,5457801BC5955S0013KA,10,"36.181,20","0,631","130,67",200,"330,67",36181.2,0.631,130.67,330.67,5457801,BC5955S,0013,KA,BC5955,Arenal / Canal / Montañar
1013953,500029,2843715BC5924S0001QL,10,"41.955,84","0,731","131,58",200,"331,58",41955.84,0.731,131.58,331.58,2843715,BC5924S,0001,QL,BC5924,Rafalet / Lluca / Covatelles
1006639,495566,9284131BC4998S0001YA,10,"42.010,18","0,732","131,59",200,"331,59",42010.18,0.732,131.59,331.59,9284131,BC4998S,0001,YA,BC4998,Les Fonts / Castellans
1013992,499699,2843718BC5924S0001TL,10,"42.349,34","0,738","131,64",200,"331,64",42349.34,0.738,131.64,331.64,2843718,BC5924S,0001,TL,BC5924,Rafalet / Lluca / Covatelles
1018384,446459,4833313BC5943S0001RP,10,"44.358,87","0,773","131,96",200,"331,96",44358.87,0.773,131.96,331.96,4833313,BC5943S,0001,RP,BC5943,Casco urbano / Pueblo
1014028,488053,2942308BC5924S0001TL,10,"46.324,58","0,807","132,27",200,"332,27",46324.58,0.807,132.27,332.27,2942308,BC5924S,0001,TL,BC5924,Rafalet / Lluca / Covatelles
1023077,499825,5267011BC5956N0010TJ,10,"47.587,02","0,829","132,46",200,"332,46",47587.02,0.829,132.46,332.46,5267011,BC5956N,0010,TJ,BC5956,Arenal / Canal / Montañar
1023073,510331,5267011BC5956N0006RH,10,"47.587,02","0,829","132,46",200,"332,46",47587.02,0.829,132.46,332.46,5267011,BC5956N,0006,RH,BC5956,Arenal / Canal / Montañar
1022981,496559,5267003BC5956N0005RG,10,"47.917,57","0,835","132,52",200,"332,52",47917.57,0.835,132.52,332.52,5267003,BC5956N,0005,RG,BC5956,Arenal / Canal / Montañar
1012045,496560,9284106BC4998N0001ME,10,"48.579,70","0,847","132,62",200,"332,62",48579.7,0.847,132.62,332.62,9284106,BC4998N,0001,ME,BC4998,Les Fonts / Castellans
1011892,484052,7043217BC5974S0001DH,10,"49.355,97","0,860","132,74",200,"332,74",49355.97,0.86,132.74,332.74,7043217,BC5974S,0001,DH,BC5974,Portitxol / Toscal / Trencall
1002949,476948,6749508BC5964N0001QR,10,"49.383,68","0,861","132,75",200,"332,75",49383.68,0.861,132.75,332.75,6749508,BC5964N,0001,QR,BC5964,Puerto / Aduanas
1013206,495757,5370715BC5956N0001OA,10,"50.251,35","0,876","132,88",200,"332,88",50251.35,0.876,132.88,332.88,5370715,BC5956N,0001,OA,BC5956,Arenal / Canal / Montañar
1007388,477979,7620107BC5972S0001BT,10,"50.716,20","0,884","132,95",200,"332,95",50716.2,0.884,132.95,332.95,7620107,BC5972S,0001,BT,BC5972,Tosalet / Cap Martí
1010406,498004,1437202BC5913N0001PD,10,"50.993,53","0,889","133,00",200,"333,00",50993.53,0.889,133.0,333.0,1437202,BC5913N,0001,PD,BC5913,Montgó / Toscamar
1013540,475456,3981105BC5938S0001EX,10,"51.851,19","0,904","133,13",200,"333,13",51851.19,0.904,133.13,333.13,3981105,BC5938S,0001,EX,BC5938,Casco urbano / Pueblo
1002575,510726,6660008BC5964N0015WG,10,"52.831,62","0,921","133,29",200,"333,29",52831.62,0.921,133.29,333.29,6660008,BC5964N,0015,WG,BC5964,Puerto / Aduanas
1006899,491580,6710514BC5960N0001HT,10,"53.655,40","0,935","133,42",200,"333,42",53655.4,0.935,133.42,333.42,6710514,BC5960N,0001,HT,BC5960,Puerto / Aduanas
1013341,480092,6345728BC5964S0001OS,10,"53.686,21","0,936","133,42",200,"333,42",53686.21,0.936,133.42,333.42,6345728,BC5964S,0001,OS,BC5964,Puerto / Aduanas
1008066,470666,9580907BC4998S0001BA,10,"54.194,59","0,944","133,50",200,"333,50",54194.59,0.944,133.5,333.5,9580907,BC4998S,0001,BA,BC4998,Les Fonts / Castellans
1016881,478241,6637010BC5963N0001RP,10,"54.471,62","0,949","133,54",200,"333,54",54471.62,0.949,133.54,333.54,6637010,BC5963N,0001,RP,BC5963,Puerto / Aduanas
1010640,479497,2031914BC5923S0001LW,10,"54.514,88","0,950","133,55",200,"333,55",54514.88,0.95,133.55,333.55,2031914,BC5923S,0001,LW,BC5923,Rafalet / Lluca / Covatelles
1007553,503149,1871414BC5927S0001HQ,10,"54.566,27","0,951","133,56",200,"333,56",54566.27,0.951,133.56,333.56,1871414,BC5927S,0001,HQ,BC5927,Rafalet / Lluca / Covatelles
1015363,470652,2764610BC5926S0001SU,10,"54.807,28","0,955","133,60",200,"333,60",54807.28,0.955,133.6,333.6,2764610,BC5926S,0001,SU,BC5926,Rafalet / Lluca / Covatelles
1017753,506515,2669809BC5926N0001WX,10,"55.401,63","0,966","133,69",200,"333,69",55401.63,0.966,133.69,333.69,2669809,BC5926N,0001,WX,BC5926,Rafalet / Lluca / Covatelles
1026453,489485,4871006BC5947S0047TB,10,"55.787,49","0,972","133,75",200,"333,75",55787.49,0.972,133.75,333.75,4871006,BC5947S,0047,TB,BC5947,Casco urbano / Pueblo
1017613,487875,6451301BC5965S0016UK,10,"56.210,36","0,980","133,82",200,"333,82",56210.36,0.98,133.82,333.82,6451301,BC5965S,0016,UK,BC5965,Puerto / Aduanas
1020986,479625,4676112BC5947N0001BQ,10,"56.223,71","0,980","133,82",200,"333,82",56223.71,0.98,133.82,333.82,4676112,BC5947N,0001,BQ,BC5947,Casco urbano / Pueblo
1013778,498922,5373001BC5957S0001SD,10,"56.621,41","0,987","133,88",200,"333,88",56621.41,0.987,133.88,333.88,5373001,BC5957S,0001,SD,BC5957,Arenal / Canal / Montañar
1021153,456147,2145903BC5924N0001JA,10,"56.861,83","0,991","133,92",200,"333,92",56861.83,0.991,133.92,333.92,2145903,BC5924N,0001,JA,BC5924,Rafalet / Lluca / Covatelles
1024219,500624,2742611BC5924S0001PL,10,"57.670,23","1,005","134,05",200,"334,05",57670.23,1.005,134.05,334.05,2742611,BC5924S,0001,PL,BC5924,Rafalet / Lluca / Covatelles
1028132,508795,5960713BC5955N0008UQ,10,"57.871,66","1,009","134,08",200,"334,08",57871.66,1.009,134.08,334.08,5960713,BC5955N,0008,UQ,BC5955,Arenal / Canal / Montañar
1021395,480292,5560001BC5955N0081WR,10,"59.068,24","1,029","134,26",200,"334,26",59068.24,1.029,134.26,334.26,5560001,BC5955N,0081,WR,BC5955,Arenal / Canal / Montañar
1026169,475763,8013002BC5971S0001SA,10,"59.156,09","1,031","134,28",200,"334,28",59156.09,1.031,134.28,334.28,8013002,BC5971S,0001,SA,BC5971,Tosalet / Cap Martí
1019102,499562,5856804BC5955N0017SU,10,"59.305,44","1,034","134,30",200,"334,30",59305.44,1.034,134.3,334.3,5856804,BC5955N,0017,SU,BC5955,Arenal / Canal / Montañar
1007980,496709,9682515BC4998S0001TA,10,"59.685,06","1,040","134,36",200,"334,36",59685.06,1.04,134.36,334.36,9682515,BC4998S,0001,TA,BC4998,Les Fonts / Castellans
1006069,481616,6442001BC5969S0001XT,10,"59.822,23","1,043","134,38",200,"334,38",59822.23,1.043,134.38,334.38,6442001,BC5969S,0001,XT,BC5969,Sin clasificar / revisar
1009465,497187,2622314BC5922N0001OM,10,"60.843,48","1,060","134,54",200,"334,54",60843.48,1.06,134.54,334.54,2622314,BC5922N,0001,OM,BC5922,Rafalet / Lluca / Covatelles
1004610,489428,2870028BC5926N0001GX,10,"61.933,04","1,079","134,71",200,"334,71",61933.04,1.079,134.71,334.71,2870028,BC5926N,0001,GX,BC5926,Rafalet / Lluca / Covatelles
1015698,471588,4341003BC5944S0001JR,10,"62.101,64","1,082","134,74",200,"334,74",62101.64,1.082,134.74,334.74,4341003,BC5944S,0001,JR,BC5944,Casco urbano / Pueblo
1004964,441899,5628007BC5952N0001US,10,"62.174,15","1,084","134,75",200,"334,75",62174.15,1.084,134.75,334.75,5628007,BC5952N,0001,US,BC5952,Arenal / Canal / Montañar
1017294,502777,7132005BC5973S0001FX,10,"62.185,98","1,084","134,75",200,"334,75",62185.98,1.084,134.75,334.75,7132005,BC5973S,0001,FX,BC5973,Tosalet / Cap Martí
1017293,495931,7934705BC5973S0001AX,10,"62.568,33","1,090","134,81",200,"334,81",62568.33,1.09,134.81,334.81,7934705,BC5973S,0001,AX,BC5973,Tosalet / Cap Martí
1016975,486143,6131407BC5963S0001UK,10,"63.150,04","1,101","134,91",200,"334,91",63150.04,1.101,134.91,334.91,6131407,BC5963S,0001,UK,BC5963,Puerto / Aduanas
1024256,499991,6817922BC5971N0001SE,10,"63.250,03","1,102","134,92",200,"334,92",63250.03,1.102,134.92,334.92,6817922,BC5971N,0001,SE,BC5971,Tosalet / Cap Martí
1005556,489089,2571646BC5927S0001GQ,10,"63.827,88","1,112","135,01",200,"335,01",63827.88,1.112,135.01,335.01,2571646,BC5927S,0001,GQ,BC5927,Rafalet / Lluca / Covatelles
1012024,471347,0084967BC5908N0001LW,10,"64.192,50","1,119","135,07",200,"335,07",64192.5,1.119,135.07,335.07,0084967,BC5908N,0001,LW,BC5908,Montgó / Toscamar
1017447,500511,7826610BC5972N0001IB,10,"64.477,20","1,124","135,11",200,"335,11",64477.2,1.124,135.11,335.11,7826610,BC5972N,0001,IB,BC5972,Tosalet / Cap Martí
1007978,480486,9787913BC4998N0001BE,10,"64.647,92","1,127","135,14",200,"335,14",64647.92,1.127,135.14,335.14,9787913,BC4998N,0001,BE,BC4998,Les Fonts / Castellans
1006097,494570,7734520BC5973S0001IX,10,"65.031,53","1,133","135,20",200,"335,20",65031.53,1.133,135.2,335.2,7734520,BC5973S,0001,IX,BC5973,Tosalet / Cap Martí
1020801,492113,9188801BC4998N0001AE,10,"65.294,39","1,138","135,24",200,"335,24",65294.39,1.138,135.24,335.24,9188801,BC4998N,0001,AE,BC4998,Les Fonts / Castellans
1000334,497012,5646013BC5954N0001WM,10,"65.577,25","1,143","135,29",200,"335,29",65577.25,1.143,135.29,335.29,5646013,BC5954N,0001,WM,BC5954,Arenal / Canal / Montañar
1019529,490790,6923725BC5962S0001GQ,10,"66.219,52","1,154","135,39",200,"335,39",66219.52,1.154,135.39,335.39,6923725,BC5962S,0001,GQ,BC5962,Puerto / Aduanas
1004082,472185,8518210BC5981N0001RU,10,"66.224,51","1,154","135,39",200,"335,39",66224.51,1.154,135.39,335.39,8518210,BC5981N,0001,RU,BC5981,Portitxol / Toscal / Trencall
1012603,503379,5340402BC5953N0001OY,10,"67.001,84","1,168","135,51",200,"335,51",67001.84,1.168,135.51,335.51,5340402,BC5953N,0001,OY,BC5953,Arenal / Canal / Montañar
1007762,487868,8525329BC5982N0001AQ,10,"67.045,86","1,168","135,52",200,"335,52",67045.86,1.168,135.52,335.52,8525329,BC5982N,0001,AQ,BC5982,Costa Nova / Balcón al Mar / Ambolo
1010389,510915,2863109BC5926S0001BU,10,"67.346,96","1,174","135,56",200,"335,56",67346.96,1.174,135.56,335.56,2863109,BC5926S,0001,BU,BC5926,Rafalet / Lluca / Covatelles
1020877,462186,1179441BC5918S0001ZF,10,"67.797,20","1,182","135,63",200,"335,63",67797.2,1.182,135.63,335.63,1179441,BC5918S,0001,ZF,BC5918,Montgó / Toscamar
1021957,508937,5233808BC5953S0001ZF,10,"68.559,92","1,195","135,75",200,"335,75",68559.92,1.195,135.75,335.75,5233808,BC5953S,0001,ZF,BC5953,Arenal / Canal / Montañar
1006451,491631,7137012BC5973N0001YF,10,"68.680,13","1,197","135,77",200,"335,77",68680.13,1.197,135.77,335.77,7137012,BC5973N,0001,YF,BC5973,Tosalet / Cap Martí
1016174,481172,0677420BC5907N0001UI,10,"68.822,56","1,199","135,79",200,"335,79",68822.56,1.199,135.79,335.79,0677420,BC5907N,0001,UI,BC5907,Montgó / Toscamar
1012100,485876,2578914BC5927N0001HH,10,"69.856,84","1,217","135,96",200,"335,96",69856.84,1.217,135.96,335.96,2578914,BC5927N,0001,HH,BC5927,Rafalet / Lluca / Covatelles
1016741,497756,7331410BC5973S0001RX,10,"70.197,54","1,223","136,01",200,"336,01",70197.54,1.223,136.01,336.01,7331410,BC5973S,0001,RX,BC5973,Tosalet / Cap Martí
1029204,510929,4933017BC5943S0001BP,10,"70.354,94","1,226","136,04",200,"336,04",70354.94,1.226,136.04,336.04,4933017,BC5943S,0001,BP,BC5943,Casco urbano / Pueblo
1011024,505024,5960703BC5956S0001YL,10,"70.585,26","1,230","136,07",200,"336,07",70585.26,1.23,136.07,336.07,5960703,BC5956S,0001,YL,BC5956,Arenal / Canal / Montañar
1006041,482961,7338527BC5973N0001IF,10,"70.887,80","1,235","136,12",200,"336,12",70887.8,1.235,136.12,336.12,7338527,BC5973N,0001,IF,BC5973,Tosalet / Cap Martí
1000012,511098,4351307BC5945S0001IZ,10,"71.279,81","1,242","136,18",200,"336,18",71279.81,1.242,136.18,336.18,4351307,BC5945S,0001,IZ,BC5945,Casco urbano / Pueblo
1020779,447968,9882414BC4998S0001XA,10,"71.558,01","1,247","136,22",200,"336,22",71558.01,1.247,136.22,336.22,9882414,BC4998S,0001,XA,BC4998,Les Fonts / Castellans
1007358,446456,7319410BC5971N0001BE,10,"72.008,48","1,255","136,29",200,"336,29",72008.48,1.255,136.29,336.29,7319410,BC5971N,0001,BE,BC5971,Tosalet / Cap Martí
1010342,507238,7929306BC5972N0001JB,10,"72.230,36","1,259","136,33",200,"336,33",72230.36,1.259,136.33,336.33,7929306,BC5972N,0001,JB,BC5972,Tosalet / Cap Martí
1005849,500276,2465909BC5926N0001WX,10,"72.671,67","1,266","136,40",200,"336,40",72671.67,1.266,136.4,336.4,2465909,BC5926N,0001,WX,BC5926,Rafalet / Lluca / Covatelles
1007049,452807,7818712BC5971N0001TE,10,"73.154,18","1,275","136,47",200,"336,47",73154.18,1.275,136.47,336.47,7818712,BC5971N,0001,TE,BC5971,Tosalet / Cap Martí
1013963,483435,2944016BC5924S0001WL,10,"73.300,98","1,277","136,50",200,"336,50",73300.98,1.277,136.5,336.5,2944016,BC5924S,0001,WL,BC5924,Rafalet / Lluca / Covatelles
1010340,472161,8128036BC5982N0001DQ,10,"73.859,31","1,287","136,58",200,"336,58",73859.31,1.287,136.58,336.58,8128036,BC5982N,0001,DQ,BC5982,Costa Nova / Balcón al Mar / Ambolo
1018156,508536,1533909BC5913S0001RZ,10,"74.088,76","1,291","136,62",200,"336,62",74088.76,1.291,136.62,336.62,1533909,BC5913S,0001,RZ,BC5913,Montgó / Toscamar
1013027,494603,7191011BC5974S0001HH,10,"74.217,20","1,293","136,64",200,"336,64",74217.2,1.293,136.64,336.64,7191011,BC5974S,0001,HH,BC5974,Portitxol / Toscal / Trencall
1004265,478269,8821013BC5982S0001XO,10,"74.334,27","1,295","136,66",200,"336,66",74334.27,1.295,136.66,336.66,8821013,BC5982S,0001,XO,BC5982,Costa Nova / Balcón al Mar / Ambolo
1021649,492288,5143512BC5954S0001GI,10,"74.640,02","1,301","136,71",200,"336,71",74640.02,1.301,136.71,336.71,5143512,BC5954S,0001,GI,BC5954,Arenal / Canal / Montañar
1014690,483580,3865602BC5937S0004EI,10,"74.957,21","1,306","136,76",200,"336,76",74957.21,1.306,136.76,336.76,3865602,BC5937S,0004,EI,BC5937,Casco urbano / Pueblo
1021068,476854,4341007BC5944S0001UR,10,"75.132,36","1,309","136,78",200,"336,78",75132.36,1.309,136.78,336.78,4341007,BC5944S,0001,UR,BC5944,Casco urbano / Pueblo
1021371,471591,5560001BC5955N0057PS,10,"75.220,95","1,311","136,80",200,"336,80",75220.95,1.311,136.8,336.8,5560001,BC5955N,0057,PS,BC5955,Arenal / Canal / Montañar
1019074,504692,7230002BC5972N0001GB,10,"75.414,80","1,314","136,83",200,"336,83",75414.8,1.314,136.83,336.83,7230002,BC5972N,0001,GB,BC5972,Tosalet / Cap Martí
1000005,486824,8986308BC4998N0001DE,10,"75.501,70","1,316","136,84",200,"336,84",75501.7,1.316,136.84,336.84,8986308,BC4998N,0001,DE,BC4998,Les Fonts / Castellans
1014531,473947,3250526BC5935S0001IJ,10,"76.068,64","1,326","136,93",200,"336,93",76068.64,1.326,136.93,336.93,3250526,BC5935S,0001,IJ,BC5935,Casco urbano / Pueblo
1008566,473411,0013048BC5905S0001UT,10,"76.255,04","1,329","136,96",200,"336,96",76255.04,1.329,136.96,336.96,0013048,BC5905S,0001,UT,BC5905,Montgó / Toscamar
1028170,477349,4739302BC5943N0001HW,10,"78.253,49","1,364","137,27",200,"337,27",78253.49,1.364,137.27,337.27,4739302,BC5943N,0001,HW,BC5943,Casco urbano / Pueblo
1017636,499673,2281009BC5928S0001OK,10,"78.780,53","1,373","137,36",200,"337,36",78780.53,1.373,137.36,337.36,2281009,BC5928S,0001,OK,BC5928,Rafalet / Lluca / Covatelles
1024999,505019,5550304BC5955S0029KQ,10,"78.851,53","1,374","137,37",200,"337,37",78851.53,1.374,137.37,337.37,5550304,BC5955S,0029,KQ,BC5955,Arenal / Canal / Montañar
1010061,483426,8528408BC5982N0001PQ,10,"78.873,70","1,375","137,37",200,"337,37",78873.7,1.375,137.37,337.37,8528408,BC5982N,0001,PQ,BC5982,Costa Nova / Balcón al Mar / Ambolo
1000241,468714,5639607BC5953N0001WY,10,"79.301,06","1,382","137,44",200,"337,44",79301.06,1.382,137.44,337.44,5639607,BC5953N,0001,WY,BC5953,Arenal / Canal / Montañar
1008842,412641,2267907BC5926N0001PX,10,"79.373,80","1,383","137,45",200,"337,45",79373.8,1.383,137.45,337.45,2267907,BC5926N,0001,PX,BC5926,Rafalet / Lluca / Covatelles
1005755,501390,2074707BC5927S0001GQ,10,"79.963,69","1,394","137,54",200,"337,54",79963.69,1.394,137.54,337.54,2074707,BC5927S,0001,GQ,BC5927,Rafalet / Lluca / Covatelles
1021098,488407,7331416BC5973S0001SX,10,"79.988,85","1,394","137,55",200,"337,55",79988.85,1.394,137.55,337.55,7331416,BC5973S,0001,SX,BC5973,Tosalet / Cap Martí
1013605,447426,4281607BC5948S0001KE,10,"80.404,85","1,401","137,61",200,"337,61",80404.85,1.401,137.61,337.61,4281607,BC5948S,0001,KE,BC5948,Casco urbano / Pueblo
1005175,483200,0478152BC5907N0001HI,10,"80.934,46","1,411","137,69",200,"337,69",80934.46,1.411,137.69,337.69,0478152,BC5907N,0001,HI,BC5907,Montgó / Toscamar
1000066,470097,3550803BC5935S0001RJ,10,"81.351,98","1,418","137,76",200,"337,76",81351.98,1.418,137.76,337.76,3550803,BC5935S,0001,RJ,BC5935,Casco urbano / Pueblo
1007395,496279,1871453BC5917S0001YB,10,"81.620,50","1,422","137,80",200,"337,80",81620.5,1.422,137.8,337.8,1871453,BC5917S,0001,YB,BC5917,Montgó / Toscamar
1003775,485588,8513026BC5981S0001LG,10,"81.816,35","1,426","137,83",200,"337,83",81816.35,1.426,137.83,337.83,8513026,BC5981S,0001,LG,BC5981,Portitxol / Toscal / Trencall
1024909,495420,1472720BC5917S0001MB,10,"82.293,36","1,434","137,91",200,"337,91",82293.36,1.434,137.91,337.91,1472720,BC5917S,0001,MB,BC5917,Montgó / Toscamar
1015403,462099,11953B8BC5917N0001RS,10,"82.302,90","1,434","137,91",200,"337,91",82302.9,1.434,137.91,337.91,11953B8,BC5917N,0001,RS,BC5917,Montgó / Toscamar
1003807,488992,8616312BC5981N0001IU,10,"82.747,37","1,442","137,98",200,"337,98",82747.37,1.442,137.98,337.98,8616312,BC5981N,0001,IU,BC5981,Portitxol / Toscal / Trencall
1007268,501669,6924001BC5962S0001FQ,10,"82.811,86","1,443","137,99",200,"337,99",82811.86,1.443,137.99,337.99,6924001,BC5962S,0001,FQ,BC5962,Puerto / Aduanas
1007950,425500,7328814BC5972N0001PB,10,"82.856,18","1,444","138,00",200,"338,00",82856.18,1.444,138.0,338.0,7328814,BC5972N,0001,PB,BC5972,Tosalet / Cap Martí
1017437,507403,1871418BC5927S0001YQ,10,"83.024,96","1,447","138,02",200,"338,02",83024.96,1.447,138.02,338.02,1871418,BC5927S,0001,YQ,BC5927,Rafalet / Lluca / Covatelles
1000702,509772,0084974BC5908S0001OP,10,"83.029,66","1,447","138,02",200,"338,02",83029.66,1.447,138.02,338.02,0084974,BC5908S,0001,OP,BC5908,Montgó / Toscamar
1000047,474635,3550503BC5934N0001GG,10,"83.204,75","1,450","138,05",200,"338,05",83204.75,1.45,138.05,338.05,3550503,BC5934N,0001,GG,BC5934,Casco urbano / Pueblo
1026790,479555,6538709BC5963N0001JP,10,"83.772,45","1,460","138,14",200,"338,14",83772.45,1.46,138.14,338.14,6538709,BC5963N,0001,JP,BC5963,Puerto / Aduanas
1019047,475624,7014702BC5971S0001OA,10,"83.832,79","1,461","138,15",200,"338,15",83832.79,1.461,138.15,338.15,7014702,BC5971S,0001,OA,BC5971,Tosalet / Cap Martí
1028566,463643,1731319BC5913S0001JZ,10,"83.874,30","1,462","138,16",200,"338,16",83874.3,1.462,138.16,338.16,1731319,BC5913S,0001,JZ,BC5913,Montgó / Toscamar
1003743,474576,8510806BC5981S0001WG,10,"83.974,42","1,463","138,17",200,"338,17",83974.42,1.463,138.17,338.17,8510806,BC5981S,0001,WG,BC5981,Portitxol / Toscal / Trencall
10000186,500024,8518220BC5981N0001ZU,10,"84.098,20","1,466","138,19",200,"338,19",84098.2,1.466,138.19,338.19,8518220,BC5981N,0001,ZU,BC5981,Portitxol / Toscal / Trencall
1031934,500336,6627812BC5962N0001LH,10,"84.113,28","1,466","138,19",200,"338,19",84113.28,1.466,138.19,338.19,6627812,BC5962N,0001,LH,BC5962,Puerto / Aduanas
1016801,485946,7626304BC5972N0001IB,10,"84.353,76","1,470","138,23",200,"338,23",84353.76,1.47,138.23,338.23,7626304,BC5972N,0001,IB,BC5972,Tosalet / Cap Martí
1003983,491192,8814007BC5981S0001ZG,10,"84.578,25","1,474","138,27",200,"338,27",84578.25,1.474,138.27,338.27,8814007,BC5981S,0001,ZG,BC5981,Portitxol / Toscal / Trencall
1012766,437316,03082A025001010001LM,10,"84.739,28","1,477","138,29",200,"338,29",84739.28,1.477,138.29,338.29,03082A0,2500101,0001,LM,250010,Sin clasificar / revisar
1020878,477624,0681610BC5907N0001EI,10,"84.754,85","1,477","138,29",200,"338,29",84754.85,1.477,138.29,338.29,0681610,BC5907N,0001,EI,BC5907,Montgó / Toscamar
1000407,477784,5640103BC5954S0001TI,10,"85.586,88","1,492","138,42",200,"338,42",85586.88,1.492,138.42,338.42,5640103,BC5954S,0001,TI,BC5954,Arenal / Canal / Montañar
1012060,507928,9686165BC4998S0001WA,10,"85.860,52","1,496","138,47",200,"338,47",85860.52,1.496,138.47,338.47,9686165,BC4998S,0001,WA,BC4998,Les Fonts / Castellans
1011913,461214,2267926BC5926N0001SX,10,"85.962,47","1,498","138,48",200,"338,48",85962.47,1.498,138.48,338.48,2267926,BC5926N,0001,SX,BC5926,Rafalet / Lluca / Covatelles
1006152,498628,7039316BC5973N0001EF,10,"86.606,74","1,509","138,58",200,"338,58",86606.74,1.509,138.58,338.58,7039316,BC5973N,0001,EF,BC5973,Tosalet / Cap Martí
1004736,484117,0871717BC5907S0001LH,10,"87.056,93","1,517","138,65",200,"338,65",87056.93,1.517,138.65,338.65,0871717,BC5907S,0001,LH,BC5907,Montgó / Toscamar
1018377,467930,4938027BC5943N0001HW,10,"87.129,33","1,518","138,67",200,"338,67",87129.33,1.518,138.67,338.67,4938027,BC5943N,0001,HW,BC5943,Casco urbano / Pueblo
1004364,450597,9217008BC5991N0001FA,10,"87.488,09","1,525","138,72",200,"338,72",87488.09,1.525,138.72,338.72,9217008,BC5991N,0001,FA,BC5991,Costa Nova / Balcón al Mar / Ambolo
1029600,507593,5736717BC5953S0001MF,10,"87.515,42","1,525","138,73",200,"338,73",87515.42,1.525,138.73,338.73,5736717,BC5953S,0001,MF,BC5953,Arenal / Canal / Montañar
1000390,489085,5144708BC5954S0001LI,10,"87.731,35","1,529","138,76",200,"338,76",87731.35,1.529,138.76,338.76,5144708,BC5954S,0001,LI,BC5954,Arenal / Canal / Montañar
1006061,479956,6241005BC5964S0001MS,10,"87.743,57","1,529","138,76",200,"338,76",87743.57,1.529,138.76,338.76,6241005,BC5964S,0001,MS,BC5964,Puerto / Aduanas
1021725,472635,7014401BC5971S0001AA,10,"87.963,16","1,533","138,80",200,"338,80",87963.16,1.533,138.8,338.8,7014401,BC5971S,0001,AA,BC5971,Tosalet / Cap Martí
1013960,501175,2843703BC5924S0001SL,10,"88.830,45","1,548","138,93",200,"338,93",88830.45,1.548,138.93,338.93,2843703,BC5924S,0001,SL,BC5924,Rafalet / Lluca / Covatelles
1016118,500018,0881261BC5908S0001LP,10,"88.833,76","1,548","138,93",200,"338,93",88833.76,1.548,138.93,338.93,0881261,BC5908S,0001,LP,BC5908,Montgó / Toscamar
1020508,501316,7718703BC5971N0001TE,10,"88.970,50","1,551","138,95",200,"338,95",88970.5,1.551,138.95,338.95,7718703,BC5971N,0001,TE,BC5971,Tosalet / Cap Martí
1031236,471161,6223702BC5962S0001PQ,10,"89.132,93","1,553","138,98",200,"338,98",89132.93,1.553,138.98,338.98,6223702,BC5962S,0001,PQ,BC5962,Puerto / Aduanas
1021522,446902,7921502BC5972S0001KT,10,"89.298,92","1,556","139,01",200,"339,01",89298.92,1.556,139.01,339.01,7921502,BC5972S,0001,KT,BC5972,Tosalet / Cap Martí
1000256,507107,5538009BC5953N0001XY,10,"89.569,24","1,561","139,05",200,"339,05",89569.24,1.561,139.05,339.05,5538009,BC5953N,0001,XY,BC5953,Arenal / Canal / Montañar
1016769,494159,6939318BC5963N0001TP,10,"89.576,45","1,561","139,05",200,"339,05",89576.45,1.561,139.05,339.05,6939318,BC5963N,0001,TP,BC5963,Puerto / Aduanas
1006072,465990,7137009BC5973N0001YF,10,"89.735,25","1,564","139,07",200,"339,07",89735.25,1.564,139.07,339.07,7137009,BC5973N,0001,YF,BC5973,Tosalet / Cap Martí
1026936,508818,9787921BC4998N0001LE,10,"89.835,94","1,566","139,09",200,"339,09",89835.94,1.566,139.09,339.09,9787921,BC4998N,0001,LE,BC4998,Les Fonts / Castellans
1020605,487628,5662001BC5956S0056AD,10,"89.898,67","1,567","139,10",200,"339,10",89898.67,1.567,139.1,339.1,5662001,BC5956S,0056,AD,BC5956,Arenal / Canal / Montañar
10000188,501679,5839409BC5953N0001LY,10,"89.979,31","1,568","139,11",200,"339,11",89979.31,1.568,139.11,339.11,5839409,BC5953N,0001,LY,BC5953,Arenal / Canal / Montañar
1005753,471465,2176813BC5927N0001WH,10,"90.179,30","1,572","139,14",200,"339,14",90179.3,1.572,139.14,339.14,2176813,BC5927N,0001,WH,BC5927,Rafalet / Lluca / Covatelles
1009996,478227,1733302BC5913S0001HZ,10,"90.380,27","1,575","139,18",200,"339,18",90380.27,1.575,139.18,339.18,1733302,BC5913S,0001,HZ,BC5913,Montgó / Toscamar
1000710,482371,0084927BC4998S0001BA,10,"91.920,80","1,602","139,42",200,"339,42",91920.8,1.602,139.42,339.42,0084927,BC4998S,0001,BA,BC4998,Les Fonts / Castellans
1026937,490861,3631516BC5933S0001OY,10,"92.480,99","1,612","139,51",200,"339,51",92480.99,1.612,139.51,339.51,3631516,BC5933S,0001,OY,BC5933,Casco urbano / Pueblo
1016156,471407,0007003BC5900N0001JR,10,"92.720,44","1,616","139,54",200,"339,54",92720.44,1.616,139.54,339.54,0007003,BC5900N,0001,JR,BC5900,Montgó / Toscamar
1019185,501320,8525317BC5982N0001XQ,10,"92.888,46","1,619","139,57",200,"339,57",92888.46,1.619,139.57,339.57,8525317,BC5982N,0001,XQ,BC5982,Costa Nova / Balcón al Mar / Ambolo
1016805,505101,6331409BC5963S0001OK,10,"92.907,00","1,619","139,57",200,"339,57",92907.0,1.619,139.57,339.57,6331409,BC5963S,0001,OK,BC5963,Puerto / Aduanas
1006841,485034,7616016BC5971N0001LE,10,"93.066,43","1,622","139,60",200,"339,60",93066.43,1.622,139.6,339.6,7616016,BC5971N,0001,LE,BC5971,Tosalet / Cap Martí
1010024,473853,2578934BC5927N0001RH,10,"93.087,90","1,622","139,60",200,"339,60",93087.9,1.622,139.6,339.6,2578934,BC5927N,0001,RH,BC5927,Rafalet / Lluca / Covatelles
1016982,478323,7331412BC5973S0001XX,10,"93.259,57","1,625","139,63",200,"339,63",93259.57,1.625,139.63,339.63,7331412,BC5973S,0001,XX,BC5973,Tosalet / Cap Martí
1014019,498717,2794507BC5924S0001ZL,10,"94.083,97","1,640","139,76",200,"339,76",94083.97,1.64,139.76,339.76,2794507,BC5924S,0001,ZL,BC5924,Rafalet / Lluca / Covatelles
1005555,472906,2270404BC5927S0001OQ,10,"94.314,72","1,644","139,79",200,"339,79",94314.72,1.644,139.79,339.79,2270404,BC5927S,0001,OQ,BC5927,Rafalet / Lluca / Covatelles
1004392,494304,9320502BC5991N0001KA,10,"94.451,90","1,646","139,81",200,"339,81",94451.9,1.646,139.81,339.81,9320502,BC5991N,0001,KA,BC5991,Costa Nova / Balcón al Mar / Ambolo
1013376,485141,8338402BC5983N0001UK,10,"94.985,72","1,655","139,90",200,"339,90",94985.72,1.655,139.9,339.9,8338402,BC5983N,0001,UK,BC5983,Costa Nova / Balcón al Mar / Ambolo
1003716,508429,8609008BC5980N0001DD,10,"95.180,05","1,659","139,93",200,"339,93",95180.05,1.659,139.93,339.93,8609008,BC5980N,0001,DD,BC5980,Portitxol / Toscal / Trencall
1005088,476613,2346310BC5924N0001KA,10,"95.291,65","1,661","139,95",200,"339,95",95291.65,1.661,139.95,339.95,2346310,BC5924N,0001,KA,BC5924,Rafalet / Lluca / Covatelles
1031441,496571,2650103BC5925S0001QD,10,"95.612,71","1,666","140,00",200,"340,00",95612.71,1.666,140.0,340.0,2650103,BC5925S,0001,QD,BC5925,Rafalet / Lluca / Covatelles
1025751,506987,8239023BC5983N0004RZ,10,"95.651,56","1,667","140,00",200,"340,00",95651.56,1.667,140.0,340.0,8239023,BC5983N,0004,RZ,BC5983,Costa Nova / Balcón al Mar / Ambolo
1026794,485226,7921523BC5972S0001GT,10,"96.040,39","1,674","140,06",200,"340,06",96040.39,1.674,140.06,340.06,7921523,BC5972S,0001,GT,BC5972,Tosalet / Cap Martí
1031442,476483,2650102BC5925S0001GD,10,"96.405,10","1,680","140,12",200,"340,12",96405.1,1.68,140.12,340.12,2650102,BC5925S,0001,GD,BC5925,Rafalet / Lluca / Covatelles
1027045,442956,0178311BC5907N0001JI,10,"96.486,35","1,682","140,13",200,"340,13",96486.35,1.682,140.13,340.13,0178311,BC5907N,0001,JI,BC5907,Montgó / Toscamar
1020475,481872,7314701BC5971S0001XA,10,"96.822,24","1,687","140,19",200,"340,19",96822.24,1.687,140.19,340.19,7314701,BC5971S,0001,XA,BC5971,Tosalet / Cap Martí
1009282,472156,9582909BC4998S0001WA,10,"96.836,61","1,688","140,19",200,"340,19",96836.61,1.688,140.19,340.19,9582909,BC4998S,0001,WA,BC4998,Les Fonts / Castellans
1031445,485637,2650109BC5925S0001OD,10,"97.046,54","1,691","140,22",200,"340,22",97046.54,1.691,140.22,340.22,2650109,BC5925S,0001,OD,BC5925,Rafalet / Lluca / Covatelles
1007015,477653,7513006BC5971S0001KA,10,"97.664,07","1,702","140,32",200,"340,32",97664.07,1.702,140.32,340.32,7513006,BC5971S,0001,KA,BC5971,Tosalet / Cap Martí
1000041,443678,4647103BC5944N0001RL,10,"97.755,71","1,704","140,33",200,"340,33",97755.71,1.704,140.33,340.33,4647103,BC5944N,0001,RL,BC5944,Casco urbano / Pueblo
1030728,482545,3216601BC5931N0001UP,10,"98.235,10","1,712","140,41",200,"340,41",98235.1,1.712,140.41,340.41,3216601,BC5931N,0001,UP,BC5931,Casco urbano / Pueblo
1018217,463254,0681619BC5908S0001GP,10,"99.038,17","1,726","140,53",200,"340,53",99038.17,1.726,140.53,340.53,0681619,BC5908S,0001,GP,BC5908,Montgó / Toscamar
1004469,487647,9418009BC5991N0001SA,10,"99.291,77","1,730","140,57",200,"340,57",99291.77,1.73,140.57,340.57,9418009,BC5991N,0001,SA,BC5991,Costa Nova / Balcón al Mar / Ambolo
1004211,478392,8821020BC5982S0001SO,10,"99.347,42","1,731","140,58",200,"340,58",99347.42,1.731,140.58,340.58,8821020,BC5982S,0001,SO,BC5982,Costa Nova / Balcón al Mar / Ambolo
1008852,481682,5229007BC5952N0001ZS,10,"99.549,45","1,735","140,61",200,"340,61",99549.45,1.735,140.61,340.61,5229007,BC5952N,0001,ZS,BC5952,Arenal / Canal / Montañar
1004236,491936,8819719BC5981N0001JU,10,"99.656,53","1,737","140,63",200,"340,63",99656.53,1.737,140.63,340.63,8819719,BC5981N,0001,JU,BC5981,Portitxol / Toscal / Trencall
1004152,499589,9220606BC5991N0001BA,10,"99.890,46","1,741","140,67",200,"340,67",99890.46,1.741,140.67,340.67,9220606,BC5991N,0001,BA,BC5991,Costa Nova / Balcón al Mar / Ambolo
1030450,460031,3216313BC5931N0001UP,10,"99.895,30","1,741","140,67",200,"340,67",99895.3,1.741,140.67,340.67,3216313,BC5931N,0001,UP,BC5931,Casco urbano / Pueblo
1030232,484165,5936013BC5953N0001SY,10,"99.994,69","1,743","140,68",200,"340,68",99994.69,1.743,140.68,340.68,5936013,BC5953N,0001,SY,BC5953,Arenal / Canal / Montañar
1010364,471316,8128005BC5982N0001XQ,10,"100.321,46","1,748","140,74",200,"340,74",100321.46,1.748,140.74,340.74,8128005,BC5982N,0001,XQ,BC5982,Costa Nova / Balcón al Mar / Ambolo
1006240,454773,7137002BC5973N0001SF,10,"100.498,23","1,751","140,76",200,"340,76",100498.23,1.751,140.76,340.76,7137002,BC5973N,0001,SF,BC5973,Tosalet / Cap Martí
1006290,493432,6436209BC5963N0001KP,10,"101.105,64","1,762","140,86",200,"340,86",101105.64,1.762,140.86,340.86,6436209,BC5963N,0001,KP,BC5963,Puerto / Aduanas
1022723,501312,3939405BC5933N0001KZ,10,"101.881,26","1,776","140,98",200,"340,98",101881.26,1.776,140.98,340.98,3939405,BC5933N,0001,KZ,BC5933,Casco urbano / Pueblo
1009958,500238,2132418BC5923S0001OW,10,"103.133,80","1,797","141,18",200,"341,18",103133.8,1.797,141.18,341.18,2132418,BC5923S,0001,OW,BC5923,Rafalet / Lluca / Covatelles
1006929,488522,7512101BC5971S0001KA,10,"103.975,85","1,812","141,31",200,"341,31",103975.85,1.812,141.31,341.31,7512101,BC5971S,0001,KA,BC5971,Tosalet / Cap Martí
1006901,437315,6710511BC5960N0001ST,10,"104.003,76","1,813","141,31",200,"341,31",104003.76,1.813,141.31,341.31,6710511,BC5960N,0001,ST,BC5960,Puerto / Aduanas
1006358,506283,6236302BC5963N0001ZP,10,"104.285,63","1,817","141,36",200,"341,36",104285.63,1.817,141.36,341.36,6236302,BC5963N,0001,ZP,BC5963,Puerto / Aduanas
1014745,503527,2074725BC5927S0001IQ,10,"104.327,65","1,818","141,36",200,"341,36",104327.65,1.818,141.36,341.36,2074725,BC5927S,0001,IQ,BC5927,Rafalet / Lluca / Covatelles
1016798,502789,6728002BC5962N0001DH,10,"104.502,53","1,821","141,39",200,"341,39",104502.53,1.821,141.39,341.39,6728002,BC5962N,0001,DH,BC5962,Puerto / Aduanas
1032076,486127,3051720BC5935S0001YJ,10,"104.691,78","1,825","141,42",200,"341,42",104691.78,1.825,141.42,341.42,3051720,BC5935S,0001,YJ,BC5935,Casco urbano / Pueblo
1006739,500746,8313516BC5981S0001GG,10,"104.710,56","1,825","141,42",200,"341,42",104710.56,1.825,141.42,341.42,8313516,BC5981S,0001,GG,BC5981,Portitxol / Toscal / Trencall
1016675,476030,6526519BC5962N0001RH,10,"104.973,89","1,829","141,47",200,"341,47",104973.89,1.829,141.47,341.47,6526519,BC5962N,0001,RH,BC5962,Puerto / Aduanas
1027295,463935,2949214BC5934N0001JG,10,"106.230,52","1,851","141,66",200,"341,66",106230.52,1.851,141.66,341.66,2949214,BC5934N,0001,JG,BC5934,Casco urbano / Pueblo
1013725,505223,3781806BC5938S0001PX,10,"106.568,55","1,857","141,72",200,"341,72",106568.55,1.857,141.72,341.72,3781806,BC5938S,0001,PX,BC5938,Casco urbano / Pueblo
1004377,510102,9316306BC5991N0001KA,10,"108.601,59","1,893","142,03",200,"342,03",108601.59,1.893,142.03,342.03,9316306,BC5991N,0001,KA,BC5991,Costa Nova / Balcón al Mar / Ambolo
1025619,466403,7937404BC5973N0001TF,10,"108.984,96","1,899","142,09",200,"342,09",108984.96,1.899,142.09,342.09,7937404,BC5973N,0001,TF,BC5973,Tosalet / Cap Martí
1004004,468542,8518213BC5981N0001IU,10,"109.004,37","1,900","142,10",200,"342,10",109004.37,1.9,142.1,342.1,8518213,BC5981N,0001,IU,BC5981,Portitxol / Toscal / Trencall
1009597,479271,8529016BC5982N0001ZQ,10,"109.984,82","1,917","142,25",200,"342,25",109984.82,1.917,142.25,342.25,8529016,BC5982N,0001,ZQ,BC5982,Costa Nova / Balcón al Mar / Ambolo
1000428,457849,6140515BC5963N0001JP,10,"110.335,86","1,923","142,31",200,"342,31",110335.86,1.923,142.31,342.31,6140515,BC5963N,0001,JP,BC5963,Puerto / Aduanas
1029253,488574,4786012BC5948N0001BK,10,"110.588,53","1,927","142,35",200,"342,35",110588.53,1.927,142.35,342.35,4786012,BC5948N,0001,BK,BC5948,Casco urbano / Pueblo
1008099,475933,1524501BC5912N0001QL,10,"110.614,38","1,928","142,35",200,"342,35",110614.38,1.928,142.35,342.35,1524501,BC5912N,0001,QL,BC5912,Montgó / Toscamar
1004109,410017,8317601BC5981N0001MU,10,"110.967,37","1,934","142,41",200,"342,41",110967.37,1.934,142.41,342.41,8317601,BC5981N,0001,MU,BC5981,Portitxol / Toscal / Trencall
1029242,480533,2270411BC5926N0001XX,10,"111.531,86","1,944","142,49",200,"342,49",111531.86,1.944,142.49,342.49,2270411,BC5926N,0001,XX,BC5926,Rafalet / Lluca / Covatelles
1023357,490688,8013001BC5971S0001EA,10,"112.028,66","1,952","142,57",200,"342,57",112028.66,1.952,142.57,342.57,8013001,BC5971S,0001,EA,BC5971,Tosalet / Cap Martí
1004839,490794,9877613BC4997N0001AO,10,"112.233,47","1,956","142,60",200,"342,60",112233.47,1.956,142.6,342.6,9877613,BC4997N,0001,AO,BC4997,Les Fonts / Castellans
10000014,488850,3829368BC5932N0001QR,10,"112.403,44","1,959","142,63",200,"342,63",112403.44,1.959,142.63,342.63,3829368,BC5932N,0001,QR,BC5932,Casco urbano / Pueblo
1029805,506277,3981102BC5938S0001XX,10,"112.603,55","1,962","142,66",200,"342,66",112603.55,1.962,142.66,342.66,3981102,BC5938S,0001,XX,BC5938,Casco urbano / Pueblo
1022944,511355,4729013BC5942N0001KI,10,"112.829,83","1,966","142,70",200,"342,70",112829.83,1.966,142.7,342.7,4729013,BC5942N,0001,KI,BC5942,Casco urbano / Pueblo
1016510,508340,5928009BC5952N0001QS,10,"112.980,83","1,969","142,72",200,"342,72",112980.83,1.969,142.72,342.72,5928009,BC5952N,0001,QS,BC5952,Arenal / Canal / Montañar
1018584,471348,5743519BC5954S0001UI,10,"113.437,30","1,977","142,79",200,"342,79",113437.3,1.977,142.79,342.79,5743519,BC5954S,0001,UI,BC5954,Arenal / Canal / Montañar
1012450,474115,1179437BC5917N0001SS,10,"115.115,16","2,006","143,06",200,"343,06",115115.16,2.006,143.06,343.06,1179437,BC5917N,0001,SS,BC5917,Montgó / Toscamar
1012091,497372,1425201BC5912N0001WL,10,"115.165,43","2,007","143,06",200,"343,06",115165.43,2.007,143.06,343.06,1425201,BC5912N,0001,WL,BC5912,Montgó / Toscamar
1007749,442606,3578203BC5937N0001ZB,10,"115.567,29","2,014","143,13",200,"343,13",115567.29,2.014,143.13,343.13,3578203,BC5937N,0001,ZB,BC5937,Casco urbano / Pueblo
1000179,457495,5744007BC5954S0001EI,10,"115.868,57","2,019","143,17",200,"343,17",115868.57,2.019,143.17,343.17,5744007,BC5954S,0001,EI,BC5954,Arenal / Canal / Montañar
1006645,490820,0281210BC5908S0001LP,10,"116.347,55","2,028","143,25",200,"343,25",116347.55,2.028,143.25,343.25,0281210,BC5908S,0001,LP,BC5908,Montgó / Toscamar
1020390,432979,6532511BC5963S0001HK,10,"116.957,34","2,038","143,34",200,"343,34",116957.34,2.038,143.34,343.34,6532511,BC5963S,0001,HK,BC5963,Puerto / Aduanas
1000413,510134,5833706BC5953S0001BF,10,"117.388,15","2,046","143,41",200,"343,41",117388.15,2.046,143.41,343.41,5833706,BC5953S,0001,BF,BC5953,Arenal / Canal / Montañar
1004178,448124,9020002BC5982S0001XO,10,"118.088,53","2,058","143,52",200,"343,52",118088.53,2.058,143.52,343.52,9020002,BC5982S,0001,XO,BC5982,Costa Nova / Balcón al Mar / Ambolo
1023097,448501,8531101BC5983S0001RE,10,"120.365,54","2,098","143,88",200,"343,88",120365.54,2.098,143.88,343.88,8531101,BC5983S,0001,RE,BC5983,Costa Nova / Balcón al Mar / Ambolo
1023966,502469,9322011BC5992S0001HD,10,"120.386,29","2,098","143,88",200,"343,88",120386.29,2.098,143.88,343.88,9322011,BC5992S,0001,HD,BC5992,Costa Nova / Balcón al Mar / Ambolo
1024398,470460,2866719BC5926N0001UX,10,"120.644,12","2,103","143,92",200,"343,92",120644.12,2.103,143.92,343.92,2866719,BC5926N,0001,UX,BC5926,Rafalet / Lluca / Covatelles
1006406,487352,6033009BC5953S0001RF,10,"121.014,28","2,109","143,98",200,"343,98",121014.28,2.109,143.98,343.98,6033009,BC5953S,0001,RF,BC5953,Arenal / Canal / Montañar
1003782,459463,0826503BC5981N0001GU,10,"122.708,39","2,139","144,25",200,"344,25",122708.39,2.139,144.25,344.25,0826503,BC5981N,0001,GU,BC5981,Portitxol / Toscal / Trencall
1006960,464370,7411703BC5971S0001JA,10,"123.756,27","2,157","144,41",200,"344,41",123756.27,2.157,144.41,344.41,7411703,BC5971S,0001,JA,BC5971,Tosalet / Cap Martí
1006892,444552,6708014BC5960N0001QT,10,"123.958,25","2,160","144,44",200,"344,44",123958.25,2.16,144.44,344.44,6708014,BC5960N,0001,QT,BC5960,Puerto / Aduanas
1023134,510969,4786018BC5948N0001TK,10,"124.273,95","2,166","144,49",200,"344,49",124273.95,2.166,144.49,344.49,4786018,BC5948N,0001,TK,BC5948,Casco urbano / Pueblo
1011881,485600,9580918BC4998S0001MA,10,"124.834,88","2,176","144,58",200,"344,58",124834.88,2.176,144.58,344.58,9580918,BC4998S,0001,MA,BC4998,Les Fonts / Castellans
1030476,485333,2578965BC5927N0001KH,10,"125.452,41","2,186","144,68",200,"344,68",125452.41,2.186,144.68,344.68,2578965,BC5927N,0001,KH,BC5927,Rafalet / Lluca / Covatelles
1026174,480294,4938002BC5943N0001YW,10,"125.744,00","2,191","144,72",200,"344,72",125744.0,2.191,144.72,344.72,4938002,BC5943N,0001,YW,BC5943,Casco urbano / Pueblo
1023983,468340,2236921BC5923N0001KJ,10,"125.809,61","2,193","144,73",200,"344,73",125809.61,2.193,144.73,344.73,2236921,BC5923N,0001,KJ,BC5923,Rafalet / Lluca / Covatelles
1017353,491294,7132002BC5973S0001PX,10,"127.307,41","2,219","144,97",200,"344,97",127307.41,2.219,144.97,344.97,7132002,BC5973S,0001,PX,BC5973,Tosalet / Cap Martí
1004192,505788,8920802BC5982S0001GO,10,"127.782,97","2,227","145,04",200,"345,04",127782.97,2.227,145.04,345.04,8920802,BC5982S,0001,GO,BC5982,Costa Nova / Balcón al Mar / Ambolo
1031736,506741,3750483BC5934N0001HG,10,"128.360,25","2,237","145,13",200,"345,13",128360.25,2.237,145.13,345.13,3750483,BC5934N,0001,HG,BC5934,Casco urbano / Pueblo
1027145,449888,2963083BC5936N0001ZE,10,"128.472,77","2,239","145,15",200,"345,15",128472.77,2.239,145.15,345.15,2963083,BC5936N,0001,ZE,BC5936,Casco urbano / Pueblo
1004213,478395,8821019BC5982S0001UO,10,"129.086,10","2,250","145,25",200,"345,25",129086.1,2.25,145.25,345.25,8821019,BC5982S,0001,UO,BC5982,Costa Nova / Balcón al Mar / Ambolo
1005008,477905,5431020BC5953S0001JF,10,"129.989,82","2,265","145,39",200,"345,39",129989.82,2.265,145.39,345.39,5431020,BC5953S,0001,JF,BC5953,Arenal / Canal / Montañar
1013709,446197,3983509BC5938S0001LX,10,"130.452,92","2,273","145,46",200,"345,46",130452.92,2.273,145.46,345.46,3983509,BC5938S,0001,LX,BC5938,Casco urbano / Pueblo
1028123,459896,8630010BC5983S0001KE,10,"130.849,33","2,280","145,52",200,"345,52",130849.33,2.28,145.52,345.52,8630010,BC5983S,0001,KE,BC5983,Costa Nova / Balcón al Mar / Ambolo
1013415,505673,8138008BC5983N0001GK,10,"130.999,59","2,283","145,55",200,"345,55",130999.59,2.283,145.55,345.55,8138008,BC5983N,0001,GK,BC5983,Costa Nova / Balcón al Mar / Ambolo
1006708,498743,6158202BC5958S0001DU,10,"131.218,14","2,287","145,58",200,"345,58",131218.14,2.287,145.58,345.58,6158202,BC5958S,0001,DU,BC5958,Arenal / Canal / Montañar
1000198,498042,5144403BC5954S0001II,10,"134.290,25","2,340","146,06",200,"346,06",134290.25,2.34,146.06,346.06,5144403,BC5954S,0001,II,BC5954,Arenal / Canal / Montañar
1016573,500536,6834005BC5963S0001QK,10,"134.882,89","2,351","146,16",200,"346,16",134882.89,2.351,146.16,346.16,6834005,BC5963S,0001,QK,BC5963,Puerto / Aduanas
1013988,502139,2942302BC5924S0001BL,10,"135.438,77","2,360","146,24",200,"346,24",135438.77,2.36,146.24,346.24,2942302,BC5924S,0001,BL,BC5924,Rafalet / Lluca / Covatelles
1019186,491605,8529015BC5982N0001SQ,10,"137.235,50","2,392","146,53",200,"346,53",137235.5,2.392,146.53,346.53,8529015,BC5982N,0001,SQ,BC5982,Costa Nova / Balcón al Mar / Ambolo
1013688,443355,3983503BC5938S0001AX,10,"138.159,29","2,408","146,67",200,"346,67",138159.29,2.408,146.67,346.67,3983503,BC5938S,0001,AX,BC5938,Casco urbano / Pueblo
1004861,504178,7327509BC5972N0001ZB,10,"138.364,58","2,411","146,70",200,"346,70",138364.58,2.411,146.7,346.7,7327509,BC5972N,0001,ZB,BC5972,Tosalet / Cap Martí
1016714,472135,6227704BC5962N0001WH,10,"138.569,55","2,415","146,73",200,"346,73",138569.55,2.415,146.73,346.73,6227704,BC5962N,0001,WH,BC5962,Puerto / Aduanas
1010217,510149,1524507BC5912S0001OR,10,"139.506,46","2,431","146,88",200,"346,88",139506.46,2.431,146.88,346.88,1524507,BC5912S,0001,OR,BC5912,Montgó / Toscamar
1006109,503967,6928510BC5962N0001HH,10,"142.959,06","2,491","147,42",200,"347,42",142959.06,2.491,147.42,347.42,6928510,BC5962N,0001,HH,BC5962,Puerto / Aduanas
1006680,444699,9286612BC4998N0001AE,10,"143.104,78","2,494","147,45",200,"347,45",143104.78,2.494,147.45,347.45,9286612,BC4998N,0001,AE,BC4998,Les Fonts / Castellans
1006241,491747,7633615BC5973S0001BX,10,"143.290,24","2,497","147,47",200,"347,47",143290.24,2.497,147.47,347.47,7633615,BC5973S,0001,BX,BC5973,Tosalet / Cap Martí
1028174,494729,0084950BC4998N0001IE,10,"144.236,64","2,514","147,62",200,"347,62",144236.64,2.514,147.62,347.62,0084950,BC4998N,0001,IE,BC4998,Les Fonts / Castellans
1006393,490534,7238703BC5973N0001MF,10,"144.873,21","2,525","147,72",200,"347,72",144873.21,2.525,147.72,347.72,7238703,BC5973N,0001,MF,BC5973,Tosalet / Cap Martí
1017435,456270,1871427BC5917S0001FB,10,"146.333,24","2,550","147,95",200,"347,95",146333.24,2.55,147.95,347.95,1871427,BC5917S,0001,FB,BC5917,Montgó / Toscamar
1010099,492161,8630012BC5983S0001DE,10,"146.487,33","2,553","147,98",200,"347,98",146487.33,2.553,147.98,347.98,8630012,BC5983S,0001,DE,BC5983,Costa Nova / Balcón al Mar / Ambolo
1000424,455717,5638308BC5953N0001JY,10,"148.327,41","2,585","148,27",200,"348,27",148327.41,2.585,148.27,348.27,5638308,BC5953N,0001,JY,BC5953,Arenal / Canal / Montañar
1005650,486516,6827507BC5962N0001LH,10,"148.553,02","2,589","148,30",200,"348,30",148553.02,2.589,148.3,348.3,6827507,BC5962N,0001,LH,BC5962,Puerto / Aduanas
1024741,499552,6033002BC5953S0001PF,10,"148.790,89","2,593","148,34",200,"348,34",148790.89,2.593,148.34,348.34,6033002,BC5953S,0001,PF,BC5953,Arenal / Canal / Montañar
1009134,471979,0574707BC5907S0001KH,10,"151.427,14","2,639","148,75",200,"348,75",151427.14,2.639,148.75,348.75,0574707,BC5907S,0001,KH,BC5907,Montgó / Toscamar
1017190,483984,7132001BC5973S0001QX,10,"152.311,43","2,654","148,89",200,"348,89",152311.43,2.654,148.89,348.89,7132001,BC5973S,0001,QX,BC5973,Tosalet / Cap Martí
1005642,486518,6827508BC5962N0001TH,10,"152.603,97","2,660","148,94",200,"348,94",152603.97,2.66,148.94,348.94,6827508,BC5962N,0001,TH,BC5962,Puerto / Aduanas
1013569,489631,4180401BC5947N0001TQ,10,"155.339,62","2,707","149,36",200,"349,36",155339.62,2.707,149.36,349.36,4180401,BC5947N,0001,TQ,BC5947,Casco urbano / Pueblo
1000502,501906,4783005BC5948S0001GE,10,"156.279,20","2,724","149,51",200,"349,51",156279.2,2.724,149.51,349.51,4783005,BC5948S,0001,GE,BC5948,Casco urbano / Pueblo
1021138,491809,1836906BC5913N0001FD,10,"156.934,89","2,735","149,62",200,"349,62",156934.89,2.735,149.62,349.62,1836906,BC5913N,0001,FD,BC5913,Montgó / Toscamar
1032065,487885,5743525BC5954S0001AI,10,"157.807,06","2,750","149,75",200,"349,75",157807.06,2.75,149.75,349.75,5743525,BC5954S,0001,AI,BC5954,Arenal / Canal / Montañar
1031576,510863,0881217BC5908S0001AP,10,"158.520,09","2,763","149,86",200,"349,86",158520.09,2.763,149.86,349.86,0881217,BC5908S,0001,AP,BC5908,Montgó / Toscamar
1019157,462437,7191012BC5974S0001WH,10,"158.855,29","2,768","149,92",200,"349,92",158855.29,2.768,149.92,349.92,7191012,BC5974S,0001,WH,BC5974,Portitxol / Toscal / Trencall
1013547,487956,4281616BC5948S0001EE,10,"159.743,88","2,784","150,06",200,"350,06",159743.88,2.784,150.06,350.06,4281616,BC5948S,0001,EE,BC5948,Casco urbano / Pueblo
1000976,458038,6454602BC5965S0001IY,10,"164.784,98","2,872","150,85",200,"350,85",164784.98,2.872,150.85,350.85,6454602,BC5965S,0001,IY,BC5965,Puerto / Aduanas
1027554,509494,4786028BC5948N0001XK,10,"165.250,87","2,880","150,92",200,"350,92",165250.87,2.88,150.92,350.92,4786028,BC5948N,0001,XK,BC5948,Casco urbano / Pueblo
1016816,484458,6933005BC5963S0001AK,10,"165.399,36","2,883","150,94",200,"350,94",165399.36,2.883,150.94,350.94,6933005,BC5963S,0001,AK,BC5963,Puerto / Aduanas
1017306,505431,7934706BC5973S0001BX,10,"166.530,94","2,902","151,12",200,"351,12",166530.94,2.902,151.12,351.12,7934706,BC5973S,0001,BX,BC5973,Tosalet / Cap Martí
1013023,507017,7491002BC5974S0001UH,10,"168.169,99","2,931","151,38",200,"351,38",168169.99,2.931,151.38,351.38,7491002,BC5974S,0001,UH,BC5974,Portitxol / Toscal / Trencall
1003703,410071,8591405BC5981S0001OG,10,"171.592,56","2,990","151,91",200,"351,91",171592.56,2.99,151.91,351.91,8591405,BC5981S,0001,OG,BC5981,Portitxol / Toscal / Trencall
1019202,488417,8920805BC5982S0001LO,10,"173.446,25","3,023","152,20",200,"352,20",173446.25,3.023,152.2,352.2,8920805,BC5982S,0001,LO,BC5982,Costa Nova / Balcón al Mar / Ambolo
1017108,481944,7934702BC5973S0001UX,10,"178.318,27","3,108","152,97",200,"352,97",178318.27,3.108,152.97,352.97,7934702,BC5973S,0001,UX,BC5973,Tosalet / Cap Martí
1004495,493452,9322003BC5992S0001JD,10,"179.642,65","3,131","153,18",200,"353,18",179642.65,3.131,153.18,353.18,9322003,BC5992S,0001,JD,BC5992,Costa Nova / Balcón al Mar / Ambolo
1032115,509156,4042130BC5944S0001TR,10,"179.951,22","3,136","153,23",200,"353,23",179951.22,3.136,153.23,353.23,4042130,BC5944S,0001,TR,BC5944,Casco urbano / Pueblo
1013546,494840,3782002BC5938S0001HX,10,"181.022,98","3,155","153,39",200,"353,39",181022.98,3.155,153.39,353.39,3782002,BC5938S,0001,HX,BC5938,Casco urbano / Pueblo
1028403,509882,8690708BC4988N0001SX,10,"182.270,47","3,177","153,59",200,"353,59",182270.47,3.177,153.59,353.59,8690708,BC4988N,0001,SX,BC4988,Les Fonts / Castellans
1006211,501373,7028309BC5972N0001LB,10,"183.151,16","3,192","153,73",200,"353,73",183151.16,3.192,153.73,353.73,7028309,BC5972N,0001,LB,BC5972,Tosalet / Cap Martí
1004485,490854,9418006BC5991N0001IA,10,"194.306,79","3,386","155,48",200,"355,48",194306.79,3.386,155.48,355.48,9418006,BC5991N,0001,IA,BC5991,Costa Nova / Balcón al Mar / Ambolo
1000062,484194,4747501BC5944N0001JL,10,"198.484,90","3,459","156,13",200,"356,13",198484.9,3.459,156.13,356.13,4747501,BC5944N,0001,JL,BC5944,Casco urbano / Pueblo
1005174,504893,0478145BC5907N0001EI,10,"200.578,60","3,496","156,46",200,"356,46",200578.6,3.496,156.46,356.46,0478145,BC5907N,0001,EI,BC5907,Montgó / Toscamar
1004514,500937,5587002BC5958N0001FX,10,"204.734,89","3,568","157,11",200,"357,11",204734.89,3.568,157.11,357.11,5587002,BC5958N,0001,FX,BC5958,Arenal / Canal / Montañar
1006352,485079,7137007BC5973N0001AF,10,"205.071,73","3,574","157,17",200,"357,17",205071.73,3.574,157.17,357.17,7137007,BC5973N,0001,AF,BC5973,Tosalet / Cap Martí
1013703,478693,4182007BC5948S0001UE,10,"206.975,10","3,607","157,46",200,"357,46",206975.1,3.607,157.46,357.46,4182007,BC5948S,0001,UE,BC5948,Casco urbano / Pueblo
1029292,490514,7711914BC5971S0001RA,10,"212.283,77","3,700","158,30",200,"358,30",212283.77,3.7,158.3,358.3,7711914,BC5971S,0001,RA,BC5971,Tosalet / Cap Martí
1015593,477148,9011301BC5991S0001KL,10,"223.836,33","3,901","160,11",200,"360,11",223836.33,3.901,160.11,360.11,9011301,BC5991S,0001,KL,BC5991,Costa Nova / Balcón al Mar / Ambolo
1029245,446455,2571630BC5927S0001DQ,10,"231.100,66","4,028","161,25",200,"361,25",231100.66,4.028,161.25,361.25,2571630,BC5927S,0001,DQ,BC5927,Rafalet / Lluca / Covatelles
1007668,485381,5587015BC5958N0001SX,10,"232.077,93","4,045","161,40",200,"361,40",232077.93,4.045,161.4,361.4,5587015,BC5958N,0001,SX,BC5958,Arenal / Canal / Montañar
1007611,506868,5386303BC5958N0001MX,10,"247.129,85","4,307","163,76",200,"363,76",247129.85,4.307,163.76,363.76,5386303,BC5958N,0001,MX,BC5958,Arenal / Canal / Montañar
1000520,478690,4783004BC5948S0001YE,10,"259.656,22","4,525","165,73",200,"365,73",259656.22,4.525,165.73,365.73,4783004,BC5948S,0001,YE,BC5948,Casco urbano / Pueblo
1004889,445372,3073344BC5937S0001WT,10,"283.799,82","4,946","169,51",200,"369,51",283799.82,4.946,169.51,369.51,3073344,BC5937S,0001,WT,BC5937,Casco urbano / Pueblo
10000033,491586,8432505BC5983S0001ME,10,"287.353,45","5,008","170,07",200,"370,07",287353.45,5.008,170.07,370.07,8432505,BC5983S,0001,ME,BC5983,Costa Nova / Balcón al Mar / Ambolo
1016421,492140,8328108BC5982N0001FQ,10,"305.850,23","5,330","172,97",200,"372,97",305850.23,5.33,172.97,372.97,8328108,BC5982N,0001,FQ,BC5982,Costa Nova / Balcón al Mar / Ambolo
1030078,491504,7027603BC5972N0001KB,10,"315.534,80","5,499","174,49",200,"374,49",315534.8,5.499,174.49,374.49,7027603,BC5972N,0001,KB,BC5972,Tosalet / Cap Martí
1007666,426852,5487705BC5958N0001IX,10,"324.724,80","5,659","175,93",200,"375,93",324724.8,5.659,175.93,375.93,5487705,BC5958N,0001,IX,BC5958,Arenal / Canal / Montañar
1007664,493882,5287105BC5958N0001MX,10,"387.236,89","6,749","185,74",200,"385,74",387236.89,6.749,185.74,385.74,5287105,BC5958N,0001,MX,BC5958,Arenal / Canal / Montañar
1006084,447099,5734601BC5973S0001UX,10,"606.132,23","10,563","220,07",200,"420,07",606132.23,10.563,220.07,420.07,5734601,BC5973S,0001,UX,BC5973,Tosalet / Cap Martí
1009215,500062,9284117BC4998S0001EA,11,"50.413,33","0,879","132,91",220,"352,91",50413.33,0.879,132.91,352.91,9284117,BC4998S,0001,EA,BC4998,Les Fonts / Castellans
1028274,487600,7412706BC5971S0001EA,11,"54.066,14","0,942","133,48",220,"353,48",54066.14,0.942,133.48,353.48,7412706,BC5971S,0001,EA,BC5971,Tosalet / Cap Martí
1028711,464288,3864119BC5937S0001OT,11,"57.134,93","0,996","133,96",220,"353,96",57134.93,0.996,133.96,353.96,3864119,BC5937S,0001,OT,BC5937,Casco urbano / Pueblo
1017893,456463,3070043BC5937S0001ST,11,"74.109,40","1,292","136,62",220,"356,62",74109.4,1.292,136.62,356.62,3070043,BC5937S,0001,ST,BC5937,Casco urbano / Pueblo
1027437,481630,2267917BC5926N0001RX,11,"74.688,62","1,302","136,71",220,"356,71",74688.62,1.302,136.71,356.71,2267917,BC5926N,0001,RX,BC5926,Rafalet / Lluca / Covatelles
1000395,499684,5646006BC5954N0001SM,11,"82.057,07","1,430","137,87",220,"357,87",82057.07,1.43,137.87,357.87,5646006,BC5954N,0001,SM,BC5954,Arenal / Canal / Montañar
1000363,483069,5446018BC5954N0001JM,11,"83.966,74","1,463","138,17",220,"358,17",83966.74,1.463,138.17,358.17,5446018,BC5954N,0001,JM,BC5954,Arenal / Canal / Montañar
1008113,474220,9686107BC4998N0001PE,11,"110.729,88","1,930","142,37",220,"362,37",110729.88,1.93,142.37,362.37,9686107,BC4998N,0001,PE,BC4998,Les Fonts / Castellans
1031918,481519,9111002BC5991S0001UL,11,"128.382,95","2,237","145,14",220,"365,14",128382.95,2.237,145.14,365.14,9111002,BC5991S,0001,UL,BC5991,Costa Nova / Balcón al Mar / Ambolo
1025616,487601,8010115BC5971N0001XE,11,"128.828,81","2,245","145,21",220,"365,21",128828.81,2.245,145.21,365.21,8010115,BC5971N,0001,XE,BC5971,Tosalet / Cap Martí
1027759,476415,7630102BC5973S0001PX,11,"146.232,66","2,548","147,94",220,"367,94",146232.66,2.548,147.94,367.94,7630102,BC5973S,0001,PX,BC5973,Tosalet / Cap Martí
1005185,491497,6047229BC5964S0001OS,12,"46.903,78","0,817","132,36",240,"372,36",46903.78,0.817,132.36,372.36,6047229,BC5964S,0001,OS,BC5964,Puerto / Aduanas
1017798,479794,4177316BC5947N0001JQ,12,"47.441,80","0,827","132,44",240,"372,44",47441.8,0.827,132.44,372.44,4177316,BC5947N,0001,JQ,BC5947,Casco urbano / Pueblo
1020798,511170,3075405BC5927N0001EH,12,"50.704,37","0,884","132,95",240,"372,95",50704.37,0.884,132.95,372.95,3075405,BC5927N,0001,EH,BC5927,Rafalet / Lluca / Covatelles
1011773,510812,5469001BC5956N0001XA,12,"53.916,34","0,940","133,46",240,"373,46",53916.34,0.94,133.46,373.46,5469001,BC5956N,0001,XA,BC5956,Arenal / Canal / Montañar
1004453,489111,9217010BC5991N0001TA,12,"55.956,83","0,975","133,78",240,"373,78",55956.83,0.975,133.78,373.78,9217010,BC5991N,0001,TA,BC5991,Costa Nova / Balcón al Mar / Ambolo
1006949,463058,7412702BC5971S0001DA,12,"57.028,07","0,994","133,94",240,"373,94",57028.07,0.994,133.94,373.94,7412702,BC5971S,0001,DA,BC5971,Tosalet / Cap Martí
1006598,510769,2270419BC5927S0001WQ,12,"65.991,33","1,150","135,35",240,"375,35",65991.33,1.15,135.35,375.35,2270419,BC5927S,0001,WQ,BC5927,Rafalet / Lluca / Covatelles
1017384,495174,5656501BC5955N0049SU,12,"66.713,74","1,163","135,46",240,"375,46",66713.74,1.163,135.46,375.46,5656501,BC5955N,0049,SU,BC5955,Arenal / Canal / Montañar
1020183,452754,5939403BC5953N0001EY,12,"69.860,98","1,218","135,96",240,"375,96",69860.98,1.218,135.96,375.96,5939403,BC5953N,0001,EY,BC5953,Arenal / Canal / Montañar
1000462,441370,4938021BC5943N0001IW,12,"72.556,45","1,264","136,38",240,"376,38",72556.45,1.264,136.38,376.38,4938021,BC5943N,0001,IW,BC5943,Casco urbano / Pueblo
1027159,477943,8024317BC5982S0001AO,12,"72.957,70","1,271","136,44",240,"376,44",72957.7,1.271,136.44,376.44,8024317,BC5982S,0001,AO,BC5982,Costa Nova / Balcón al Mar / Ambolo
1023139,502773,7319408BC5971N0001YE,12,"73.329,67","1,278","136,50",240,"376,50",73329.67,1.278,136.5,376.5,7319408,BC5971N,0001,YE,BC5971,Tosalet / Cap Martí
1004859,469221,1738902BC5913N0001LD,12,"76.921,95","1,341","137,07",240,"377,07",76921.95,1.341,137.07,377.07,1738902,BC5913N,0001,LD,BC5913,Montgó / Toscamar
1021149,462733,2265902BC5926N0001QX,12,"77.322,01","1,348","137,13",240,"377,13",77322.01,1.348,137.13,377.13,2265902,BC5926N,0001,QX,BC5926,Rafalet / Lluca / Covatelles
1013834,474750,4676124BC5947N0001OQ,12,"77.922,73","1,358","137,22",240,"377,22",77922.73,1.358,137.22,377.22,4676124,BC5947N,0001,OQ,BC5947,Casco urbano / Pueblo
1004789,470572,2038520BC5923N0001LJ,12,"80.450,21","1,402","137,62",240,"377,62",80450.21,1.402,137.62,377.62,2038520,BC5923N,0001,LJ,BC5923,Rafalet / Lluca / Covatelles
1029067,426825,7614303BC5971S0001MA,12,"82.422,26","1,436","137,93",240,"377,93",82422.26,1.436,137.93,377.93,7614303,BC5971S,0001,MA,BC5971,Tosalet / Cap Martí
1013079,467933,7291113BC5974S0001UH,12,"83.153,64","1,449","138,04",240,"378,04",83153.64,1.449,138.04,378.04,7291113,BC5974S,0001,UH,BC5974,Portitxol / Toscal / Trencall
1026470,491030,7919201BC5972S0001WT,12,"85.567,86","1,491","138,42",240,"378,42",85567.86,1.491,138.42,378.42,7919201,BC5972S,0001,WT,BC5972,Tosalet / Cap Martí
1012991,511310,7291114BC5974S0001HH,12,"85.661,76","1,493","138,44",240,"378,44",85661.76,1.493,138.44,378.44,7291114,BC5974S,0001,HH,BC5974,Portitxol / Toscal / Trencall
1019173,503406,8313504BC5981S0001EG,12,"86.443,35","1,507","138,56",240,"378,56",86443.35,1.507,138.56,378.56,8313504,BC5981S,0001,EG,BC5981,Portitxol / Toscal / Trencall
1005742,467314,1179401BC5908S0001XP,12,"87.148,02","1,519","138,67",240,"378,67",87148.02,1.519,138.67,378.67,1179401,BC5908S,0001,XP,BC5908,Montgó / Toscamar
1019006,500031,6139418BC5963N0001RP,12,"87.230,97","1,520","138,68",240,"378,68",87230.97,1.52,138.68,378.68,6139418,BC5963N,0001,RP,BC5963,Puerto / Aduanas
1009502,477258,2423706BC5922S0001QI,12,"87.324,35","1,522","138,70",240,"378,70",87324.35,1.522,138.7,378.7,2423706,BC5922S,0001,QI,BC5922,Rafalet / Lluca / Covatelles
1003997,494194,9014002BC5981S0001UG,12,"88.716,28","1,546","138,92",240,"378,92",88716.28,1.546,138.92,378.92,9014002,BC5981S,0001,UG,BC5981,Portitxol / Toscal / Trencall
1017549,471981,0773101BC5907S0001AH,12,"90.182,23","1,572","139,15",240,"379,15",90182.23,1.572,139.15,379.15,0773101,BC5907S,0001,AH,BC5907,Montgó / Toscamar
1000133,458849,5733003BC5953S0001LF,12,"91.964,00","1,603","139,42",240,"379,42",91964.0,1.603,139.42,379.42,5733003,BC5953S,0001,LF,BC5953,Arenal / Canal / Montañar
1005647,487808,6728004BC5962N0001IH,12,"92.730,67","1,616","139,54",240,"379,54",92730.67,1.616,139.54,379.54,6728004,BC5962N,0001,IH,BC5962,Puerto / Aduanas
1000030,488801,3550801BC5935S0001OJ,12,"92.943,24","1,620","139,58",240,"379,58",92943.24,1.62,139.58,379.58,3550801,BC5935S,0001,OJ,BC5935,Casco urbano / Pueblo
1012981,459130,7291107BC5974S0001EH,12,"92.983,84","1,620","139,58",240,"379,58",92983.84,1.62,139.58,379.58,7291107,BC5974S,0001,EH,BC5974,Portitxol / Toscal / Trencall
1000049,458547,2546003BC5924N0001MA,12,"93.253,16","1,625","139,63",240,"379,63",93253.16,1.625,139.63,379.63,2546003,BC5924N,0001,MA,BC5924,Rafalet / Lluca / Covatelles
1010596,477370,9580905BC4998S0001WA,12,"93.784,66","1,634","139,71",240,"379,71",93784.66,1.634,139.71,379.71,9580905,BC4998S,0001,WA,BC4998,Les Fonts / Castellans
1006945,481683,7411720BC5971S0001QA,12,"96.496,59","1,682","140,14",240,"380,14",96496.59,1.682,140.14,380.14,7411720,BC5971S,0001,QA,BC5971,Tosalet / Cap Martí
1019021,485568,6541408BC5964S0001LS,12,"96.853,22","1,688","140,19",240,"380,19",96853.22,1.688,140.19,380.19,6541408,BC5964S,0001,LS,BC5964,Puerto / Aduanas
1000774,471373,4072803BC5937S0001XT,12,"97.159,73","1,693","140,24",240,"380,24",97159.73,1.693,140.24,380.24,4072803,BC5937S,0001,XT,BC5937,Casco urbano / Pueblo
1003873,441499,8516505BC5981N0001AU,12,"97.516,38","1,699","140,30",240,"380,30",97516.38,1.699,140.3,380.3,8516505,BC5981N,0001,AU,BC5981,Portitxol / Toscal / Trencall
1009020,506602,3463018BC5937S0001MT,12,"98.171,97","1,711","140,40",240,"380,40",98171.97,1.711,140.4,380.4,3463018,BC5937S,0001,MT,BC5937,Casco urbano / Pueblo
1007211,480163,6624208BC5962S0001JQ,12,"98.844,32","1,723","140,50",240,"380,50",98844.32,1.723,140.5,380.5,6624208,BC5962S,0001,JQ,BC5962,Puerto / Aduanas
1025528,486606,2549608BC5924N0001GA,12,"99.221,80","1,729","140,56",240,"380,56",99221.8,1.729,140.56,380.56,2549608,BC5924N,0001,GA,BC5924,Rafalet / Lluca / Covatelles
1017025,505429,6734813BC5963S0001JK,12,"102.960,22","1,794","141,15",240,"381,15",102960.22,1.794,141.15,381.15,6734813,BC5963S,0001,JK,BC5963,Puerto / Aduanas
1021087,510992,6836019BC5963N0001KP,12,"103.416,96","1,802","141,22",240,"381,22",103416.96,1.802,141.22,381.22,6836019,BC5963N,0001,KP,BC5963,Puerto / Aduanas
1029143,494626,1642905BC5914S0001DG,12,"104.182,89","1,816","141,34",240,"381,34",104182.89,1.816,141.34,381.34,1642905,BC5914S,0001,DG,BC5914,Montgó / Toscamar
1018502,484548,5729009BC5952N0001XS,12,"104.400,49","1,819","141,38",240,"381,38",104400.49,1.819,141.38,381.38,5729009,BC5952N,0001,XS,BC5952,Arenal / Canal / Montañar
1008115,494116,9686122BC4998S0001XA,12,"104.933,25","1,829","141,46",240,"381,46",104933.25,1.829,141.46,381.46,9686122,BC4998S,0001,XA,BC4998,Les Fonts / Castellans
1016115,454938,0881214BC5908S0001UP,12,"105.472,59","1,838","141,54",240,"381,54",105472.59,1.838,141.54,381.54,0881214,BC5908S,0001,UP,BC5908,Montgó / Toscamar
1029089,493330,7836014BC5973N0001OF,12,"106.773,86","1,861","141,75",240,"381,75",106773.86,1.861,141.75,381.75,7836014,BC5973N,0001,OF,BC5973,Tosalet / Cap Martí
1025776,459613,11953B6BC5917N0001OS,12,"107.508,36","1,874","141,86",240,"381,86",107508.36,1.874,141.86,381.86,11953B6,BC5917N,0001,OS,BC5917,Montgó / Toscamar
1009271,500412,1973102BC5917S0001JB,12,"108.128,22","1,884","141,96",240,"381,96",108128.22,1.884,141.96,381.96,1973102,BC5917S,0001,JB,BC5917,Montgó / Toscamar
1029642,444720,3631512BC5933S0001LY,12,"109.000,78","1,900","142,10",240,"382,10",109000.78,1.9,142.1,382.1,3631512,BC5933S,0001,LY,BC5933,Casco urbano / Pueblo
1004009,495821,8318401BC5981N0001BU,12,"110.653,16","1,928","142,36",240,"382,36",110653.16,1.928,142.36,382.36,8318401,BC5981N,0001,BU,BC5981,Portitxol / Toscal / Trencall
1020491,511169,7124339BC5972S0001LT,12,"111.711,08","1,947","142,52",240,"382,52",111711.08,1.947,142.52,382.52,7124339,BC5972S,0001,LT,BC5972,Tosalet / Cap Martí
1018181,473038,8688911BC4988N0001WX,12,"114.876,14","2,002","143,02",240,"383,02",114876.14,2.002,143.02,383.02,8688911,BC4988N,0001,WX,BC4988,Les Fonts / Castellans
1013665,507549,8882302BC5938S0001HX,12,"115.184,50","2,007","143,07",240,"383,07",115184.5,2.007,143.07,383.07,8882302,BC5938S,0001,HX,BC5938,Casco urbano / Pueblo
1006311,508448,6337308BC5963N0001EP,12,"117.340,04","2,045","143,40",240,"383,40",117340.04,2.045,143.4,383.4,6337308,BC5963N,0001,EP,BC5963,Puerto / Aduanas
1016923,476874,6531602BC5963S0001UK,12,"117.871,57","2,054","143,49",240,"383,49",117871.57,2.054,143.49,383.49,6531602,BC5963S,0001,UK,BC5963,Puerto / Aduanas
1006260,464103,5735401BC5953S0001RF,12,"117.911,64","2,055","143,49",240,"383,49",117911.64,2.055,143.49,383.49,5735401,BC5953S,0001,RF,BC5953,Arenal / Canal / Montañar
1008658,511069,2279923BC5927N0001UH,12,"118.275,72","2,061","143,55",240,"383,55",118275.72,2.061,143.55,383.55,2279923,BC5927N,0001,UH,BC5927,Rafalet / Lluca / Covatelles
1005176,509086,0478153BC5907N0001WI,12,"118.355,00","2,063","143,56",240,"383,56",118355.0,2.063,143.56,383.56,0478153,BC5907N,0001,WI,BC5907,Montgó / Toscamar
1004228,486865,8919216BC5981N0001IU,12,"119.447,69","2,082","143,74",240,"383,74",119447.69,2.082,143.74,383.74,8919216,BC5981N,0001,IU,BC5981,Portitxol / Toscal / Trencall
1000068,489694,6139402BC5963N0001WP,12,"120.683,02","2,103","143,93",240,"383,93",120683.02,2.103,143.93,383.93,6139402,BC5963N,0001,WP,BC5963,Puerto / Aduanas
1028839,488936,5542613BC5954S0001FI,12,"121.559,09","2,118","144,07",240,"384,07",121559.09,2.118,144.07,384.07,5542613,BC5954S,0001,FI,BC5954,Arenal / Canal / Montañar
1016857,477759,6427507BC5962N0001TH,12,"122.428,62","2,134","144,20",240,"384,20",122428.62,2.134,144.2,384.2,6427507,BC5962N,0001,TH,BC5962,Puerto / Aduanas
1009483,448649,3015303BC5931N0001QP,12,"123.338,19","2,150","144,35",240,"384,35",123338.19,2.15,144.35,384.35,3015303,BC5931N,0001,QP,BC5931,Casco urbano / Pueblo
1018299,506406,2571631BC5927S0001XQ,12,"124.662,57","2,173","144,55",240,"384,55",124662.57,2.173,144.55,384.55,2571631,BC5927S,0001,XQ,BC5927,Rafalet / Lluca / Covatelles
1012453,457342,1179405BC5918S0001SF,12,"125.999,59","2,196","144,76",240,"384,76",125999.59,2.196,144.76,384.76,1179405,BC5918S,0001,SF,BC5918,Montgó / Toscamar
1006309,448517,6533709BC5963S0001GK,12,"128.085,36","2,232","145,09",240,"385,09",128085.36,2.232,145.09,385.09,6533709,BC5963S,0001,GK,BC5963,Puerto / Aduanas
1003760,478431,8316408BC5981N0001RU,12,"128.204,36","2,234","145,11",240,"385,11",128204.36,2.234,145.11,385.11,8316408,BC5981N,0001,RU,BC5981,Portitxol / Toscal / Trencall
1026815,440170,2963015BC5936N0001SE,12,"128.798,79","2,245","145,20",240,"385,20",128798.79,2.245,145.2,385.2,2963015,BC5936N,0001,SE,BC5936,Casco urbano / Pueblo
1027032,490094,2279924BC5927N0001HH,12,"132.208,96","2,304","145,74",240,"385,74",132208.96,2.304,145.74,385.74,2279924,BC5927N,0001,HH,BC5927,Rafalet / Lluca / Covatelles
1017338,496265,7534705BC5973S0001BX,12,"135.221,53","2,357","146,21",240,"386,21",135221.53,2.357,146.21,386.21,7534705,BC5973S,0001,BX,BC5973,Tosalet / Cap Martí
1004923,509002,3479101BC5938S0001SX,12,"135.424,48","2,360","146,24",240,"386,24",135424.48,2.36,146.24,386.24,3479101,BC5938S,0001,SX,BC5938,Casco urbano / Pueblo
10000145,470485,5544007BC5954S0001LI,12,"137.300,47","2,393","146,54",240,"386,54",137300.47,2.393,146.54,386.54,5544007,BC5954S,0001,LI,BC5954,Arenal / Canal / Montañar
1007255,484844,7524100BC5972S0001IT,12,"138.073,57","2,406","146,66",240,"386,66",138073.57,2.406,146.66,386.66,7524100,BC5972S,0001,IT,BC5972,Tosalet / Cap Martí
1006026,466456,6134619BC5963S0001LK,12,"140.835,88","2,454","147,09",240,"387,09",140835.88,2.454,147.09,387.09,6134619,BC5963S,0001,LK,BC5963,Puerto / Aduanas
1004103,483414,8619054BC5981N0001TU,12,"141.528,04","2,467","147,20",240,"387,20",141528.04,2.467,147.2,387.2,8619054,BC5981N,0001,TU,BC5981,Portitxol / Toscal / Trencall
1025637,492301,6341403BC5964S0001DS,12,"144.320,34","2,515","147,64",240,"387,64",144320.34,2.515,147.64,387.64,6341403,BC5964S,0001,DS,BC5964,Puerto / Aduanas
1006386,504522,6928514BC5962N0001YH,12,"147.694,37","2,574","148,17",240,"388,17",147694.37,2.574,148.17,388.17,6928514,BC5962N,0001,YH,BC5962,Puerto / Aduanas
1016467,505932,6734810BC5963S0001DK,12,"148.345,86","2,585","148,27",240,"388,27",148345.86,2.585,148.27,388.27,6734810,BC5963S,0001,DK,BC5963,Puerto / Aduanas
1027820,447001,5762006BC5956S0001IL,12,"151.940,07","2,648","148,83",240,"388,83",151940.07,2.648,148.83,388.83,5762006,BC5956S,0001,IL,BC5956,Arenal / Canal / Montañar
1030302,484049,3453806BC5935S0001IJ,12,"153.301,18","2,672","149,05",240,"389,05",153301.18,2.672,149.05,389.05,3453806,BC5935S,0001,IJ,BC5935,Casco urbano / Pueblo
1017052,493251,6526513BC5962N0001LH,12,"154.009,00","2,684","149,16",240,"389,16",154009.0,2.684,149.16,389.16,6526513,BC5962N,0001,LH,BC5962,Puerto / Aduanas
1005990,477991,6442008BC5964S0001HS,12,"154.490,40","2,692","149,23",240,"389,23",154490.4,2.692,149.23,389.23,6442008,BC5964S,0001,HS,BC5964,Puerto / Aduanas
1029989,473383,2571621BC5927S0001TQ,12,"157.093,21","2,738","149,64",240,"389,64",157093.21,2.738,149.64,389.64,2571621,BC5927S,0001,TQ,BC5927,Rafalet / Lluca / Covatelles
1017385,434835,7734506BC5973S0001TX,12,"158.361,23","2,760","149,84",240,"389,84",158361.23,2.76,149.84,389.84,7734506,BC5973S,0001,TX,BC5973,Tosalet / Cap Martí
1027342,501326,4282302BC5948S0001SE,12,"159.496,74","2,780","150,02",240,"390,02",159496.74,2.78,150.02,390.02,4282302,BC5948S,0001,SE,BC5948,Casco urbano / Pueblo
1021516,482965,8609018BC5981S0001UG,12,"159.856,44","2,786","150,07",240,"390,07",159856.44,2.786,150.07,390.07,8609018,BC5981S,0001,UG,BC5981,Portitxol / Toscal / Trencall
1013353,485868,7731006BC5973S0001HX,12,"159.959,10","2,788","150,09",240,"390,09",159959.1,2.788,150.09,390.09,7731006,BC5973S,0001,HX,BC5973,Tosalet / Cap Martí
1000423,482979,5047401BC5954N0001DM,12,"162.540,18","2,833","150,49",240,"390,49",162540.18,2.833,150.49,390.49,5047401,BC5954N,0001,DM,BC5954,Arenal / Canal / Montañar
1005066,477429,5329206BC5952N0001SS,12,"164.722,08","2,871","150,84",240,"390,84",164722.08,2.871,150.84,390.84,5329206,BC5952N,0001,SS,BC5952,Arenal / Canal / Montañar
1000153,465634,5638307BC5953N0001IY,12,"165.629,07","2,887","150,98",240,"390,98",165629.07,2.887,150.98,390.98,5638307,BC5953N,0001,IY,BC5953,Arenal / Canal / Montañar
1014610,504703,3763026BC5937S0001ZT,12,"167.380,31","2,917","151,25",240,"391,25",167380.31,2.917,151.25,391.25,3763026,BC5937S,0001,ZT,BC5937,Casco urbano / Pueblo
1008079,487605,8986337BC4988N0001OX,12,"167.824,42","2,925","151,32",240,"391,32",167824.42,2.925,151.32,391.32,8986337,BC4988N,0001,OX,BC4988,Les Fonts / Castellans
1000202,472726,5538007BC5953N0001RY,12,"171.965,25","2,997","151,97",240,"391,97",171965.25,2.997,151.97,391.97,5538007,BC5953N,0001,RY,BC5953,Arenal / Canal / Montañar
1017628,463725,2270429BC5927S0001LQ,12,"172.963,71","3,014","152,13",240,"392,13",172963.71,3.014,152.13,392.13,2270429,BC5927S,0001,LQ,BC5927,Rafalet / Lluca / Covatelles
1000298,485962,5641010BC5954S0001LI,12,"174.619,79","3,043","152,39",240,"392,39",174619.79,3.043,152.39,392.39,5641010,BC5954S,0001,LI,BC5954,Arenal / Canal / Montañar
1003580,496366,9776605BC4997N0001GO,12,"181.162,13","3,157","153,42",240,"393,42",181162.13,3.157,153.42,393.42,9776605,BC4997N,0001,GO,BC4997,Les Fonts / Castellans
1017192,467341,7132011BC5973S0001KX,12,"187.041,05","3,260","154,34",240,"394,34",187041.05,3.26,154.34,394.34,7132011,BC5973S,0001,KX,BC5973,Tosalet / Cap Martí
1022657,487339,9787904BC4998N0001SE,12,"190.595,41","3,322","154,89",240,"394,89",190595.41,3.322,154.89,394.89,9787904,BC4998N,0001,SE,BC4998,Les Fonts / Castellans
1016747,477758,6733003BC5963S0001OK,12,"195.115,48","3,400","155,60",240,"395,60",195115.48,3.4,155.6,395.6,6733003,BC5963S,0001,OK,BC5963,Puerto / Aduanas
1007587,475113,5587004BC5958N0001OX,12,"196.264,40","3,420","155,78",240,"395,78",196264.4,3.42,155.78,395.78,5587004,BC5958N,0001,OX,BC5958,Arenal / Canal / Montañar
1007595,483183,5288006BC5958N0001PX,12,"196.523,62","3,425","155,82",240,"395,82",196523.62,3.425,155.82,395.82,5288006,BC5958N,0001,PX,BC5958,Arenal / Canal / Montañar
1019050,494770,7411702BC5971S0001IA,12,"202.364,04","3,527","156,74",240,"396,74",202364.04,3.527,156.74,396.74,7411702,BC5971S,0001,IA,BC5971,Tosalet / Cap Martí
1023104,474771,2074739BC5917S0001GB,12,"213.608,28","3,723","158,50",240,"398,50",213608.28,3.723,158.5,398.5,2074739,BC5917S,0001,GB,BC5917,Montgó / Toscamar
1004516,480313,5287113BC5958N0001XX,12,"230.647,85","4,020","161,18",240,"401,18",230647.85,4.02,161.18,401.18,5287113,BC5958N,0001,XX,BC5958,Arenal / Canal / Montañar
1017682,487950,4625207BC5942N0001PI,12,"241.207,42","4,204","162,83",240,"402,83",241207.42,4.204,162.83,402.83,4625207,BC5942N,0001,PI,BC5942,Casco urbano / Pueblo
1006243,485523,6927002BC5962N0001GH,12,"263.667,70","4,595","166,36",240,"406,36",263667.7,4.595,166.36,406.36,6927002,BC5962N,0001,GH,BC5962,Puerto / Aduanas
1000199,463673,5443201BC5954S0001XI,12,"263.803,91","4,597","166,38",240,"406,38",263803.91,4.597,166.38,406.38,5443201,BC5954S,0001,XI,BC5954,Arenal / Canal / Montañar
1009228,491182,0575801BC5907N0001LI,13,"69.436,60","1,210","135,89",260,"395,89",69436.6,1.21,135.89,395.89,0575801,BC5907N,0001,LI,BC5907,Montgó / Toscamar
1013419,477575,6345726BC5964S0001FS,13,"69.666,96","1,214","135,93",260,"395,93",69666.96,1.214,135.93,395.93,6345726,BC5964S,0001,FS,BC5964,Puerto / Aduanas
1008237,460610,0016002BC5905S0001GT,14,"53.332,98","0,929","133,37",280,"413,37",53332.98,0.929,133.37,413.37,0016002,BC5905S,0001,GT,BC5905,Montgó / Toscamar
1007415,510267,1539633BC5913N0001LD,14,"57.145,56","0,996","133,96",280,"413,96",57145.56,0.996,133.96,413.96,1539633,BC5913N,0001,LD,BC5913,Montgó / Toscamar
1010595,487268,9580913BC4997N0001QO,14,"57.177,57","0,996","133,97",280,"413,97",57177.57,0.996,133.97,413.97,9580913,BC4997N,0001,QO,BC4997,Les Fonts / Castellans
1009993,436004,1836915BC5913S0001XZ,14,"63.435,05","1,106","134,95",280,"414,95",63435.05,1.106,134.95,414.95,1836915,BC5913S,0001,XZ,BC5913,Montgó / Toscamar
1005524,485582,3921014BC5932S0001RS,14,"67.636,66","1,179","135,61",280,"415,61",67636.66,1.179,135.61,415.61,3921014,BC5932S,0001,RS,BC5932,Casco urbano / Pueblo
1016884,506201,6029306BC5962N0001UH,14,"76.137,16","1,327","136,94",280,"416,94",76137.16,1.327,136.94,416.94,6029306,BC5962N,0001,UH,BC5962,Puerto / Aduanas
1016153,472727,0002001BC5900N0001BR,14,"90.557,50","1,578","139,20",280,"419,20",90557.5,1.578,139.2,419.2,0002001,BC5900N,0001,BR,BC5900,Montgó / Toscamar
1013970,492429,2741707BC5924S0001ML,14,"91.183,77","1,589","139,30",280,"419,30",91183.77,1.589,139.3,419.3,2741707,BC5924S,0001,ML,BC5924,Rafalet / Lluca / Covatelles
1006552,482457,4038807BC5933N0001JZ,14,"99.515,76","1,734","140,61",280,"420,61",99515.76,1.734,140.61,420.61,4038807,BC5933N,0001,JZ,BC5933,Casco urbano / Pueblo
1006207,499130,7333018BC5973S0001QX,14,"107.274,43","1,870","141,83",280,"421,83",107274.43,1.87,141.83,421.83,7333018,BC5973S,0001,QX,BC5973,Tosalet / Cap Martí
1017340,496369,7132009BC5973S0001RX,14,"116.476,19","2,030","143,27",280,"423,27",116476.19,2.03,143.27,423.27,7132009,BC5973S,0001,RX,BC5973,Tosalet / Cap Martí
1021949,446720,7131601BC5973S0001BX,14,"117.360,19","2,045","143,41",280,"423,41",117360.19,2.045,143.41,423.41,7131601,BC5973S,0001,BX,BC5973,Tosalet / Cap Martí
1025292,504307,03082A015001550001LH,14,"120.773,65","2,105","143,94",280,"423,94",120773.65,2.105,143.94,423.94,03082A0,1500155,0001,LH,150015,Sin clasificar / revisar
1004987,505216,2632303BC5923S0001KW,14,"120.913,81","2,107","143,97",280,"423,97",120913.81,2.107,143.97,423.97,2632303,BC5923S,0001,KW,BC5923,Rafalet / Lluca / Covatelles
1005172,510946,0478151BC5907N0001UI,14,"122.040,17","2,127","144,14",280,"424,14",122040.17,2.127,144.14,424.14,0478151,BC5907N,0001,UI,BC5907,Montgó / Toscamar
1028710,504077,6334101BC5963S0001OK,14,"127.621,37","2,224","145,02",280,"425,02",127621.37,2.224,145.02,425.02,6334101,BC5963S,0001,OK,BC5963,Puerto / Aduanas
1024231,499200,0979803BC5917N0001WS,14,"130.503,08","2,274","145,47",280,"425,47",130503.08,2.274,145.47,425.47,0979803,BC5917N,0001,WS,BC5917,Montgó / Toscamar
1007449,506604,3765501BC5937S0001KT,14,"133.470,31","2,326","145,93",280,"425,93",133470.31,2.326,145.93,425.93,3765501,BC5937S,0001,KT,BC5937,Casco urbano / Pueblo
1008125,506604,3765501BC5937S0001KT,14,"133.470,31","2,326","145,93",280,"425,93",133470.31,2.326,145.93,425.93,3765501,BC5937S,0001,KT,BC5937,Casco urbano / Pueblo
1008126,506604,3765501BC5937S0001KT,14,"133.470,31","2,326","145,93",280,"425,93",133470.31,2.326,145.93,425.93,3765501,BC5937S,0001,KT,BC5937,Casco urbano / Pueblo
1016175,442083,0677432BC5907N0001LI,14,"135.573,83","2,363","146,26",280,"426,26",135573.83,2.363,146.26,426.26,0677432,BC5907N,0001,LI,BC5907,Montgó / Toscamar
1023554,491149,8986306BC4988N0001KX,14,"136.976,99","2,387","146,48",280,"426,48",136976.99,2.387,146.48,426.48,8986306,BC4988N,0001,KX,BC4988,Les Fonts / Castellans
1020181,505580,5743503BC5954S0001TI,14,"155.717,72","2,714","149,42",280,"429,42",155717.72,2.714,149.42,429.42,5743503,BC5954S,0001,TI,BC5954,Arenal / Canal / Montañar
1025233,510520,4786027BC5948N0001DK,14,"161.174,32","2,809","150,28",280,"430,28",161174.32,2.809,150.28,430.28,4786027,BC5948N,0001,DK,BC5948,Casco urbano / Pueblo
1000350,509198,5544003BC5954S0001YI,14,"161.928,48","2,822","150,40",280,"430,40",161928.48,2.822,150.4,430.4,5544003,BC5954S,0001,YI,BC5954,Arenal / Canal / Montañar
1003434,490808,7327506BC5972N0001JB,14,"162.189,08","2,827","150,44",280,"430,44",162189.08,2.827,150.44,430.44,7327506,BC5972N,0001,JB,BC5972,Tosalet / Cap Martí
1007984,498872,0188804BC5908N0001DW,14,"164.855,24","2,873","150,86",280,"430,86",164855.24,2.873,150.86,430.86,0188804,BC5908N,0001,DW,BC5908,Montgó / Toscamar
1018314,493595,2963035BC5936N0001ME,14,"165.896,09","2,891","151,02",280,"431,02",165896.09,2.891,151.02,431.02,2963035,BC5936N,0001,ME,BC5936,Casco urbano / Pueblo
1006401,470690,6339010BC5963N0001GP,14,"177.552,61","3,094","152,85",280,"432,85",177552.61,3.094,152.85,432.85,6339010,BC5963N,0001,GP,BC5963,Puerto / Aduanas
1000514,504549,4983010BC5948S0001JE,14,"223.898,14","3,902","160,12",280,"440,12",223898.14,3.902,160.12,440.12,4983010,BC5948S,0001,JE,BC5948,Casco urbano / Pueblo
1004850,446572,1539615BC5913N0001ED,16,"50.690,17","0,883","132,95",320,"452,95",50690.17,0.883,132.95,452.95,1539615,BC5913N,0001,ED,BC5913,Montgó / Toscamar
1005037,452052,3832812BC5943S0001BP,16,"56.972,53","0,993","133,94",320,"453,94",56972.53,0.993,133.94,453.94,3832812,BC5943S,0001,BP,BC5943,Casco urbano / Pueblo
1006975,477427,7512001BC5971S0001FA,16,"59.603,46","1,039","134,35",320,"454,35",59603.46,1.039,134.35,454.35,7512001,BC5971S,0001,FA,BC5971,Tosalet / Cap Martí
1013570,477099,3779303BC5937N0001FB,16,"72.856,38","1,270","136,43",320,"456,43",72856.38,1.27,136.43,456.43,3779303,BC5937N,0001,FB,BC5937,Casco urbano / Pueblo
1007204,511168,7124324BC5972S0001ET,16,"74.861,56","1,305","136,74",320,"456,74",74861.56,1.305,136.74,456.74,7124324,BC5972S,0001,ET,BC5972,Tosalet / Cap Martí
1010247,506182,1370921BC5917S0001GB,16,"77.287,14","1,347","137,12",320,"457,12",77287.14,1.347,137.12,457.12,1370921,BC5917S,0001,GB,BC5917,Montgó / Toscamar
1009586,510672,3663835BC5937S0001MT,16,"79.634,39","1,388","137,49",320,"457,49",79634.39,1.388,137.49,457.49,3663835,BC5937S,0001,MT,BC5937,Casco urbano / Pueblo
1003649,493186,8510812BC5981S0001YG,16,"81.787,33","1,425","137,83",320,"457,83",81787.33,1.425,137.83,457.83,8510812,BC5981S,0001,YG,BC5981,Portitxol / Toscal / Trencall
1008536,459555,0013049BC5905S0001HT,16,"85.379,88","1,488","138,39",320,"458,39",85379.88,1.488,138.39,458.39,0013049,BC5905S,0001,HT,BC5905,Montgó / Toscamar
1003949,490178,8813701BC5981S0001DG,16,"94.782,87","1,652","139,87",320,"459,87",94782.87,1.652,139.87,459.87,8813701,BC5981S,0001,DG,BC5981,Portitxol / Toscal / Trencall
1012915,493076,7491012BC5974S0001QH,16,"96.967,60","1,690","140,21",320,"460,21",96967.6,1.69,140.21,460.21,7491012,BC5974S,0001,QH,BC5974,Portitxol / Toscal / Trencall
1032066,487121,7028311BC5972N0001PB,16,"111.262,72","1,939","142,45",320,"462,45",111262.72,1.939,142.45,462.45,7028311,BC5972N,0001,PB,BC5972,Tosalet / Cap Martí
1000396,442952,5538010BC5953N0001RY,16,"115.693,91","2,016","143,15",320,"463,15",115693.91,2.016,143.15,463.15,5538010,BC5953N,0001,RY,BC5953,Arenal / Canal / Montañar
1029093,471874,7217201BC5971N0001WE,16,"121.059,18","2,110","143,99",320,"463,99",121059.18,2.11,143.99,463.99,7217201,BC5971N,0001,WE,BC5971,Tosalet / Cap Martí
1029056,454092,7711903BC5971S0001QA,16,"129.083,51","2,250","145,25",320,"465,25",129083.51,2.25,145.25,465.25,7711903,BC5971S,0001,QA,BC5971,Tosalet / Cap Martí
1016960,482056,6627807BC5962N0001QH,16,"132.690,66","2,312","145,81",320,"465,81",132690.66,2.312,145.81,465.81,6627807,BC5962N,0001,QH,BC5962,Puerto / Aduanas
1004963,490733,5431013BC5953S0001RF,16,"136.918,90","2,386","146,48",320,"466,48",136918.9,2.386,146.48,466.48,5431013,BC5953S,0001,RF,BC5953,Arenal / Canal / Montañar
1006452,460141,6139407BC5963N0001QP,16,"140.906,20","2,456","147,10",320,"467,10",140906.2,2.456,147.1,467.1,6139407,BC5963N,0001,QP,BC5963,Puerto / Aduanas
1006349,476991,6541402BC5964S0001AS,16,"143.745,29","2,505","147,55",320,"467,55",143745.29,2.505,147.55,467.55,6541402,BC5964S,0001,AS,BC5964,Puerto / Aduanas
1029593,43436,6508109BC5960N0001ET,16,"163.128,40","2,843","150,59",320,"470,59",163128.4,2.843,150.59,470.59,6508109,BC5960N,0001,ET,BC5960,Puerto / Aduanas
1032075,497480,2748908BC5924N0001YA,16,"167.148,77","2,913","151,22",320,"471,22",167148.77,2.913,151.22,471.22,2748908,BC5924N,0001,YA,BC5924,Rafalet / Lluca / Covatelles
1022712,481141,6827514BC5962N0001OH,16,"174.407,71","3,040","152,36",320,"472,36",174407.71,3.04,152.36,472.36,6827514,BC5962N,0001,OH,BC5962,Puerto / Aduanas
1002978,506877,6650703BC5965S0001IY,16,"185.670,70","3,236","154,12",320,"474,12",185670.7,3.236,154.12,474.12,6650703,BC5965S,0001,IY,BC5965,Puerto / Aduanas
1006351,476930,6139406BC5963N0001GP,16,"193.175,69","3,367","155,30",320,"475,30",193175.69,3.367,155.3,475.3,6139406,BC5963N,0001,GP,BC5963,Puerto / Aduanas
1018226,480395,1934802BC5913N0001WD,16,"197.770,78","3,447","156,02",320,"476,02",197770.78,3.447,156.02,476.02,1934802,BC5913N,0001,WD,BC5913,Montgó / Toscamar
1020381,471082,4846503BC5944N0001XL,16,"203.389,37","3,545","156,90",320,"476,90",203389.37,3.545,156.9,476.9,4846503,BC5944N,0001,XL,BC5944,Casco urbano / Pueblo
1017471,481360,7725303BC5972S0001OT,16,"210.525,57","3,669","158,02",320,"478,02",210525.57,3.669,158.02,478.02,7725303,BC5972S,0001,OT,BC5972,Tosalet / Cap Martí
1006604,449772,1868512BC5916N0001WK,16,"227.129,10","3,958","160,63",320,"480,63",227129.1,3.958,160.63,480.63,1868512,BC5916N,0001,WK,BC5916,Montgó / Toscamar
1010088,498124,8431402BC5983S0001PE,16,"230.338,86","4,014","161,13",320,"481,13",230338.86,4.014,161.13,481.13,8431402,BC5983S,0001,PE,BC5983,Costa Nova / Balcón al Mar / Ambolo
1015400,506738,11953B2BC5917N0001LS,16,"258.421,46","4,504","165,53",320,"485,53",258421.46,4.504,165.53,485.53,11953B2,BC5917N,0001,LS,BC5917,Montgó / Toscamar
1016629,459877,6628203BC5962N0001GH,16,"528.276,47","9,207","207,86",320,"527,86",528276.47,9.207,207.86,527.86,6628203,BC5962N,0001,GH,BC5962,Puerto / Aduanas
1016131,432257,1642919BC5914S0001BG,18,"117.893,66","2,055","143,49",360,"503,49",117893.66,2.055,143.49,503.49,1642919,BC5914S,0001,BG,BC5914,Montgó / Toscamar
1007636,485927,5183022BC5958S0001FU,18,"304.442,03","5,306","172,75",360,"532,75",304442.03,5.306,172.75,532.75,5183022,BC5958S,0001,FU,BC5958,Arenal / Canal / Montañar
1013282,441493,3070035BC5937S0001DT,20,"111.705,72","1,947","142,52",400,"542,52",111705.72,1.947,142.52,542.52,3070035,BC5937S,0001,DT,BC5937,Casco urbano / Pueblo
1016137,477884,1841117BC5914S0001KG,20,"112.515,59","1,961","142,65",400,"542,65",112515.59,1.961,142.65,542.65,1841117,BC5914S,0001,KG,BC5914,Montgó / Toscamar
1013315,453989,7836009BC5973N0001FF,20,"167.656,46","2,922","151,30",400,"551,30",167656.46,2.922,151.3,551.3,7836009,BC5973N,0001,FF,BC5973,Tosalet / Cap Martí
