<?xml version="1.0" encoding="UTF-8"?>
<kml xmlns="http://www.opengis.net/kml/2.2">
  <Document>
    <name>Contenedores Orgánica, Papel, Envases, Vidrio, Ropa y Aceite cocina</name>
    <description/>
    <Style id="icon-503-4186F0-nodesc-normal">
      <IconStyle>
        <color>fff08641</color>
        <scale>1.1</scale>
        <Icon>
          <href>https://www.gstatic.com/mapspro/images/stock/503-wht-blank_maps.png</href>
        </Icon>
        <hotSpot x="16" xunits="pixels" y="32" yunits="insetPixels"/>
      </IconStyle>
      <LabelStyle>
        <scale>0</scale>
      </LabelStyle>
      <BalloonStyle>
        <text><![CDATA[<h3>$[name]</h3>]]></text>
      </BalloonStyle>
    </Style>
    <Style id="icon-503-4186F0-nodesc-highlight">
      <IconStyle>
        <color>fff08641</color>
        <scale>1.1</scale>
        <Icon>
          <href>https://www.gstatic.com/mapspro/images/stock/503-wht-blank_maps.png</href>
        </Icon>
        <hotSpot x="16" xunits="pixels" y="32" yunits="insetPixels"/>
      </IconStyle>
      <LabelStyle>
        <scale>1.1</scale>
      </LabelStyle>
      <BalloonStyle>
        <text><![CDATA[<h3>$[name]</h3>]]></text>
      </BalloonStyle>
    </Style>
    <StyleMap id="icon-503-4186F0-nodesc">
      <Pair>
        <key>normal</key>
        <styleUrl>#icon-503-4186F0-nodesc-normal</styleUrl>
      </Pair>
      <Pair>
        <key>highlight</key>
        <styleUrl>#icon-503-4186F0-nodesc-highlight</styleUrl>
      </Pair>
    </StyleMap>
    <Style id="icon-503-62AF44-nodesc-normal">
      <IconStyle>
        <color>ff44af62</color>
        <scale>1.1</scale>
        <Icon>
          <href>https://www.gstatic.com/mapspro/images/stock/503-wht-blank_maps.png</href>
        </Icon>
        <hotSpot x="16" xunits="pixels" y="32" yunits="insetPixels"/>
      </IconStyle>
      <LabelStyle>
        <scale>0</scale>
      </LabelStyle>
      <BalloonStyle>
        <text><![CDATA[<h3>$[name]</h3>]]></text>
      </BalloonStyle>
    </Style>
    <Style id="icon-503-62AF44-nodesc-highlight">
      <IconStyle>
        <color>ff44af62</color>
        <scale>1.1</scale>
        <Icon>
          <href>https://www.gstatic.com/mapspro/images/stock/503-wht-blank_maps.png</href>
        </Icon>
        <hotSpot x="16" xunits="pixels" y="32" yunits="insetPixels"/>
      </IconStyle>
      <LabelStyle>
        <scale>1.1</scale>
      </LabelStyle>
      <BalloonStyle>
        <text><![CDATA[<h3>$[name]</h3>]]></text>
      </BalloonStyle>
    </Style>
    <StyleMap id="icon-503-62AF44-nodesc">
      <Pair>
        <key>normal</key>
        <styleUrl>#icon-503-62AF44-nodesc-normal</styleUrl>
      </Pair>
      <Pair>
        <key>highlight</key>
        <styleUrl>#icon-503-62AF44-nodesc-highlight</styleUrl>
      </Pair>
    </StyleMap>
    <Style id="icon-503-777777-nodesc-normal">
      <IconStyle>
        <color>ff777777</color>
        <scale>1.1</scale>
        <Icon>
          <href>https://www.gstatic.com/mapspro/images/stock/503-wht-blank_maps.png</href>
        </Icon>
        <hotSpot x="16" xunits="pixels" y="32" yunits="insetPixels"/>
      </IconStyle>
      <LabelStyle>
        <scale>0</scale>
      </LabelStyle>
      <BalloonStyle>
        <text><![CDATA[<h3>$[name]</h3>]]></text>
      </BalloonStyle>
    </Style>
    <Style id="icon-503-777777-nodesc-highlight">
      <IconStyle>
        <color>ff777777</color>
        <scale>1.1</scale>
        <Icon>
          <href>https://www.gstatic.com/mapspro/images/stock/503-wht-blank_maps.png</href>
        </Icon>
        <hotSpot x="16" xunits="pixels" y="32" yunits="insetPixels"/>
      </IconStyle>
      <LabelStyle>
        <scale>1.1</scale>
      </LabelStyle>
      <BalloonStyle>
        <text><![CDATA[<h3>$[name]</h3>]]></text>
      </BalloonStyle>
    </Style>
    <StyleMap id="icon-503-777777-nodesc">
      <Pair>
        <key>normal</key>
        <styleUrl>#icon-503-777777-nodesc-normal</styleUrl>
      </Pair>
      <Pair>
        <key>highlight</key>
        <styleUrl>#icon-503-777777-nodesc-highlight</styleUrl>
      </Pair>
    </StyleMap>
    <Style id="icon-503-7C3592-nodesc-normal">
      <IconStyle>
        <color>ff92357c</color>
        <scale>1.1</scale>
        <Icon>
          <href>https://www.gstatic.com/mapspro/images/stock/503-wht-blank_maps.png</href>
        </Icon>
        <hotSpot x="16" xunits="pixels" y="32" yunits="insetPixels"/>
      </IconStyle>
      <LabelStyle>
        <scale>0</scale>
      </LabelStyle>
      <BalloonStyle>
        <text><![CDATA[<h3>$[name]</h3>]]></text>
      </BalloonStyle>
    </Style>
    <Style id="icon-503-7C3592-nodesc-highlight">
      <IconStyle>
        <color>ff92357c</color>
        <scale>1.1</scale>
        <Icon>
          <href>https://www.gstatic.com/mapspro/images/stock/503-wht-blank_maps.png</href>
        </Icon>
        <hotSpot x="16" xunits="pixels" y="32" yunits="insetPixels"/>
      </IconStyle>
      <LabelStyle>
        <scale>1.1</scale>
      </LabelStyle>
      <BalloonStyle>
        <text><![CDATA[<h3>$[name]</h3>]]></text>
      </BalloonStyle>
    </Style>
    <StyleMap id="icon-503-7C3592-nodesc">
      <Pair>
        <key>normal</key>
        <styleUrl>#icon-503-7C3592-nodesc-normal</styleUrl>
      </Pair>
      <Pair>
        <key>highlight</key>
        <styleUrl>#icon-503-7C3592-nodesc-highlight</styleUrl>
      </Pair>
    </StyleMap>
    <Style id="icon-503-F4EB37-nodesc-normal">
      <IconStyle>
        <color>ff37ebf4</color>
        <scale>1.1</scale>
        <Icon>
          <href>https://www.gstatic.com/mapspro/images/stock/503-wht-blank_maps.png</href>
        </Icon>
        <hotSpot x="16" xunits="pixels" y="32" yunits="insetPixels"/>
      </IconStyle>
      <LabelStyle>
        <scale>0</scale>
      </LabelStyle>
      <BalloonStyle>
        <text><![CDATA[<h3>$[name]</h3>]]></text>
      </BalloonStyle>
    </Style>
    <Style id="icon-503-F4EB37-nodesc-highlight">
      <IconStyle>
        <color>ff37ebf4</color>
        <scale>1.1</scale>
        <Icon>
          <href>https://www.gstatic.com/mapspro/images/stock/503-wht-blank_maps.png</href>
        </Icon>
        <hotSpot x="16" xunits="pixels" y="32" yunits="insetPixels"/>
      </IconStyle>
      <LabelStyle>
        <scale>1.1</scale>
      </LabelStyle>
      <BalloonStyle>
        <text><![CDATA[<h3>$[name]</h3>]]></text>
      </BalloonStyle>
    </Style>
    <StyleMap id="icon-503-F4EB37-nodesc">
      <Pair>
        <key>normal</key>
        <styleUrl>#icon-503-F4EB37-nodesc-normal</styleUrl>
      </Pair>
      <Pair>
        <key>highlight</key>
        <styleUrl>#icon-503-F4EB37-nodesc-highlight</styleUrl>
      </Pair>
    </StyleMap>
    <Style id="icon-503-F8971B-normal">
      <IconStyle>
        <color>ff1b97f8</color>
        <scale>1.1</scale>
        <Icon>
          <href>https://www.gstatic.com/mapspro/images/stock/503-wht-blank_maps.png</href>
        </Icon>
        <hotSpot x="16" xunits="pixels" y="32" yunits="insetPixels"/>
      </IconStyle>
      <LabelStyle>
        <scale>0</scale>
      </LabelStyle>
    </Style>
    <Style id="icon-503-F8971B-highlight">
      <IconStyle>
        <color>ff1b97f8</color>
        <scale>1.1</scale>
        <Icon>
          <href>https://www.gstatic.com/mapspro/images/stock/503-wht-blank_maps.png</href>
        </Icon>
        <hotSpot x="16" xunits="pixels" y="32" yunits="insetPixels"/>
      </IconStyle>
      <LabelStyle>
        <scale>1.1</scale>
      </LabelStyle>
    </Style>
    <StyleMap id="icon-503-F8971B">
      <Pair>
        <key>normal</key>
        <styleUrl>#icon-503-F8971B-normal</styleUrl>
      </Pair>
      <Pair>
        <key>highlight</key>
        <styleUrl>#icon-503-F8971B-highlight</styleUrl>
      </Pair>
    </StyleMap>
    <Style id="icon-503-F8971B-nodesc-normal">
      <IconStyle>
        <color>ff1b97f8</color>
        <scale>1.1</scale>
        <Icon>
          <href>https://www.gstatic.com/mapspro/images/stock/503-wht-blank_maps.png</href>
        </Icon>
        <hotSpot x="16" xunits="pixels" y="32" yunits="insetPixels"/>
      </IconStyle>
      <LabelStyle>
        <scale>0</scale>
      </LabelStyle>
      <BalloonStyle>
        <text><![CDATA[<h3>$[name]</h3>]]></text>
      </BalloonStyle>
    </Style>
    <Style id="icon-503-F8971B-nodesc-highlight">
      <IconStyle>
        <color>ff1b97f8</color>
        <scale>1.1</scale>
        <Icon>
          <href>https://www.gstatic.com/mapspro/images/stock/503-wht-blank_maps.png</href>
        </Icon>
        <hotSpot x="16" xunits="pixels" y="32" yunits="insetPixels"/>
      </IconStyle>
      <LabelStyle>
        <scale>1.1</scale>
      </LabelStyle>
      <BalloonStyle>
        <text><![CDATA[<h3>$[name]</h3>]]></text>
      </BalloonStyle>
    </Style>
    <StyleMap id="icon-503-F8971B-nodesc">
      <Pair>
        <key>normal</key>
        <styleUrl>#icon-503-F8971B-nodesc-normal</styleUrl>
      </Pair>
      <Pair>
        <key>highlight</key>
        <styleUrl>#icon-503-F8971B-nodesc-highlight</styleUrl>
      </Pair>
    </StyleMap>
    <Folder>
      <name>Fracción Resto</name>
      <Placemark>
        <name>Punto 328</name>
        <styleUrl>#icon-503-777777-nodesc</styleUrl>
        <Point>
          <coordinates>
            0.1744066,38.7883725,0
          </coordinates>
        </Point>
      </Placemark>
      <Placemark>
        <name>Punto 326</name>
        <styleUrl>#icon-503-777777-nodesc</styleUrl>
        <Point>
          <coordinates>
            0.1644153,38.7857863,0
          </coordinates>
        </Point>
      </Placemark>
      <Placemark>
        <name>Punto 317</name>
        <styleUrl>#icon-503-777777-nodesc</styleUrl>
        <Point>
          <coordinates>
            0.2061345,38.7583377,0
          </coordinates>
        </Point>
      </Placemark>
      <Placemark>
        <name>Punto 317</name>
        <styleUrl>#icon-503-777777-nodesc</styleUrl>
        <Point>
          <coordinates>
            0.1730749,38.7886945,0
          </coordinates>
        </Point>
      </Placemark>
      <Placemark>
        <name>Punto 316</name>
        <styleUrl>#icon-503-777777-nodesc</styleUrl>
        <Point>
          <coordinates>
            0.1504464,38.7798284,0
          </coordinates>
        </Point>
      </Placemark>
      <Placemark>
        <name>Punto 5</name>
        <styleUrl>#icon-503-777777-nodesc</styleUrl>
        <Point>
          <coordinates>
            0.129002183675766,38.788627074891,0
          </coordinates>
        </Point>
      </Placemark>
      <Placemark>
        <name>Punto 6</name>
        <styleUrl>#icon-503-777777-nodesc</styleUrl>
        <Point>
          <coordinates>
            0.129027664661407,38.7886197575075,0
          </coordinates>
        </Point>
      </Placemark>
      <Placemark>
        <name>Punto 7</name>
        <styleUrl>#icon-503-777777-nodesc</styleUrl>
        <Point>
          <coordinates>
            0.129047110676765,38.7886129627936,0
          </coordinates>
        </Point>
      </Placemark>
      <Placemark>
        <name>Punto 8</name>
        <styleUrl>#icon-503-777777-nodesc</styleUrl>
        <Point>
          <coordinates>
            0.142026320099831,38.7874468757649,0
          </coordinates>
        </Point>
      </Placemark>
      <Placemark>
        <name>Punto 9</name>
        <styleUrl>#icon-503-777777-nodesc</styleUrl>
        <Point>
          <coordinates>
            0.142028331756592,38.7874683055954,0
          </coordinates>
        </Point>
      </Placemark>
      <Placemark>
        <name>Punto 10</name>
        <styleUrl>#icon-503-777777-nodesc</styleUrl>
        <Point>
          <coordinates>
            0.142029672861099,38.787489212741,0
          </coordinates>
        </Point>
      </Placemark>
      <Placemark>
        <name>Punto 11</name>
        <styleUrl>#icon-503-777777-nodesc</styleUrl>
        <Point>
          <coordinates>
            0.151289328932762,38.7877259857366,0
          </coordinates>
        </Point>
      </Placemark>
      <Placemark>
        <name>Punto 13</name>
        <styleUrl>#icon-503-777777-nodesc</styleUrl>
        <Point>
          <coordinates>
            0.152118131518364,38.7836390584942,0
          </coordinates>
        </Point>
      </Placemark>
      <Placemark>
        <name>Punto 14</name>
        <styleUrl>#icon-503-777777-nodesc</styleUrl>
        <Point>
          <coordinates>
            0.152093321084976,38.7836380130806,0
          </coordinates>
        </Point>
      </Placemark>
      <Placemark>
        <name>Punto 15</name>
        <styleUrl>#icon-503-777777-nodesc</styleUrl>
        <Point>
          <coordinates>
            0.1582872,38.7867914,0
          </coordinates>
        </Point>
      </Placemark>
      <Placemark>
        <name>Punto 16</name>
        <styleUrl>#icon-503-777777-nodesc</styleUrl>
        <Point>
          <coordinates>
            0.157163366675377,38.7886892726201,0
          </coordinates>
        </Point>
      </Placemark>
      <Placemark>
        <name>Punto 17</name>
        <styleUrl>#icon-503-777777-nodesc</styleUrl>
        <Point>
          <coordinates>
            0.158892050385475,38.7908917689826,0
          </coordinates>
        </Point>
      </Placemark>
      <Placemark>
        <name>Punto 18</name>
        <styleUrl>#icon-503-777777-nodesc</styleUrl>
        <Point>
          <coordinates>
            0.161497816443443,38.7923515255858,0
          </coordinates>
        </Point>
      </Placemark>
      <Placemark>
        <name>Punto 19</name>
        <styleUrl>#icon-503-777777-nodesc</styleUrl>
        <Point>
          <coordinates>
            0.161521956324577,38.7923609331576,0
          </coordinates>
        </Point>
      </Placemark>
      <Placemark>
        <name>Punto 20</name>
        <styleUrl>#icon-503-777777-nodesc</styleUrl>
        <Point>
          <coordinates>
            0.159070417284966,38.7931976794399,0
          </coordinates>
        </Point>
      </Placemark>
      <Placemark>
        <name>Punto 21</name>
        <styleUrl>#icon-503-777777-nodesc</styleUrl>
        <Point>
          <coordinates>
            0.156896486878395,38.7961787368873,0
          </coordinates>
        </Point>
      </Placemark>
      <Placemark>
        <name>Punto 23</name>
        <styleUrl>#icon-503-777777-nodesc</styleUrl>
        <Point>
          <coordinates>
            0.16154944896698,38.8030136887402,0
          </coordinates>
        </Point>
      </Placemark>
      <Placemark>
        <name>Punto 24</name>
        <styleUrl>#icon-503-777777-nodesc</styleUrl>
        <Point>
          <coordinates>
            0.161559507250786,38.802992786148,0
          </coordinates>
        </Point>
      </Placemark>
      <Placemark>
        <name>Punto 25</name>
        <styleUrl>#icon-503-777777-nodesc</styleUrl>
        <Point>
          <coordinates>
            0.163083001971245,38.8033010987607,0
          </coordinates>
        </Point>
      </Placemark>
      <Placemark>
        <name>Punto 26</name>
        <styleUrl>#icon-503-777777-nodesc</styleUrl>
        <Point>
          <coordinates>
            0.185801982879639,38.8057022335395,0
          </coordinates>
        </Point>
      </Placemark>
      <Placemark>
        <name>Punto 27</name>
        <styleUrl>#icon-503-777777-nodesc</styleUrl>
        <Point>
          <coordinates>
            0.16386017203331,38.7911186002911,0
          </coordinates>
        </Point>
      </Placemark>
      <Placemark>
        <name>Punto 29</name>
        <styleUrl>#icon-503-777777-nodesc</styleUrl>
        <Point>
          <coordinates>
            0.162307843565941,38.7900121375196,0
          </coordinates>
        </Point>
      </Placemark>
      <Placemark>
        <name>Punto 30</name>
        <styleUrl>#icon-503-777777-nodesc</styleUrl>
        <Point>
          <coordinates>
            0.162323266267776,38.7900299079596,0
          </coordinates>
        </Point>
      </Placemark>
      <Placemark>
        <name>Punto 31</name>
        <styleUrl>#icon-503-777777-nodesc</styleUrl>
        <Point>
          <coordinates>
            0.161452889442444,38.7892354604314,0
          </coordinates>
        </Point>
      </Placemark>
      <Placemark>
        <name>Punto 32</name>
        <styleUrl>#icon-503-777777-nodesc</styleUrl>
        <Point>
          <coordinates>
            0.161474347114563,38.7892223937862,0
          </coordinates>
        </Point>
      </Placemark>
      <Placemark>
        <name>Punto 33</name>
        <styleUrl>#icon-503-777777-nodesc</styleUrl>
        <Point>
          <coordinates>
            0.160847380757332,38.7901647540953,0
          </coordinates>
        </Point>
      </Placemark>
      <Placemark>
        <name>Punto 34</name>
        <styleUrl>#icon-503-777777-nodesc</styleUrl>
        <Point>
          <coordinates>
            0.159421786665916,38.7894523663917,0
          </coordinates>
        </Point>
      </Placemark>
      <Placemark>
        <name>Punto 35</name>
        <styleUrl>#icon-503-777777-nodesc</styleUrl>
        <Point>
          <coordinates>
            0.159407034516335,38.7894722276274,0
          </coordinates>
        </Point>
      </Placemark>
      <Placemark>
        <name>Punto 36</name>
        <styleUrl>#icon-503-777777-nodesc</styleUrl>
        <Point>
          <coordinates>
            0.158810913562775,38.7885329941893,0
          </coordinates>
        </Point>
      </Placemark>
      <Placemark>
        <name>Punto 37</name>
        <styleUrl>#icon-503-777777-nodesc</styleUrl>
        <Point>
          <coordinates>
            0.160475894808769,38.7882063241221,0
          </coordinates>
        </Point>
      </Placemark>
      <Placemark>
        <name>Punto 38</name>
        <styleUrl>#icon-503-777777-nodesc</styleUrl>
        <Point>
          <coordinates>
            0.16045980155468,38.7882230496659,0
          </coordinates>
        </Point>
      </Placemark>
      <Placemark>
        <name>Punto 39</name>
        <styleUrl>#icon-503-777777-nodesc</styleUrl>
        <Point>
          <coordinates>
            0.159202516078949,38.7854319202369,0
          </coordinates>
        </Point>
      </Placemark>
      <Placemark>
        <name>Punto 41</name>
        <styleUrl>#icon-503-777777-nodesc</styleUrl>
        <Point>
          <coordinates>
            0.160219073295593,38.7859687245894,0
          </coordinates>
        </Point>
      </Placemark>
      <Placemark>
        <name>Punto 42</name>
        <styleUrl>#icon-503-777777-nodesc</styleUrl>
        <Point>
          <coordinates>
            0.160217732191086,38.7859891094851,0
          </coordinates>
        </Point>
      </Placemark>
      <Placemark>
        <name>Punto 43</name>
        <styleUrl>#icon-503-777777-nodesc</styleUrl>
        <Point>
          <coordinates>
            0.161269828677177,38.7871337904326,0
          </coordinates>
        </Point>
      </Placemark>
      <Placemark>
        <name>Punto 44</name>
        <styleUrl>#icon-503-777777-nodesc</styleUrl>
        <Point>
          <coordinates>
            0.165202617645264,38.7885915333071,0
          </coordinates>
        </Point>
      </Placemark>
      <Placemark>
        <name>Punto 45</name>
        <styleUrl>#icon-503-777777-nodesc</styleUrl>
        <Point>
          <coordinates>
            0.164865329861641,38.7894711822993,0
          </coordinates>
        </Point>
      </Placemark>
      <Placemark>
        <name>Punto 46</name>
        <styleUrl>#icon-503-777777-nodesc</styleUrl>
        <Point>
          <coordinates>
            0.164861977100372,38.789450275735,0
          </coordinates>
        </Point>
      </Placemark>
      <Placemark>
        <name>Punto 47</name>
        <styleUrl>#icon-503-777777-nodesc</styleUrl>
        <Point>
          <coordinates>
            0.164588391780853,38.7902677178334,0
          </coordinates>
        </Point>
      </Placemark>
      <Placemark>
        <name>Punto 48</name>
        <styleUrl>#icon-503-777777-nodesc</styleUrl>
        <Point>
          <coordinates>
            0.163311660289764,38.7894288465002,0
          </coordinates>
        </Point>
      </Placemark>
      <Placemark>
        <name>Punto 49</name>
        <styleUrl>#icon-503-777777-nodesc</styleUrl>
        <Point>
          <coordinates>
            0.163336470723152,38.7894413904433,0
          </coordinates>
        </Point>
      </Placemark>
      <Placemark>
        <name>Punto 50</name>
        <styleUrl>#icon-503-777777-nodesc</styleUrl>
        <Point>
          <coordinates>
            0.164002999663353,38.7865729513332,0
          </coordinates>
        </Point>
      </Placemark>
      <Placemark>
        <name>Punto 51</name>
        <styleUrl>#icon-503-777777-nodesc</styleUrl>
        <Point>
          <coordinates>
            0.162414461374283,38.7862839057876,0
          </coordinates>
        </Point>
      </Placemark>
      <Placemark>
        <name>Punto 52</name>
        <styleUrl>#icon-503-777777-nodesc</styleUrl>
        <Point>
          <coordinates>
            0.162424519658089,38.7862666571013,0
          </coordinates>
        </Point>
      </Placemark>
      <Placemark>
        <name>Punto 53</name>
        <styleUrl>#icon-503-777777-nodesc</styleUrl>
        <Point>
          <coordinates>
            0.164139121770859,38.7838324597434,0
          </coordinates>
        </Point>
      </Placemark>
      <Placemark>
        <name>Punto 54</name>
        <styleUrl>#icon-503-777777-nodesc</styleUrl>
        <Point>
          <coordinates>
            0.164109617471695,38.7838214829299,0
          </coordinates>
        </Point>
      </Placemark>
      <Placemark>
        <name>Punto 56</name>
        <styleUrl>#icon-503-777777-nodesc</styleUrl>
        <Point>
          <coordinates>
            0.1626002,38.7853341,0
          </coordinates>
        </Point>
      </Placemark>
      <Placemark>
        <name>Punto 57</name>
        <styleUrl>#icon-503-777777-nodesc</styleUrl>
        <Point>
          <coordinates>
            0.16442745923996,38.7857659206936,0
          </coordinates>
        </Point>
      </Placemark>
      <Placemark>
        <name>Punto 58</name>
        <styleUrl>#icon-503-777777-nodesc</styleUrl>
        <Point>
          <coordinates>
            0.161177292466164,38.7833536600167,0
          </coordinates>
        </Point>
      </Placemark>
      <Placemark>
        <name>Punto 59</name>
        <styleUrl>#icon-503-777777-nodesc</styleUrl>
        <Point>
          <coordinates>
            0.161172598600388,38.7833358879125,0
          </coordinates>
        </Point>
      </Placemark>
      <Placemark>
        <name>Punto 60</name>
        <styleUrl>#icon-503-777777-nodesc</styleUrl>
        <Point>
          <coordinates>
            0.155541300773621,38.7815952456618,0
          </coordinates>
        </Point>
      </Placemark>
      <Placemark>
        <name>Punto 61</name>
        <styleUrl>#icon-503-777777-nodesc</styleUrl>
        <Point>
          <coordinates>
            0.155516490340233,38.7815915866093,0
          </coordinates>
        </Point>
      </Placemark>
      <Placemark>
        <name>Punto 62</name>
        <styleUrl>#icon-503-777777-nodesc</styleUrl>
        <Point>
          <coordinates>
            0.151059329509735,38.7809434086348,0
          </coordinates>
        </Point>
      </Placemark>
      <Placemark>
        <name>Punto 63</name>
        <styleUrl>#icon-503-777777-nodesc</styleUrl>
        <Point>
          <coordinates>
            0.151062682271004,38.7809245904765,0
          </coordinates>
        </Point>
      </Placemark>
      <Placemark>
        <name>Punto 65</name>
        <styleUrl>#icon-503-777777-nodesc</styleUrl>
        <Point>
          <coordinates>
            0.139539241790771,38.7751058823549,0
          </coordinates>
        </Point>
      </Placemark>
      <Placemark>
        <name>Punto 66</name>
        <styleUrl>#icon-503-777777-nodesc</styleUrl>
        <Point>
          <coordinates>
            0.139536559581757,38.7750828805004,0
          </coordinates>
        </Point>
      </Placemark>
      <Placemark>
        <name>Punto 68</name>
        <styleUrl>#icon-503-777777-nodesc</styleUrl>
        <Point>
          <coordinates>
            0.1108195,38.7768686,0
          </coordinates>
        </Point>
      </Placemark>
      <Placemark>
        <name>Punto 69</name>
        <styleUrl>#icon-503-777777-nodesc</styleUrl>
        <Point>
          <coordinates>
            0.148464292287827,38.7701749515366,0
          </coordinates>
        </Point>
      </Placemark>
      <Placemark>
        <name>Punto 70</name>
        <styleUrl>#icon-503-777777-nodesc</styleUrl>
        <Point>
          <coordinates>
            0.14845222234726,38.7701603129818,0
          </coordinates>
        </Point>
      </Placemark>
      <Placemark>
        <name>Punto 71</name>
        <styleUrl>#icon-503-777777-nodesc</styleUrl>
        <Point>
          <coordinates>
            0.148257091641426,38.768915502028,0
          </coordinates>
        </Point>
      </Placemark>
      <Placemark>
        <name>Punto 72</name>
        <styleUrl>#icon-503-777777-nodesc</styleUrl>
        <Point>
          <coordinates>
            0.1450015604496,38.7613060510275,0
          </coordinates>
        </Point>
      </Placemark>
      <Placemark>
        <name>Punto 73</name>
        <styleUrl>#icon-503-777777-nodesc</styleUrl>
        <Point>
          <coordinates>
            0.144994184374809,38.7612882734294,0
          </coordinates>
        </Point>
      </Placemark>
      <Placemark>
        <name>Punto 74</name>
        <styleUrl>#icon-503-777777-nodesc</styleUrl>
        <Point>
          <coordinates>
            0.14498345553875,38.7612657899902,0
          </coordinates>
        </Point>
      </Placemark>
      <Placemark>
        <name>Punto 75</name>
        <styleUrl>#icon-503-777777-nodesc</styleUrl>
        <Point>
          <coordinates>
            0.148002952337265,38.7622498259781,0
          </coordinates>
        </Point>
      </Placemark>
      <Placemark>
        <name>Punto 76</name>
        <styleUrl>#icon-503-777777-nodesc</styleUrl>
        <Point>
          <coordinates>
            0.147978141903877,38.7622456430696,0
          </coordinates>
        </Point>
      </Placemark>
      <Placemark>
        <name>Punto 77</name>
        <styleUrl>#icon-503-777777-nodesc</styleUrl>
        <Point>
          <coordinates>
            0.149279683828354,38.7474156912548,0
          </coordinates>
        </Point>
      </Placemark>
      <Placemark>
        <name>Punto 78</name>
        <styleUrl>#icon-503-777777-nodesc</styleUrl>
        <Point>
          <coordinates>
            0.149287730455399,38.7473952953349,0
          </coordinates>
        </Point>
      </Placemark>
      <Placemark>
        <name>Punto 79</name>
        <styleUrl>#icon-503-777777-nodesc</styleUrl>
        <Point>
          <coordinates>
            0.1660626,38.7440712,0
          </coordinates>
        </Point>
      </Placemark>
      <Placemark>
        <name>Punto 80</name>
        <styleUrl>#icon-503-777777-nodesc</styleUrl>
        <Point>
          <coordinates>
            0.169227942824364,38.7503432297651,0
          </coordinates>
        </Point>
      </Placemark>
      <Placemark>
        <name>Punto 82</name>
        <styleUrl>#icon-503-777777-nodesc</styleUrl>
        <Point>
          <coordinates>
            0.1807172,38.7539949,0
          </coordinates>
        </Point>
      </Placemark>
      <Placemark>
        <name>Punto 83</name>
        <styleUrl>#icon-503-777777-nodesc</styleUrl>
        <Point>
          <coordinates>
            0.1807467,38.7540012,0
          </coordinates>
        </Point>
      </Placemark>
      <Placemark>
        <name>Punto 84</name>
        <styleUrl>#icon-503-777777-nodesc</styleUrl>
        <Point>
          <coordinates>
            0.1807702,38.7540027,0
          </coordinates>
        </Point>
      </Placemark>
      <Placemark>
        <name>Punto 85</name>
        <styleUrl>#icon-503-777777-nodesc</styleUrl>
        <Point>
          <coordinates>
            0.1819362,38.7505655,0
          </coordinates>
        </Point>
      </Placemark>
      <Placemark>
        <name>Punto 86</name>
        <styleUrl>#icon-503-777777-nodesc</styleUrl>
        <Point>
          <coordinates>
            0.181834995746613,38.7564306402666,0
          </coordinates>
        </Point>
      </Placemark>
      <Placemark>
        <name>Punto 87</name>
        <styleUrl>#icon-503-777777-nodesc</styleUrl>
        <Point>
          <coordinates>
            0.181828960776329,38.7564578313832,0
          </coordinates>
        </Point>
      </Placemark>
      <Placemark>
        <name>Punto 88</name>
        <styleUrl>#icon-503-777777-nodesc</styleUrl>
        <Point>
          <coordinates>
            0.185737609863281,38.7621018554397,0
          </coordinates>
        </Point>
      </Placemark>
      <Placemark>
        <name>Punto 89</name>
        <styleUrl>#icon-503-777777-nodesc</styleUrl>
        <Point>
          <coordinates>
            0.185737609863281,38.7620835551752,0
          </coordinates>
        </Point>
      </Placemark>
      <Placemark>
        <name>Punto 90</name>
        <styleUrl>#icon-503-777777-nodesc</styleUrl>
        <Point>
          <coordinates>
            0.185737609863281,38.7620626405813,0
          </coordinates>
        </Point>
      </Placemark>
      <Placemark>
        <name>Punto 91</name>
        <styleUrl>#icon-503-777777-nodesc</styleUrl>
        <Point>
          <coordinates>
            0.188272967934608,38.7639914632116,0
          </coordinates>
        </Point>
      </Placemark>
      <Placemark>
        <name>Punto 92</name>
        <styleUrl>#icon-503-777777-nodesc</styleUrl>
        <Point>
          <coordinates>
            0.189103782176971,38.7631731970348,0
          </coordinates>
        </Point>
      </Placemark>
      <Placemark>
        <name>Punto 93</name>
        <styleUrl>#icon-503-777777-nodesc</styleUrl>
        <Point>
          <coordinates>
            0.181978493928909,38.7641394298315,0
          </coordinates>
        </Point>
      </Placemark>
      <Placemark>
        <name>Punto 94</name>
        <styleUrl>#icon-503-777777-nodesc</styleUrl>
        <Point>
          <coordinates>
            0.182001292705536,38.7641315870855,0
          </coordinates>
        </Point>
      </Placemark>
      <Placemark>
        <name>Punto 95</name>
        <styleUrl>#icon-503-777777-nodesc</styleUrl>
        <Point>
          <coordinates>
            0.177476406097412,38.7660085930435,0
          </coordinates>
        </Point>
      </Placemark>
      <Placemark>
        <name>Punto 96</name>
        <styleUrl>#icon-503-777777-nodesc</styleUrl>
        <Point>
          <coordinates>
            0.177469700574875,38.7659866339278,0
          </coordinates>
        </Point>
      </Placemark>
      <Placemark>
        <name>Punto 97</name>
        <styleUrl>#icon-503-777777-nodesc</styleUrl>
        <Point>
          <coordinates>
            0.17746165394783,38.765964151969,0
          </coordinates>
        </Point>
      </Placemark>
      <Placemark>
        <name>Punto 98</name>
        <styleUrl>#icon-503-777777-nodesc</styleUrl>
        <Point>
          <coordinates>
            0.168889313936234,38.7694932099386,0
          </coordinates>
        </Point>
      </Placemark>
      <Placemark>
        <name>Punto 99</name>
        <styleUrl>#icon-503-777777-nodesc</styleUrl>
        <Point>
          <coordinates>
            0.165629088878632,38.7741073859323,0
          </coordinates>
        </Point>
      </Placemark>
      <Placemark>
        <name>Punto 100</name>
        <styleUrl>#icon-503-777777-nodesc</styleUrl>
        <Point>
          <coordinates>
            0.1573745906353,38.7708786442363,0
          </coordinates>
        </Point>
      </Placemark>
      <Placemark>
        <name>Punto 101</name>
        <styleUrl>#icon-503-777777-nodesc</styleUrl>
        <Point>
          <coordinates>
            0.157400071620941,38.7708734162329,0
          </coordinates>
        </Point>
      </Placemark>
      <Placemark>
        <name>Punto 102</name>
        <styleUrl>#icon-503-777777-nodesc</styleUrl>
        <Point>
          <coordinates>
            0.1922326,38.7623649,0
          </coordinates>
        </Point>
      </Placemark>
      <Placemark>
        <name>Punto 103</name>
        <styleUrl>#icon-503-777777-nodesc</styleUrl>
        <Point>
          <coordinates>
            0.1922272,38.7623439,0
          </coordinates>
        </Point>
      </Placemark>
      <Placemark>
        <name>Punto 105</name>
        <styleUrl>#icon-503-777777-nodesc</styleUrl>
        <Point>
          <coordinates>
            0.196534842252731,38.7615251334166,0
          </coordinates>
        </Point>
      </Placemark>
      <Placemark>
        <name>Punto 106</name>
        <styleUrl>#icon-503-777777-nodesc</styleUrl>
        <Point>
          <coordinates>
            0.201787948608398,38.7612448751567,0
          </coordinates>
        </Point>
      </Placemark>
      <Placemark>
        <name>Punto 107</name>
        <styleUrl>#icon-503-777777-nodesc</styleUrl>
        <Point>
          <coordinates>
            0.201758444309235,38.7612438294149,0
          </coordinates>
        </Point>
      </Placemark>
      <Placemark>
        <name>Punto 110</name>
        <styleUrl>#icon-503-777777-nodesc</styleUrl>
        <Point>
          <coordinates>
            0.206624642014503,38.7545659324438,0
          </coordinates>
        </Point>
      </Placemark>
      <Placemark>
        <name>Punto 111</name>
        <styleUrl>#icon-503-777777-nodesc</styleUrl>
        <Point>
          <coordinates>
            0.208195745944977,38.756046303184,0
          </coordinates>
        </Point>
      </Placemark>
      <Placemark>
        <name>Punto 112</name>
        <styleUrl>#icon-503-777777-nodesc</styleUrl>
        <Point>
          <coordinates>
            0.1976238,38.760378,0
          </coordinates>
        </Point>
      </Placemark>
      <Placemark>
        <name>Punto 113</name>
        <styleUrl>#icon-503-777777-nodesc</styleUrl>
        <Point>
          <coordinates>
            0.197500437498093,38.7598310181978,0
          </coordinates>
        </Point>
      </Placemark>
      <Placemark>
        <name>Punto 114</name>
        <styleUrl>#icon-503-777777-nodesc</styleUrl>
        <Point>
          <coordinates>
            0.197621136903763,38.7603601720853,0
          </coordinates>
        </Point>
      </Placemark>
      <Placemark>
        <name>Punto 116</name>
        <styleUrl>#icon-503-777777-nodesc</styleUrl>
        <Point>
          <coordinates>
            0.212414860725403,38.7517698252478,0
          </coordinates>
        </Point>
      </Placemark>
      <Placemark>
        <name>Punto 118</name>
        <styleUrl>#icon-503-777777-nodesc</styleUrl>
        <Point>
          <coordinates>
            0.219567641615868,38.7505597310611,0
          </coordinates>
        </Point>
      </Placemark>
      <Placemark>
        <name>Punto 119</name>
        <styleUrl>#icon-503-777777-nodesc</styleUrl>
        <Point>
          <coordinates>
            0.217938870191574,38.7485672668142,0
          </coordinates>
        </Point>
      </Placemark>
      <Placemark>
        <name>Punto 120</name>
        <styleUrl>#icon-503-777777-nodesc</styleUrl>
        <Point>
          <coordinates>
            0.215117186307907,38.7458624468413,0
          </coordinates>
        </Point>
      </Placemark>
      <Placemark>
        <name>Punto 121</name>
        <styleUrl>#icon-503-777777-nodesc</styleUrl>
        <Point>
          <coordinates>
            0.216079428792,38.7450565245566,0
          </coordinates>
        </Point>
      </Placemark>
      <Placemark>
        <name>Punto 122</name>
        <styleUrl>#icon-503-777777-nodesc</styleUrl>
        <Point>
          <coordinates>
            0.215262025594711,38.7430372335108,0
          </coordinates>
        </Point>
      </Placemark>
      <Placemark>
        <name>Punto 123</name>
        <styleUrl>#icon-503-777777-nodesc</styleUrl>
        <Point>
          <coordinates>
            0.216232314705849,38.7380910105616,0
          </coordinates>
        </Point>
      </Placemark>
      <Placemark>
        <name>Punto 124</name>
        <styleUrl>#icon-503-777777-nodesc</styleUrl>
        <Point>
          <coordinates>
            0.216259136795998,38.7380936257642,0
          </coordinates>
        </Point>
      </Placemark>
      <Placemark>
        <name>Punto 125</name>
        <styleUrl>#icon-503-777777-nodesc</styleUrl>
        <Point>
          <coordinates>
            0.216284617781639,38.7380962409666,0
          </coordinates>
        </Point>
      </Placemark>
      <Placemark>
        <name>Punto 126</name>
        <styleUrl>#icon-503-777777-nodesc</styleUrl>
        <Point>
          <coordinates>
            0.216310098767281,38.738098856169,0
          </coordinates>
        </Point>
      </Placemark>
      <Placemark>
        <name>Punto 127</name>
        <styleUrl>#icon-503-777777-nodesc</styleUrl>
        <Point>
          <coordinates>
            0.223963111639023,38.7402244609949,0
          </coordinates>
        </Point>
      </Placemark>
      <Placemark>
        <name>Punto 128</name>
        <styleUrl>#icon-503-777777-nodesc</styleUrl>
        <Point>
          <coordinates>
            0.223941653966904,38.7402192307457,0
          </coordinates>
        </Point>
      </Placemark>
      <Placemark>
        <name>Punto 129</name>
        <styleUrl>#icon-503-777777-nodesc</styleUrl>
        <Point>
          <coordinates>
            0.229019075632095,38.7332752141008,0
          </coordinates>
        </Point>
      </Placemark>
      <Placemark>
        <name>Punto 132</name>
        <styleUrl>#icon-503-777777-nodesc</styleUrl>
        <Point>
          <coordinates>
            0.225964039564133,38.7352168450487,0
          </coordinates>
        </Point>
      </Placemark>
      <Placemark>
        <name>Punto 133</name>
        <styleUrl>#icon-503-777777-nodesc</styleUrl>
        <Point>
          <coordinates>
            0.225940570235252,38.7352016762614,0
          </coordinates>
        </Point>
      </Placemark>
      <Placemark>
        <name>Punto 134</name>
        <styleUrl>#icon-503-777777-nodesc</styleUrl>
        <Point>
          <coordinates>
            0.222207605838776,38.7359250669071,0
          </coordinates>
        </Point>
      </Placemark>
      <Placemark>
        <name>Punto 135</name>
        <styleUrl>#icon-503-777777-nodesc</styleUrl>
        <Point>
          <coordinates>
            0.211004018783569,38.7384995040431,0
          </coordinates>
        </Point>
      </Placemark>
      <Placemark>
        <name>Punto 136</name>
        <styleUrl>#icon-503-777777-nodesc</styleUrl>
        <Point>
          <coordinates>
            0.211002677679062,38.738478059501,0
          </coordinates>
        </Point>
      </Placemark>
      <Placemark>
        <name>Punto 137</name>
        <styleUrl>#icon-503-777777-nodesc</styleUrl>
        <Point>
          <coordinates>
            0.211008042097092,38.7384576610282,0
          </coordinates>
        </Point>
      </Placemark>
      <Placemark>
        <name>Punto 140</name>
        <styleUrl>#icon-503-777777-nodesc</styleUrl>
        <Point>
          <coordinates>
            0.195445865392685,38.7309987519845,0
          </coordinates>
        </Point>
      </Placemark>
      <Placemark>
        <name>Punto 141</name>
        <styleUrl>#icon-503-777777-nodesc</styleUrl>
        <Point>
          <coordinates>
            0.195439159870148,38.7309642278738,0
          </coordinates>
        </Point>
      </Placemark>
      <Placemark>
        <name>Punto 142</name>
        <styleUrl>#icon-503-777777-nodesc</styleUrl>
        <Point>
          <coordinates>
            0.211092531681061,38.7411784520402,0
          </coordinates>
        </Point>
      </Placemark>
      <Placemark>
        <name>Punto 143</name>
        <styleUrl>#icon-503-777777-nodesc</styleUrl>
        <Point>
          <coordinates>
            0.209072828292847,38.7444995385574,0
          </coordinates>
        </Point>
      </Placemark>
      <Placemark>
        <name>Punto 144</name>
        <styleUrl>#icon-503-777777-nodesc</styleUrl>
        <Point>
          <coordinates>
            0.210224837064743,38.7451752430764,0
          </coordinates>
        </Point>
      </Placemark>
      <Placemark>
        <name>Punto 145</name>
        <styleUrl>#icon-503-777777-nodesc</styleUrl>
        <Point>
          <coordinates>
            0.210255682468414,38.7451783810082,0
          </coordinates>
        </Point>
      </Placemark>
      <Placemark>
        <name>Punto 146</name>
        <styleUrl>#icon-503-777777-nodesc</styleUrl>
        <Point>
          <coordinates>
            0.209618657827377,38.7486362980015,0
          </coordinates>
        </Point>
      </Placemark>
      <Placemark>
        <name>Punto 147</name>
        <styleUrl>#icon-503-777777-nodesc</styleUrl>
        <Point>
          <coordinates>
            0.203788876533508,38.7501779771262,0
          </coordinates>
        </Point>
      </Placemark>
      <Placemark>
        <name>Punto 148</name>
        <styleUrl>#icon-503-777777-nodesc</styleUrl>
        <Point>
          <coordinates>
            0.20136684179306,38.7510408427016,0
          </coordinates>
        </Point>
      </Placemark>
      <Placemark>
        <name>Punto 149</name>
        <styleUrl>#icon-503-777777-nodesc</styleUrl>
        <Point>
          <coordinates>
            0.201398357748985,38.7510502557231,0
          </coordinates>
        </Point>
      </Placemark>
      <Placemark>
        <name>Punto 150</name>
        <styleUrl>#icon-503-777777-nodesc</styleUrl>
        <Point>
          <coordinates>
            0.201374217867851,38.7524140848305,0
          </coordinates>
        </Point>
      </Placemark>
      <Placemark>
        <name>Punto 151</name>
        <styleUrl>#icon-503-777777-nodesc</styleUrl>
        <Point>
          <coordinates>
            0.202493369579315,38.7539671867056,0
          </coordinates>
        </Point>
      </Placemark>
      <Placemark>
        <name>Punto 152</name>
        <styleUrl>#icon-503-777777-nodesc</styleUrl>
        <Point>
          <coordinates>
            0.202158093452454,38.754561226165,0
          </coordinates>
        </Point>
      </Placemark>
      <Placemark>
        <name>Punto 153</name>
        <styleUrl>#icon-503-777777-nodesc</styleUrl>
        <Point>
          <coordinates>
            0.198118686676025,38.7533731423024,0
          </coordinates>
        </Point>
      </Placemark>
      <Placemark>
        <name>Punto 154</name>
        <styleUrl>#icon-503-777777-nodesc</styleUrl>
        <Point>
          <coordinates>
            0.200582295656204,38.7548958941057,0
          </coordinates>
        </Point>
      </Placemark>
      <Placemark>
        <name>Punto 158</name>
        <styleUrl>#icon-503-777777-nodesc</styleUrl>
        <Point>
          <coordinates>
            0.194079279899597,38.7495682124971,0
          </coordinates>
        </Point>
      </Placemark>
      <Placemark>
        <name>Punto 159</name>
        <styleUrl>#icon-503-777777-nodesc</styleUrl>
        <Point>
          <coordinates>
            0.191658586263657,38.748735660957,0
          </coordinates>
        </Point>
      </Placemark>
      <Placemark>
        <name>Punto 161</name>
        <styleUrl>#icon-503-777777-nodesc</styleUrl>
        <Point>
          <coordinates>
            0.195266157388687,38.7453739784828,0
          </coordinates>
        </Point>
      </Placemark>
      <Placemark>
        <name>Punto 162</name>
        <styleUrl>#icon-503-777777-nodesc</styleUrl>
        <Point>
          <coordinates>
            0.199162065982819,38.7471447911265,0
          </coordinates>
        </Point>
      </Placemark>
      <Placemark>
        <name>Punto 163</name>
        <styleUrl>#icon-503-777777-nodesc</styleUrl>
        <Point>
          <coordinates>
            0.196130499243736,38.7474345182525,0
          </coordinates>
        </Point>
      </Placemark>
      <Placemark>
        <name>Punto 164</name>
        <styleUrl>#icon-503-777777-nodesc</styleUrl>
        <Point>
          <coordinates>
            0.1942825,38.7487398,0
          </coordinates>
        </Point>
      </Placemark>
      <Placemark>
        <name>Punto 165</name>
        <styleUrl>#icon-503-777777-nodesc</styleUrl>
        <Point>
          <coordinates>
            0.197820961475372,38.7500043568531,0
          </coordinates>
        </Point>
      </Placemark>
      <Placemark>
        <name>Punto 169</name>
        <styleUrl>#icon-503-777777-nodesc</styleUrl>
        <Point>
          <coordinates>
            0.201404392719269,38.7574727846897,0
          </coordinates>
        </Point>
      </Placemark>
      <Placemark>
        <name>Punto 170</name>
        <styleUrl>#icon-503-777777-nodesc</styleUrl>
        <Point>
          <coordinates>
            0.2149013,38.7581243,0
          </coordinates>
        </Point>
      </Placemark>
      <Placemark>
        <name>Punto 171</name>
        <styleUrl>#icon-503-777777-nodesc</styleUrl>
        <Point>
          <coordinates>
            0.119613781571388,38.7759266254918,0
          </coordinates>
        </Point>
      </Placemark>
      <Placemark>
        <name>Punto 172</name>
        <styleUrl>#icon-503-777777-nodesc</styleUrl>
        <Point>
          <coordinates>
            0.1893505,38.7656776,0
          </coordinates>
        </Point>
      </Placemark>
      <Placemark>
        <name>Punto 173</name>
        <styleUrl>#icon-503-777777-nodesc</styleUrl>
        <Point>
          <coordinates>
            0.1874126,38.7676571,0
          </coordinates>
        </Point>
      </Placemark>
      <Placemark>
        <name>Punto 174</name>
        <styleUrl>#icon-503-777777-nodesc</styleUrl>
        <Point>
          <coordinates>
            0.1874301,38.7676686,0
          </coordinates>
        </Point>
      </Placemark>
      <Placemark>
        <name>Punto 175</name>
        <styleUrl>#icon-503-777777-nodesc</styleUrl>
        <Point>
          <coordinates>
            0.1875266,38.7687644,0
          </coordinates>
        </Point>
      </Placemark>
      <Placemark>
        <name>Punto 176</name>
        <styleUrl>#icon-503-777777-nodesc</styleUrl>
        <Point>
          <coordinates>
            0.1871069,38.7699083,0
          </coordinates>
        </Point>
      </Placemark>
      <Placemark>
        <name>Punto 178</name>
        <styleUrl>#icon-503-777777-nodesc</styleUrl>
        <Point>
          <coordinates>
            0.185374170541763,38.7693635528238,0
          </coordinates>
        </Point>
      </Placemark>
      <Placemark>
        <name>Punto 179</name>
        <styleUrl>#icon-503-777777-nodesc</styleUrl>
        <Point>
          <coordinates>
            0.185273587703705,38.770967520235,0
          </coordinates>
        </Point>
      </Placemark>
      <Placemark>
        <name>Punto 180</name>
        <styleUrl>#icon-503-777777-nodesc</styleUrl>
        <Point>
          <coordinates>
            0.185304433107376,38.7709811130252,0
          </coordinates>
        </Point>
      </Placemark>
      <Placemark>
        <name>Punto 181</name>
        <styleUrl>#icon-503-777777-nodesc</styleUrl>
        <Point>
          <coordinates>
            0.185324549674988,38.7709894778178,0
          </coordinates>
        </Point>
      </Placemark>
      <Placemark>
        <name>Punto 182</name>
        <styleUrl>#icon-503-777777-nodesc</styleUrl>
        <Point>
          <coordinates>
            0.185452,38.7724449,0
          </coordinates>
        </Point>
      </Placemark>
      <Placemark>
        <name>Punto 183</name>
        <styleUrl>#icon-503-777777-nodesc</styleUrl>
        <Point>
          <coordinates>
            0.1854385,38.7724638,0
          </coordinates>
        </Point>
      </Placemark>
      <Placemark>
        <name>Punto 185</name>
        <styleUrl>#icon-503-777777-nodesc</styleUrl>
        <Point>
          <coordinates>
            0.1850711,38.7733635,0
          </coordinates>
        </Point>
      </Placemark>
      <Placemark>
        <name>Punto 186</name>
        <styleUrl>#icon-503-777777-nodesc</styleUrl>
        <Point>
          <coordinates>
            0.1850791,38.7733462,0
          </coordinates>
        </Point>
      </Placemark>
      <Placemark>
        <name>Punto 187</name>
        <styleUrl>#icon-503-777777-nodesc</styleUrl>
        <Point>
          <coordinates>
            0.1847459,38.7735757,0
          </coordinates>
        </Point>
      </Placemark>
      <Placemark>
        <name>Punto 188</name>
        <styleUrl>#icon-503-777777-nodesc</styleUrl>
        <Point>
          <coordinates>
            0.184328109025955,38.7748209724972,0
          </coordinates>
        </Point>
      </Placemark>
      <Placemark>
        <name>Punto 190</name>
        <styleUrl>#icon-503-777777-nodesc</styleUrl>
        <Point>
          <coordinates>
            0.1814957,38.7792163,0
          </coordinates>
        </Point>
      </Placemark>
      <Placemark>
        <name>Punto 191</name>
        <styleUrl>#icon-503-777777-nodesc</styleUrl>
        <Point>
          <coordinates>
            0.1801137,38.7821493,0
          </coordinates>
        </Point>
      </Placemark>
      <Placemark>
        <name>Punto 192</name>
        <styleUrl>#icon-503-777777-nodesc</styleUrl>
        <Point>
          <coordinates>
            0.179180949926376,38.7818325609507,0
          </coordinates>
        </Point>
      </Placemark>
      <Placemark>
        <name>Punto 193</name>
        <styleUrl>#icon-503-777777-nodesc</styleUrl>
        <Point>
          <coordinates>
            0.182399,38.7717449,0
          </coordinates>
        </Point>
      </Placemark>
      <Placemark>
        <name>Punto 194</name>
        <styleUrl>#icon-503-777777-nodesc</styleUrl>
        <Point>
          <coordinates>
            0.1823915,38.7717732,0
          </coordinates>
        </Point>
      </Placemark>
      <Placemark>
        <name>Punto 195</name>
        <styleUrl>#icon-503-777777-nodesc</styleUrl>
        <Point>
          <coordinates>
            0.1770687,38.7855605,0
          </coordinates>
        </Point>
      </Placemark>
      <Placemark>
        <name>Punto 196</name>
        <styleUrl>#icon-503-777777-nodesc</styleUrl>
        <Point>
          <coordinates>
            0.1758282,38.7851978,0
          </coordinates>
        </Point>
      </Placemark>
      <Placemark>
        <name>Punto 197</name>
        <styleUrl>#icon-503-777777-nodesc</styleUrl>
        <Point>
          <coordinates>
            0.1758027,38.7851894,0
          </coordinates>
        </Point>
      </Placemark>
      <Placemark>
        <name>Punto 198</name>
        <styleUrl>#icon-503-777777-nodesc</styleUrl>
        <Point>
          <coordinates>
            0.183446332812309,38.7737388274381,0
          </coordinates>
        </Point>
      </Placemark>
      <Placemark>
        <name>Punto 199</name>
        <styleUrl>#icon-503-777777-nodesc</styleUrl>
        <Point>
          <coordinates>
            0.172014757990837,38.7839192287822,0
          </coordinates>
        </Point>
      </Placemark>
      <Placemark>
        <name>Punto 200</name>
        <styleUrl>#icon-503-777777-nodesc</styleUrl>
        <Point>
          <coordinates>
            0.172022804617882,38.7838988432946,0
          </coordinates>
        </Point>
      </Placemark>
      <Placemark>
        <name>Punto 201</name>
        <styleUrl>#icon-503-777777-nodesc</styleUrl>
        <Point>
          <coordinates>
            0.1674543,38.7863701,0
          </coordinates>
        </Point>
      </Placemark>
      <Placemark>
        <name>Punto 202</name>
        <styleUrl>#icon-503-777777-nodesc</styleUrl>
        <Point>
          <coordinates>
            0.1698013,38.7877213,0
          </coordinates>
        </Point>
      </Placemark>
      <Placemark>
        <name>Punto 203</name>
        <styleUrl>#icon-503-777777-nodesc</styleUrl>
        <Point>
          <coordinates>
            0.1722689,38.7877474,0
          </coordinates>
        </Point>
      </Placemark>
      <Placemark>
        <name>Punto 204</name>
        <styleUrl>#icon-503-777777-nodesc</styleUrl>
        <Point>
          <coordinates>
            0.1722904,38.7877589,0
          </coordinates>
        </Point>
      </Placemark>
      <Placemark>
        <name>Punto 206</name>
        <styleUrl>#icon-503-777777-nodesc</styleUrl>
        <Point>
          <coordinates>
            0.1772169,38.7862651,0
          </coordinates>
        </Point>
      </Placemark>
      <Placemark>
        <name>Punto 207</name>
        <styleUrl>#icon-503-777777-nodesc</styleUrl>
        <Point>
          <coordinates>
            0.177235,38.7862473,0
          </coordinates>
        </Point>
      </Placemark>
      <Placemark>
        <name>Punto 208</name>
        <styleUrl>#icon-503-777777-nodesc</styleUrl>
        <Point>
          <coordinates>
            0.1727953,38.7860351,0
          </coordinates>
        </Point>
      </Placemark>
      <Placemark>
        <name>Punto 209</name>
        <styleUrl>#icon-503-777777-nodesc</styleUrl>
        <Point>
          <coordinates>
            0.1731225,38.7894431,0
          </coordinates>
        </Point>
      </Placemark>
      <Placemark>
        <name>Punto 210</name>
        <styleUrl>#icon-503-777777-nodesc</styleUrl>
        <Point>
          <coordinates>
            0.1720597,38.7904041,0
          </coordinates>
        </Point>
      </Placemark>
      <Placemark>
        <name>Punto 211</name>
        <styleUrl>#icon-503-777777-nodesc</styleUrl>
        <Point>
          <coordinates>
            0.172063,38.7904235,0
          </coordinates>
        </Point>
      </Placemark>
      <Placemark>
        <name>Punto 212</name>
        <styleUrl>#icon-503-777777-nodesc</styleUrl>
        <Point>
          <coordinates>
            0.1705281,38.7887834,0
          </coordinates>
        </Point>
      </Placemark>
      <Placemark>
        <name>Punto 213</name>
        <styleUrl>#icon-503-777777-nodesc</styleUrl>
        <Point>
          <coordinates>
            0.1700628,38.7892788,0
          </coordinates>
        </Point>
      </Placemark>
      <Placemark>
        <name>Punto 214</name>
        <styleUrl>#icon-503-777777-nodesc</styleUrl>
        <Point>
          <coordinates>
            0.1700433,38.7892862,0
          </coordinates>
        </Point>
      </Placemark>
      <Placemark>
        <name>Punto 215</name>
        <styleUrl>#icon-503-777777-nodesc</styleUrl>
        <Point>
          <coordinates>
            0.1675683,38.7890421,0
          </coordinates>
        </Point>
      </Placemark>
      <Placemark>
        <name>Punto 216</name>
        <styleUrl>#icon-503-777777-nodesc</styleUrl>
        <Point>
          <coordinates>
            0.167009085416794,38.7895511498513,0
          </coordinates>
        </Point>
      </Placemark>
      <Placemark>
        <name>Punto 217</name>
        <styleUrl>#icon-503-777777-nodesc</styleUrl>
        <Point>
          <coordinates>
            0.167020484805107,38.7895344246191,0
          </coordinates>
        </Point>
      </Placemark>
      <Placemark>
        <name>Punto 218</name>
        <styleUrl>#icon-503-777777-nodesc</styleUrl>
        <Point>
          <coordinates>
            0.166400894522667,38.7889662870569,0
          </coordinates>
        </Point>
      </Placemark>
      <Placemark>
        <name>Punto 219</name>
        <styleUrl>#icon-503-777777-nodesc</styleUrl>
        <Point>
          <coordinates>
            0.166032761335373,38.7901313039149,0
          </coordinates>
        </Point>
      </Placemark>
      <Placemark>
        <name>Punto 220</name>
        <styleUrl>#icon-503-777777-nodesc</styleUrl>
        <Point>
          <coordinates>
            0.16605019569397,38.790141757098,0
          </coordinates>
        </Point>
      </Placemark>
      <Placemark>
        <name>Punto 221</name>
        <styleUrl>#icon-503-777777-nodesc</styleUrl>
        <Point>
          <coordinates>
            0.166655,38.7911353,0
          </coordinates>
        </Point>
      </Placemark>
      <Placemark>
        <name>Punto 222</name>
        <styleUrl>#icon-503-777777-nodesc</styleUrl>
        <Point>
          <coordinates>
            0.167860686779022,38.791522086457,0
          </coordinates>
        </Point>
      </Placemark>
      <Placemark>
        <name>Punto 223</name>
        <styleUrl>#icon-503-777777-nodesc</styleUrl>
        <Point>
          <coordinates>
            0.167872756719589,38.7915064069854,0
          </coordinates>
        </Point>
      </Placemark>
      <Placemark>
        <name>Punto 224</name>
        <styleUrl>#icon-503-777777-nodesc</styleUrl>
        <Point>
          <coordinates>
            0.167481824755669,38.7901725939791,0
          </coordinates>
        </Point>
      </Placemark>
      <Placemark>
        <name>Punto 225</name>
        <styleUrl>#icon-503-777777-nodesc</styleUrl>
        <Point>
          <coordinates>
            0.167457014322281,38.7901647540953,0
          </coordinates>
        </Point>
      </Placemark>
      <Placemark>
        <name>Punto 226</name>
        <styleUrl>#icon-503-777777-nodesc</styleUrl>
        <Point>
          <coordinates>
            0.169321149587631,38.7900753793594,0
          </coordinates>
        </Point>
      </Placemark>
      <Placemark>
        <name>Punto 227</name>
        <styleUrl>#icon-503-777777-nodesc</styleUrl>
        <Point>
          <coordinates>
            0.169327855110168,38.7900576089308,0
          </coordinates>
        </Point>
      </Placemark>
      <Placemark>
        <name>Punto 228</name>
        <styleUrl>#icon-503-777777-nodesc</styleUrl>
        <Point>
          <coordinates>
            0.165968388319016,38.7927921122,0
          </coordinates>
        </Point>
      </Placemark>
      <Placemark>
        <name>Punto 229</name>
        <styleUrl>#icon-503-777777-nodesc</styleUrl>
        <Point>
          <coordinates>
            0.165533870458603,38.7942732576718,0
          </coordinates>
        </Point>
      </Placemark>
      <Placemark>
        <name>Punto 230</name>
        <styleUrl>#icon-503-777777-nodesc</styleUrl>
        <Point>
          <coordinates>
            0.169885084033012,38.79320865481,0
          </coordinates>
        </Point>
      </Placemark>
      <Placemark>
        <name>Punto 231</name>
        <styleUrl>#icon-503-777777-nodesc</styleUrl>
        <Point>
          <coordinates>
            0.169858261942863,38.7932112679931,0
          </coordinates>
        </Point>
      </Placemark>
      <Placemark>
        <name>Punto 232</name>
        <styleUrl>#icon-503-777777-nodesc</styleUrl>
        <Point>
          <coordinates>
            0.1703545,38.7924085,0
          </coordinates>
        </Point>
      </Placemark>
      <Placemark>
        <name>Punto 233</name>
        <styleUrl>#icon-503-777777-nodesc</styleUrl>
        <Point>
          <coordinates>
            0.1703706,38.7924163,0
          </coordinates>
        </Point>
      </Placemark>
      <Placemark>
        <name>Punto 235</name>
        <styleUrl>#icon-503-777777-nodesc</styleUrl>
        <Point>
          <coordinates>
            0.173649564385414,38.7935311208804,0
          </coordinates>
        </Point>
      </Placemark>
      <Placemark>
        <name>Punto 236</name>
        <styleUrl>#icon-503-777777-nodesc</styleUrl>
        <Point>
          <coordinates>
            0.176467895507812,38.7933947132069,0
          </coordinates>
        </Point>
      </Placemark>
      <Placemark>
        <name>Punto 237</name>
        <styleUrl>#icon-503-777777-nodesc</styleUrl>
        <Point>
          <coordinates>
            0.178168416023254,38.7947755022007,0
          </coordinates>
        </Point>
      </Placemark>
      <Placemark>
        <name>Punto 238</name>
        <styleUrl>#icon-503-777777-nodesc</styleUrl>
        <Point>
          <coordinates>
            0.180232375860214,38.7953164171677,0
          </coordinates>
        </Point>
      </Placemark>
      <Placemark>
        <name>Punto 239</name>
        <styleUrl>#icon-503-777777-nodesc</styleUrl>
        <Point>
          <coordinates>
            0.180243104696274,38.7952965575604,0
          </coordinates>
        </Point>
      </Placemark>
      <Placemark>
        <name>Punto 240</name>
        <styleUrl>#icon-503-777777-nodesc</styleUrl>
        <Point>
          <coordinates>
            0.181488990783691,38.7970556792111,0
          </coordinates>
        </Point>
      </Placemark>
      <Placemark>
        <name>Punto 241</name>
        <styleUrl>#icon-503-777777-nodesc</styleUrl>
        <Point>
          <coordinates>
            0.181466192007065,38.7970514983436,0
          </coordinates>
        </Point>
      </Placemark>
      <Placemark>
        <name>Punto 243</name>
        <styleUrl>#icon-503-777777-nodesc</styleUrl>
        <Point>
          <coordinates>
            0.1837078,38.7972908,0
          </coordinates>
        </Point>
      </Placemark>
      <Placemark>
        <name>Punto 244</name>
        <styleUrl>#icon-503-777777-nodesc</styleUrl>
        <Point>
          <coordinates>
            0.186479911208153,38.7988847852081,0
          </coordinates>
        </Point>
      </Placemark>
      <Placemark>
        <name>Punto 245</name>
        <styleUrl>#icon-503-777777-nodesc</styleUrl>
        <Point>
          <coordinates>
            0.1885546,38.7989454,0
          </coordinates>
        </Point>
      </Placemark>
      <Placemark>
        <name>Punto 246</name>
        <styleUrl>#icon-503-777777-nodesc</styleUrl>
        <Point>
          <coordinates>
            0.177988,38.7944196,0
          </coordinates>
        </Point>
      </Placemark>
      <Placemark>
        <name>Punto 248</name>
        <styleUrl>#icon-503-777777-nodesc</styleUrl>
        <Point>
          <coordinates>
            0.179944038391113,38.7946934500065,0
          </coordinates>
        </Point>
      </Placemark>
      <Placemark>
        <name>Punto 249</name>
        <styleUrl>#icon-503-777777-nodesc</styleUrl>
        <Point>
          <coordinates>
            0.179969519376755,38.7947018120178,0
          </coordinates>
        </Point>
      </Placemark>
      <Placemark>
        <name>Punto 250</name>
        <styleUrl>#icon-503-777777-nodesc</styleUrl>
        <Point>
          <coordinates>
            0.179994329810143,38.7947096514026,0
          </coordinates>
        </Point>
      </Placemark>
      <Placemark>
        <name>Punto 251</name>
        <styleUrl>#icon-503-777777-nodesc</styleUrl>
        <Point>
          <coordinates>
            0.180914998054504,38.7943255205349,0
          </coordinates>
        </Point>
      </Placemark>
      <Placemark>
        <name>Punto 252</name>
        <styleUrl>#icon-503-777777-nodesc</styleUrl>
        <Point>
          <coordinates>
            0.180916339159012,38.7943035701371,0
          </coordinates>
        </Point>
      </Placemark>
      <Placemark>
        <name>Punto 253</name>
        <styleUrl>#icon-503-777777-nodesc</styleUrl>
        <Point>
          <coordinates>
            0.181927531957626,38.7943913716878,0
          </coordinates>
        </Point>
      </Placemark>
      <Placemark>
        <name>Punto 254</name>
        <styleUrl>#icon-503-777777-nodesc</styleUrl>
        <Point>
          <coordinates>
            0.181928873062134,38.7943699439384,0
          </coordinates>
        </Point>
      </Placemark>
      <Placemark>
        <name>Punto 255</name>
        <styleUrl>#icon-503-777777-nodesc</styleUrl>
        <Point>
          <coordinates>
            0.181930214166641,38.7943453804128,0
          </coordinates>
        </Point>
      </Placemark>
      <Placemark>
        <name>Punto 256</name>
        <styleUrl>#icon-503-777777-nodesc</styleUrl>
        <Point>
          <coordinates>
            0.182376801967621,38.7955536867855,0
          </coordinates>
        </Point>
      </Placemark>
      <Placemark>
        <name>Punto 257</name>
        <styleUrl>#icon-503-777777-nodesc</styleUrl>
        <Point>
          <coordinates>
            0.182404294610023,38.7955657070315,0
          </coordinates>
        </Point>
      </Placemark>
      <Placemark>
        <name>Punto 258</name>
        <styleUrl>#icon-503-777777-nodesc</styleUrl>
        <Point>
          <coordinates>
            0.183213651180267,38.7960418116651,0
          </coordinates>
        </Point>
      </Placemark>
      <Placemark>
        <name>Punto 259</name>
        <styleUrl>#icon-503-777777-nodesc</styleUrl>
        <Point>
          <coordinates>
            0.178865790367126,38.7932927992575,0
          </coordinates>
        </Point>
      </Placemark>
      <Placemark>
        <name>Punto 260</name>
        <styleUrl>#icon-503-777777-nodesc</styleUrl>
        <Point>
          <coordinates>
            0.1798468,38.7925825,0
          </coordinates>
        </Point>
      </Placemark>
      <Placemark>
        <name>Punto 262</name>
        <styleUrl>#icon-503-777777-nodesc</styleUrl>
        <Point>
          <coordinates>
            0.176760256290436,38.7920076257194,0
          </coordinates>
        </Point>
      </Placemark>
      <Placemark>
        <name>Punto 263</name>
        <styleUrl>#icon-503-777777-nodesc</styleUrl>
        <Point>
          <coordinates>
            0.178471505641937,38.7915424697648,0
          </coordinates>
        </Point>
      </Placemark>
      <Placemark>
        <name>Punto 264</name>
        <styleUrl>#icon-503-777777-nodesc</styleUrl>
        <Point>
          <coordinates>
            0.18108531832695,38.7925072730038,0
          </coordinates>
        </Point>
      </Placemark>
      <Placemark>
        <name>Punto 265</name>
        <styleUrl>#icon-503-777777-nodesc</styleUrl>
        <Point>
          <coordinates>
            0.181244239211082,38.7925537881063,0
          </coordinates>
        </Point>
      </Placemark>
      <Placemark>
        <name>Punto 266</name>
        <styleUrl>#icon-503-777777-nodesc</styleUrl>
        <Point>
          <coordinates>
            0.181269720196724,38.7925354956539,0
          </coordinates>
        </Point>
      </Placemark>
      <Placemark>
        <name>Punto 267</name>
        <styleUrl>#icon-503-777777-nodesc</styleUrl>
        <Point>
          <coordinates>
            0.1816037,38.7890949,0
          </coordinates>
        </Point>
      </Placemark>
      <Placemark>
        <name>Punto 268</name>
        <styleUrl>#icon-503-777777-nodesc</styleUrl>
        <Point>
          <coordinates>
            0.180882811546326,38.7873146378874,0
          </coordinates>
        </Point>
      </Placemark>
      <Placemark>
        <name>Punto 269</name>
        <styleUrl>#icon-503-777777-nodesc</styleUrl>
        <Point>
          <coordinates>
            0.1818766,38.7883934,0
          </coordinates>
        </Point>
      </Placemark>
      <Placemark>
        <name>Punto 271</name>
        <styleUrl>#icon-503-777777-nodesc</styleUrl>
        <Point>
          <coordinates>
            0.1843334,38.7835053,0
          </coordinates>
        </Point>
      </Placemark>
      <Placemark>
        <name>Punto 272</name>
        <styleUrl>#icon-503-777777-nodesc</styleUrl>
        <Point>
          <coordinates>
            0.1869245,38.780026,0
          </coordinates>
        </Point>
      </Placemark>
      <Placemark>
        <name>Punto 273</name>
        <styleUrl>#icon-503-777777-nodesc</styleUrl>
        <Point>
          <coordinates>
            0.1897247,38.7761958,0
          </coordinates>
        </Point>
      </Placemark>
      <Placemark>
        <name>Punto 274</name>
        <styleUrl>#icon-503-777777-nodesc</styleUrl>
        <Point>
          <coordinates>
            0.1897408,38.7762047,0
          </coordinates>
        </Point>
      </Placemark>
      <Placemark>
        <name>Punto 275</name>
        <styleUrl>#icon-503-777777-nodesc</styleUrl>
        <Point>
          <coordinates>
            0.188094601035118,38.7762841947073,0
          </coordinates>
        </Point>
      </Placemark>
      <Placemark>
        <name>Punto 276</name>
        <styleUrl>#icon-503-777777-nodesc</styleUrl>
        <Point>
          <coordinates>
            0.188119411468506,38.7762915133567,0
          </coordinates>
        </Point>
      </Placemark>
      <Placemark>
        <name>Punto 277</name>
        <styleUrl>#icon-503-777777-nodesc</styleUrl>
        <Point>
          <coordinates>
            0.188142880797386,38.7762998775266,0
          </coordinates>
        </Point>
      </Placemark>
      <Placemark>
        <name>Punto 278</name>
        <styleUrl>#icon-503-777777-nodesc</styleUrl>
        <Point>
          <coordinates>
            0.185403,38.7796193,0
          </coordinates>
        </Point>
      </Placemark>
      <Placemark>
        <name>Punto 279</name>
        <styleUrl>#icon-503-777777-nodesc</styleUrl>
        <Point>
          <coordinates>
            0.183794349431992,38.7819412866343,0
          </coordinates>
        </Point>
      </Placemark>
      <Placemark>
        <name>Punto 280</name>
        <styleUrl>#icon-503-777777-nodesc</styleUrl>
        <Point>
          <coordinates>
            0.183158665895462,38.7811342035698,0
          </coordinates>
        </Point>
      </Placemark>
      <Placemark>
        <name>Punto 281</name>
        <styleUrl>#icon-503-777777-nodesc</styleUrl>
        <Point>
          <coordinates>
            0.182080417871475,38.7830729647954,0
          </coordinates>
        </Point>
      </Placemark>
      <Placemark>
        <name>Punto 282</name>
        <styleUrl>#icon-503-777777-nodesc</styleUrl>
        <Point>
          <coordinates>
            0.181246921420097,38.7838058017646,0
          </coordinates>
        </Point>
      </Placemark>
      <Placemark>
        <name>Punto 283</name>
        <styleUrl>#icon-503-777777-nodesc</styleUrl>
        <Point>
          <coordinates>
            0.180190801620483,38.7856681773729,0
          </coordinates>
        </Point>
      </Placemark>
      <Placemark>
        <name>Punto 284</name>
        <styleUrl>#icon-503-777777-nodesc</styleUrl>
        <Point>
          <coordinates>
            0.179670453071594,38.7866957822682,0
          </coordinates>
        </Point>
      </Placemark>
      <Placemark>
        <name>Punto 285</name>
        <styleUrl>#icon-503-777777-nodesc</styleUrl>
        <Point>
          <coordinates>
            0.179182291030884,38.7877181455838,0
          </coordinates>
        </Point>
      </Placemark>
      <Placemark>
        <name>Punto 286</name>
        <styleUrl>#icon-503-777777-nodesc</styleUrl>
        <Point>
          <coordinates>
            0.178836286067963,38.7891304045363,0
          </coordinates>
        </Point>
      </Placemark>
      <Placemark>
        <name>Punto 287</name>
        <styleUrl>#icon-503-777777-nodesc</styleUrl>
        <Point>
          <coordinates>
            0.179689228534698,38.7905562245714,0
          </coordinates>
        </Point>
      </Placemark>
      <Placemark>
        <name>Punto 288</name>
        <styleUrl>#icon-503-777777-nodesc</styleUrl>
        <Point>
          <coordinates>
            0.175478160381317,38.7902426302358,0
          </coordinates>
        </Point>
      </Placemark>
      <Placemark>
        <name>Punto 289</name>
        <styleUrl>#icon-503-777777-nodesc</styleUrl>
        <Point>
          <coordinates>
            0.174693614244461,38.7918022257676,0
          </coordinates>
        </Point>
      </Placemark>
      <Placemark>
        <name>Punto 290</name>
        <styleUrl>#icon-503-777777-nodesc</styleUrl>
        <Point>
          <coordinates>
            0.172735601663589,38.7929551755945,0
          </coordinates>
        </Point>
      </Placemark>
      <Placemark>
        <name>Punto 291</name>
        <styleUrl>#icon-503-777777-nodesc</styleUrl>
        <Point>
          <coordinates>
            0.1726042,38.7885753,0
          </coordinates>
        </Point>
      </Placemark>
      <Placemark>
        <name>Punto 292</name>
        <styleUrl>#icon-503-777777-nodesc</styleUrl>
        <Point>
          <coordinates>
            0.185285657644272,38.7777980936285,0
          </coordinates>
        </Point>
      </Placemark>
      <Placemark>
        <name>Punto 294</name>
        <styleUrl>#icon-503-777777-nodesc</styleUrl>
        <Point>
          <coordinates>
            0.186001136898994,38.77605679344,0
          </coordinates>
        </Point>
      </Placemark>
      <Placemark>
        <name>Punto 295</name>
        <styleUrl>#icon-503-777777-nodesc</styleUrl>
        <Point>
          <coordinates>
            0.18663078546524,38.7749825086847,0
          </coordinates>
        </Point>
      </Placemark>
      <Placemark>
        <name>Punto 296</name>
        <styleUrl>#icon-503-777777-nodesc</styleUrl>
        <Point>
          <coordinates>
            0.1857477,38.7744007,0
          </coordinates>
        </Point>
      </Placemark>
      <Placemark>
        <name>Punto 297</name>
        <styleUrl>#icon-503-777777-nodesc</styleUrl>
        <Point>
          <coordinates>
            0.1866972,38.7730618,0
          </coordinates>
        </Point>
      </Placemark>
      <Placemark>
        <name>Punto 298</name>
        <styleUrl>#icon-503-777777-nodesc</styleUrl>
        <Point>
          <coordinates>
            0.1871813,38.772172,0
          </coordinates>
        </Point>
      </Placemark>
      <Placemark>
        <name>Punto 299</name>
        <styleUrl>#icon-503-777777-nodesc</styleUrl>
        <Point>
          <coordinates>
            0.187589675188065,38.7745219466152,0
          </coordinates>
        </Point>
      </Placemark>
      <Placemark>
        <name>Punto 300</name>
        <styleUrl>#icon-503-777777-nodesc</styleUrl>
        <Point>
          <coordinates>
            0.1887806,38.7745795,0
          </coordinates>
        </Point>
      </Placemark>
      <Placemark>
        <name>Punto 301</name>
        <styleUrl>#icon-503-777777-nodesc</styleUrl>
        <Point>
          <coordinates>
            0.1887611,38.7745632,0
          </coordinates>
        </Point>
      </Placemark>
      <Placemark>
        <name>Punto 303</name>
        <styleUrl>#icon-503-777777-nodesc</styleUrl>
        <Point>
          <coordinates>
            0.1880684,38.7732056,0
          </coordinates>
        </Point>
      </Placemark>
      <Placemark>
        <name>Punto 304</name>
        <styleUrl>#icon-503-777777-nodesc</styleUrl>
        <Point>
          <coordinates>
            0.1880316,38.7732097,0
          </coordinates>
        </Point>
      </Placemark>
      <Placemark>
        <name>Punto 305</name>
        <styleUrl>#icon-503-777777-nodesc</styleUrl>
        <Point>
          <coordinates>
            0.1891192,38.7720178,0
          </coordinates>
        </Point>
      </Placemark>
      <Placemark>
        <name>Punto 306</name>
        <styleUrl>#icon-503-777777-nodesc</styleUrl>
        <Point>
          <coordinates>
            0.189138,38.7720032,0
          </coordinates>
        </Point>
      </Placemark>
      <Placemark>
        <name>Punto 307</name>
        <styleUrl>#icon-503-777777-nodesc</styleUrl>
        <Point>
          <coordinates>
            0.1895738,38.7717068,0
          </coordinates>
        </Point>
      </Placemark>
      <Placemark>
        <name>Punto 308</name>
        <styleUrl>#icon-503-777777-nodesc</styleUrl>
        <Point>
          <coordinates>
            0.1895913,38.7716968,0
          </coordinates>
        </Point>
      </Placemark>
      <Placemark>
        <name>Punto 309</name>
        <styleUrl>#icon-503-777777-nodesc</styleUrl>
        <Point>
          <coordinates>
            0.1907104,38.7711599,0
          </coordinates>
        </Point>
      </Placemark>
      <Placemark>
        <name>Punto 310</name>
        <styleUrl>#icon-503-777777-nodesc</styleUrl>
        <Point>
          <coordinates>
            0.190689,38.7711709,0
          </coordinates>
        </Point>
      </Placemark>
      <Placemark>
        <name>Punto 311</name>
        <styleUrl>#icon-503-777777-nodesc</styleUrl>
        <Point>
          <coordinates>
            0.1926698,38.7708551,0
          </coordinates>
        </Point>
      </Placemark>
      <Placemark>
        <name>Punto 312</name>
        <styleUrl>#icon-503-777777-nodesc</styleUrl>
        <Point>
          <coordinates>
            0.1926973,38.7708624,0
          </coordinates>
        </Point>
      </Placemark>
      <Placemark>
        <name>Punto 313</name>
        <styleUrl>#icon-503-777777-nodesc</styleUrl>
        <Point>
          <coordinates>
            0.1927295,38.7708724,0
          </coordinates>
        </Point>
      </Placemark>
      <Placemark>
        <name>Punto 314</name>
        <styleUrl>#icon-503-777777-nodesc</styleUrl>
        <Point>
          <coordinates>
            0.1927536,38.7708781,0
          </coordinates>
        </Point>
      </Placemark>
      <Placemark>
        <name>Punto 315</name>
        <styleUrl>#icon-503-777777-nodesc</styleUrl>
        <Point>
          <coordinates>
            0.193513333797455,38.7718735263051,0
          </coordinates>
        </Point>
      </Placemark>
      <Placemark>
        <name>Punto 316</name>
        <styleUrl>#icon-503-777777-nodesc</styleUrl>
        <Point>
          <coordinates>
            0.193532109260559,38.7718604564782,0
          </coordinates>
        </Point>
      </Placemark>
      <Placemark>
        <name>Punto 317</name>
        <styleUrl>#icon-503-777777-nodesc</styleUrl>
        <Point>
          <coordinates>
            0.1909049,38.7698121,0
          </coordinates>
        </Point>
      </Placemark>
      <Placemark>
        <name>Punto 318</name>
        <styleUrl>#icon-503-777777-nodesc</styleUrl>
        <Point>
          <coordinates>
            0.190917,38.7698309,0
          </coordinates>
        </Point>
      </Placemark>
      <Placemark>
        <name>Punto 320</name>
        <styleUrl>#icon-503-777777-nodesc</styleUrl>
        <Point>
          <coordinates>
            0.1879685,38.7712326,0
          </coordinates>
        </Point>
      </Placemark>
      <Placemark>
        <name>Punto 321</name>
        <styleUrl>#icon-503-777777-nodesc</styleUrl>
        <Point>
          <coordinates>
            0.1879819,38.7712169,0
          </coordinates>
        </Point>
      </Placemark>
      <Placemark>
        <name>Punto 322</name>
        <styleUrl>#icon-503-777777-nodesc</styleUrl>
        <Point>
          <coordinates>
            0.1867059,38.770475,0
          </coordinates>
        </Point>
      </Placemark>
      <Placemark>
        <name>Punto 323</name>
        <styleUrl>#icon-503-777777-nodesc</styleUrl>
        <Point>
          <coordinates>
            0.1867166,38.7704552,0
          </coordinates>
        </Point>
      </Placemark>
      <Placemark>
        <name>Punto 324</name>
        <styleUrl>#icon-503-777777-nodesc</styleUrl>
        <Point>
          <coordinates>
            0.1996918,38.7611126,0
          </coordinates>
        </Point>
      </Placemark>
      <Placemark>
        <name>Punto 325</name>
        <styleUrl>#icon-503-777777-nodesc</styleUrl>
        <Point>
          <coordinates>
            0.204260945320129,38.7596762451729,0
          </coordinates>
        </Point>
      </Placemark>
      <Placemark>
        <name>Punto 326</name>
        <styleUrl>#icon-503-777777-nodesc</styleUrl>
        <Point>
          <coordinates>
            0.2005635,38.7649457,0
          </coordinates>
        </Point>
      </Placemark>
      <Placemark>
        <name>Punto 327</name>
        <styleUrl>#icon-503-777777-nodesc</styleUrl>
        <Point>
          <coordinates>
            0.2005394,38.7649582,0
          </coordinates>
        </Point>
      </Placemark>
      <Placemark>
        <name>Punto 328</name>
        <styleUrl>#icon-503-777777-nodesc</styleUrl>
        <Point>
          <coordinates>
            0.2031264,38.7644605,0
          </coordinates>
        </Point>
      </Placemark>
      <Placemark>
        <name>Punto 329</name>
        <styleUrl>#icon-503-777777-nodesc</styleUrl>
        <Point>
          <coordinates>
            0.2014513,38.7656672,0
          </coordinates>
        </Point>
      </Placemark>
      <Placemark>
        <name>Punto 331</name>
        <styleUrl>#icon-503-777777-nodesc</styleUrl>
        <Point>
          <coordinates>
            0.1996824,38.7672817,0
          </coordinates>
        </Point>
      </Placemark>
      <Placemark>
        <name>Punto 333</name>
        <styleUrl>#icon-503-777777-nodesc</styleUrl>
        <Point>
          <coordinates>
            0.1983889,38.7683519,0
          </coordinates>
        </Point>
      </Placemark>
      <Placemark>
        <name>Punto 335</name>
        <styleUrl>#icon-503-777777-nodesc</styleUrl>
        <Point>
          <coordinates>
            0.1956403,38.7702105,0
          </coordinates>
        </Point>
      </Placemark>
      <Placemark>
        <name>Punto 336</name>
        <styleUrl>#icon-503-777777-nodesc</styleUrl>
        <Point>
          <coordinates>
            0.17259880900383,38.76100226264,0
          </coordinates>
        </Point>
      </Placemark>
      <Placemark>
        <name>Punto 338</name>
        <styleUrl>#icon-503-777777-nodesc</styleUrl>
        <Point>
          <coordinates>
            0.209091603755951,38.7444848947354,0
          </coordinates>
        </Point>
      </Placemark>
      <Placemark>
        <name>Punto 341</name>
        <styleUrl>#icon-503-777777-nodesc</styleUrl>
        <Point>
          <coordinates>
            0.1996898,38.7611298,0
          </coordinates>
        </Point>
      </Placemark>
      <Placemark>
        <name>Punto 342</name>
        <styleUrl>#icon-503-777777-nodesc</styleUrl>
        <Point>
          <coordinates>
            0.14863058924675,38.7579826089572,0
          </coordinates>
        </Point>
      </Placemark>
      <Placemark>
        <name>Punto 343</name>
        <styleUrl>#icon-503-777777-nodesc</styleUrl>
        <Point>
          <coordinates>
            0.15429675579071,38.7869863941908,0
          </coordinates>
        </Point>
      </Placemark>
      <Placemark>
        <name>Punto 345</name>
        <styleUrl>#icon-503-777777-nodesc</styleUrl>
        <Point>
          <coordinates>
            0.1819,38.7883971,0
          </coordinates>
        </Point>
      </Placemark>
      <Placemark>
        <name>Punto 346</name>
        <styleUrl>#icon-503-777777-nodesc</styleUrl>
        <Point>
          <coordinates>
            0.1996864,38.7610859,0
          </coordinates>
        </Point>
      </Placemark>
      <Placemark>
        <name>Punto 349</name>
        <styleUrl>#icon-503-777777-nodesc</styleUrl>
        <Point>
          <coordinates>
            0.150386095046997,38.7798226741075,0
          </coordinates>
        </Point>
      </Placemark>
      <Placemark>
        <name>Punto 315</name>
        <styleUrl>#icon-503-777777-nodesc</styleUrl>
        <Point>
          <coordinates>
            0.1833491,38.7766564,0
          </coordinates>
        </Point>
      </Placemark>
      <Placemark>
        <name>Punto 315</name>
        <styleUrl>#icon-503-777777-nodesc</styleUrl>
        <Point>
          <coordinates>
            0.1837206,38.7973138,0
          </coordinates>
        </Point>
      </Placemark>
      <Placemark>
        <name>Punto 313</name>
        <styleUrl>#icon-503-777777-nodesc</styleUrl>
        <Point>
          <coordinates>
            0.116192,38.7946893,0
          </coordinates>
        </Point>
      </Placemark>
      <Placemark>
        <name>Punto 314</name>
        <styleUrl>#icon-503-777777-nodesc</styleUrl>
        <Point>
          <coordinates>
            0.1162161,38.7946882,0
          </coordinates>
        </Point>
      </Placemark>
      <Placemark>
        <name>Punto 315</name>
        <styleUrl>#icon-503-777777-nodesc</styleUrl>
        <Point>
          <coordinates>
            0.1162402,38.794684,0
          </coordinates>
        </Point>
      </Placemark>
      <Placemark>
        <name>Punto 316</name>
        <styleUrl>#icon-503-777777-nodesc</styleUrl>
        <Point>
          <coordinates>
            0.1894391,38.7701645,0
          </coordinates>
        </Point>
      </Placemark>
    </Folder>
    <Folder>
      <name>Vidrio</name>
      <Placemark>
        <name>Punto 221</name>
        <styleUrl>#icon-503-62AF44-nodesc</styleUrl>
        <Point>
          <coordinates>
            0.181466,38.779269,0
          </coordinates>
        </Point>
      </Placemark>
      <Placemark>
        <name>Punto 222</name>
        <styleUrl>#icon-503-62AF44-nodesc</styleUrl>
        <Point>
          <coordinates>
            0.211042,38.738463,0
          </coordinates>
        </Point>
      </Placemark>
      <Placemark>
        <name>Punto 223</name>
        <styleUrl>#icon-503-62AF44-nodesc</styleUrl>
        <Point>
          <coordinates>
            0.163046,38.803288,0
          </coordinates>
        </Point>
      </Placemark>
      <Placemark>
        <name>Punto 224</name>
        <styleUrl>#icon-503-62AF44-nodesc</styleUrl>
        <Point>
          <coordinates>
            0.20907,38.744508,0
          </coordinates>
        </Point>
      </Placemark>
      <Placemark>
        <name>Punto 225</name>
        <styleUrl>#icon-503-62AF44-nodesc</styleUrl>
        <Point>
          <coordinates>
            0.181792,38.788372,0
          </coordinates>
        </Point>
      </Placemark>
      <Placemark>
        <name>Punto 226</name>
        <styleUrl>#icon-503-62AF44-nodesc</styleUrl>
        <Point>
          <coordinates>
            0.174392,38.788398,0
          </coordinates>
        </Point>
      </Placemark>
      <Placemark>
        <name>Punto 228</name>
        <styleUrl>#icon-503-62AF44-nodesc</styleUrl>
        <Point>
          <coordinates>
            0.1649,38.787598,0
          </coordinates>
        </Point>
      </Placemark>
      <Placemark>
        <name>Punto 6</name>
        <styleUrl>#icon-503-62AF44-nodesc</styleUrl>
        <Point>
          <coordinates>
            0.15942,38.789454,0
          </coordinates>
        </Point>
      </Placemark>
      <Placemark>
        <name>Punto 15</name>
        <styleUrl>#icon-503-62AF44-nodesc</styleUrl>
        <Point>
          <coordinates>
            0.18193,38.794182,0
          </coordinates>
        </Point>
      </Placemark>
      <Placemark>
        <name>Punto 105</name>
        <styleUrl>#icon-503-62AF44-nodesc</styleUrl>
        <Point>
          <coordinates>
            0.142097,38.787366,0
          </coordinates>
        </Point>
      </Placemark>
      <Placemark>
        <name>Punto 106</name>
        <styleUrl>#icon-503-62AF44-nodesc</styleUrl>
        <Point>
          <coordinates>
            0.129918,38.787627,0
          </coordinates>
        </Point>
      </Placemark>
      <Placemark>
        <name>Punto 107</name>
        <styleUrl>#icon-503-62AF44-nodesc</styleUrl>
        <Point>
          <coordinates>
            0.128954,38.788639,0
          </coordinates>
        </Point>
      </Placemark>
      <Placemark>
        <name>Punto 108</name>
        <styleUrl>#icon-503-62AF44-nodesc</styleUrl>
        <Point>
          <coordinates>
            0.12893,38.788647,0
          </coordinates>
        </Point>
      </Placemark>
      <Placemark>
        <name>Punto 109</name>
        <styleUrl>#icon-503-62AF44-nodesc</styleUrl>
        <Point>
          <coordinates>
            0.128907,38.788654,0
          </coordinates>
        </Point>
      </Placemark>
      <Placemark>
        <name>Punto 112</name>
        <styleUrl>#icon-503-62AF44-nodesc</styleUrl>
        <Point>
          <coordinates>
            0.107326,38.797591,0
          </coordinates>
        </Point>
      </Placemark>
      <Placemark>
        <name>Punto 113</name>
        <styleUrl>#icon-503-62AF44-nodesc</styleUrl>
        <Point>
          <coordinates>
            0.1644043,38.785805,0
          </coordinates>
        </Point>
      </Placemark>
      <Placemark>
        <name>Punto 114</name>
        <styleUrl>#icon-503-62AF44-nodesc</styleUrl>
        <Point>
          <coordinates>
            0.1674018,38.7864061,0
          </coordinates>
        </Point>
      </Placemark>
      <Placemark>
        <name>Punto 16</name>
        <styleUrl>#icon-503-62AF44-nodesc</styleUrl>
        <Point>
          <coordinates>
            0.181869,38.795438,0
          </coordinates>
        </Point>
      </Placemark>
      <Placemark>
        <name>Punto 115</name>
        <styleUrl>#icon-503-62AF44-nodesc</styleUrl>
        <Point>
          <coordinates>
            0.169746,38.7876973,0
          </coordinates>
        </Point>
      </Placemark>
      <Placemark>
        <name>Punto 116</name>
        <styleUrl>#icon-503-62AF44-nodesc</styleUrl>
        <Point>
          <coordinates>
            0.172775,38.7860247,0
          </coordinates>
        </Point>
      </Placemark>
      <Placemark>
        <name>Punto 117</name>
        <styleUrl>#icon-503-62AF44-nodesc</styleUrl>
        <Point>
          <coordinates>
            0.171974,38.783962,0
          </coordinates>
        </Point>
      </Placemark>
      <Placemark>
        <name>Punto 118</name>
        <styleUrl>#icon-503-62AF44-nodesc</styleUrl>
        <Point>
          <coordinates>
            0.171956,38.783973,0
          </coordinates>
        </Point>
      </Placemark>
      <Placemark>
        <name>Punto 119</name>
        <styleUrl>#icon-503-62AF44-nodesc</styleUrl>
        <Point>
          <coordinates>
            0.175717,38.785159,0
          </coordinates>
        </Point>
      </Placemark>
      <Placemark>
        <name>Punto 120</name>
        <styleUrl>#icon-503-62AF44-nodesc</styleUrl>
        <Point>
          <coordinates>
            0.1772665,38.7862646,0
          </coordinates>
        </Point>
      </Placemark>
      <Placemark>
        <name>Punto 121</name>
        <styleUrl>#icon-503-62AF44-nodesc</styleUrl>
        <Point>
          <coordinates>
            0.174574,38.791769,0
          </coordinates>
        </Point>
      </Placemark>
      <Placemark>
        <name>Punto 123</name>
        <styleUrl>#icon-503-62AF44-nodesc</styleUrl>
        <Point>
          <coordinates>
            0.184317,38.774833,0
          </coordinates>
        </Point>
      </Placemark>
      <Placemark>
        <name>Punto 124</name>
        <styleUrl>#icon-503-62AF44-nodesc</styleUrl>
        <Point>
          <coordinates>
            0.183525,38.77375,0
          </coordinates>
        </Point>
      </Placemark>
      <Placemark>
        <name>Punto 17</name>
        <styleUrl>#icon-503-62AF44-nodesc</styleUrl>
        <Point>
          <coordinates>
            0.181884,38.795441,0
          </coordinates>
        </Point>
      </Placemark>
      <Placemark>
        <name>Punto 125</name>
        <styleUrl>#icon-503-62AF44-nodesc</styleUrl>
        <Point>
          <coordinates>
            0.182401,38.771699,0
          </coordinates>
        </Point>
      </Placemark>
      <Placemark>
        <name>Punto 126</name>
        <styleUrl>#icon-503-62AF44-nodesc</styleUrl>
        <Point>
          <coordinates>
            0.1847106,38.7735617,0
          </coordinates>
        </Point>
      </Placemark>
      <Placemark>
        <name>Punto 127</name>
        <styleUrl>#icon-503-62AF44-nodesc</styleUrl>
        <Point>
          <coordinates>
            0.1851299,38.7733211,0
          </coordinates>
        </Point>
      </Placemark>
      <Placemark>
        <name>Punto 128</name>
        <styleUrl>#icon-503-62AF44-nodesc</styleUrl>
        <Point>
          <coordinates>
            0.1854073,38.7725357,0
          </coordinates>
        </Point>
      </Placemark>
      <Placemark>
        <name>Punto 129</name>
        <styleUrl>#icon-503-62AF44-nodesc</styleUrl>
        <Point>
          <coordinates>
            0.185376,38.770988,0
          </coordinates>
        </Point>
      </Placemark>
      <Placemark>
        <name>Punto 130</name>
        <styleUrl>#icon-503-62AF44-nodesc</styleUrl>
        <Point>
          <coordinates>
            0.1874507,38.7676715,0
          </coordinates>
        </Point>
      </Placemark>
      <Placemark>
        <name>Punto 131</name>
        <styleUrl>#icon-503-62AF44-nodesc</styleUrl>
        <Point>
          <coordinates>
            0.185298,38.769324,0
          </coordinates>
        </Point>
      </Placemark>
      <Placemark>
        <name>Punto 132</name>
        <styleUrl>#icon-503-62AF44-nodesc</styleUrl>
        <Point>
          <coordinates>
            0.1871454,38.7698972,0
          </coordinates>
        </Point>
      </Placemark>
      <Placemark>
        <name>Punto 133</name>
        <styleUrl>#icon-503-62AF44-nodesc</styleUrl>
        <Point>
          <coordinates>
            0.1867303,38.7705076,0
          </coordinates>
        </Point>
      </Placemark>
      <Placemark>
        <name>Punto 134</name>
        <styleUrl>#icon-503-62AF44-nodesc</styleUrl>
        <Point>
          <coordinates>
            0.1874879,38.768764,0
          </coordinates>
        </Point>
      </Placemark>
      <Placemark>
        <name>Punto 18</name>
        <styleUrl>#icon-503-62AF44-nodesc</styleUrl>
        <Point>
          <coordinates>
            0.18252,38.795614,0
          </coordinates>
        </Point>
      </Placemark>
      <Placemark>
        <name>Punto 135</name>
        <styleUrl>#icon-503-62AF44-nodesc</styleUrl>
        <Point>
          <coordinates>
            0.1893403,38.7656428,0
          </coordinates>
        </Point>
      </Placemark>
      <Placemark>
        <name>Punto 136</name>
        <styleUrl>#icon-503-62AF44-nodesc</styleUrl>
        <Point>
          <coordinates>
            0.1857252,38.7743945,0
          </coordinates>
        </Point>
      </Placemark>
      <Placemark>
        <name>Punto 138</name>
        <styleUrl>#icon-503-62AF44-nodesc</styleUrl>
        <Point>
          <coordinates>
            0.18663,38.775052,0
          </coordinates>
        </Point>
      </Placemark>
      <Placemark>
        <name>Punto 139</name>
        <styleUrl>#icon-503-62AF44-nodesc</styleUrl>
        <Point>
          <coordinates>
            0.186648,38.774129,0
          </coordinates>
        </Point>
      </Placemark>
      <Placemark>
        <name>Punto 140</name>
        <styleUrl>#icon-503-62AF44-nodesc</styleUrl>
        <Point>
          <coordinates>
            0.1866607,38.7730674,0
          </coordinates>
        </Point>
      </Placemark>
      <Placemark>
        <name>Punto 141</name>
        <styleUrl>#icon-503-62AF44-nodesc</styleUrl>
        <Point>
          <coordinates>
            0.1871456,38.7721742,0
          </coordinates>
        </Point>
      </Placemark>
      <Placemark>
        <name>Punto 142</name>
        <styleUrl>#icon-503-62AF44-nodesc</styleUrl>
        <Point>
          <coordinates>
            0.1880285,38.7711637,0
          </coordinates>
        </Point>
      </Placemark>
      <Placemark>
        <name>Punto 143</name>
        <styleUrl>#icon-503-62AF44-nodesc</styleUrl>
        <Point>
          <coordinates>
            0.1908078,38.7696862,0
          </coordinates>
        </Point>
      </Placemark>
      <Placemark>
        <name>Punto 144</name>
        <styleUrl>#icon-503-62AF44-nodesc</styleUrl>
        <Point>
          <coordinates>
            0.1908187,38.7697053,0
          </coordinates>
        </Point>
      </Placemark>
      <Placemark>
        <name>Punto 19</name>
        <styleUrl>#icon-503-62AF44-nodesc</styleUrl>
        <Point>
          <coordinates>
            0.183292,38.796085,0
          </coordinates>
        </Point>
      </Placemark>
      <Placemark>
        <name>Punto 145</name>
        <styleUrl>#icon-503-62AF44-nodesc</styleUrl>
        <Point>
          <coordinates>
            0.1881197,38.7731437,0
          </coordinates>
        </Point>
      </Placemark>
      <Placemark>
        <name>Punto 146</name>
        <styleUrl>#icon-503-62AF44-nodesc</styleUrl>
        <Point>
          <coordinates>
            0.1881466,38.7731385,0
          </coordinates>
        </Point>
      </Placemark>
      <Placemark>
        <name>Punto 147</name>
        <styleUrl>#icon-503-62AF44-nodesc</styleUrl>
        <Point>
          <coordinates>
            0.1881647,38.7731354,0
          </coordinates>
        </Point>
      </Placemark>
      <Placemark>
        <name>Punto 148</name>
        <styleUrl>#icon-503-62AF44-nodesc</styleUrl>
        <Point>
          <coordinates>
            0.1881362,38.7732004,0
          </coordinates>
        </Point>
      </Placemark>
      <Placemark>
        <name>Punto 149</name>
        <styleUrl>#icon-503-62AF44-nodesc</styleUrl>
        <Point>
          <coordinates>
            0.187667,38.7745162,0
          </coordinates>
        </Point>
      </Placemark>
      <Placemark>
        <name>Punto 150</name>
        <styleUrl>#icon-503-62AF44-nodesc</styleUrl>
        <Point>
          <coordinates>
            0.1887043,38.7745079,0
          </coordinates>
        </Point>
      </Placemark>
      <Placemark>
        <name>Punto 151</name>
        <styleUrl>#icon-503-62AF44-nodesc</styleUrl>
        <Point>
          <coordinates>
            0.1886993,38.774502,0
          </coordinates>
        </Point>
      </Placemark>
      <Placemark>
        <name>Punto 152</name>
        <styleUrl>#icon-503-62AF44-nodesc</styleUrl>
        <Point>
          <coordinates>
            0.1898613,38.7762483,0
          </coordinates>
        </Point>
      </Placemark>
      <Placemark>
        <name>Punto 153</name>
        <styleUrl>#icon-503-62AF44-nodesc</styleUrl>
        <Point>
          <coordinates>
            0.1898507,38.7762666,0
          </coordinates>
        </Point>
      </Placemark>
      <Placemark>
        <name>Punto 154</name>
        <styleUrl>#icon-503-62AF44-nodesc</styleUrl>
        <Point>
          <coordinates>
            0.1869378,38.7800107,0
          </coordinates>
        </Point>
      </Placemark>
      <Placemark>
        <name>Punto 20</name>
        <styleUrl>#icon-503-62AF44-nodesc</styleUrl>
        <Point>
          <coordinates>
            0.1836732,38.7972983,0
          </coordinates>
        </Point>
      </Placemark>
      <Placemark>
        <name>Punto 156</name>
        <styleUrl>#icon-503-62AF44-nodesc</styleUrl>
        <Point>
          <coordinates>
            0.1842688,38.7834814,0
          </coordinates>
        </Point>
      </Placemark>
      <Placemark>
        <name>Punto 157</name>
        <styleUrl>#icon-503-62AF44-nodesc</styleUrl>
        <Point>
          <coordinates>
            0.189011,38.7720681,0
          </coordinates>
        </Point>
      </Placemark>
      <Placemark>
        <name>Punto 158</name>
        <styleUrl>#icon-503-62AF44-nodesc</styleUrl>
        <Point>
          <coordinates>
            0.1890256,38.772057,0
          </coordinates>
        </Point>
      </Placemark>
      <Placemark>
        <name>Punto 159</name>
        <styleUrl>#icon-503-62AF44-nodesc</styleUrl>
        <Point>
          <coordinates>
            0.1897426,38.7716202,0
          </coordinates>
        </Point>
      </Placemark>
      <Placemark>
        <name>Punto 160</name>
        <styleUrl>#icon-503-62AF44-nodesc</styleUrl>
        <Point>
          <coordinates>
            0.1897586,38.7716112,0
          </coordinates>
        </Point>
      </Placemark>
      <Placemark>
        <name>Punto 161</name>
        <styleUrl>#icon-503-62AF44-nodesc</styleUrl>
        <Point>
          <coordinates>
            0.1907747,38.7711197,0
          </coordinates>
        </Point>
      </Placemark>
      <Placemark>
        <name>Punto 162</name>
        <styleUrl>#icon-503-62AF44-nodesc</styleUrl>
        <Point>
          <coordinates>
            0.190798,38.7711108,0
          </coordinates>
        </Point>
      </Placemark>
      <Placemark>
        <name>Punto 163</name>
        <styleUrl>#icon-503-62AF44-nodesc</styleUrl>
        <Point>
          <coordinates>
            0.1929196,38.7709203,0
          </coordinates>
        </Point>
      </Placemark>
      <Placemark>
        <name>Punto 164</name>
        <styleUrl>#icon-503-62AF44-nodesc</styleUrl>
        <Point>
          <coordinates>
            0.1929083,38.7709163,0
          </coordinates>
        </Point>
      </Placemark>
      <Placemark>
        <name>Punto 21</name>
        <styleUrl>#icon-503-62AF44-nodesc</styleUrl>
        <Point>
          <coordinates>
            0.186459,38.798888,0
          </coordinates>
        </Point>
      </Placemark>
      <Placemark>
        <name>Punto 165</name>
        <styleUrl>#icon-503-62AF44-nodesc</styleUrl>
        <Point>
          <coordinates>
            0.1928929,38.7709155,0
          </coordinates>
        </Point>
      </Placemark>
      <Placemark>
        <name>Punto 166</name>
        <styleUrl>#icon-503-62AF44-nodesc</styleUrl>
        <Point>
          <coordinates>
            0.193566,38.771828,0
          </coordinates>
        </Point>
      </Placemark>
      <Placemark>
        <name>Punto 167</name>
        <styleUrl>#icon-503-62AF44-nodesc</styleUrl>
        <Point>
          <coordinates>
            0.1996653,38.7672974,0
          </coordinates>
        </Point>
      </Placemark>
      <Placemark>
        <name>Punto 168</name>
        <styleUrl>#icon-503-62AF44-nodesc</styleUrl>
        <Point>
          <coordinates>
            0.2002285,38.7651072,0
          </coordinates>
        </Point>
      </Placemark>
      <Placemark>
        <name>Punto 170</name>
        <styleUrl>#icon-503-62AF44-nodesc</styleUrl>
        <Point>
          <coordinates>
            0.2035329,38.7642749,0
          </coordinates>
        </Point>
      </Placemark>
      <Placemark>
        <name>Punto 171</name>
        <styleUrl>#icon-503-62AF44-nodesc</styleUrl>
        <Point>
          <coordinates>
            0.201671,38.761233,0
          </coordinates>
        </Point>
      </Placemark>
      <Placemark>
        <name>Punto 172</name>
        <styleUrl>#icon-503-62AF44-nodesc</styleUrl>
        <Point>
          <coordinates>
            0.201118,38.760921,0
          </coordinates>
        </Point>
      </Placemark>
      <Placemark>
        <name>Punto 173</name>
        <styleUrl>#icon-503-62AF44-nodesc</styleUrl>
        <Point>
          <coordinates>
            0.197526,38.759824,0
          </coordinates>
        </Point>
      </Placemark>
      <Placemark>
        <name>Punto 174</name>
        <styleUrl>#icon-503-62AF44-nodesc</styleUrl>
        <Point>
          <coordinates>
            0.196271,38.761407,0
          </coordinates>
        </Point>
      </Placemark>
      <Placemark>
        <name>Punto 22</name>
        <styleUrl>#icon-503-62AF44-nodesc</styleUrl>
        <Point>
          <coordinates>
            0.1885248,38.7989435,0
          </coordinates>
        </Point>
      </Placemark>
      <Placemark>
        <name>Punto 175</name>
        <styleUrl>#icon-503-62AF44-nodesc</styleUrl>
        <Point>
          <coordinates>
            0.1921536,38.7623074,0
          </coordinates>
        </Point>
      </Placemark>
      <Placemark>
        <name>Punto 176</name>
        <styleUrl>#icon-503-62AF44-nodesc</styleUrl>
        <Point>
          <coordinates>
            0.188339,38.763953,0
          </coordinates>
        </Point>
      </Placemark>
      <Placemark>
        <name>Punto 177</name>
        <styleUrl>#icon-503-62AF44-nodesc</styleUrl>
        <Point>
          <coordinates>
            0.188423,38.763906,0
          </coordinates>
        </Point>
      </Placemark>
      <Placemark>
        <name>Punto 179</name>
        <styleUrl>#icon-503-62AF44-nodesc</styleUrl>
        <Point>
          <coordinates>
            0.206656,38.754491,0
          </coordinates>
        </Point>
      </Placemark>
      <Placemark>
        <name>Punto 181</name>
        <styleUrl>#icon-503-62AF44-nodesc</styleUrl>
        <Point>
          <coordinates>
            0.208255,38.756013,0
          </coordinates>
        </Point>
      </Placemark>
      <Placemark>
        <name>Punto 182</name>
        <styleUrl>#icon-503-62AF44-nodesc</styleUrl>
        <Point>
          <coordinates>
            0.212489,38.751821,0
          </coordinates>
        </Point>
      </Placemark>
      <Placemark>
        <name>Punto 183</name>
        <styleUrl>#icon-503-62AF44-nodesc</styleUrl>
        <Point>
          <coordinates>
            0.219664,38.750526,0
          </coordinates>
        </Point>
      </Placemark>
      <Placemark>
        <name>Punto 184</name>
        <styleUrl>#icon-503-62AF44-nodesc</styleUrl>
        <Point>
          <coordinates>
            0.217854,38.7485,0
          </coordinates>
        </Point>
      </Placemark>
      <Placemark>
        <name>Punto 23</name>
        <styleUrl>#icon-503-62AF44-nodesc</styleUrl>
        <Point>
          <coordinates>
            0.180265,38.795222,0
          </coordinates>
        </Point>
      </Placemark>
      <Placemark>
        <name>Punto 185</name>
        <styleUrl>#icon-503-62AF44-nodesc</styleUrl>
        <Point>
          <coordinates>
            0.215045,38.74585,0
          </coordinates>
        </Point>
      </Placemark>
      <Placemark>
        <name>Punto 186</name>
        <styleUrl>#icon-503-62AF44-nodesc</styleUrl>
        <Point>
          <coordinates>
            0.216077,38.744988,0
          </coordinates>
        </Point>
      </Placemark>
      <Placemark>
        <name>Punto 187</name>
        <styleUrl>#icon-503-62AF44-nodesc</styleUrl>
        <Point>
          <coordinates>
            0.215305,38.743035,0
          </coordinates>
        </Point>
      </Placemark>
      <Placemark>
        <name>Punto 188</name>
        <styleUrl>#icon-503-62AF44-nodesc</styleUrl>
        <Point>
          <coordinates>
            0.216171,38.737988,0
          </coordinates>
        </Point>
      </Placemark>
      <Placemark>
        <name>Punto 189</name>
        <styleUrl>#icon-503-62AF44-nodesc</styleUrl>
        <Point>
          <coordinates>
            0.216198,38.737994,0
          </coordinates>
        </Point>
      </Placemark>
      <Placemark>
        <name>Punto 190</name>
        <styleUrl>#icon-503-62AF44-nodesc</styleUrl>
        <Point>
          <coordinates>
            0.216227,38.738,0
          </coordinates>
        </Point>
      </Placemark>
      <Placemark>
        <name>Punto 191</name>
        <styleUrl>#icon-503-62AF44-nodesc</styleUrl>
        <Point>
          <coordinates>
            0.223995,38.740238,0
          </coordinates>
        </Point>
      </Placemark>
      <Placemark>
        <name>Punto 192</name>
        <styleUrl>#icon-503-62AF44-nodesc</styleUrl>
        <Point>
          <coordinates>
            0.22903,38.733215,0
          </coordinates>
        </Point>
      </Placemark>
      <Placemark>
        <name>Punto 193</name>
        <styleUrl>#icon-503-62AF44-nodesc</styleUrl>
        <Point>
          <coordinates>
            0.225837,38.735143,0
          </coordinates>
        </Point>
      </Placemark>
      <Placemark>
        <name>Punto 194</name>
        <styleUrl>#icon-503-62AF44-nodesc</styleUrl>
        <Point>
          <coordinates>
            0.222187,38.735914,0
          </coordinates>
        </Point>
      </Placemark>
      <Placemark>
        <name>Punto 24</name>
        <styleUrl>#icon-503-62AF44-nodesc</styleUrl>
        <Point>
          <coordinates>
            0.180094,38.794745,0
          </coordinates>
        </Point>
      </Placemark>
      <Placemark>
        <name>Punto 195</name>
        <styleUrl>#icon-503-62AF44-nodesc</styleUrl>
        <Point>
          <coordinates>
            0.216937,38.736749,0
          </coordinates>
        </Point>
      </Placemark>
      <Placemark>
        <name>Punto 196</name>
        <styleUrl>#icon-503-62AF44-nodesc</styleUrl>
        <Point>
          <coordinates>
            0.211032,38.738499,0
          </coordinates>
        </Point>
      </Placemark>
      <Placemark>
        <name>Punto 197</name>
        <styleUrl>#icon-503-62AF44-nodesc</styleUrl>
        <Point>
          <coordinates>
            0.211039,38.73848,0
          </coordinates>
        </Point>
      </Placemark>
      <Placemark>
        <name>Punto 198</name>
        <styleUrl>#icon-503-62AF44-nodesc</styleUrl>
        <Point>
          <coordinates>
            0.211116,38.741164,0
          </coordinates>
        </Point>
      </Placemark>
      <Placemark>
        <name>Punto 199</name>
        <styleUrl>#icon-503-62AF44-nodesc</styleUrl>
        <Point>
          <coordinates>
            0.210185,38.745172,0
          </coordinates>
        </Point>
      </Placemark>
      <Placemark>
        <name>Punto 200</name>
        <styleUrl>#icon-503-62AF44-nodesc</styleUrl>
        <Point>
          <coordinates>
            0.20909,38.744485,0
          </coordinates>
        </Point>
      </Placemark>
      <Placemark>
        <name>Punto 201</name>
        <styleUrl>#icon-503-62AF44-nodesc</styleUrl>
        <Point>
          <coordinates>
            0.181497,38.79708,0
          </coordinates>
        </Point>
      </Placemark>
      <Placemark>
        <name>Punto 202</name>
        <styleUrl>#icon-503-62AF44-nodesc</styleUrl>
        <Point>
          <coordinates>
            0.202402,38.753986,0
          </coordinates>
        </Point>
      </Placemark>
      <Placemark>
        <name>Punto 203</name>
        <styleUrl>#icon-503-62AF44-nodesc</styleUrl>
        <Point>
          <coordinates>
            0.209641,38.748654,0
          </coordinates>
        </Point>
      </Placemark>
      <Placemark>
        <name>Punto 204</name>
        <styleUrl>#icon-503-62AF44-nodesc</styleUrl>
        <Point>
          <coordinates>
            0.203694,38.750174,0
          </coordinates>
        </Point>
      </Placemark>
      <Placemark>
        <name>Punto 25</name>
        <styleUrl>#icon-503-62AF44-nodesc</styleUrl>
        <Point>
          <coordinates>
            0.17889,38.79335,0
          </coordinates>
        </Point>
      </Placemark>
      <Placemark>
        <name>Punto 205</name>
        <styleUrl>#icon-503-62AF44-nodesc</styleUrl>
        <Point>
          <coordinates>
            0.2014188,38.7510594,0
          </coordinates>
        </Point>
      </Placemark>
      <Placemark>
        <name>Punto 206</name>
        <styleUrl>#icon-503-62AF44-nodesc</styleUrl>
        <Point>
          <coordinates>
            0.201394,38.752428,0
          </coordinates>
        </Point>
      </Placemark>
      <Placemark>
        <name>Punto 207</name>
        <styleUrl>#icon-503-62AF44-nodesc</styleUrl>
        <Point>
          <coordinates>
            0.19682,38.72986,0
          </coordinates>
        </Point>
      </Placemark>
      <Placemark>
        <name>Punto 208</name>
        <styleUrl>#icon-503-62AF44-nodesc</styleUrl>
        <Point>
          <coordinates>
            0.161528,38.803103,0
          </coordinates>
        </Point>
      </Placemark>
      <Placemark>
        <name>Punto 209</name>
        <styleUrl>#icon-503-62AF44-nodesc</styleUrl>
        <Point>
          <coordinates>
            0.161529,38.803083,0
          </coordinates>
        </Point>
      </Placemark>
      <Placemark>
        <name>Punto 210</name>
        <styleUrl>#icon-503-62AF44-nodesc</styleUrl>
        <Point>
          <coordinates>
            0.1818361,38.7505321,0
          </coordinates>
        </Point>
      </Placemark>
      <Placemark>
        <name>Punto 211</name>
        <styleUrl>#icon-503-62AF44-nodesc</styleUrl>
        <Point>
          <coordinates>
            0.158975,38.790929,0
          </coordinates>
        </Point>
      </Placemark>
      <Placemark>
        <name>Punto 212</name>
        <styleUrl>#icon-503-62AF44-nodesc</styleUrl>
        <Point>
          <coordinates>
            0.159078,38.793162,0
          </coordinates>
        </Point>
      </Placemark>
      <Placemark>
        <name>Punto 213</name>
        <styleUrl>#icon-503-62AF44-nodesc</styleUrl>
        <Point>
          <coordinates>
            0.161414,38.792318,0
          </coordinates>
        </Point>
      </Placemark>
      <Placemark>
        <name>Punto 214</name>
        <styleUrl>#icon-503-62AF44-nodesc</styleUrl>
        <Point>
          <coordinates>
            0.16294,38.791554,0
          </coordinates>
        </Point>
      </Placemark>
      <Placemark>
        <name>Punto 26</name>
        <styleUrl>#icon-503-62AF44-nodesc</styleUrl>
        <Point>
          <coordinates>
            0.178187,38.794715,0
          </coordinates>
        </Point>
      </Placemark>
      <Placemark>
        <name>Punto 215</name>
        <styleUrl>#icon-503-62AF44-nodesc</styleUrl>
        <Point>
          <coordinates>
            0.156872,38.796183,0
          </coordinates>
        </Point>
      </Placemark>
      <Placemark>
        <name>Punto 27</name>
        <styleUrl>#icon-503-62AF44-nodesc</styleUrl>
        <Point>
          <coordinates>
            0.176497,38.793408,0
          </coordinates>
        </Point>
      </Placemark>
      <Placemark>
        <name>Punto 28</name>
        <styleUrl>#icon-503-62AF44-nodesc</styleUrl>
        <Point>
          <coordinates>
            0.176779,38.791942,0
          </coordinates>
        </Point>
      </Placemark>
      <Placemark>
        <name>Punto 29</name>
        <styleUrl>#icon-503-62AF44-nodesc</styleUrl>
        <Point>
          <coordinates>
            0.178556,38.791558,0
          </coordinates>
        </Point>
      </Placemark>
      <Placemark>
        <name>Punto 30</name>
        <styleUrl>#icon-503-62AF44-nodesc</styleUrl>
        <Point>
          <coordinates>
            0.179723,38.790492,0
          </coordinates>
        </Point>
      </Placemark>
      <Placemark>
        <name>Punto 31</name>
        <styleUrl>#icon-503-62AF44-nodesc</styleUrl>
        <Point>
          <coordinates>
            0.180864,38.787325,0
          </coordinates>
        </Point>
      </Placemark>
      <Placemark>
        <name>Punto 32</name>
        <styleUrl>#icon-503-62AF44-nodesc</styleUrl>
        <Point>
          <coordinates>
            0.183814,38.781903,0
          </coordinates>
        </Point>
      </Placemark>
      <Placemark>
        <name>Punto 33</name>
        <styleUrl>#icon-503-62AF44-nodesc</styleUrl>
        <Point>
          <coordinates>
            0.1853221,38.7795923,0
          </coordinates>
        </Point>
      </Placemark>
      <Placemark>
        <name>Punto 34</name>
        <styleUrl>#icon-503-62AF44-nodesc</styleUrl>
        <Point>
          <coordinates>
            0.185954,38.776104,0
          </coordinates>
        </Point>
      </Placemark>
      <Placemark>
        <name>Punto 8</name>
        <styleUrl>#icon-503-62AF44-nodesc</styleUrl>
        <Point>
          <coordinates>
            0.182574,38.7872364,0
          </coordinates>
        </Point>
      </Placemark>
      <Placemark>
        <name>Punto 35</name>
        <styleUrl>#icon-503-62AF44-nodesc</styleUrl>
        <Point>
          <coordinates>
            0.183192,38.78113,0
          </coordinates>
        </Point>
      </Placemark>
      <Placemark>
        <name>Punto 36</name>
        <styleUrl>#icon-503-62AF44-nodesc</styleUrl>
        <Point>
          <coordinates>
            0.182088,38.783114,0
          </coordinates>
        </Point>
      </Placemark>
      <Placemark>
        <name>Punto 37</name>
        <styleUrl>#icon-503-62AF44-nodesc</styleUrl>
        <Point>
          <coordinates>
            0.181206,38.783812,0
          </coordinates>
        </Point>
      </Placemark>
      <Placemark>
        <name>Punto 38</name>
        <styleUrl>#icon-503-62AF44-nodesc</styleUrl>
        <Point>
          <coordinates>
            0.179641,38.786692,0
          </coordinates>
        </Point>
      </Placemark>
      <Placemark>
        <name>Punto 39</name>
        <styleUrl>#icon-503-62AF44-nodesc</styleUrl>
        <Point>
          <coordinates>
            0.179196,38.787647,0
          </coordinates>
        </Point>
      </Placemark>
      <Placemark>
        <name>Punto 40</name>
        <styleUrl>#icon-503-62AF44-nodesc</styleUrl>
        <Point>
          <coordinates>
            0.178851,38.789145,0
          </coordinates>
        </Point>
      </Placemark>
      <Placemark>
        <name>Punto 41</name>
        <styleUrl>#icon-503-62AF44-nodesc</styleUrl>
        <Point>
          <coordinates>
            0.175524,38.790173,0
          </coordinates>
        </Point>
      </Placemark>
      <Placemark>
        <name>Punto 42</name>
        <styleUrl>#icon-503-62AF44-nodesc</styleUrl>
        <Point>
          <coordinates>
            0.1731384,38.7894758,0
          </coordinates>
        </Point>
      </Placemark>
      <Placemark>
        <name>Punto 43</name>
        <styleUrl>#icon-503-62AF44-nodesc</styleUrl>
        <Point>
          <coordinates>
            0.1720775,38.790496,0
          </coordinates>
        </Point>
      </Placemark>
      <Placemark>
        <name>Punto 44</name>
        <styleUrl>#icon-503-62AF44-nodesc</styleUrl>
        <Point>
          <coordinates>
            0.1705709,38.7887324,0
          </coordinates>
        </Point>
      </Placemark>
      <Placemark>
        <name>Punto 9</name>
        <styleUrl>#icon-503-62AF44-nodesc</styleUrl>
        <Point>
          <coordinates>
            0.1823782,38.7879369,0
          </coordinates>
        </Point>
      </Placemark>
      <Placemark>
        <name>Punto 45</name>
        <styleUrl>#icon-503-62AF44-nodesc</styleUrl>
        <Point>
          <coordinates>
            0.1700092,38.7892953,0
          </coordinates>
        </Point>
      </Placemark>
      <Placemark>
        <name>Punto 46</name>
        <styleUrl>#icon-503-62AF44-nodesc</styleUrl>
        <Point>
          <coordinates>
            0.169308,38.790099,0
          </coordinates>
        </Point>
      </Placemark>
      <Placemark>
        <name>Punto 47</name>
        <styleUrl>#icon-503-62AF44-nodesc</styleUrl>
        <Point>
          <coordinates>
            0.167827,38.791462,0
          </coordinates>
        </Point>
      </Placemark>
      <Placemark>
        <name>Punto 48</name>
        <styleUrl>#icon-503-62AF44-nodesc</styleUrl>
        <Point>
          <coordinates>
            0.170284,38.7923868,0
          </coordinates>
        </Point>
      </Placemark>
      <Placemark>
        <name>Punto 49</name>
        <styleUrl>#icon-503-62AF44-nodesc</styleUrl>
        <Point>
          <coordinates>
            0.16982,38.793215,0
          </coordinates>
        </Point>
      </Placemark>
      <Placemark>
        <name>Punto 50</name>
        <styleUrl>#icon-503-62AF44-nodesc</styleUrl>
        <Point>
          <coordinates>
            0.173617,38.793592,0
          </coordinates>
        </Point>
      </Placemark>
      <Placemark>
        <name>Punto 51</name>
        <styleUrl>#icon-503-62AF44-nodesc</styleUrl>
        <Point>
          <coordinates>
            0.1666576,38.7911683,0
          </coordinates>
        </Point>
      </Placemark>
      <Placemark>
        <name>Punto 52</name>
        <styleUrl>#icon-503-62AF44-nodesc</styleUrl>
        <Point>
          <coordinates>
            0.166104,38.790172,0
          </coordinates>
        </Point>
      </Placemark>
      <Placemark>
        <name>Punto 53</name>
        <styleUrl>#icon-503-62AF44-nodesc</styleUrl>
        <Point>
          <coordinates>
            0.165062,38.789457,0
          </coordinates>
        </Point>
      </Placemark>
      <Placemark>
        <name>Punto 54</name>
        <styleUrl>#icon-503-62AF44-nodesc</styleUrl>
        <Point>
          <coordinates>
            0.167422,38.79015,0
          </coordinates>
        </Point>
      </Placemark>
      <Placemark>
        <name>Punto 10</name>
        <styleUrl>#icon-503-62AF44-nodesc</styleUrl>
        <Point>
          <coordinates>
            0.1817342,38.7904165,0
          </coordinates>
        </Point>
      </Placemark>
      <Placemark>
        <name>Punto 55</name>
        <styleUrl>#icon-503-62AF44-nodesc</styleUrl>
        <Point>
          <coordinates>
            0.167028,38.789507,0
          </coordinates>
        </Point>
      </Placemark>
      <Placemark>
        <name>Punto 56</name>
        <styleUrl>#icon-503-62AF44-nodesc</styleUrl>
        <Point>
          <coordinates>
            0.168396,38.789187,0
          </coordinates>
        </Point>
      </Placemark>
      <Placemark>
        <name>Punto 57</name>
        <styleUrl>#icon-503-62AF44-nodesc</styleUrl>
        <Point>
          <coordinates>
            0.166477,38.788966,0
          </coordinates>
        </Point>
      </Placemark>
      <Placemark>
        <name>Punto 58</name>
        <styleUrl>#icon-503-62AF44-nodesc</styleUrl>
        <Point>
          <coordinates>
            0.165279,38.788614,0
          </coordinates>
        </Point>
      </Placemark>
      <Placemark>
        <name>Punto 59</name>
        <styleUrl>#icon-503-62AF44-nodesc</styleUrl>
        <Point>
          <coordinates>
            0.164638,38.790311,0
          </coordinates>
        </Point>
      </Placemark>
      <Placemark>
        <name>Punto 60</name>
        <styleUrl>#icon-503-62AF44-nodesc</styleUrl>
        <Point>
          <coordinates>
            0.162396,38.79008,0
          </coordinates>
        </Point>
      </Placemark>
      <Placemark>
        <name>Punto 61</name>
        <styleUrl>#icon-503-62AF44-nodesc</styleUrl>
        <Point>
          <coordinates>
            0.160813,38.790166,0
          </coordinates>
        </Point>
      </Placemark>
      <Placemark>
        <name>Punto 62</name>
        <styleUrl>#icon-503-62AF44-nodesc</styleUrl>
        <Point>
          <coordinates>
            0.157202,38.78874,0
          </coordinates>
        </Point>
      </Placemark>
      <Placemark>
        <name>Punto 63</name>
        <styleUrl>#icon-503-62AF44-nodesc</styleUrl>
        <Point>
          <coordinates>
            0.158129,38.786997,0
          </coordinates>
        </Point>
      </Placemark>
      <Placemark>
        <name>Punto 64</name>
        <styleUrl>#icon-503-62AF44-nodesc</styleUrl>
        <Point>
          <coordinates>
            0.159212,38.785411,0
          </coordinates>
        </Point>
      </Placemark>
      <Placemark>
        <name>Punto 11</name>
        <styleUrl>#icon-503-62AF44-nodesc</styleUrl>
        <Point>
          <coordinates>
            0.181335,38.792476,0
          </coordinates>
        </Point>
      </Placemark>
      <Placemark>
        <name>Punto 65</name>
        <styleUrl>#icon-503-62AF44-nodesc</styleUrl>
        <Point>
          <coordinates>
            0.160218,38.78601,0
          </coordinates>
        </Point>
      </Placemark>
      <Placemark>
        <name>Punto 66</name>
        <styleUrl>#icon-503-62AF44-nodesc</styleUrl>
        <Point>
          <coordinates>
            0.160521,38.788077,0
          </coordinates>
        </Point>
      </Placemark>
      <Placemark>
        <name>Punto 67</name>
        <styleUrl>#icon-503-62AF44-nodesc</styleUrl>
        <Point>
          <coordinates>
            0.162459,38.786204,0
          </coordinates>
        </Point>
      </Placemark>
      <Placemark>
        <name>Punto 68</name>
        <styleUrl>#icon-503-62AF44-nodesc</styleUrl>
        <Point>
          <coordinates>
            0.164081,38.786605,0
          </coordinates>
        </Point>
      </Placemark>
      <Placemark>
        <name>Punto 69</name>
        <styleUrl>#icon-503-62AF44-nodesc</styleUrl>
        <Point>
          <coordinates>
            0.1625511,38.7853902,0
          </coordinates>
        </Point>
      </Placemark>
      <Placemark>
        <name>Punto 70</name>
        <styleUrl>#icon-503-62AF44-nodesc</styleUrl>
        <Point>
          <coordinates>
            0.164018,38.783792,0
          </coordinates>
        </Point>
      </Placemark>
      <Placemark>
        <name>Punto 71</name>
        <styleUrl>#icon-503-62AF44-nodesc</styleUrl>
        <Point>
          <coordinates>
            0.161182,38.783379,0
          </coordinates>
        </Point>
      </Placemark>
      <Placemark>
        <name>Punto 73</name>
        <styleUrl>#icon-503-62AF44-nodesc</styleUrl>
        <Point>
          <coordinates>
            0.155434,38.781577,0
          </coordinates>
        </Point>
      </Placemark>
      <Placemark>
        <name>Punto 74</name>
        <styleUrl>#icon-503-62AF44-nodesc</styleUrl>
        <Point>
          <coordinates>
            0.151062,38.780983,0
          </coordinates>
        </Point>
      </Placemark>
      <Placemark>
        <name>Punto 12</name>
        <styleUrl>#icon-503-62AF44-nodesc</styleUrl>
        <Point>
          <coordinates>
            0.18103,38.792553,0
          </coordinates>
        </Point>
      </Placemark>
      <Placemark>
        <name>Punto 75</name>
        <styleUrl>#icon-503-62AF44-nodesc</styleUrl>
        <Point>
          <coordinates>
            0.152017,38.783633,0
          </coordinates>
        </Point>
      </Placemark>
      <Placemark>
        <name>Punto 76</name>
        <styleUrl>#icon-503-62AF44-nodesc</styleUrl>
        <Point>
          <coordinates>
            0.148396,38.770117,0
          </coordinates>
        </Point>
      </Placemark>
      <Placemark>
        <name>Punto 77</name>
        <styleUrl>#icon-503-62AF44-nodesc</styleUrl>
        <Point>
          <coordinates>
            0.148399,38.769982,0
          </coordinates>
        </Point>
      </Placemark>
      <Placemark>
        <name>Punto 78</name>
        <styleUrl>#icon-503-62AF44-nodesc</styleUrl>
        <Point>
          <coordinates>
            0.148888,38.768787,0
          </coordinates>
        </Point>
      </Placemark>
      <Placemark>
        <name>Punto 79</name>
        <styleUrl>#icon-503-62AF44-nodesc</styleUrl>
        <Point>
          <coordinates>
            0.148979,38.76843,0
          </coordinates>
        </Point>
      </Placemark>
      <Placemark>
        <name>Punto 80</name>
        <styleUrl>#icon-503-62AF44-nodesc</styleUrl>
        <Point>
          <coordinates>
            0.145,38.761338,0
          </coordinates>
        </Point>
      </Placemark>
      <Placemark>
        <name>Punto 81</name>
        <styleUrl>#icon-503-62AF44-nodesc</styleUrl>
        <Point>
          <coordinates>
            0.145014,38.76136,0
          </coordinates>
        </Point>
      </Placemark>
      <Placemark>
        <name>Punto 82</name>
        <styleUrl>#icon-503-62AF44-nodesc</styleUrl>
        <Point>
          <coordinates>
            0.147872,38.762228,0
          </coordinates>
        </Point>
      </Placemark>
      <Placemark>
        <name>Punto 83</name>
        <styleUrl>#icon-503-62AF44-nodesc</styleUrl>
        <Point>
          <coordinates>
            0.147897,38.762234,0
          </coordinates>
        </Point>
      </Placemark>
      <Placemark>
        <name>Punto 84</name>
        <styleUrl>#icon-503-62AF44-nodesc</styleUrl>
        <Point>
          <coordinates>
            0.14889,38.758086,0
          </coordinates>
        </Point>
      </Placemark>
      <Placemark>
        <name>Punto 211</name>
        <styleUrl>#icon-503-62AF44-nodesc</styleUrl>
        <Point>
          <coordinates>
            0.188225,38.77633,0
          </coordinates>
        </Point>
      </Placemark>
      <Placemark>
        <name>Punto 212</name>
        <styleUrl>#icon-503-62AF44-nodesc</styleUrl>
        <Point>
          <coordinates>
            0.1732026,38.7835179,0
          </coordinates>
        </Point>
      </Placemark>
      <Placemark>
        <name>Punto 213</name>
        <styleUrl>#icon-503-62AF44-nodesc</styleUrl>
        <Point>
          <coordinates>
            0.1724169,38.7878036,0
          </coordinates>
        </Point>
      </Placemark>
      <Placemark>
        <name>Punto 214</name>
        <styleUrl>#icon-503-62AF44-nodesc</styleUrl>
        <Point>
          <coordinates>
            0.165515,38.794253,0
          </coordinates>
        </Point>
      </Placemark>
      <Placemark>
        <name>Punto 215</name>
        <styleUrl>#icon-503-62AF44-nodesc</styleUrl>
        <Point>
          <coordinates>
            0.1816944,38.7891243,0
          </coordinates>
        </Point>
      </Placemark>
      <Placemark>
        <name>Punto 216</name>
        <styleUrl>#icon-503-62AF44-nodesc</styleUrl>
        <Point>
          <coordinates>
            0.180211,38.785615,0
          </coordinates>
        </Point>
      </Placemark>
      <Placemark>
        <name>Punto 217</name>
        <styleUrl>#icon-503-62AF44-nodesc</styleUrl>
        <Point>
          <coordinates>
            0.1996687,38.761039,0
          </coordinates>
        </Point>
      </Placemark>
      <Placemark>
        <name>Punto 13</name>
        <styleUrl>#icon-503-62AF44-nodesc</styleUrl>
        <Point>
          <coordinates>
            0.180067,38.792787,0
          </coordinates>
        </Point>
      </Placemark>
      <Placemark>
        <name>Punto 85</name>
        <styleUrl>#icon-503-62AF44-nodesc</styleUrl>
        <Point>
          <coordinates>
            0.149309,38.747369,0
          </coordinates>
        </Point>
      </Placemark>
      <Placemark>
        <name>Punto 86</name>
        <styleUrl>#icon-503-62AF44-nodesc</styleUrl>
        <Point>
          <coordinates>
            0.149322,38.747353,0
          </coordinates>
        </Point>
      </Placemark>
      <Placemark>
        <name>Punto 87</name>
        <styleUrl>#icon-503-62AF44-nodesc</styleUrl>
        <Point>
          <coordinates>
            0.166091,38.7440869,0
          </coordinates>
        </Point>
      </Placemark>
      <Placemark>
        <name>Punto 88</name>
        <styleUrl>#icon-503-62AF44-nodesc</styleUrl>
        <Point>
          <coordinates>
            0.16919,38.750274,0
          </coordinates>
        </Point>
      </Placemark>
      <Placemark>
        <name>Punto 89</name>
        <styleUrl>#icon-503-62AF44-nodesc</styleUrl>
        <Point>
          <coordinates>
            0.175859,38.752063,0
          </coordinates>
        </Point>
      </Placemark>
      <Placemark>
        <name>Punto 90</name>
        <styleUrl>#icon-503-62AF44-nodesc</styleUrl>
        <Point>
          <coordinates>
            0.1806604,38.7539862,0
          </coordinates>
        </Point>
      </Placemark>
      <Placemark>
        <name>Punto 91</name>
        <styleUrl>#icon-503-62AF44-nodesc</styleUrl>
        <Point>
          <coordinates>
            0.1806871,38.7539901,0
          </coordinates>
        </Point>
      </Placemark>
      <Placemark>
        <name>Punto 218</name>
        <styleUrl>#icon-503-62AF44-nodesc</styleUrl>
        <Point>
          <coordinates>
            0.18524,38.777846,0
          </coordinates>
        </Point>
      </Placemark>
      <Placemark>
        <name>Punto 92</name>
        <styleUrl>#icon-503-62AF44-nodesc</styleUrl>
        <Point>
          <coordinates>
            0.18183,38.756412,0
          </coordinates>
        </Point>
      </Placemark>
      <Placemark>
        <name>Punto 93</name>
        <styleUrl>#icon-503-62AF44-nodesc</styleUrl>
        <Point>
          <coordinates>
            0.185684,38.762153,0
          </coordinates>
        </Point>
      </Placemark>
      <Placemark>
        <name>Punto 94</name>
        <styleUrl>#icon-503-62AF44-nodesc</styleUrl>
        <Point>
          <coordinates>
            0.185712,38.762152,0
          </coordinates>
        </Point>
      </Placemark>
      <Placemark>
        <name>Punto 14</name>
        <styleUrl>#icon-503-62AF44-nodesc</styleUrl>
        <Point>
          <coordinates>
            0.180727,38.794202,0
          </coordinates>
        </Point>
      </Placemark>
      <Placemark>
        <name>Punto 95</name>
        <styleUrl>#icon-503-62AF44-nodesc</styleUrl>
        <Point>
          <coordinates>
            0.181945,38.764127,0
          </coordinates>
        </Point>
      </Placemark>
      <Placemark>
        <name>Punto 96</name>
        <styleUrl>#icon-503-62AF44-nodesc</styleUrl>
        <Point>
          <coordinates>
            0.17745,38.76586,0
          </coordinates>
        </Point>
      </Placemark>
      <Placemark>
        <name>Punto 97</name>
        <styleUrl>#icon-503-62AF44-nodesc</styleUrl>
        <Point>
          <coordinates>
            0.177451,38.765841,0
          </coordinates>
        </Point>
      </Placemark>
      <Placemark>
        <name>Punto 98</name>
        <styleUrl>#icon-503-62AF44-nodesc</styleUrl>
        <Point>
          <coordinates>
            0.172494,38.761013,0
          </coordinates>
        </Point>
      </Placemark>
      <Placemark>
        <name>Punto 99</name>
        <styleUrl>#icon-503-62AF44-nodesc</styleUrl>
        <Point>
          <coordinates>
            0.168813,38.769465,0
          </coordinates>
        </Point>
      </Placemark>
      <Placemark>
        <name>Punto 100</name>
        <styleUrl>#icon-503-62AF44-nodesc</styleUrl>
        <Point>
          <coordinates>
            0.1662751,38.7731453,0
          </coordinates>
        </Point>
      </Placemark>
      <Placemark>
        <name>Punto 101</name>
        <styleUrl>#icon-503-62AF44-nodesc</styleUrl>
        <Point>
          <coordinates>
            0.157322,38.770851,0
          </coordinates>
        </Point>
      </Placemark>
      <Placemark>
        <name>Punto 219</name>
        <styleUrl>#icon-503-62AF44-nodesc</styleUrl>
        <Point>
          <coordinates>
            0.1503742,38.7798199,0
          </coordinates>
        </Point>
      </Placemark>
      <Placemark>
        <name>Punto 102</name>
        <styleUrl>#icon-503-62AF44-nodesc</styleUrl>
        <Point>
          <coordinates>
            0.139539,38.775082,0
          </coordinates>
        </Point>
      </Placemark>
      <Placemark>
        <name>Punto 103</name>
        <styleUrl>#icon-503-62AF44-nodesc</styleUrl>
        <Point>
          <coordinates>
            0.151201,38.787721,0
          </coordinates>
        </Point>
      </Placemark>
      <Placemark>
        <name>Punto 104</name>
        <styleUrl>#icon-503-62AF44-nodesc</styleUrl>
        <Point>
          <coordinates>
            0.142102,38.787388,0
          </coordinates>
        </Point>
      </Placemark>
      <Placemark>
        <name>Punto 220</name>
        <styleUrl>#icon-503-62AF44-nodesc</styleUrl>
        <Point>
          <coordinates>
            0.1996741,38.7610631,0
          </coordinates>
        </Point>
      </Placemark>
      <Placemark>
        <name>Punto 221</name>
        <styleUrl>#icon-503-62AF44-nodesc</styleUrl>
        <Point>
          <coordinates>
            0.182569,38.7872504,0
          </coordinates>
        </Point>
      </Placemark>
      <Placemark>
        <name>Punto 229</name>
        <styleUrl>#icon-503-62AF44-nodesc</styleUrl>
        <Point>
          <coordinates>
            0.2014929,38.7656379,0
          </coordinates>
        </Point>
      </Placemark>
      <Placemark>
        <name>Punto 230</name>
        <styleUrl>#icon-503-62AF44-nodesc</styleUrl>
        <Point>
          <coordinates>
            0.180105,38.7821776,0
          </coordinates>
        </Point>
      </Placemark>
      <Placemark>
        <name>Punto 231</name>
        <styleUrl>#icon-503-62AF44-nodesc</styleUrl>
        <Point>
          <coordinates>
            0.1779176,38.7944196,0
          </coordinates>
        </Point>
      </Placemark>
      <Placemark>
        <name>Punto 231</name>
        <styleUrl>#icon-503-62AF44-nodesc</styleUrl>
        <Point>
          <coordinates>
            0.1108477,38.7768582,0
          </coordinates>
        </Point>
      </Placemark>
      <Placemark>
        <name>Punto 232</name>
        <styleUrl>#icon-503-62AF44-nodesc</styleUrl>
        <Point>
          <coordinates>
            0.1983212,38.768389,0
          </coordinates>
        </Point>
      </Placemark>
      <Placemark>
        <name>Punto 233</name>
        <styleUrl>#icon-503-62AF44-nodesc</styleUrl>
        <Point>
          <coordinates>
            0.2014875,38.7574383,0
          </coordinates>
        </Point>
      </Placemark>
      <Placemark>
        <name>Punto 235</name>
        <styleUrl>#icon-503-62AF44-nodesc</styleUrl>
        <Point>
          <coordinates>
            0.1943086,38.7487053,0
          </coordinates>
        </Point>
      </Placemark>
      <Placemark>
        <name>Punto 236</name>
        <styleUrl>#icon-503-62AF44-nodesc</styleUrl>
        <Point>
          <coordinates>
            0.2148476,38.7581368,0
          </coordinates>
        </Point>
      </Placemark>
      <Placemark>
        <name>Punto 233</name>
        <styleUrl>#icon-503-62AF44-nodesc</styleUrl>
        <Point>
          <coordinates>
            0.1634082,38.7894921,0
          </coordinates>
        </Point>
      </Placemark>
      <Placemark>
        <name>Punto 235</name>
        <styleUrl>#icon-503-62AF44-nodesc</styleUrl>
        <Point>
          <coordinates>
            0.1639648,38.7911353,0
          </coordinates>
        </Point>
      </Placemark>
      <Placemark>
        <name>Punto 236</name>
        <styleUrl>#icon-503-62AF44-nodesc</styleUrl>
        <Point>
          <coordinates>
            0.1588015,38.7885565,0
          </coordinates>
        </Point>
      </Placemark>
      <Placemark>
        <name>Punto 234</name>
        <styleUrl>#icon-503-62AF44-nodesc</styleUrl>
        <Point>
          <coordinates>
            0.183337,38.77667,0
          </coordinates>
        </Point>
      </Placemark>
      <Placemark>
        <name>Punto 233</name>
        <styleUrl>#icon-503-62AF44-nodesc</styleUrl>
        <Point>
          <coordinates>
            0.116263,38.7946297,0
          </coordinates>
        </Point>
      </Placemark>
      <Placemark>
        <name>Punto 234</name>
        <styleUrl>#icon-503-62AF44-nodesc</styleUrl>
        <Point>
          <coordinates>
            0.1162899,38.7946266,0
          </coordinates>
        </Point>
      </Placemark>
      <Placemark>
        <name>Punto 235</name>
        <styleUrl>#icon-503-62AF44-nodesc</styleUrl>
        <Point>
          <coordinates>
            0.1894176,38.7701059,0
          </coordinates>
        </Point>
      </Placemark>
      <Placemark>
        <name>Punto 234</name>
        <styleUrl>#icon-503-62AF44-nodesc</styleUrl>
        <Point>
          <coordinates>
            0.2042017,38.7597421,0
          </coordinates>
        </Point>
      </Placemark>
    </Folder>
    <Folder>
      <name>Papel</name>
      <Placemark>
        <name>Punto 191</name>
        <styleUrl>#icon-503-4186F0-nodesc</styleUrl>
        <Point>
          <coordinates>
            0.1814837,38.7792419,0
          </coordinates>
        </Point>
      </Placemark>
      <Placemark>
        <name>Punto 191</name>
        <styleUrl>#icon-503-4186F0-nodesc</styleUrl>
        <Point>
          <coordinates>
            0.1744294,38.7883339,0
          </coordinates>
        </Point>
      </Placemark>
      <Placemark>
        <name>Punto 192</name>
        <styleUrl>#icon-503-4186F0-nodesc</styleUrl>
        <Point>
          <coordinates>
            0.2014782,38.7656421,0
          </coordinates>
        </Point>
      </Placemark>
      <Placemark>
        <name>Punto 193</name>
        <styleUrl>#icon-503-4186F0-nodesc</styleUrl>
        <Point>
          <coordinates>
            0.1801278,38.7821284,0
          </coordinates>
        </Point>
      </Placemark>
      <Placemark>
        <name>Punto 194</name>
        <styleUrl>#icon-503-4186F0-nodesc</styleUrl>
        <Point>
          <coordinates>
            0.1779646,38.7944196,0
          </coordinates>
        </Point>
      </Placemark>
      <Placemark>
        <name>Punto 195</name>
        <styleUrl>#icon-503-4186F0-nodesc</styleUrl>
        <Point>
          <coordinates>
            0.198346,38.7683749,0
          </coordinates>
        </Point>
      </Placemark>
      <Placemark>
        <name>Punto 197</name>
        <styleUrl>#icon-503-4186F0-nodesc</styleUrl>
        <Point>
          <coordinates>
            0.1942912,38.7487262,0
          </coordinates>
        </Point>
      </Placemark>
      <Placemark>
        <name>Punto 198</name>
        <styleUrl>#icon-503-4186F0-nodesc</styleUrl>
        <Point>
          <coordinates>
            0.2014634,38.7574508,0
          </coordinates>
        </Point>
      </Placemark>
      <Placemark>
        <name>Punto 199</name>
        <styleUrl>#icon-503-4186F0-nodesc</styleUrl>
        <Point>
          <coordinates>
            0.2148691,38.7581327,0
          </coordinates>
        </Point>
      </Placemark>
      <Placemark>
        <name>Punto 200</name>
        <styleUrl>#icon-503-4186F0-nodesc</styleUrl>
        <Point>
          <coordinates>
            0.1842906,38.7834885,0
          </coordinates>
        </Point>
      </Placemark>
      <Placemark>
        <name>Punto 3</name>
        <styleUrl>#icon-503-4186F0-nodesc</styleUrl>
        <Point>
          <coordinates>
            0.1291846,38.7885628,0
          </coordinates>
        </Point>
      </Placemark>
      <Placemark>
        <name>Punto 4</name>
        <styleUrl>#icon-503-4186F0-nodesc</styleUrl>
        <Point>
          <coordinates>
            0.129136964678764,38.7885821252378,0
          </coordinates>
        </Point>
      </Placemark>
      <Placemark>
        <name>Punto 5</name>
        <styleUrl>#icon-503-4186F0-nodesc</styleUrl>
        <Point>
          <coordinates>
            0.129161104559898,38.788571671826,0
          </coordinates>
        </Point>
      </Placemark>
      <Placemark>
        <name>Punto 6</name>
        <styleUrl>#icon-503-4186F0-nodesc</styleUrl>
        <Point>
          <coordinates>
            0.142113491892815,38.7874698736315,0
          </coordinates>
        </Point>
      </Placemark>
      <Placemark>
        <name>Punto 7</name>
        <styleUrl>#icon-503-4186F0-nodesc</styleUrl>
        <Point>
          <coordinates>
            0.142108127474785,38.7874505345168,0
          </coordinates>
        </Point>
      </Placemark>
      <Placemark>
        <name>Punto 8</name>
        <styleUrl>#icon-503-4186F0-nodesc</styleUrl>
        <Point>
          <coordinates>
            0.151237696409225,38.7877270310902,0
          </coordinates>
        </Point>
      </Placemark>
      <Placemark>
        <name>Punto 10</name>
        <styleUrl>#icon-503-4186F0-nodesc</styleUrl>
        <Point>
          <coordinates>
            0.152042359113693,38.7836364449601,0
          </coordinates>
        </Point>
      </Placemark>
      <Placemark>
        <name>Punto 11</name>
        <styleUrl>#icon-503-4186F0-nodesc</styleUrl>
        <Point>
          <coordinates>
            0.1583093,38.7867632,0
          </coordinates>
        </Point>
      </Placemark>
      <Placemark>
        <name>Punto 12</name>
        <styleUrl>#icon-503-4186F0-nodesc</styleUrl>
        <Point>
          <coordinates>
            0.15716940164566,38.7887321315278,0
          </coordinates>
        </Point>
      </Placemark>
      <Placemark>
        <name>Punto 13</name>
        <styleUrl>#icon-503-4186F0-nodesc</styleUrl>
        <Point>
          <coordinates>
            0.15893965959549,38.7909152883915,0
          </coordinates>
        </Point>
      </Placemark>
      <Placemark>
        <name>Punto 14</name>
        <styleUrl>#icon-503-4186F0-nodesc</styleUrl>
        <Point>
          <coordinates>
            0.161453559994698,38.7923311425093,0
          </coordinates>
        </Point>
      </Placemark>
      <Placemark>
        <name>Punto 15</name>
        <styleUrl>#icon-503-4186F0-nodesc</styleUrl>
        <Point>
          <coordinates>
            0.159048959612846,38.7932353092731,0
          </coordinates>
        </Point>
      </Placemark>
      <Placemark>
        <name>Punto 16</name>
        <styleUrl>#icon-503-4186F0-nodesc</styleUrl>
        <Point>
          <coordinates>
            0.156788527965546,38.7962424958706,0
          </coordinates>
        </Point>
      </Placemark>
      <Placemark>
        <name>Punto 17</name>
        <styleUrl>#icon-503-4186F0-nodesc</styleUrl>
        <Point>
          <coordinates>
            0.161537379026413,38.8030549713417,0
          </coordinates>
        </Point>
      </Placemark>
      <Placemark>
        <name>Punto 18</name>
        <styleUrl>#icon-503-4186F0-nodesc</styleUrl>
        <Point>
          <coordinates>
            0.163833349943161,38.7911144190754,0
          </coordinates>
        </Point>
      </Placemark>
      <Placemark>
        <name>Punto 19</name>
        <styleUrl>#icon-503-4186F0-nodesc</styleUrl>
        <Point>
          <coordinates>
            0.162347406148911,38.7900497690343,0
          </coordinates>
        </Point>
      </Placemark>
      <Placemark>
        <name>Punto 20</name>
        <styleUrl>#icon-503-4186F0-nodesc</styleUrl>
        <Point>
          <coordinates>
            0.16086146235466,38.7901271226412,0
          </coordinates>
        </Point>
      </Placemark>
      <Placemark>
        <name>Punto 21</name>
        <styleUrl>#icon-503-4186F0-nodesc</styleUrl>
        <Point>
          <coordinates>
            0.159373506903648,38.7895067234446,0
          </coordinates>
        </Point>
      </Placemark>
      <Placemark>
        <name>Punto 22</name>
        <styleUrl>#icon-503-4186F0-nodesc</styleUrl>
        <Point>
          <coordinates>
            0.158816948533058,38.788493271189,0
          </coordinates>
        </Point>
      </Placemark>
      <Placemark>
        <name>Punto 23</name>
        <styleUrl>#icon-503-4186F0-nodesc</styleUrl>
        <Point>
          <coordinates>
            0.160506069660187,38.788165032919,0
          </coordinates>
        </Point>
      </Placemark>
      <Placemark>
        <name>Punto 24</name>
        <styleUrl>#icon-503-4186F0-nodesc</styleUrl>
        <Point>
          <coordinates>
            0.159179717302322,38.7854685087826,0
          </coordinates>
        </Point>
      </Placemark>
      <Placemark>
        <name>Punto 25</name>
        <styleUrl>#icon-503-4186F0-nodesc</styleUrl>
        <Point>
          <coordinates>
            0.16021840274334,38.7861046237843,0
          </coordinates>
        </Point>
      </Placemark>
      <Placemark>
        <name>Punto 26</name>
        <styleUrl>#icon-503-4186F0-nodesc</styleUrl>
        <Point>
          <coordinates>
            0.161287933588028,38.7871494708659,0
          </coordinates>
        </Point>
      </Placemark>
      <Placemark>
        <name>Punto 27</name>
        <styleUrl>#icon-503-4186F0-nodesc</styleUrl>
        <Point>
          <coordinates>
            0.165249556303024,38.7886129627936,0
          </coordinates>
        </Point>
      </Placemark>
      <Placemark>
        <name>Punto 28</name>
        <styleUrl>#icon-503-4186F0-nodesc</styleUrl>
        <Point>
          <coordinates>
            0.165102034807205,38.7894926115214,0
          </coordinates>
        </Point>
      </Placemark>
      <Placemark>
        <name>Punto 29</name>
        <styleUrl>#icon-503-4186F0-nodesc</styleUrl>
        <Point>
          <coordinates>
            0.16460046172142,38.7902734670732,0
          </coordinates>
        </Point>
      </Placemark>
      <Placemark>
        <name>Punto 30</name>
        <styleUrl>#icon-503-4186F0-nodesc</styleUrl>
        <Point>
          <coordinates>
            0.163361951708794,38.7894555023766,0
          </coordinates>
        </Point>
      </Placemark>
      <Placemark>
        <name>Punto 31</name>
        <styleUrl>#icon-503-4186F0-nodesc</styleUrl>
        <Point>
          <coordinates>
            0.164050608873367,38.7865907226305,0
          </coordinates>
        </Point>
      </Placemark>
      <Placemark>
        <name>Punto 32</name>
        <styleUrl>#icon-503-4186F0-nodesc</styleUrl>
        <Point>
          <coordinates>
            0.162445977330208,38.7862295462773,0
          </coordinates>
        </Point>
      </Placemark>
      <Placemark>
        <name>Punto 33</name>
        <styleUrl>#icon-503-4186F0-nodesc</styleUrl>
        <Point>
          <coordinates>
            0.164058655500412,38.783805279059,0
          </coordinates>
        </Point>
      </Placemark>
      <Placemark>
        <name>Punto 34</name>
        <styleUrl>#icon-503-4186F0-nodesc</styleUrl>
        <Point>
          <coordinates>
            0.1625861,38.7853682,0
          </coordinates>
        </Point>
      </Placemark>
      <Placemark>
        <name>Punto 35</name>
        <styleUrl>#icon-503-4186F0-nodesc</styleUrl>
        <Point>
          <coordinates>
            0.164451599121094,38.7857303776834,0
          </coordinates>
        </Point>
      </Placemark>
      <Placemark>
        <name>Punto 36</name>
        <styleUrl>#icon-503-4186F0-nodesc</styleUrl>
        <Point>
          <coordinates>
            0.161167234182358,38.7832951165979,0
          </coordinates>
        </Point>
      </Placemark>
      <Placemark>
        <name>Punto 37</name>
        <styleUrl>#icon-503-4186F0-nodesc</styleUrl>
        <Point>
          <coordinates>
            0.155469551682472,38.78158322306,0
          </coordinates>
        </Point>
      </Placemark>
      <Placemark>
        <name>Punto 38</name>
        <styleUrl>#icon-503-4186F0-nodesc</styleUrl>
        <Point>
          <coordinates>
            0.15106737613678,38.7808827723292,0
          </coordinates>
        </Point>
      </Placemark>
      <Placemark>
        <name>Punto 39</name>
        <styleUrl>#icon-503-4186F0-nodesc</styleUrl>
        <Point>
          <coordinates>
            0.139533877372742,38.7750640607955,0
          </coordinates>
        </Point>
      </Placemark>
      <Placemark>
        <name>Punto 40</name>
        <styleUrl>#icon-503-4186F0-nodesc</styleUrl>
        <Point>
          <coordinates>
            0.148476362228394,38.7701937725311,0
          </coordinates>
        </Point>
      </Placemark>
      <Placemark>
        <name>Punto 41</name>
        <styleUrl>#icon-503-4186F0-nodesc</styleUrl>
        <Point>
          <coordinates>
            0.14503575861454,38.7614069649561,0
          </coordinates>
        </Point>
      </Placemark>
      <Placemark>
        <name>Punto 42</name>
        <styleUrl>#icon-503-4186F0-nodesc</styleUrl>
        <Point>
          <coordinates>
            0.145029723644257,38.7613850044242,0
          </coordinates>
        </Point>
      </Placemark>
      <Placemark>
        <name>Punto 43</name>
        <styleUrl>#icon-503-4186F0-nodesc</styleUrl>
        <Point>
          <coordinates>
            0.148082748055458,38.7622670804731,0
          </coordinates>
        </Point>
      </Placemark>
      <Placemark>
        <name>Punto 44</name>
        <styleUrl>#icon-503-4186F0-nodesc</styleUrl>
        <Point>
          <coordinates>
            0.148106887936592,38.7622712633804,0
          </coordinates>
        </Point>
      </Placemark>
      <Placemark>
        <name>Punto 45</name>
        <styleUrl>#icon-503-4186F0-nodesc</styleUrl>
        <Point>
          <coordinates>
            0.149263590574265,38.747455960105,0
          </coordinates>
        </Point>
      </Placemark>
      <Placemark>
        <name>Punto 46</name>
        <styleUrl>#icon-503-4186F0-nodesc</styleUrl>
        <Point>
          <coordinates>
            0.1660281,38.7440339,0
          </coordinates>
        </Point>
      </Placemark>
      <Placemark>
        <name>Punto 47</name>
        <styleUrl>#icon-503-4186F0-nodesc</styleUrl>
        <Point>
          <coordinates>
            0.169224590063095,38.7503024395923,0
          </coordinates>
        </Point>
      </Placemark>
      <Placemark>
        <name>Punto 48</name>
        <styleUrl>#icon-503-4186F0-nodesc</styleUrl>
        <Point>
          <coordinates>
            0.1808392,38.7540122,0
          </coordinates>
        </Point>
      </Placemark>
      <Placemark>
        <name>Punto 49</name>
        <styleUrl>#icon-503-4186F0-nodesc</styleUrl>
        <Point>
          <coordinates>
            0.180866,38.7540122,0
          </coordinates>
        </Point>
      </Placemark>
      <Placemark>
        <name>Punto 50</name>
        <styleUrl>#icon-503-4186F0-nodesc</styleUrl>
        <Point>
          <coordinates>
            0.1818826,38.7505482,0
          </coordinates>
        </Point>
      </Placemark>
      <Placemark>
        <name>Punto 51</name>
        <styleUrl>#icon-503-4186F0-nodesc</styleUrl>
        <Point>
          <coordinates>
            0.185733586549759,38.7620040796859,0
          </coordinates>
        </Point>
      </Placemark>
      <Placemark>
        <name>Punto 52</name>
        <styleUrl>#icon-503-4186F0-nodesc</styleUrl>
        <Point>
          <coordinates>
            0.185732915997505,38.7619842107997,0
          </coordinates>
        </Point>
      </Placemark>
      <Placemark>
        <name>Punto 53</name>
        <styleUrl>#icon-503-4186F0-nodesc</styleUrl>
        <Point>
          <coordinates>
            0.188313871622086,38.7639611378593,0
          </coordinates>
        </Point>
      </Placemark>
      <Placemark>
        <name>Punto 54</name>
        <styleUrl>#icon-503-4186F0-nodesc</styleUrl>
        <Point>
          <coordinates>
            0.182052254676819,38.7641159015908,0
          </coordinates>
        </Point>
      </Placemark>
      <Placemark>
        <name>Punto 55</name>
        <styleUrl>#icon-503-4186F0-nodesc</styleUrl>
        <Point>
          <coordinates>
            0.177434831857681,38.7658972288868,0
          </coordinates>
        </Point>
      </Placemark>
      <Placemark>
        <name>Punto 56</name>
        <styleUrl>#icon-503-4186F0-nodesc</styleUrl>
        <Point>
          <coordinates>
            0.177429467439651,38.7658778839217,0
          </coordinates>
        </Point>
      </Placemark>
      <Placemark>
        <name>Punto 57</name>
        <styleUrl>#icon-503-4186F0-nodesc</styleUrl>
        <Point>
          <coordinates>
            0.168831646442413,38.7694973924221,0
          </coordinates>
        </Point>
      </Placemark>
      <Placemark>
        <name>Punto 59</name>
        <styleUrl>#icon-503-4186F0-nodesc</styleUrl>
        <Point>
          <coordinates>
            0.157314240932465,38.7708880546413,0
          </coordinates>
        </Point>
      </Placemark>
      <Placemark>
        <name>Punto 60</name>
        <styleUrl>#icon-503-4186F0-nodesc</styleUrl>
        <Point>
          <coordinates>
            0.192174911499023,38.7623753131188,0
          </coordinates>
        </Point>
      </Placemark>
      <Placemark>
        <name>Punto 61</name>
        <styleUrl>#icon-503-4186F0-nodesc</styleUrl>
        <Point>
          <coordinates>
            0.192173570394516,38.7623638101411,0
          </coordinates>
        </Point>
      </Placemark>
      <Placemark>
        <name>Punto 62</name>
        <styleUrl>#icon-503-4186F0-nodesc</styleUrl>
        <Point>
          <coordinates>
            0.201696753501892,38.7612448751567,0
          </coordinates>
        </Point>
      </Placemark>
      <Placemark>
        <name>Punto 64</name>
        <styleUrl>#icon-503-4186F0-nodesc</styleUrl>
        <Point>
          <coordinates>
            0.206639394164085,38.754522007163,0
          </coordinates>
        </Point>
      </Placemark>
      <Placemark>
        <name>Punto 65</name>
        <styleUrl>#icon-503-4186F0-nodesc</styleUrl>
        <Point>
          <coordinates>
            0.208239331841469,38.7560269555483,0
          </coordinates>
        </Point>
      </Placemark>
      <Placemark>
        <name>Punto 66</name>
        <styleUrl>#icon-503-4186F0-nodesc</styleUrl>
        <Point>
          <coordinates>
            0.19750714302063,38.7598712800446,0
          </coordinates>
        </Point>
      </Placemark>
      <Placemark>
        <name>Punto 67</name>
        <styleUrl>#icon-503-4186F0-nodesc</styleUrl>
        <Point>
          <coordinates>
            0.212453752756119,38.7517980640202,0
          </coordinates>
        </Point>
      </Placemark>
      <Placemark>
        <name>Punto 68</name>
        <styleUrl>#icon-503-4186F0-nodesc</styleUrl>
        <Point>
          <coordinates>
            0.2196004986763,38.7505440425835,0
          </coordinates>
        </Point>
      </Placemark>
      <Placemark>
        <name>Punto 69</name>
        <styleUrl>#icon-503-4186F0-nodesc</styleUrl>
        <Point>
          <coordinates>
            0.217961668968201,38.7485892312901,0
          </coordinates>
        </Point>
      </Placemark>
      <Placemark>
        <name>Punto 70</name>
        <styleUrl>#icon-503-4186F0-nodesc</styleUrl>
        <Point>
          <coordinates>
            0.216086134314537,38.7450162543531,0
          </coordinates>
        </Point>
      </Placemark>
      <Placemark>
        <name>Punto 71</name>
        <styleUrl>#icon-503-4186F0-nodesc</styleUrl>
        <Point>
          <coordinates>
            0.216381177306175,38.7380188309326,0
          </coordinates>
        </Point>
      </Placemark>
      <Placemark>
        <name>Punto 72</name>
        <styleUrl>#icon-503-4186F0-nodesc</styleUrl>
        <Point>
          <coordinates>
            0.216353014111519,38.7380172618095,0
          </coordinates>
        </Point>
      </Placemark>
      <Placemark>
        <name>Punto 73</name>
        <styleUrl>#icon-503-4186F0-nodesc</styleUrl>
        <Point>
          <coordinates>
            0.216326862573624,38.7380130774809,0
          </coordinates>
        </Point>
      </Placemark>
      <Placemark>
        <name>Punto 74</name>
        <styleUrl>#icon-503-4186F0-nodesc</styleUrl>
        <Point>
          <coordinates>
            0.224026143550873,38.740244858963,0
          </coordinates>
        </Point>
      </Placemark>
      <Placemark>
        <name>Punto 75</name>
        <styleUrl>#icon-503-4186F0-nodesc</styleUrl>
        <Point>
          <coordinates>
            0.229024440050125,38.7332344141774,0
          </coordinates>
        </Point>
      </Placemark>
      <Placemark>
        <name>Punto 78</name>
        <styleUrl>#icon-503-4186F0-nodesc</styleUrl>
        <Point>
          <coordinates>
            0.225923135876656,38.7351943533974,0
          </coordinates>
        </Point>
      </Placemark>
      <Placemark>
        <name>Punto 79</name>
        <styleUrl>#icon-503-4186F0-nodesc</styleUrl>
        <Point>
          <coordinates>
            0.225905030965805,38.7351828460382,0
          </coordinates>
        </Point>
      </Placemark>
      <Placemark>
        <name>Punto 80</name>
        <styleUrl>#icon-503-4186F0-nodesc</styleUrl>
        <Point>
          <coordinates>
            0.222235769033432,38.7359648191814,0
          </coordinates>
        </Point>
      </Placemark>
      <Placemark>
        <name>Punto 81</name>
        <styleUrl>#icon-503-4186F0-nodesc</styleUrl>
        <Point>
          <coordinates>
            0.211016088724136,38.738396988613,0
          </coordinates>
        </Point>
      </Placemark>
      <Placemark>
        <name>Punto 82</name>
        <styleUrl>#icon-503-4186F0-nodesc</styleUrl>
        <Point>
          <coordinates>
            0.211018100380898,38.7383786822707,0
          </coordinates>
        </Point>
      </Placemark>
      <Placemark>
        <name>Punto 84</name>
        <styleUrl>#icon-503-4186F0-nodesc</styleUrl>
        <Point>
          <coordinates>
            0.209031254053116,38.7445612517741,0
          </coordinates>
        </Point>
      </Placemark>
      <Placemark>
        <name>Punto 85</name>
        <styleUrl>#icon-503-4186F0-nodesc</styleUrl>
        <Point>
          <coordinates>
            0.210148394107819,38.7451626913479,0
          </coordinates>
        </Point>
      </Placemark>
      <Placemark>
        <name>Punto 86</name>
        <styleUrl>#icon-503-4186F0-nodesc</styleUrl>
        <Point>
          <coordinates>
            0.209570378065109,38.7486237468815,0
          </coordinates>
        </Point>
      </Placemark>
      <Placemark>
        <name>Punto 87</name>
        <styleUrl>#icon-503-4186F0-nodesc</styleUrl>
        <Point>
          <coordinates>
            0.203726515173912,38.7501779771262,0
          </coordinates>
        </Point>
      </Placemark>
      <Placemark>
        <name>Punto 88</name>
        <styleUrl>#icon-503-4186F0-nodesc</styleUrl>
        <Point>
          <coordinates>
            0.201413780450821,38.7509990070355,0
          </coordinates>
        </Point>
      </Placemark>
      <Placemark>
        <name>Punto 89</name>
        <styleUrl>#icon-503-4186F0-nodesc</styleUrl>
        <Point>
          <coordinates>
            0.201351419091225,38.7523942132745,0
          </coordinates>
        </Point>
      </Placemark>
      <Placemark>
        <name>Punto 90</name>
        <styleUrl>#icon-503-4186F0-nodesc</styleUrl>
        <Point>
          <coordinates>
            0.202459841966629,38.7539745076445,0
          </coordinates>
        </Point>
      </Placemark>
      <Placemark>
        <name>Punto 91</name>
        <styleUrl>#icon-503-4186F0-nodesc</styleUrl>
        <Point>
          <coordinates>
            0.1893733,38.7656316,0
          </coordinates>
        </Point>
      </Placemark>
      <Placemark>
        <name>Punto 92</name>
        <styleUrl>#icon-503-4186F0-nodesc</styleUrl>
        <Point>
          <coordinates>
            0.1875052,38.7688021,0
          </coordinates>
        </Point>
      </Placemark>
      <Placemark>
        <name>Punto 93</name>
        <styleUrl>#icon-503-4186F0-nodesc</styleUrl>
        <Point>
          <coordinates>
            0.1870747,38.7699616,0
          </coordinates>
        </Point>
      </Placemark>
      <Placemark>
        <name>Punto 94</name>
        <styleUrl>#icon-503-4186F0-nodesc</styleUrl>
        <Point>
          <coordinates>
            0.185324549674988,38.7693415947405,0
          </coordinates>
        </Point>
      </Placemark>
      <Placemark>
        <name>Punto 95</name>
        <styleUrl>#icon-503-4186F0-nodesc</styleUrl>
        <Point>
          <coordinates>
            0.185372829437256,38.7710114353935,0
          </coordinates>
        </Point>
      </Placemark>
      <Placemark>
        <name>Punto 96</name>
        <styleUrl>#icon-503-4186F0-nodesc</styleUrl>
        <Point>
          <coordinates>
            0.1854184,38.7724983,0
          </coordinates>
        </Point>
      </Placemark>
      <Placemark>
        <name>Punto 97</name>
        <styleUrl>#icon-503-4186F0-nodesc</styleUrl>
        <Point>
          <coordinates>
            0.1847298,38.7736055,0
          </coordinates>
        </Point>
      </Placemark>
      <Placemark>
        <name>Punto 98</name>
        <styleUrl>#icon-503-4186F0-nodesc</styleUrl>
        <Point>
          <coordinates>
            0.1850979,38.7733107,0
          </coordinates>
        </Point>
      </Placemark>
      <Placemark>
        <name>Punto 99</name>
        <styleUrl>#icon-503-4186F0-nodesc</styleUrl>
        <Point>
          <coordinates>
            0.184349566698074,38.7747854240313,0
          </coordinates>
        </Point>
      </Placemark>
      <Placemark>
        <name>Punto 100</name>
        <styleUrl>#icon-503-4186F0-nodesc</styleUrl>
        <Point>
          <coordinates>
            0.1823876,38.7717982,0
          </coordinates>
        </Point>
      </Placemark>
      <Placemark>
        <name>Punto 101</name>
        <styleUrl>#icon-503-4186F0-nodesc</styleUrl>
        <Point>
          <coordinates>
            0.1757464,38.7851706,0
          </coordinates>
        </Point>
      </Placemark>
      <Placemark>
        <name>Punto 102</name>
        <styleUrl>#icon-503-4186F0-nodesc</styleUrl>
        <Point>
          <coordinates>
            0.183496624231339,38.7737492830243,0
          </coordinates>
        </Point>
      </Placemark>
      <Placemark>
        <name>Punto 104</name>
        <styleUrl>#icon-503-4186F0-nodesc</styleUrl>
        <Point>
          <coordinates>
            0.172001346945763,38.7839573862175,0
          </coordinates>
        </Point>
      </Placemark>
      <Placemark>
        <name>Punto 105</name>
        <styleUrl>#icon-503-4186F0-nodesc</styleUrl>
        <Point>
          <coordinates>
            0.1674181,38.7863958,0
          </coordinates>
        </Point>
      </Placemark>
      <Placemark>
        <name>Punto 106</name>
        <styleUrl>#icon-503-4186F0-nodesc</styleUrl>
        <Point>
          <coordinates>
            0.169765,38.7877066,0
          </coordinates>
        </Point>
      </Placemark>
      <Placemark>
        <name>Punto 107</name>
        <styleUrl>#icon-503-4186F0-nodesc</styleUrl>
        <Point>
          <coordinates>
            0.172344,38.7877725,0
          </coordinates>
        </Point>
      </Placemark>
      <Placemark>
        <name>Punto 109</name>
        <styleUrl>#icon-503-4186F0-nodesc</styleUrl>
        <Point>
          <coordinates>
            0.1772752,38.7862196,0
          </coordinates>
        </Point>
      </Placemark>
      <Placemark>
        <name>Punto 110</name>
        <styleUrl>#icon-503-4186F0-nodesc</styleUrl>
        <Point>
          <coordinates>
            0.1728469,38.786056,0
          </coordinates>
        </Point>
      </Placemark>
      <Placemark>
        <name>Punto 111</name>
        <styleUrl>#icon-503-4186F0-nodesc</styleUrl>
        <Point>
          <coordinates>
            0.1730991,38.789421,0
          </coordinates>
        </Point>
      </Placemark>
      <Placemark>
        <name>Punto 112</name>
        <styleUrl>#icon-503-4186F0-nodesc</styleUrl>
        <Point>
          <coordinates>
            0.1720718,38.7904679,0
          </coordinates>
        </Point>
      </Placemark>
      <Placemark>
        <name>Punto 113</name>
        <styleUrl>#icon-503-4186F0-nodesc</styleUrl>
        <Point>
          <coordinates>
            0.1705563,38.7887509,0
          </coordinates>
        </Point>
      </Placemark>
      <Placemark>
        <name>Punto 114</name>
        <styleUrl>#icon-503-4186F0-nodesc</styleUrl>
        <Point>
          <coordinates>
            0.1701104,38.7892632,0
          </coordinates>
        </Point>
      </Placemark>
      <Placemark>
        <name>Punto 115</name>
        <styleUrl>#icon-503-4186F0-nodesc</styleUrl>
        <Point>
          <coordinates>
            0.1675167,38.7890321,0
          </coordinates>
        </Point>
      </Placemark>
      <Placemark>
        <name>Punto 116</name>
        <styleUrl>#icon-503-4186F0-nodesc</styleUrl>
        <Point>
          <coordinates>
            0.166988298296928,38.7895893042726,0
          </coordinates>
        </Point>
      </Placemark>
      <Placemark>
        <name>Punto 117</name>
        <styleUrl>#icon-503-4186F0-nodesc</styleUrl>
        <Point>
          <coordinates>
            0.166454538702965,38.7889694230632,0
          </coordinates>
        </Point>
      </Placemark>
      <Placemark>
        <name>Punto 118</name>
        <styleUrl>#icon-503-4186F0-nodesc</styleUrl>
        <Point>
          <coordinates>
            0.166091099381447,38.7901647540953,0
          </coordinates>
        </Point>
      </Placemark>
      <Placemark>
        <name>Punto 119</name>
        <styleUrl>#icon-503-4186F0-nodesc</styleUrl>
        <Point>
          <coordinates>
            0.1666463,38.7910899,0
          </coordinates>
        </Point>
      </Placemark>
      <Placemark>
        <name>Punto 120</name>
        <styleUrl>#icon-503-4186F0-nodesc</styleUrl>
        <Point>
          <coordinates>
            0.167840570211411,38.7915539680385,0
          </coordinates>
        </Point>
      </Placemark>
      <Placemark>
        <name>Punto 121</name>
        <styleUrl>#icon-503-4186F0-nodesc</styleUrl>
        <Point>
          <coordinates>
            0.167529433965683,38.7901940229903,0
          </coordinates>
        </Point>
      </Placemark>
      <Placemark>
        <name>Punto 122</name>
        <styleUrl>#icon-503-4186F0-nodesc</styleUrl>
        <Point>
          <coordinates>
            0.169315114617348,38.7900868778697,0
          </coordinates>
        </Point>
      </Placemark>
      <Placemark>
        <name>Punto 123</name>
        <styleUrl>#icon-503-4186F0-nodesc</styleUrl>
        <Point>
          <coordinates>
            0.165578126907349,38.7943192489934,0
          </coordinates>
        </Point>
      </Placemark>
      <Placemark>
        <name>Punto 124</name>
        <styleUrl>#icon-503-4186F0-nodesc</styleUrl>
        <Point>
          <coordinates>
            0.169934034347534,38.7932091774466,0
          </coordinates>
        </Point>
      </Placemark>
      <Placemark>
        <name>Punto 125</name>
        <styleUrl>#icon-503-4186F0-nodesc</styleUrl>
        <Point>
          <coordinates>
            0.1703364,38.7924059,0
          </coordinates>
        </Point>
      </Placemark>
      <Placemark>
        <name>Punto 126</name>
        <styleUrl>#icon-503-4186F0-nodesc</styleUrl>
        <Point>
          <coordinates>
            0.173628777265549,38.7935729316092,0
          </coordinates>
        </Point>
      </Placemark>
      <Placemark>
        <name>Punto 127</name>
        <styleUrl>#icon-503-4186F0-nodesc</styleUrl>
        <Point>
          <coordinates>
            0.176484659314156,38.7933576060935,0
          </coordinates>
        </Point>
      </Placemark>
      <Placemark>
        <name>Punto 128</name>
        <styleUrl>#icon-503-4186F0-nodesc</styleUrl>
        <Point>
          <coordinates>
            0.178187191486359,38.7947352600535,0
          </coordinates>
        </Point>
      </Placemark>
      <Placemark>
        <name>Punto 129</name>
        <styleUrl>#icon-503-4186F0-nodesc</styleUrl>
        <Point>
          <coordinates>
            0.180208906531334,38.7953592720911,0
          </coordinates>
        </Point>
      </Placemark>
      <Placemark>
        <name>Punto 130</name>
        <styleUrl>#icon-503-4186F0-nodesc</styleUrl>
        <Point>
          <coordinates>
            0.181420594453812,38.7970431366079,0
          </coordinates>
        </Point>
      </Placemark>
      <Placemark>
        <name>Punto 131</name>
        <styleUrl>#icon-503-4186F0-nodesc</styleUrl>
        <Point>
          <coordinates>
            0.186529532074928,38.7988853078031,0
          </coordinates>
        </Point>
      </Placemark>
      <Placemark>
        <name>Punto 132</name>
        <styleUrl>#icon-503-4186F0-nodesc</styleUrl>
        <Point>
          <coordinates>
            0.180041939020157,38.7947274206716,0
          </coordinates>
        </Point>
      </Placemark>
      <Placemark>
        <name>Punto 133</name>
        <styleUrl>#icon-503-4186F0-nodesc</styleUrl>
        <Point>
          <coordinates>
            0.180066749453545,38.7947363053044,0
          </coordinates>
        </Point>
      </Placemark>
      <Placemark>
        <name>Punto 134</name>
        <styleUrl>#icon-503-4186F0-nodesc</styleUrl>
        <Point>
          <coordinates>
            0.180674940347672,38.7941912048995,0
          </coordinates>
        </Point>
      </Placemark>
      <Placemark>
        <name>Punto 135</name>
        <styleUrl>#icon-503-4186F0-nodesc</styleUrl>
        <Point>
          <coordinates>
            0.180702432990074,38.7941969538229,0
          </coordinates>
        </Point>
      </Placemark>
      <Placemark>
        <name>Punto 136</name>
        <styleUrl>#icon-503-4186F0-nodesc</styleUrl>
        <Point>
          <coordinates>
            0.1819329,38.7942544,0
          </coordinates>
        </Point>
      </Placemark>
      <Placemark>
        <name>Punto 137</name>
        <styleUrl>#icon-503-4186F0-nodesc</styleUrl>
        <Point>
          <coordinates>
            0.181932896375656,38.7942283115789,0
          </coordinates>
        </Point>
      </Placemark>
      <Placemark>
        <name>Punto 138</name>
        <styleUrl>#icon-503-4186F0-nodesc</styleUrl>
        <Point>
          <coordinates>
            0.182429775595665,38.7955745915598,0
          </coordinates>
        </Point>
      </Placemark>
      <Placemark>
        <name>Punto 139</name>
        <styleUrl>#icon-503-4186F0-nodesc</styleUrl>
        <Point>
          <coordinates>
            0.182461962103844,38.7955860891831,0
          </coordinates>
        </Point>
      </Placemark>
      <Placemark>
        <name>Punto 140</name>
        <styleUrl>#icon-503-4186F0-nodesc</styleUrl>
        <Point>
          <coordinates>
            0.183239132165909,38.796055399676,0
          </coordinates>
        </Point>
      </Placemark>
      <Placemark>
        <name>Punto 141</name>
        <styleUrl>#icon-503-4186F0-nodesc</styleUrl>
        <Point>
          <coordinates>
            0.178910046815872,38.7933231121397,0
          </coordinates>
        </Point>
      </Placemark>
      <Placemark>
        <name>Punto 142</name>
        <styleUrl>#icon-503-4186F0-nodesc</styleUrl>
        <Point>
          <coordinates>
            0.1798797,38.7926197,0
          </coordinates>
        </Point>
      </Placemark>
      <Placemark>
        <name>Punto 144</name>
        <styleUrl>#icon-503-4186F0-nodesc</styleUrl>
        <Point>
          <coordinates>
            0.17677903175354,38.7919689499467,0
          </coordinates>
        </Point>
      </Placemark>
      <Placemark>
        <name>Punto 145</name>
        <styleUrl>#icon-503-4186F0-nodesc</styleUrl>
        <Point>
          <coordinates>
            0.178525149822235,38.7915539680385,0
          </coordinates>
        </Point>
      </Placemark>
      <Placemark>
        <name>Punto 146</name>
        <styleUrl>#icon-503-4186F0-nodesc</styleUrl>
        <Point>
          <coordinates>
            0.181052461266518,38.7925386315031,0
          </coordinates>
        </Point>
      </Placemark>
      <Placemark>
        <name>Punto 147</name>
        <styleUrl>#icon-503-4186F0-nodesc</styleUrl>
        <Point>
          <coordinates>
            0.181289166212082,38.7925177258385,0
          </coordinates>
        </Point>
      </Placemark>
      <Placemark>
        <name>Punto 148</name>
        <styleUrl>#icon-503-4186F0-nodesc</styleUrl>
        <Point>
          <coordinates>
            0.1816607,38.7891121,0
          </coordinates>
        </Point>
      </Placemark>
      <Placemark>
        <name>Punto 149</name>
        <styleUrl>#icon-503-4186F0-nodesc</styleUrl>
        <Point>
          <coordinates>
            0.180898904800415,38.7872885038904,0
          </coordinates>
        </Point>
      </Placemark>
      <Placemark>
        <name>Punto 150</name>
        <styleUrl>#icon-503-4186F0-nodesc</styleUrl>
        <Point>
          <coordinates>
            0.1818484,38.7883851,0
          </coordinates>
        </Point>
      </Placemark>
      <Placemark>
        <name>Punto 151</name>
        <styleUrl>#icon-503-4186F0-nodesc</styleUrl>
        <Point>
          <coordinates>
            0.1867394,38.7799413,0
          </coordinates>
        </Point>
      </Placemark>
      <Placemark>
        <name>Punto 152</name>
        <styleUrl>#icon-503-4186F0-nodesc</styleUrl>
        <Point>
          <coordinates>
            0.1898018,38.7762502,0
          </coordinates>
        </Point>
      </Placemark>
      <Placemark>
        <name>Punto 153</name>
        <styleUrl>#icon-503-4186F0-nodesc</styleUrl>
        <Point>
          <coordinates>
            0.1898172,38.776257,0
          </coordinates>
        </Point>
      </Placemark>
      <Placemark>
        <name>Punto 154</name>
        <styleUrl>#icon-503-4186F0-nodesc</styleUrl>
        <Point>
          <coordinates>
            0.1882059,38.7763208,0
          </coordinates>
        </Point>
      </Placemark>
      <Placemark>
        <name>Punto 155</name>
        <styleUrl>#icon-503-4186F0-nodesc</styleUrl>
        <Point>
          <coordinates>
            0.1853534,38.7796005,0
          </coordinates>
        </Point>
      </Placemark>
      <Placemark>
        <name>Punto 156</name>
        <styleUrl>#icon-503-4186F0-nodesc</styleUrl>
        <Point>
          <coordinates>
            0.183818489313126,38.7819005145223,0
          </coordinates>
        </Point>
      </Placemark>
      <Placemark>
        <name>Punto 157</name>
        <styleUrl>#icon-503-4186F0-nodesc</styleUrl>
        <Point>
          <coordinates>
            0.183182805776596,38.7810913400945,0
          </coordinates>
        </Point>
      </Placemark>
      <Placemark>
        <name>Punto 158</name>
        <styleUrl>#icon-503-4186F0-nodesc</styleUrl>
        <Point>
          <coordinates>
            0.182057619094849,38.7831085091302,0
          </coordinates>
        </Point>
      </Placemark>
      <Placemark>
        <name>Punto 159</name>
        <styleUrl>#icon-503-4186F0-nodesc</styleUrl>
        <Point>
          <coordinates>
            0.181224793195724,38.7838423911447,0
          </coordinates>
        </Point>
      </Placemark>
      <Placemark>
        <name>Punto 160</name>
        <styleUrl>#icon-503-4186F0-nodesc</styleUrl>
        <Point>
          <coordinates>
            0.180206894874573,38.7856462243091,0
          </coordinates>
        </Point>
      </Placemark>
      <Placemark>
        <name>Punto 161</name>
        <styleUrl>#icon-503-4186F0-nodesc</styleUrl>
        <Point>
          <coordinates>
            0.179691910743713,38.7866550128749,0
          </coordinates>
        </Point>
      </Placemark>
      <Placemark>
        <name>Punto 162</name>
        <styleUrl>#icon-503-4186F0-nodesc</styleUrl>
        <Point>
          <coordinates>
            0.179203748703003,38.7876784221295,0
          </coordinates>
        </Point>
      </Placemark>
      <Placemark>
        <name>Punto 163</name>
        <styleUrl>#icon-503-4186F0-nodesc</styleUrl>
        <Point>
          <coordinates>
            0.178859084844589,38.7890917272025,0
          </coordinates>
        </Point>
      </Placemark>
      <Placemark>
        <name>Punto 164</name>
        <styleUrl>#icon-503-4186F0-nodesc</styleUrl>
        <Point>
          <coordinates>
            0.179713368415833,38.7905175480112,0
          </coordinates>
        </Point>
      </Placemark>
      <Placemark>
        <name>Punto 165</name>
        <styleUrl>#icon-503-4186F0-nodesc</styleUrl>
        <Point>
          <coordinates>
            0.175498276948929,38.7902081347746,0
          </coordinates>
        </Point>
      </Placemark>
      <Placemark>
        <name>Punto 166</name>
        <styleUrl>#icon-503-4186F0-nodesc</styleUrl>
        <Point>
          <coordinates>
            0.1746466755867,38.7917860237106,0
          </coordinates>
        </Point>
      </Placemark>
      <Placemark>
        <name>Punto 167</name>
        <styleUrl>#icon-503-4186F0-nodesc</styleUrl>
        <Point>
          <coordinates>
            0.185973644256592,38.7760928640341,0
          </coordinates>
        </Point>
      </Placemark>
      <Placemark>
        <name>Punto 168</name>
        <styleUrl>#icon-503-4186F0-nodesc</styleUrl>
        <Point>
          <coordinates>
            0.186639502644539,38.7750285124509,0
          </coordinates>
        </Point>
      </Placemark>
      <Placemark>
        <name>Punto 169</name>
        <styleUrl>#icon-503-4186F0-nodesc</styleUrl>
        <Point>
          <coordinates>
            0.1857819,38.7744132,0
          </coordinates>
        </Point>
      </Placemark>
      <Placemark>
        <name>Punto 170</name>
        <styleUrl>#icon-503-4186F0-nodesc</styleUrl>
        <Point>
          <coordinates>
            0.1867186,38.7730242,0
          </coordinates>
        </Point>
      </Placemark>
      <Placemark>
        <name>Punto 171</name>
        <styleUrl>#icon-503-4186F0-nodesc</styleUrl>
        <Point>
          <coordinates>
            0.1871578,38.772216,0
          </coordinates>
        </Point>
      </Placemark>
      <Placemark>
        <name>Punto 172</name>
        <styleUrl>#icon-503-4186F0-nodesc</styleUrl>
        <Point>
          <coordinates>
            0.187641307711601,38.7745203782942,0
          </coordinates>
        </Point>
      </Placemark>
      <Placemark>
        <name>Punto 173</name>
        <styleUrl>#icon-503-4186F0-nodesc</styleUrl>
        <Point>
          <coordinates>
            0.1887383,38.7745418,0
          </coordinates>
        </Point>
      </Placemark>
      <Placemark>
        <name>Punto 174</name>
        <styleUrl>#icon-503-4186F0-nodesc</styleUrl>
        <Point>
          <coordinates>
            0.1879706,38.7732145,0
          </coordinates>
        </Point>
      </Placemark>
      <Placemark>
        <name>Punto 175</name>
        <styleUrl>#icon-503-4186F0-nodesc</styleUrl>
        <Point>
          <coordinates>
            0.189079,38.7720366,0
          </coordinates>
        </Point>
      </Placemark>
      <Placemark>
        <name>Punto 176</name>
        <styleUrl>#icon-503-4186F0-nodesc</styleUrl>
        <Point>
          <coordinates>
            0.1896992,38.7716419,0
          </coordinates>
        </Point>
      </Placemark>
      <Placemark>
        <name>Punto 177</name>
        <styleUrl>#icon-503-4186F0-nodesc</styleUrl>
        <Point>
          <coordinates>
            0.1897193,38.7716315,0
          </coordinates>
        </Point>
      </Placemark>
      <Placemark>
        <name>Punto 178</name>
        <styleUrl>#icon-503-4186F0-nodesc</styleUrl>
        <Point>
          <coordinates>
            0.1907527,38.771138,0
          </coordinates>
        </Point>
      </Placemark>
      <Placemark>
        <name>Punto 179</name>
        <styleUrl>#icon-503-4186F0-nodesc</styleUrl>
        <Point>
          <coordinates>
            0.1927871,38.7708875,0
          </coordinates>
        </Point>
      </Placemark>
      <Placemark>
        <name>Punto 180</name>
        <styleUrl>#icon-503-4186F0-nodesc</styleUrl>
        <Point>
          <coordinates>
            0.1928146,38.7708928,0
          </coordinates>
        </Point>
      </Placemark>
      <Placemark>
        <name>Punto 181</name>
        <styleUrl>#icon-503-4186F0-nodesc</styleUrl>
        <Point>
          <coordinates>
            0.193586423993111,38.7718154962553,0
          </coordinates>
        </Point>
      </Placemark>
      <Placemark>
        <name>Punto 182</name>
        <styleUrl>#icon-503-4186F0-nodesc</styleUrl>
        <Point>
          <coordinates>
            0.1908714,38.7697776,0
          </coordinates>
        </Point>
      </Placemark>
      <Placemark>
        <name>Punto 183</name>
        <styleUrl>#icon-503-4186F0-nodesc</styleUrl>
        <Point>
          <coordinates>
            0.1880141,38.771185,0
          </coordinates>
        </Point>
      </Placemark>
      <Placemark>
        <name>Punto 184</name>
        <styleUrl>#icon-503-4186F0-nodesc</styleUrl>
        <Point>
          <coordinates>
            0.1866724,38.7705263,0
          </coordinates>
        </Point>
      </Placemark>
      <Placemark>
        <name>Punto 185</name>
        <styleUrl>#icon-503-4186F0-nodesc</styleUrl>
        <Point>
          <coordinates>
            0.1866804,38.7705075,0
          </coordinates>
        </Point>
      </Placemark>
      <Placemark>
        <name>Punto 186</name>
        <styleUrl>#icon-503-4186F0-nodesc</styleUrl>
        <Point>
          <coordinates>
            0.1997032,38.7612041,0
          </coordinates>
        </Point>
      </Placemark>
      <Placemark>
        <name>Punto 187</name>
        <styleUrl>#icon-503-4186F0-nodesc</styleUrl>
        <Point>
          <coordinates>
            0.20423412322998,38.7597086638748,0
          </coordinates>
        </Point>
      </Placemark>
      <Placemark>
        <name>Punto 188</name>
        <styleUrl>#icon-503-4186F0-nodesc</styleUrl>
        <Point>
          <coordinates>
            0.2002571,38.7650915,0
          </coordinates>
        </Point>
      </Placemark>
      <Placemark>
        <name>Punto 189</name>
        <styleUrl>#icon-503-4186F0-nodesc</styleUrl>
        <Point>
          <coordinates>
            0.2030915,38.7644918,0
          </coordinates>
        </Point>
      </Placemark>
      <Placemark>
        <name>Punto 190</name>
        <styleUrl>#icon-503-4186F0-nodesc</styleUrl>
        <Point>
          <coordinates>
            0.17253041267395,38.7610158573286,0
          </coordinates>
        </Point>
      </Placemark>
      <Placemark>
        <name>Punto 191</name>
        <styleUrl>#icon-503-4186F0-nodesc</styleUrl>
        <Point>
          <coordinates>
            0.169960856437683,38.7932102227199,0
          </coordinates>
        </Point>
      </Placemark>
      <Placemark>
        <name>Punto 192</name>
        <styleUrl>#icon-503-4186F0-nodesc</styleUrl>
        <Point>
          <coordinates>
            0.179172232747078,38.7818492879897,0
          </coordinates>
        </Point>
      </Placemark>
      <Placemark>
        <name>Punto 193</name>
        <styleUrl>#icon-503-4186F0-nodesc</styleUrl>
        <Point>
          <coordinates>
            0.183508,38.7972229,0
          </coordinates>
        </Point>
      </Placemark>
      <Placemark>
        <name>Punto 194</name>
        <styleUrl>#icon-503-4186F0-nodesc</styleUrl>
        <Point>
          <coordinates>
            0.185258165001869,38.7778263221015,0
          </coordinates>
        </Point>
      </Placemark>
      <Placemark>
        <name>Punto 195</name>
        <styleUrl>#icon-503-4186F0-nodesc</styleUrl>
        <Point>
          <coordinates>
            0.1873778,38.7676398,0
          </coordinates>
        </Point>
      </Placemark>
      <Placemark>
        <name>Punto 196</name>
        <styleUrl>#icon-503-4186F0-nodesc</styleUrl>
        <Point>
          <coordinates>
            0.1996992,38.7611868,0
          </coordinates>
        </Point>
      </Placemark>
      <Placemark>
        <name>Punto 197</name>
        <styleUrl>#icon-503-4186F0-nodesc</styleUrl>
        <Point>
          <coordinates>
            0.150421634316444,38.7798268559855,0
          </coordinates>
        </Point>
      </Placemark>
      <Placemark>
        <name>Punto 201</name>
        <styleUrl>#icon-503-4186F0-nodesc</styleUrl>
        <Point>
          <coordinates>
            0.1833585,38.776648,0
          </coordinates>
        </Point>
      </Placemark>
      <Placemark>
        <name>Punto 199</name>
        <styleUrl>#icon-503-4186F0-nodesc</styleUrl>
        <Point>
          <coordinates>
            0.1161651,38.7946548,0
          </coordinates>
        </Point>
      </Placemark>
      <Placemark>
        <name>Punto 200</name>
        <styleUrl>#icon-503-4186F0-nodesc</styleUrl>
        <Point>
          <coordinates>
            0.1161893,38.7946506,0
          </coordinates>
        </Point>
      </Placemark>
      <Placemark>
        <name>Punto 201</name>
        <styleUrl>#icon-503-4186F0-nodesc</styleUrl>
        <Point>
          <coordinates>
            0.1893908,38.7701227,0
          </coordinates>
        </Point>
      </Placemark>
      <Placemark>
        <name>Punto 202</name>
        <styleUrl>#icon-503-4186F0-nodesc</styleUrl>
        <Point>
          <coordinates>
            0.1854116,38.7725176,0
          </coordinates>
        </Point>
      </Placemark>
      <Placemark>
        <name>Punto 203</name>
        <styleUrl>#icon-503-4186F0-nodesc</styleUrl>
        <Point>
          <coordinates>
            0.1881821,38.7763167,0
          </coordinates>
        </Point>
      </Placemark>
      <Placemark>
        <name>Punto 204</name>
        <styleUrl>#icon-503-4186F0-nodesc</styleUrl>
        <Point>
          <coordinates>
            0.1880045,38.7732137,0
          </coordinates>
        </Point>
      </Placemark>
      <Placemark>
        <name>Punto 205</name>
        <styleUrl>#icon-503-4186F0-nodesc</styleUrl>
        <Point>
          <coordinates>
            0.1723688,38.7877851,0
          </coordinates>
        </Point>
      </Placemark>
    </Folder>
    <Folder>
      <name>Envases</name>
      <Placemark>
        <name>Punto 179</name>
        <styleUrl>#icon-503-F4EB37-nodesc</styleUrl>
        <Point>
          <coordinates>
            0.1814689,38.7792649,0
          </coordinates>
        </Point>
      </Placemark>
      <Placemark>
        <name>Punto 179</name>
        <styleUrl>#icon-503-F4EB37-nodesc</styleUrl>
        <Point>
          <coordinates>
            0.1744241,38.7883506,0
          </coordinates>
        </Point>
      </Placemark>
      <Placemark>
        <name>Punto 180</name>
        <styleUrl>#icon-503-F4EB37-nodesc</styleUrl>
        <Point>
          <coordinates>
            0.2014674,38.7656536,0
          </coordinates>
        </Point>
      </Placemark>
      <Placemark>
        <name>Punto 181</name>
        <styleUrl>#icon-503-F4EB37-nodesc</styleUrl>
        <Point>
          <coordinates>
            0.1801398,38.7821075,0
          </coordinates>
        </Point>
      </Placemark>
      <Placemark>
        <name>Punto 182</name>
        <styleUrl>#icon-503-F4EB37-nodesc</styleUrl>
        <Point>
          <coordinates>
            0.1779418,38.7944196,0
          </coordinates>
        </Point>
      </Placemark>
      <Placemark>
        <name>Punto 182</name>
        <styleUrl>#icon-503-F4EB37-nodesc</styleUrl>
        <Point>
          <coordinates>
            0.1983688,38.7683614,0
          </coordinates>
        </Point>
      </Placemark>
      <Placemark>
        <name>Punto 184</name>
        <styleUrl>#icon-503-F4EB37-nodesc</styleUrl>
        <Point>
          <coordinates>
            0.1943006,38.7487158,0
          </coordinates>
        </Point>
      </Placemark>
      <Placemark>
        <name>Punto 185</name>
        <styleUrl>#icon-503-F4EB37-nodesc</styleUrl>
        <Point>
          <coordinates>
            0.2014312,38.7574592,0
          </coordinates>
        </Point>
      </Placemark>
      <Placemark>
        <name>Punto 186</name>
        <styleUrl>#icon-503-F4EB37-nodesc</styleUrl>
        <Point>
          <coordinates>
            0.2148879,38.7581295,0
          </coordinates>
        </Point>
      </Placemark>
      <Placemark>
        <name>Punto 187</name>
        <styleUrl>#icon-503-F4EB37-nodesc</styleUrl>
        <Point>
          <coordinates>
            0.1843147,38.7835,0
          </coordinates>
        </Point>
      </Placemark>
      <Placemark>
        <name>Punto 188</name>
        <styleUrl>#icon-503-F4EB37-nodesc</styleUrl>
        <Point>
          <coordinates>
            0.1834879,38.7972187,0
          </coordinates>
        </Point>
      </Placemark>
      <Placemark>
        <name>Punto 3</name>
        <styleUrl>#icon-503-F4EB37-nodesc</styleUrl>
        <Point>
          <coordinates>
            0.129069909453392,38.7886051227384,0
          </coordinates>
        </Point>
      </Placemark>
      <Placemark>
        <name>Punto 4</name>
        <styleUrl>#icon-503-F4EB37-nodesc</styleUrl>
        <Point>
          <coordinates>
            0.129092037677765,38.7885978053526,0
          </coordinates>
        </Point>
      </Placemark>
      <Placemark>
        <name>Punto 5</name>
        <styleUrl>#icon-503-F4EB37-nodesc</styleUrl>
        <Point>
          <coordinates>
            0.142102092504501,38.7874332861129,0
          </coordinates>
        </Point>
      </Placemark>
      <Placemark>
        <name>Punto 6</name>
        <styleUrl>#icon-503-F4EB37-nodesc</styleUrl>
        <Point>
          <coordinates>
            0.142098739743233,38.78741290163,0
          </coordinates>
        </Point>
      </Placemark>
      <Placemark>
        <name>Punto 7</name>
        <styleUrl>#icon-503-F4EB37-nodesc</styleUrl>
        <Point>
          <coordinates>
            0.151262506842613,38.7877254630598,0
          </coordinates>
        </Point>
      </Placemark>
      <Placemark>
        <name>Punto 8</name>
        <styleUrl>#icon-503-F4EB37-nodesc</styleUrl>
        <Point>
          <coordinates>
            0.152068510651588,38.7836395812009,0
          </coordinates>
        </Point>
      </Placemark>
      <Placemark>
        <name>Punto 9</name>
        <styleUrl>#icon-503-F4EB37-nodesc</styleUrl>
        <Point>
          <coordinates>
            0.1582979,38.7867768,0
          </coordinates>
        </Point>
      </Placemark>
      <Placemark>
        <name>Punto 10</name>
        <styleUrl>#icon-503-F4EB37-nodesc</styleUrl>
        <Point>
          <coordinates>
            0.157167389988899,38.7887101794076,0
          </coordinates>
        </Point>
      </Placemark>
      <Placemark>
        <name>Punto 11</name>
        <styleUrl>#icon-503-F4EB37-nodesc</styleUrl>
        <Point>
          <coordinates>
            0.158914849162102,38.7909037900148,0
          </coordinates>
        </Point>
      </Placemark>
      <Placemark>
        <name>Punto 12</name>
        <styleUrl>#icon-503-F4EB37-nodesc</styleUrl>
        <Point>
          <coordinates>
            0.161476358771324,38.7923400274408,0
          </coordinates>
        </Point>
      </Placemark>
      <Placemark>
        <name>Punto 13</name>
        <styleUrl>#icon-503-F4EB37-nodesc</styleUrl>
        <Point>
          <coordinates>
            0.159058347344398,38.7932159717224,0
          </coordinates>
        </Point>
      </Placemark>
      <Placemark>
        <name>Punto 14</name>
        <styleUrl>#icon-503-F4EB37-nodesc</styleUrl>
        <Point>
          <coordinates>
            0.15676237642765,38.7962357018833,0
          </coordinates>
        </Point>
      </Placemark>
      <Placemark>
        <name>Punto 15</name>
        <styleUrl>#icon-503-F4EB37-nodesc</styleUrl>
        <Point>
          <coordinates>
            0.161544755101204,38.8030330236325,0
          </coordinates>
        </Point>
      </Placemark>
      <Placemark>
        <name>Punto 16</name>
        <styleUrl>#icon-503-F4EB37-nodesc</styleUrl>
        <Point>
          <coordinates>
            0.163886994123459,38.7911259174181,0
          </coordinates>
        </Point>
      </Placemark>
      <Placemark>
        <name>Punto 17</name>
        <styleUrl>#icon-503-F4EB37-nodesc</styleUrl>
        <Point>
          <coordinates>
            0.162374898791313,38.7900649261666,0
          </coordinates>
        </Point>
      </Placemark>
      <Placemark>
        <name>Punto 18</name>
        <styleUrl>#icon-503-F4EB37-nodesc</styleUrl>
        <Point>
          <coordinates>
            0.160854756832123,38.7901459383707,0
          </coordinates>
        </Point>
      </Placemark>
      <Placemark>
        <name>Punto 19</name>
        <styleUrl>#icon-503-F4EB37-nodesc</styleUrl>
        <Point>
          <coordinates>
            0.159356072545052,38.7895265846652,0
          </coordinates>
        </Point>
      </Placemark>
      <Placemark>
        <name>Punto 20</name>
        <styleUrl>#icon-503-F4EB37-nodesc</styleUrl>
        <Point>
          <coordinates>
            0.158810913562775,38.788514178034,0
          </coordinates>
        </Point>
      </Placemark>
      <Placemark>
        <name>Punto 21</name>
        <styleUrl>#icon-503-F4EB37-nodesc</styleUrl>
        <Point>
          <coordinates>
            0.160494670271873,38.788180190452,0
          </coordinates>
        </Point>
      </Placemark>
      <Placemark>
        <name>Punto 22</name>
        <styleUrl>#icon-503-F4EB37-nodesc</styleUrl>
        <Point>
          <coordinates>
            0.159193128347397,38.7854507372056,0
          </coordinates>
        </Point>
      </Placemark>
      <Placemark>
        <name>Punto 23</name>
        <styleUrl>#icon-503-F4EB37-nodesc</styleUrl>
        <Point>
          <coordinates>
            0.160219073295593,38.7861265767069,0
          </coordinates>
        </Point>
      </Placemark>
      <Placemark>
        <name>Punto 24</name>
        <styleUrl>#icon-503-F4EB37-nodesc</styleUrl>
        <Point>
          <coordinates>
            0.161325484514236,38.787174559552,0
          </coordinates>
        </Point>
      </Placemark>
      <Placemark>
        <name>Punto 25</name>
        <styleUrl>#icon-503-F4EB37-nodesc</styleUrl>
        <Point>
          <coordinates>
            0.165226757526398,38.7886035547272,0
          </coordinates>
        </Point>
      </Placemark>
      <Placemark>
        <name>Punto 26</name>
        <styleUrl>#icon-503-F4EB37-nodesc</styleUrl>
        <Point>
          <coordinates>
            0.165083259344101,38.7894774542674,0
          </coordinates>
        </Point>
      </Placemark>
      <Placemark>
        <name>Punto 27</name>
        <styleUrl>#icon-503-F4EB37-nodesc</styleUrl>
        <Point>
          <coordinates>
            0.164609849452972,38.7902828749194,0
          </coordinates>
        </Point>
      </Placemark>
      <Placemark>
        <name>Punto 28</name>
        <styleUrl>#icon-503-F4EB37-nodesc</styleUrl>
        <Point>
          <coordinates>
            0.16338475048542,38.789467000987,0
          </coordinates>
        </Point>
      </Placemark>
      <Placemark>
        <name>Punto 29</name>
        <styleUrl>#icon-503-F4EB37-nodesc</styleUrl>
        <Point>
          <coordinates>
            0.164027810096741,38.7865823596677,0
          </coordinates>
        </Point>
      </Placemark>
      <Placemark>
        <name>Punto 30</name>
        <styleUrl>#icon-503-F4EB37-nodesc</styleUrl>
        <Point>
          <coordinates>
            0.162434577941895,38.7862478403479,0
          </coordinates>
        </Point>
      </Placemark>
      <Placemark>
        <name>Punto 31</name>
        <styleUrl>#icon-503-F4EB37-nodesc</styleUrl>
        <Point>
          <coordinates>
            0.164080783724785,38.7838125969366,0
          </coordinates>
        </Point>
      </Placemark>
      <Placemark>
        <name>Punto 32</name>
        <styleUrl>#icon-503-F4EB37-nodesc</styleUrl>
        <Point>
          <coordinates>
            0.1625961,38.7853504,0
          </coordinates>
        </Point>
      </Placemark>
      <Placemark>
        <name>Punto 33</name>
        <styleUrl>#icon-503-F4EB37-nodesc</styleUrl>
        <Point>
          <coordinates>
            0.164438858628273,38.7857481491908,0
          </coordinates>
        </Point>
      </Placemark>
      <Placemark>
        <name>Punto 34</name>
        <styleUrl>#icon-503-F4EB37-nodesc</styleUrl>
        <Point>
          <coordinates>
            0.161169916391373,38.7833144568398,0
          </coordinates>
        </Point>
      </Placemark>
      <Placemark>
        <name>Punto 36</name>
        <styleUrl>#icon-503-F4EB37-nodesc</styleUrl>
        <Point>
          <coordinates>
            0.155491679906845,38.7815879275567,0
          </coordinates>
        </Point>
      </Placemark>
      <Placemark>
        <name>Punto 37</name>
        <styleUrl>#icon-503-F4EB37-nodesc</styleUrl>
        <Point>
          <coordinates>
            0.151065364480019,38.7809047268597,0
          </coordinates>
        </Point>
      </Placemark>
      <Placemark>
        <name>Punto 38</name>
        <styleUrl>#icon-503-F4EB37-nodesc</styleUrl>
        <Point>
          <coordinates>
            0.139533877372742,38.7750515143232,0
          </coordinates>
        </Point>
      </Placemark>
      <Placemark>
        <name>Punto 39</name>
        <styleUrl>#icon-503-F4EB37-nodesc</styleUrl>
        <Point>
          <coordinates>
            0.148478373885155,38.7702131163261,0
          </coordinates>
        </Point>
      </Placemark>
      <Placemark>
        <name>Punto 40</name>
        <styleUrl>#icon-503-F4EB37-nodesc</styleUrl>
        <Point>
          <coordinates>
            0.145052522420883,38.7614514088691,0
          </coordinates>
        </Point>
      </Placemark>
      <Placemark>
        <name>Punto 41</name>
        <styleUrl>#icon-503-F4EB37-nodesc</styleUrl>
        <Point>
          <coordinates>
            0.145041793584824,38.7614284026117,0
          </coordinates>
        </Point>
      </Placemark>
      <Placemark>
        <name>Punto 42</name>
        <styleUrl>#icon-503-F4EB37-nodesc</styleUrl>
        <Point>
          <coordinates>
            0.148059278726578,38.7622613289753,0
          </coordinates>
        </Point>
      </Placemark>
      <Placemark>
        <name>Punto 43</name>
        <styleUrl>#icon-503-F4EB37-nodesc</styleUrl>
        <Point>
          <coordinates>
            0.148031115531921,38.7622561003404,0
          </coordinates>
        </Point>
      </Placemark>
      <Placemark>
        <name>Punto 44</name>
        <styleUrl>#icon-503-F4EB37-nodesc</styleUrl>
        <Point>
          <coordinates>
            0.14927364885807,38.7474360871687,0
          </coordinates>
        </Point>
      </Placemark>
      <Placemark>
        <name>Punto 45</name>
        <styleUrl>#icon-503-F4EB37-nodesc</styleUrl>
        <Point>
          <coordinates>
            0.1660487,38.7440498,0
          </coordinates>
        </Point>
      </Placemark>
      <Placemark>
        <name>Punto 46</name>
        <styleUrl>#icon-503-F4EB37-nodesc</styleUrl>
        <Point>
          <coordinates>
            0.169228613376617,38.7503202199269,0
          </coordinates>
        </Point>
      </Placemark>
      <Placemark>
        <name>Punto 47</name>
        <styleUrl>#icon-503-F4EB37-nodesc</styleUrl>
        <Point>
          <coordinates>
            0.1807916,38.7540064,0
          </coordinates>
        </Point>
      </Placemark>
      <Placemark>
        <name>Punto 48</name>
        <styleUrl>#icon-503-F4EB37-nodesc</styleUrl>
        <Point>
          <coordinates>
            0.1808198,38.754009,0
          </coordinates>
        </Point>
      </Placemark>
      <Placemark>
        <name>Punto 49</name>
        <styleUrl>#icon-503-F4EB37-nodesc</styleUrl>
        <Point>
          <coordinates>
            0.1819135,38.7505571,0
          </coordinates>
        </Point>
      </Placemark>
      <Placemark>
        <name>Punto 50</name>
        <styleUrl>#icon-503-F4EB37-nodesc</styleUrl>
        <Point>
          <coordinates>
            0.185736268758774,38.7620422488464,0
          </coordinates>
        </Point>
      </Placemark>
      <Placemark>
        <name>Punto 51</name>
        <styleUrl>#icon-503-F4EB37-nodesc</styleUrl>
        <Point>
          <coordinates>
            0.185734257102013,38.7620234257014,0
          </coordinates>
        </Point>
      </Placemark>
      <Placemark>
        <name>Punto 52</name>
        <styleUrl>#icon-503-F4EB37-nodesc</styleUrl>
        <Point>
          <coordinates>
            0.188297107815742,38.7639757776862,0
          </coordinates>
        </Point>
      </Placemark>
      <Placemark>
        <name>Punto 54</name>
        <styleUrl>#icon-503-F4EB37-nodesc</styleUrl>
        <Point>
          <coordinates>
            0.182028114795685,38.764122698639,0
          </coordinates>
        </Point>
      </Placemark>
      <Placemark>
        <name>Punto 55</name>
        <styleUrl>#icon-503-F4EB37-nodesc</styleUrl>
        <Point>
          <coordinates>
            0.177452936768532,38.7659416700031,0
          </coordinates>
        </Point>
      </Placemark>
      <Placemark>
        <name>Punto 56</name>
        <styleUrl>#icon-503-F4EB37-nodesc</styleUrl>
        <Point>
          <coordinates>
            0.177444219589233,38.7659186651934,0
          </coordinates>
        </Point>
      </Placemark>
      <Placemark>
        <name>Punto 57</name>
        <styleUrl>#icon-503-F4EB37-nodesc</styleUrl>
        <Point>
          <coordinates>
            0.168860480189323,38.7694953011805,0
          </coordinates>
        </Point>
      </Placemark>
      <Placemark>
        <name>Punto 59</name>
        <styleUrl>#icon-503-F4EB37-nodesc</styleUrl>
        <Point>
          <coordinates>
            0.157343745231628,38.7708838722393,0
          </coordinates>
        </Point>
      </Placemark>
      <Placemark>
        <name>Punto 60</name>
        <styleUrl>#icon-503-F4EB37-nodesc</styleUrl>
        <Point>
          <coordinates>
            0.192179605364799,38.7623946590346,0
          </coordinates>
        </Point>
      </Placemark>
      <Placemark>
        <name>Punto 61</name>
        <styleUrl>#icon-503-F4EB37-nodesc</styleUrl>
        <Point>
          <coordinates>
            0.201727598905563,38.7612448751567,0
          </coordinates>
        </Point>
      </Placemark>
      <Placemark>
        <name>Punto 63</name>
        <styleUrl>#icon-503-F4EB37-nodesc</styleUrl>
        <Point>
          <coordinates>
            0.206634029746056,38.7545444927267,0
          </coordinates>
        </Point>
      </Placemark>
      <Placemark>
        <name>Punto 64</name>
        <styleUrl>#icon-503-F4EB37-nodesc</styleUrl>
        <Point>
          <coordinates>
            0.208218544721603,38.7560389824576,0
          </coordinates>
        </Point>
      </Placemark>
      <Placemark>
        <name>Punto 65</name>
        <styleUrl>#icon-503-F4EB37-nodesc</styleUrl>
        <Point>
          <coordinates>
            0.197504460811615,38.7598519334458,0
          </coordinates>
        </Point>
      </Placemark>
      <Placemark>
        <name>Punto 66</name>
        <styleUrl>#icon-503-F4EB37-nodesc</styleUrl>
        <Point>
          <coordinates>
            0.212434977293015,38.7517844675756,0
          </coordinates>
        </Point>
      </Placemark>
      <Placemark>
        <name>Punto 67</name>
        <styleUrl>#icon-503-F4EB37-nodesc</styleUrl>
        <Point>
          <coordinates>
            0.219625309109688,38.7505335835965,0
          </coordinates>
        </Point>
      </Placemark>
      <Placemark>
        <name>Punto 68</name>
        <styleUrl>#icon-503-F4EB37-nodesc</styleUrl>
        <Point>
          <coordinates>
            0.217985808849335,38.7486122416863,0
          </coordinates>
        </Point>
      </Placemark>
      <Placemark>
        <name>Punto 69</name>
        <styleUrl>#icon-503-F4EB37-nodesc</styleUrl>
        <Point>
          <coordinates>
            0.216081440448761,38.7450361279629,0
          </coordinates>
        </Point>
      </Placemark>
      <Placemark>
        <name>Punto 70</name>
        <styleUrl>#icon-503-F4EB37-nodesc</styleUrl>
        <Point>
          <coordinates>
            0.216305404901505,38.7380120313987,0
          </coordinates>
        </Point>
      </Placemark>
      <Placemark>
        <name>Punto 71</name>
        <styleUrl>#icon-503-F4EB37-nodesc</styleUrl>
        <Point>
          <coordinates>
            0.216279923915863,38.7380083701109,0
          </coordinates>
        </Point>
      </Placemark>
      <Placemark>
        <name>Punto 72</name>
        <styleUrl>#icon-503-F4EB37-nodesc</styleUrl>
        <Point>
          <coordinates>
            0.216255784034729,38.738005231864,0
          </coordinates>
        </Point>
      </Placemark>
      <Placemark>
        <name>Punto 73</name>
        <styleUrl>#icon-503-F4EB37-nodesc</styleUrl>
        <Point>
          <coordinates>
            0.224047601222992,38.7402527043339,0
          </coordinates>
        </Point>
      </Placemark>
      <Placemark>
        <name>Punto 74</name>
        <styleUrl>#icon-503-F4EB37-nodesc</styleUrl>
        <Point>
          <coordinates>
            0.229024440050125,38.733255337218,0
          </coordinates>
        </Point>
      </Placemark>
      <Placemark>
        <name>Punto 75</name>
        <styleUrl>#icon-503-F4EB37-nodesc</styleUrl>
        <Point>
          <coordinates>
            0.225880891084671,38.7351708156154,0
          </coordinates>
        </Point>
      </Placemark>
      <Placemark>
        <name>Punto 76</name>
        <styleUrl>#icon-503-F4EB37-nodesc</styleUrl>
        <Point>
          <coordinates>
            0.22222101688385,38.735947035272,0
          </coordinates>
        </Point>
      </Placemark>
      <Placemark>
        <name>Punto 77</name>
        <styleUrl>#icon-503-F4EB37-nodesc</styleUrl>
        <Point>
          <coordinates>
            0.211010724306107,38.7384377855875,0
          </coordinates>
        </Point>
      </Placemark>
      <Placemark>
        <name>Punto 78</name>
        <styleUrl>#icon-503-F4EB37-nodesc</styleUrl>
        <Point>
          <coordinates>
            0.211012735962868,38.7384179101413,0
          </coordinates>
        </Point>
      </Placemark>
      <Placemark>
        <name>Punto 80</name>
        <styleUrl>#icon-503-F4EB37-nodesc</styleUrl>
        <Point>
          <coordinates>
            0.209052711725235,38.7445277802056,0
          </coordinates>
        </Point>
      </Placemark>
      <Placemark>
        <name>Punto 81</name>
        <styleUrl>#icon-503-F4EB37-nodesc</styleUrl>
        <Point>
          <coordinates>
            0.21018460392952,38.7451731511218,0
          </coordinates>
        </Point>
      </Placemark>
      <Placemark>
        <name>Punto 82</name>
        <styleUrl>#icon-503-F4EB37-nodesc</styleUrl>
        <Point>
          <coordinates>
            0.209598541259766,38.7486279305884,0
          </coordinates>
        </Point>
      </Placemark>
      <Placemark>
        <name>Punto 84</name>
        <styleUrl>#icon-503-F4EB37-nodesc</styleUrl>
        <Point>
          <coordinates>
            0.203758031129837,38.7501727476061,0
          </coordinates>
        </Point>
      </Placemark>
      <Placemark>
        <name>Punto 85</name>
        <styleUrl>#icon-503-F4EB37-nodesc</styleUrl>
        <Point>
          <coordinates>
            0.201387628912926,38.7509922087375,0
          </coordinates>
        </Point>
      </Placemark>
      <Placemark>
        <name>Punto 86</name>
        <styleUrl>#icon-503-F4EB37-nodesc</styleUrl>
        <Point>
          <coordinates>
            0.201330631971359,38.7523795710717,0
          </coordinates>
        </Point>
      </Placemark>
      <Placemark>
        <name>Punto 87</name>
        <styleUrl>#icon-503-F4EB37-nodesc</styleUrl>
        <Point>
          <coordinates>
            0.20243301987648,38.7539797368861,0
          </coordinates>
        </Point>
      </Placemark>
      <Placemark>
        <name>Punto 88</name>
        <styleUrl>#icon-503-F4EB37-nodesc</styleUrl>
        <Point>
          <coordinates>
            0.189368,38.7656525,0
          </coordinates>
        </Point>
      </Placemark>
      <Placemark>
        <name>Punto 89</name>
        <styleUrl>#icon-503-F4EB37-nodesc</styleUrl>
        <Point>
          <coordinates>
            0.1875213,38.7687832,0
          </coordinates>
        </Point>
      </Placemark>
      <Placemark>
        <name>Punto 90</name>
        <styleUrl>#icon-503-F4EB37-nodesc</styleUrl>
        <Point>
          <coordinates>
            0.1870908,38.7699418,0
          </coordinates>
        </Point>
      </Placemark>
      <Placemark>
        <name>Punto 91</name>
        <styleUrl>#icon-503-F4EB37-nodesc</styleUrl>
        <Point>
          <coordinates>
            0.185347348451614,38.7693520509715,0
          </coordinates>
        </Point>
      </Placemark>
      <Placemark>
        <name>Punto 92</name>
        <styleUrl>#icon-503-F4EB37-nodesc</styleUrl>
        <Point>
          <coordinates>
            0.185348689556122,38.7709999338071,0
          </coordinates>
        </Point>
      </Placemark>
      <Placemark>
        <name>Punto 93</name>
        <styleUrl>#icon-503-F4EB37-nodesc</styleUrl>
        <Point>
          <coordinates>
            0.1854359,38.7724805,0
          </coordinates>
        </Point>
      </Placemark>
      <Placemark>
        <name>Punto 94</name>
        <styleUrl>#icon-503-F4EB37-nodesc</styleUrl>
        <Point>
          <coordinates>
            0.1847365,38.7735862,0
          </coordinates>
        </Point>
      </Placemark>
      <Placemark>
        <name>Punto 95</name>
        <styleUrl>#icon-503-F4EB37-nodesc</styleUrl>
        <Point>
          <coordinates>
            0.1850865,38.7733295,0
          </coordinates>
        </Point>
      </Placemark>
      <Placemark>
        <name>Punto 96</name>
        <styleUrl>#icon-503-F4EB37-nodesc</styleUrl>
        <Point>
          <coordinates>
            0.184338837862015,38.7748016299519,0
          </coordinates>
        </Point>
      </Placemark>
      <Placemark>
        <name>Punto 97</name>
        <styleUrl>#icon-503-F4EB37-nodesc</styleUrl>
        <Point>
          <coordinates>
            0.1823815,38.7718234,0
          </coordinates>
        </Point>
      </Placemark>
      <Placemark>
        <name>Punto 98</name>
        <styleUrl>#icon-503-F4EB37-nodesc</styleUrl>
        <Point>
          <coordinates>
            0.1757772,38.7851779,0
          </coordinates>
        </Point>
      </Placemark>
      <Placemark>
        <name>Punto 99</name>
        <styleUrl>#icon-503-F4EB37-nodesc</styleUrl>
        <Point>
          <coordinates>
            0.183471143245697,38.7737440552315,0
          </coordinates>
        </Point>
      </Placemark>
      <Placemark>
        <name>Punto 100</name>
        <styleUrl>#icon-503-F4EB37-nodesc</styleUrl>
        <Point>
          <coordinates>
            0.1720080524683,38.7839359553317,0
          </coordinates>
        </Point>
      </Placemark>
      <Placemark>
        <name>Punto 101</name>
        <styleUrl>#icon-503-F4EB37-nodesc</styleUrl>
        <Point>
          <coordinates>
            0.1674362,38.7863816,0
          </coordinates>
        </Point>
      </Placemark>
      <Placemark>
        <name>Punto 102</name>
        <styleUrl>#icon-503-F4EB37-nodesc</styleUrl>
        <Point>
          <coordinates>
            0.1697838,38.7877119,0
          </coordinates>
        </Point>
      </Placemark>
      <Placemark>
        <name>Punto 103</name>
        <styleUrl>#icon-503-F4EB37-nodesc</styleUrl>
        <Point>
          <coordinates>
            0.1723158,38.7877641,0
          </coordinates>
        </Point>
      </Placemark>
      <Placemark>
        <name>Punto 104</name>
        <styleUrl>#icon-503-F4EB37-nodesc</styleUrl>
        <Point>
          <coordinates>
            0.1772498,38.7862295,0
          </coordinates>
        </Point>
      </Placemark>
      <Placemark>
        <name>Punto 105</name>
        <styleUrl>#icon-503-F4EB37-nodesc</styleUrl>
        <Point>
          <coordinates>
            0.1728228,38.7860429,0
          </coordinates>
        </Point>
      </Placemark>
      <Placemark>
        <name>Punto 106</name>
        <styleUrl>#icon-503-F4EB37-nodesc</styleUrl>
        <Point>
          <coordinates>
            0.1731085,38.789432,0
          </coordinates>
        </Point>
      </Placemark>
      <Placemark>
        <name>Punto 107</name>
        <styleUrl>#icon-503-F4EB37-nodesc</styleUrl>
        <Point>
          <coordinates>
            0.1720677,38.7904449,0
          </coordinates>
        </Point>
      </Placemark>
      <Placemark>
        <name>Punto 108</name>
        <styleUrl>#icon-503-F4EB37-nodesc</styleUrl>
        <Point>
          <coordinates>
            0.1705469,38.7887656,0
          </coordinates>
        </Point>
      </Placemark>
      <Placemark>
        <name>Punto 109</name>
        <styleUrl>#icon-503-F4EB37-nodesc</styleUrl>
        <Point>
          <coordinates>
            0.1700862,38.7892673,0
          </coordinates>
        </Point>
      </Placemark>
      <Placemark>
        <name>Punto 110</name>
        <styleUrl>#icon-503-F4EB37-nodesc</styleUrl>
        <Point>
          <coordinates>
            0.1675422,38.7890389,0
          </coordinates>
        </Point>
      </Placemark>
      <Placemark>
        <name>Punto 111</name>
        <styleUrl>#icon-503-F4EB37-nodesc</styleUrl>
        <Point>
          <coordinates>
            0.166999697685242,38.7895715337228,0
          </coordinates>
        </Point>
      </Placemark>
      <Placemark>
        <name>Punto 112</name>
        <styleUrl>#icon-503-F4EB37-nodesc</styleUrl>
        <Point>
          <coordinates>
            0.166429728269577,38.7889673323924,0
          </coordinates>
        </Point>
      </Placemark>
      <Placemark>
        <name>Punto 113</name>
        <styleUrl>#icon-503-F4EB37-nodesc</styleUrl>
        <Point>
          <coordinates>
            0.16607366502285,38.7901563915517,0
          </coordinates>
        </Point>
      </Placemark>
      <Placemark>
        <name>Punto 114</name>
        <styleUrl>#icon-503-F4EB37-nodesc</styleUrl>
        <Point>
          <coordinates>
            0.1666524,38.7911134,0
          </coordinates>
        </Point>
      </Placemark>
      <Placemark>
        <name>Punto 115</name>
        <styleUrl>#icon-503-F4EB37-nodesc</styleUrl>
        <Point>
          <coordinates>
            0.167849287390709,38.7915398565205,0
          </coordinates>
        </Point>
      </Placemark>
      <Placemark>
        <name>Punto 116</name>
        <styleUrl>#icon-503-F4EB37-nodesc</styleUrl>
        <Point>
          <coordinates>
            0.167508646845818,38.7901840924737,0
          </coordinates>
        </Point>
      </Placemark>
      <Placemark>
        <name>Punto 117</name>
        <styleUrl>#icon-503-F4EB37-nodesc</styleUrl>
        <Point>
          <coordinates>
            0.169311761856079,38.7900988990377,0
          </coordinates>
        </Point>
      </Placemark>
      <Placemark>
        <name>Punto 118</name>
        <styleUrl>#icon-503-F4EB37-nodesc</styleUrl>
        <Point>
          <coordinates>
            0.165558010339737,38.7942962533363,0
          </coordinates>
        </Point>
      </Placemark>
      <Placemark>
        <name>Punto 119</name>
        <styleUrl>#icon-503-F4EB37-nodesc</styleUrl>
        <Point>
          <coordinates>
            0.1699098944664,38.7932097000832,0
          </coordinates>
        </Point>
      </Placemark>
      <Placemark>
        <name>Punto 120</name>
        <styleUrl>#icon-503-F4EB37-nodesc</styleUrl>
        <Point>
          <coordinates>
            0.1703089,38.7923949,0
          </coordinates>
        </Point>
      </Placemark>
      <Placemark>
        <name>Punto 121</name>
        <styleUrl>#icon-503-F4EB37-nodesc</styleUrl>
        <Point>
          <coordinates>
            0.173638835549355,38.793552548882,0
          </coordinates>
        </Point>
      </Placemark>
      <Placemark>
        <name>Punto 122</name>
        <styleUrl>#icon-503-F4EB37-nodesc</styleUrl>
        <Point>
          <coordinates>
            0.176475942134857,38.7933753756995,0
          </coordinates>
        </Point>
      </Placemark>
      <Placemark>
        <name>Punto 123</name>
        <styleUrl>#icon-503-F4EB37-nodesc</styleUrl>
        <Point>
          <coordinates>
            0.178179815411568,38.7947530293161,0
          </coordinates>
        </Point>
      </Placemark>
      <Placemark>
        <name>Punto 124</name>
        <styleUrl>#icon-503-F4EB37-nodesc</styleUrl>
        <Point>
          <coordinates>
            0.180219635367393,38.7953399351167,0
          </coordinates>
        </Point>
      </Placemark>
      <Placemark>
        <name>Punto 125</name>
        <styleUrl>#icon-503-F4EB37-nodesc</styleUrl>
        <Point>
          <coordinates>
            0.181439369916916,38.7970452270419,0
          </coordinates>
        </Point>
      </Placemark>
      <Placemark>
        <name>Punto 126</name>
        <styleUrl>#icon-503-F4EB37-nodesc</styleUrl>
        <Point>
          <coordinates>
            0.186503380537033,38.7988847852081,0
          </coordinates>
        </Point>
      </Placemark>
      <Placemark>
        <name>Punto 127</name>
        <styleUrl>#icon-503-F4EB37-nodesc</styleUrl>
        <Point>
          <coordinates>
            0.180015787482262,38.7947185360376,0
          </coordinates>
        </Point>
      </Placemark>
      <Placemark>
        <name>Punto 128</name>
        <styleUrl>#icon-503-F4EB37-nodesc</styleUrl>
        <Point>
          <coordinates>
            0.180646106600761,38.7941844107166,0
          </coordinates>
        </Point>
      </Placemark>
      <Placemark>
        <name>Punto 129</name>
        <styleUrl>#icon-503-F4EB37-nodesc</styleUrl>
        <Point>
          <coordinates>
            0.18193356692791,38.7942021801165,0
          </coordinates>
        </Point>
      </Placemark>
      <Placemark>
        <name>Punto 130</name>
        <styleUrl>#icon-503-F4EB37-nodesc</styleUrl>
        <Point>
          <coordinates>
            0.182492136955261,38.7956043808526,0
          </coordinates>
        </Point>
      </Placemark>
      <Placemark>
        <name>Punto 131</name>
        <styleUrl>#icon-503-F4EB37-nodesc</styleUrl>
        <Point>
          <coordinates>
            0.183274671435356,38.7960716007625,0
          </coordinates>
        </Point>
      </Placemark>
      <Placemark>
        <name>Punto 132</name>
        <styleUrl>#icon-503-F4EB37-nodesc</styleUrl>
        <Point>
          <coordinates>
            0.178887248039246,38.7933095236079,0
          </coordinates>
        </Point>
      </Placemark>
      <Placemark>
        <name>Punto 134</name>
        <styleUrl>#icon-503-F4EB37-nodesc</styleUrl>
        <Point>
          <coordinates>
            0.1798635,38.7926023,0
          </coordinates>
        </Point>
      </Placemark>
      <Placemark>
        <name>Punto 135</name>
        <styleUrl>#icon-503-F4EB37-nodesc</styleUrl>
        <Point>
          <coordinates>
            0.176770314574242,38.7919882878357,0
          </coordinates>
        </Point>
      </Placemark>
      <Placemark>
        <name>Punto 136</name>
        <styleUrl>#icon-503-F4EB37-nodesc</styleUrl>
        <Point>
          <coordinates>
            0.178497657179832,38.7915482189019,0
          </coordinates>
        </Point>
      </Placemark>
      <Placemark>
        <name>Punto 137</name>
        <styleUrl>#icon-503-F4EB37-nodesc</styleUrl>
        <Point>
          <coordinates>
            0.181069895625114,38.7925239975385,0
          </coordinates>
        </Point>
      </Placemark>
      <Placemark>
        <name>Punto 138</name>
        <styleUrl>#icon-503-F4EB37-nodesc</styleUrl>
        <Point>
          <coordinates>
            0.181309282779694,38.7925015239441,0
          </coordinates>
        </Point>
      </Placemark>
      <Placemark>
        <name>Punto 139</name>
        <styleUrl>#icon-503-F4EB37-nodesc</styleUrl>
        <Point>
          <coordinates>
            0.1816345,38.7891027,0
          </coordinates>
        </Point>
      </Placemark>
      <Placemark>
        <name>Punto 140</name>
        <styleUrl>#icon-503-F4EB37-nodesc</styleUrl>
        <Point>
          <coordinates>
            0.18089085817337,38.7873020935701,0
          </coordinates>
        </Point>
      </Placemark>
      <Placemark>
        <name>Punto 141</name>
        <styleUrl>#icon-503-F4EB37-nodesc</styleUrl>
        <Point>
          <coordinates>
            0.1818196,38.7883778,0
          </coordinates>
        </Point>
      </Placemark>
      <Placemark>
        <name>Punto 142</name>
        <styleUrl>#icon-503-F4EB37-nodesc</styleUrl>
        <Point>
          <coordinates>
            0.1867166,38.7799372,0
          </coordinates>
        </Point>
      </Placemark>
      <Placemark>
        <name>Punto 143</name>
        <styleUrl>#icon-503-F4EB37-nodesc</styleUrl>
        <Point>
          <coordinates>
            0.1897616,38.7762183,0
          </coordinates>
        </Point>
      </Placemark>
      <Placemark>
        <name>Punto 144</name>
        <styleUrl>#icon-503-F4EB37-nodesc</styleUrl>
        <Point>
          <coordinates>
            0.188167691230774,38.7763103327375,0
          </coordinates>
        </Point>
      </Placemark>
      <Placemark>
        <name>Punto 145</name>
        <styleUrl>#icon-503-F4EB37-nodesc</styleUrl>
        <Point>
          <coordinates>
            0.1853782,38.7796084,0
          </coordinates>
        </Point>
      </Placemark>
      <Placemark>
        <name>Punto 146</name>
        <styleUrl>#icon-503-F4EB37-nodesc</styleUrl>
        <Point>
          <coordinates>
            0.183799713850021,38.7819287413716,0
          </coordinates>
        </Point>
      </Placemark>
      <Placemark>
        <name>Punto 147</name>
        <styleUrl>#icon-503-F4EB37-nodesc</styleUrl>
        <Point>
          <coordinates>
            0.183172076940537,38.7811143400113,0
          </coordinates>
        </Point>
      </Placemark>
      <Placemark>
        <name>Punto 148</name>
        <styleUrl>#icon-503-F4EB37-nodesc</styleUrl>
        <Point>
          <coordinates>
            0.182069018483162,38.7830896915435,0
          </coordinates>
        </Point>
      </Placemark>
      <Placemark>
        <name>Punto 149</name>
        <styleUrl>#icon-503-F4EB37-nodesc</styleUrl>
        <Point>
          <coordinates>
            0.181236863136292,38.7838256645733,0
          </coordinates>
        </Point>
      </Placemark>
      <Placemark>
        <name>Punto 150</name>
        <styleUrl>#icon-503-F4EB37-nodesc</styleUrl>
        <Point>
          <coordinates>
            0.180198848247528,38.7856566781499,0
          </coordinates>
        </Point>
      </Placemark>
      <Placemark>
        <name>Punto 151</name>
        <styleUrl>#icon-503-F4EB37-nodesc</styleUrl>
        <Point>
          <coordinates>
            0.179679840803146,38.786675920259,0
          </coordinates>
        </Point>
      </Placemark>
      <Placemark>
        <name>Punto 152</name>
        <styleUrl>#icon-503-F4EB37-nodesc</styleUrl>
        <Point>
          <coordinates>
            0.179193019866943,38.7876982838594,0
          </coordinates>
        </Point>
      </Placemark>
      <Placemark>
        <name>Punto 153</name>
        <styleUrl>#icon-503-F4EB37-nodesc</styleUrl>
        <Point>
          <coordinates>
            0.178845673799515,38.7891074072052,0
          </coordinates>
        </Point>
      </Placemark>
      <Placemark>
        <name>Punto 154</name>
        <styleUrl>#icon-503-F4EB37-nodesc</styleUrl>
        <Point>
          <coordinates>
            0.179701298475266,38.7905384542625,0
          </coordinates>
        </Point>
      </Placemark>
      <Placemark>
        <name>Punto 155</name>
        <styleUrl>#icon-503-F4EB37-nodesc</styleUrl>
        <Point>
          <coordinates>
            0.175486207008362,38.7902259051658,0
          </coordinates>
        </Point>
      </Placemark>
      <Placemark>
        <name>Punto 156</name>
        <styleUrl>#icon-503-F4EB37-nodesc</styleUrl>
        <Point>
          <coordinates>
            0.174670144915581,38.7917938634161,0
          </coordinates>
        </Point>
      </Placemark>
      <Placemark>
        <name>Punto 157</name>
        <styleUrl>#icon-503-F4EB37-nodesc</styleUrl>
        <Point>
          <coordinates>
            0.185984373092651,38.7760745673583,0
          </coordinates>
        </Point>
      </Placemark>
      <Placemark>
        <name>Punto 158</name>
        <styleUrl>#icon-503-F4EB37-nodesc</styleUrl>
        <Point>
          <coordinates>
            0.186632126569748,38.7750076016518,0
          </coordinates>
        </Point>
      </Placemark>
      <Placemark>
        <name>Punto 159</name>
        <styleUrl>#icon-503-F4EB37-nodesc</styleUrl>
        <Point>
          <coordinates>
            0.1857644,38.7744085,0
          </coordinates>
        </Point>
      </Placemark>
      <Placemark>
        <name>Punto 160</name>
        <styleUrl>#icon-503-F4EB37-nodesc</styleUrl>
        <Point>
          <coordinates>
            0.1867092,38.7730399,0
          </coordinates>
        </Point>
      </Placemark>
      <Placemark>
        <name>Punto 161</name>
        <styleUrl>#icon-503-F4EB37-nodesc</styleUrl>
        <Point>
          <coordinates>
            0.1871739,38.7721893,0
          </coordinates>
        </Point>
      </Placemark>
      <Placemark>
        <name>Punto 162</name>
        <styleUrl>#icon-503-F4EB37-nodesc</styleUrl>
        <Point>
          <coordinates>
            0.187616497278214,38.7745203782943,0
          </coordinates>
        </Point>
      </Placemark>
      <Placemark>
        <name>Punto 163</name>
        <styleUrl>#icon-503-F4EB37-nodesc</styleUrl>
        <Point>
          <coordinates>
            0.1887229,38.7745219,0
          </coordinates>
        </Point>
      </Placemark>
      <Placemark>
        <name>Punto 164</name>
        <styleUrl>#icon-503-F4EB37-nodesc</styleUrl>
        <Point>
          <coordinates>
            0.1881053,38.7732019,0
          </coordinates>
        </Point>
      </Placemark>
      <Placemark>
        <name>Punto 165</name>
        <styleUrl>#icon-503-F4EB37-nodesc</styleUrl>
        <Point>
          <coordinates>
            0.1890937,38.7720251,0
          </coordinates>
        </Point>
      </Placemark>
      <Placemark>
        <name>Punto 166</name>
        <styleUrl>#icon-503-F4EB37-nodesc</styleUrl>
        <Point>
          <coordinates>
            0.1896798,38.7716508,0
          </coordinates>
        </Point>
      </Placemark>
      <Placemark>
        <name>Punto 167</name>
        <styleUrl>#icon-503-F4EB37-nodesc</styleUrl>
        <Point>
          <coordinates>
            0.1907305,38.7711463,0
          </coordinates>
        </Point>
      </Placemark>
      <Placemark>
        <name>Punto 168</name>
        <styleUrl>#icon-503-F4EB37-nodesc</styleUrl>
        <Point>
          <coordinates>
            0.1928441,38.7709016,0
          </coordinates>
        </Point>
      </Placemark>
      <Placemark>
        <name>Punto 169</name>
        <styleUrl>#icon-503-F4EB37-nodesc</styleUrl>
        <Point>
          <coordinates>
            0.1928669,38.7709095,0
          </coordinates>
        </Point>
      </Placemark>
      <Placemark>
        <name>Punto 170</name>
        <styleUrl>#icon-503-F4EB37-nodesc</styleUrl>
        <Point>
          <coordinates>
            0.193549543619156,38.7718479094422,0
          </coordinates>
        </Point>
      </Placemark>
      <Placemark>
        <name>Punto 171</name>
        <styleUrl>#icon-503-F4EB37-nodesc</styleUrl>
        <Point>
          <coordinates>
            0.1908848,38.769787,0
          </coordinates>
        </Point>
      </Placemark>
      <Placemark>
        <name>Punto 172</name>
        <styleUrl>#icon-503-F4EB37-nodesc</styleUrl>
        <Point>
          <coordinates>
            0.1880027,38.7711976,0
          </coordinates>
        </Point>
      </Placemark>
      <Placemark>
        <name>Punto 173</name>
        <styleUrl>#icon-503-F4EB37-nodesc</styleUrl>
        <Point>
          <coordinates>
            0.1866925,38.7704886,0
          </coordinates>
        </Point>
      </Placemark>
      <Placemark>
        <name>Punto 174</name>
        <styleUrl>#icon-503-F4EB37-nodesc</styleUrl>
        <Point>
          <coordinates>
            0.1996945,38.7611487,0
          </coordinates>
        </Point>
      </Placemark>
      <Placemark>
        <name>Punto 175</name>
        <styleUrl>#icon-503-F4EB37-nodesc</styleUrl>
        <Point>
          <coordinates>
            0.204247534275055,38.7596919316435,0
          </coordinates>
        </Point>
      </Placemark>
      <Placemark>
        <name>Punto 176</name>
        <styleUrl>#icon-503-F4EB37-nodesc</styleUrl>
        <Point>
          <coordinates>
            0.2002812,38.7650774,0
          </coordinates>
        </Point>
      </Placemark>
      <Placemark>
        <name>Punto 177</name>
        <styleUrl>#icon-503-F4EB37-nodesc</styleUrl>
        <Point>
          <coordinates>
            0.2031063,38.7644772,0
          </coordinates>
        </Point>
      </Placemark>
      <Placemark>
        <name>Punto 178</name>
        <styleUrl>#icon-503-F4EB37-nodesc</styleUrl>
        <Point>
          <coordinates>
            0.172554552555084,38.7610095828573,0
          </coordinates>
        </Point>
      </Placemark>
      <Placemark>
        <name>Punto 180</name>
        <styleUrl>#icon-503-F4EB37-nodesc</styleUrl>
        <Point>
          <coordinates>
            0.185269564390182,38.7778137761149,0
          </coordinates>
        </Point>
      </Placemark>
      <Placemark>
        <name>Punto 181</name>
        <styleUrl>#icon-503-F4EB37-nodesc</styleUrl>
        <Point>
          <coordinates>
            0.1873952,38.7676471,0
          </coordinates>
        </Point>
      </Placemark>
      <Placemark>
        <name>Punto 182</name>
        <styleUrl>#icon-503-F4EB37-nodesc</styleUrl>
        <Point>
          <coordinates>
            0.150404199957848,38.7798252877813,0
          </coordinates>
        </Point>
      </Placemark>
      <Placemark>
        <name>Punto 189</name>
        <styleUrl>#icon-503-F4EB37-nodesc</styleUrl>
        <Point>
          <coordinates>
            0.1833652,38.7766397,0
          </coordinates>
        </Point>
      </Placemark>
      <Placemark>
        <name>Punto 187</name>
        <styleUrl>#icon-503-F4EB37-nodesc</styleUrl>
        <Point>
          <coordinates>
            0.1834671,38.7972114,0
          </coordinates>
        </Point>
      </Placemark>
      <Placemark>
        <name>Punto 188</name>
        <styleUrl>#icon-503-F4EB37-nodesc</styleUrl>
        <Point>
          <coordinates>
            0.1162134,38.7946433,0
          </coordinates>
        </Point>
      </Placemark>
      <Placemark>
        <name>Punto 189</name>
        <styleUrl>#icon-503-F4EB37-nodesc</styleUrl>
        <Point>
          <coordinates>
            0.1162389,38.7946391,0
          </coordinates>
        </Point>
      </Placemark>
      <Placemark>
        <name>Punto 190</name>
        <styleUrl>#icon-503-F4EB37-nodesc</styleUrl>
        <Point>
          <coordinates>
            0.1894149,38.7701415,0
          </coordinates>
        </Point>
      </Placemark>
      <Placemark>
        <name>Punto 190</name>
        <styleUrl>#icon-503-F4EB37-nodesc</styleUrl>
        <Point>
          <coordinates>
            0.1291169,38.7885878,0
          </coordinates>
        </Point>
      </Placemark>
      <Placemark>
        <name>Punto 191</name>
        <styleUrl>#icon-503-F4EB37-nodesc</styleUrl>
        <Point>
          <coordinates>
            0.1996954,38.7611681,0
          </coordinates>
        </Point>
      </Placemark>
    </Folder>
    <Folder>
      <name>Ropa y calzado</name>
      <Placemark>
        <name>Ecoparc</name>
        <styleUrl>#icon-503-7C3592-nodesc</styleUrl>
        <Point>
          <coordinates>
            0.1662808,38.7731662,0
          </coordinates>
        </Point>
      </Placemark>
      <Placemark>
        <name>Punt Verd Montgó</name>
        <styleUrl>#icon-503-7C3592-nodesc</styleUrl>
        <Point>
          <coordinates>
            0.129203,38.788578,0
          </coordinates>
        </Point>
      </Placemark>
      <Placemark>
        <name>Punt Verd Tossals</name>
        <styleUrl>#icon-503-7C3592-nodesc</styleUrl>
        <Point>
          <coordinates>
            0.142045,38.787389,0
          </coordinates>
        </Point>
      </Placemark>
      <Placemark>
        <name>Punt Verd Rafalet</name>
        <styleUrl>#icon-503-7C3592-nodesc</styleUrl>
        <Point>
          <coordinates>
            0.14785,38.762243,0
          </coordinates>
        </Point>
      </Placemark>
      <Placemark>
        <name>Punt Verd Adsubia</name>
        <styleUrl>#icon-503-7C3592-nodesc</styleUrl>
        <Point>
          <coordinates>
            0.185609,38.762176,0
          </coordinates>
        </Point>
      </Placemark>
      <Placemark>
        <name>Punt Verd Cansalades</name>
        <styleUrl>#icon-503-7C3592-nodesc</styleUrl>
        <Point>
          <coordinates>
            0.1809063,38.7540171,0
          </coordinates>
        </Point>
      </Placemark>
      <Placemark>
        <name>Punt Verd Tarraula</name>
        <styleUrl>#icon-503-7C3592-nodesc</styleUrl>
        <Point>
          <coordinates>
            0.144993,38.761336,0
          </coordinates>
        </Point>
      </Placemark>
      <Placemark>
        <name>Punt Verd Club de Golf</name>
        <styleUrl>#icon-503-7C3592-nodesc</styleUrl>
        <Point>
          <coordinates>
            0.149337,38.747335,0
          </coordinates>
        </Point>
      </Placemark>
      <Placemark>
        <name>Punt Verd la Guardia</name>
        <styleUrl>#icon-503-7C3592-nodesc</styleUrl>
        <Point>
          <coordinates>
            0.21109,38.73827,0
          </coordinates>
        </Point>
      </Placemark>
      <Placemark>
        <name>Punt Verd Cap Negre</name>
        <styleUrl>#icon-503-7C3592-nodesc</styleUrl>
        <Point>
          <coordinates>
            0.216351,38.738121,0
          </coordinates>
        </Point>
      </Placemark>
      <Placemark>
        <name>Punt Verd la Plana</name>
        <styleUrl>#icon-503-7C3592-nodesc</styleUrl>
        <Point>
          <coordinates>
            0.161558,38.803008,0
          </coordinates>
        </Point>
      </Placemark>
      <Placemark>
        <name>Punt Verd Balcón al Mar</name>
        <styleUrl>#icon-503-7C3592-nodesc</styleUrl>
        <Point>
          <coordinates>
            0.223889,38.740202,0
          </coordinates>
        </Point>
      </Placemark>
      <Placemark>
        <name>Punt Verd Flor de la Neu</name>
        <styleUrl>#icon-503-7C3592-nodesc</styleUrl>
        <Point>
          <coordinates>
            0.192206,38.7623034,0
          </coordinates>
        </Point>
      </Placemark>
      <Placemark>
        <name>Punt Verd Saladar</name>
        <styleUrl>#icon-503-7C3592-nodesc</styleUrl>
        <Point>
          <coordinates>
            0.199699,38.7612164,0
          </coordinates>
        </Point>
      </Placemark>
      <Placemark>
        <name>Plaza Constitución x C/ Mestre José Bover</name>
        <styleUrl>#icon-503-7C3592-nodesc</styleUrl>
        <Point>
          <coordinates>
            0.159506,38.789141,0
          </coordinates>
        </Point>
      </Placemark>
      <Placemark>
        <name>C/ Ramón Llidó</name>
        <styleUrl>#icon-503-7C3592-nodesc</styleUrl>
        <Point>
          <coordinates>
            0.162385,38.786327,0
          </coordinates>
        </Point>
      </Placemark>
      <Placemark>
        <name>Av. Amanecer</name>
        <styleUrl>#icon-503-7C3592-nodesc</styleUrl>
        <Point>
          <coordinates>
            0.1676082,38.7890414,0
          </coordinates>
        </Point>
      </Placemark>
      <Placemark>
        <name>C/ Patraix</name>
        <styleUrl>#icon-503-7C3592-nodesc</styleUrl>
        <Point>
          <coordinates>
            0.1666282,38.7912456,0
          </coordinates>
        </Point>
      </Placemark>
      <Placemark>
        <name>Av. Juan Carlos I</name>
        <styleUrl>#icon-503-7C3592-nodesc</styleUrl>
        <Point>
          <coordinates>
            0.1703952,38.7924224,0
          </coordinates>
        </Point>
      </Placemark>
      <Placemark>
        <name>Plaza Xàtiva</name>
        <styleUrl>#icon-503-7C3592-nodesc</styleUrl>
        <Point>
          <coordinates>
            0.1625741,38.7854004,0
          </coordinates>
        </Point>
      </Placemark>
      <Placemark>
        <name>Av. Jaime I</name>
        <styleUrl>#icon-503-7C3592-nodesc</styleUrl>
        <Point>
          <coordinates>
            0.1810104,38.7942839,0
          </coordinates>
        </Point>
      </Placemark>
      <Placemark>
        <name>C/ Joan Fuster</name>
        <styleUrl>#icon-503-7C3592-nodesc</styleUrl>
        <Point>
          <coordinates>
            0.178838,38.793325,0
          </coordinates>
        </Point>
      </Placemark>
      <Placemark>
        <name>Av. Ausias March</name>
        <styleUrl>#icon-503-7C3592-nodesc</styleUrl>
        <Point>
          <coordinates>
            0.176474,38.79346,0
          </coordinates>
        </Point>
      </Placemark>
      <Placemark>
        <name>Vía Augusta</name>
        <styleUrl>#icon-503-7C3592-nodesc</styleUrl>
        <Point>
          <coordinates>
            0.181175,38.783874,0
          </coordinates>
        </Point>
      </Placemark>
      <Placemark>
        <name>Av. París</name>
        <styleUrl>#icon-503-7C3592-nodesc</styleUrl>
        <Point>
          <coordinates>
            0.1866853,38.7730155,0
          </coordinates>
        </Point>
      </Placemark>
      <Placemark>
        <name>Ctra. Pla - Javea Park</name>
        <styleUrl>#icon-503-7C3592-nodesc</styleUrl>
        <Point>
          <coordinates>
            0.1850902,38.7733799,0
          </coordinates>
        </Point>
      </Placemark>
      <Placemark>
        <name>Ctra. Pla x C/ Niza</name>
        <styleUrl>#icon-503-7C3592-nodesc</styleUrl>
        <Point>
          <coordinates>
            0.1867549,38.7704708,0
          </coordinates>
        </Point>
      </Placemark>
      <Placemark>
        <name>Av. Fontana</name>
        <styleUrl>#icon-503-7C3592-nodesc</styleUrl>
        <Point>
          <coordinates>
            0.1857027,38.7743883,0
          </coordinates>
        </Point>
      </Placemark>
      <Placemark>
        <name>Av. Libertad x C/ Atenas</name>
        <styleUrl>#icon-503-7C3592-nodesc</styleUrl>
        <Point>
          <coordinates>
            0.1926225,38.7708521,0
          </coordinates>
        </Point>
      </Placemark>
      <Placemark>
        <name>Trav. Sorts x Ctra. Gata</name>
        <styleUrl>#icon-503-7C3592-nodesc</styleUrl>
        <Point>
          <coordinates>
            0.1554083,38.7815764,0
          </coordinates>
        </Point>
      </Placemark>
      <Placemark>
        <name>Camí Cansalades x Camí Cabanes</name>
        <styleUrl>#icon-503-7C3592-nodesc</styleUrl>
        <Point>
          <coordinates>
            0.177455,38.766034,0
          </coordinates>
        </Point>
      </Placemark>
      <Placemark>
        <name>Av. Ondara x Av. Colomer</name>
        <styleUrl>#icon-503-7C3592-nodesc</styleUrl>
        <Point>
          <coordinates>
            0.15812,38.787065,0
          </coordinates>
        </Point>
      </Placemark>
      <Placemark>
        <name>C/ Mestre Ángel Ribes</name>
        <styleUrl>#icon-503-7C3592-nodesc</styleUrl>
        <Point>
          <coordinates>
            0.163811,38.791108,0
          </coordinates>
        </Point>
      </Placemark>
      <Placemark>
        <name>Punto 35</name>
        <styleUrl>#icon-503-7C3592-nodesc</styleUrl>
        <Point>
          <coordinates>
            0.167571,38.7902113,0
          </coordinates>
        </Point>
      </Placemark>
      <Placemark>
        <name>Punto 36</name>
        <styleUrl>#icon-503-7C3592-nodesc</styleUrl>
        <Point>
          <coordinates>
            0.1673846,38.7864167,0
          </coordinates>
        </Point>
      </Placemark>
      <Placemark>
        <name>Punto 37</name>
        <styleUrl>#icon-503-7C3592-nodesc</styleUrl>
        <Point>
          <coordinates>
            0.1659919,38.7439917,0
          </coordinates>
        </Point>
      </Placemark>
      <Placemark>
        <name>Punto 38</name>
        <styleUrl>#icon-503-7C3592-nodesc</styleUrl>
        <Point>
          <coordinates>
            0.1724392,38.7610274,0
          </coordinates>
        </Point>
      </Placemark>
      <Placemark>
        <name>Punto 39</name>
        <styleUrl>#icon-503-7C3592-nodesc</styleUrl>
        <Point>
          <coordinates>
            0.201446,38.7510576,0
          </coordinates>
        </Point>
      </Placemark>
      <Placemark>
        <name>Punto 39</name>
        <styleUrl>#icon-503-7C3592-nodesc</styleUrl>
        <Point>
          <coordinates>
            0.1162751,38.7946799,0
          </coordinates>
        </Point>
      </Placemark>
      <Placemark>
        <name>Punto 40</name>
        <styleUrl>#icon-503-7C3592-nodesc</styleUrl>
        <Point>
          <coordinates>
            0.1818994,38.7505294,0
          </coordinates>
        </Point>
      </Placemark>
    </Folder>
    <Folder>
      <name>Aceite de cocina</name>
      <Placemark>
        <name>Ecoparc</name>
        <styleUrl>#icon-503-F8971B-nodesc</styleUrl>
        <Point>
          <coordinates>
            0.1662214,38.7731249,0
          </coordinates>
        </Point>
      </Placemark>
      <Placemark>
        <name>Punt Verd Montgó</name>
        <styleUrl>#icon-503-F8971B-nodesc</styleUrl>
        <Point>
          <coordinates>
            0.129227,38.788566,0
          </coordinates>
        </Point>
      </Placemark>
      <Placemark>
        <name>Punt Verd Tossals</name>
        <styleUrl>#icon-503-F8971B-nodesc</styleUrl>
        <Point>
          <coordinates>
            0.142054,38.787382,0
          </coordinates>
        </Point>
      </Placemark>
      <Placemark>
        <name>Punt Verd Rafalet</name>
        <styleUrl>#icon-503-F8971B-nodesc</styleUrl>
        <Point>
          <coordinates>
            0.147924,38.762254,0
          </coordinates>
        </Point>
      </Placemark>
      <Placemark>
        <name>Punt Verd Adsubia</name>
        <styleUrl>#icon-503-F8971B-nodesc</styleUrl>
        <Point>
          <coordinates>
            0.185742,38.762167,0
          </coordinates>
        </Point>
      </Placemark>
      <Placemark>
        <name>Punt Verd Cansalades</name>
        <styleUrl>#icon-503-F8971B-nodesc</styleUrl>
        <Point>
          <coordinates>
            0.1808863,38.7540129,0
          </coordinates>
        </Point>
      </Placemark>
      <Placemark>
        <name>Punt Verd Camí de les Adsubies</name>
        <styleUrl>#icon-503-F8971B-nodesc</styleUrl>
        <Point>
          <coordinates>
            0.181963,38.764134,0
          </coordinates>
        </Point>
      </Placemark>
      <Placemark>
        <name>Punt Verd Camí Cansalades - Tossalets</name>
        <styleUrl>#icon-503-F8971B-nodesc</styleUrl>
        <Point>
          <coordinates>
            0.172468,38.761027,0
          </coordinates>
        </Point>
      </Placemark>
      <Placemark>
        <name>Punt Verd Cap Martí</name>
        <styleUrl>#icon-503-F8971B-nodesc</styleUrl>
        <Point>
          <coordinates>
            0.201431,38.751068,0
          </coordinates>
        </Point>
      </Placemark>
      <Placemark>
        <name>Punt Verd Tarraula</name>
        <styleUrl>#icon-503-F8971B-nodesc</styleUrl>
        <Point>
          <coordinates>
            0.144973,38.761261,0
          </coordinates>
        </Point>
      </Placemark>
      <Placemark>
        <name>Punt Verd Club de Golf</name>
        <styleUrl>#icon-503-F8971B-nodesc</styleUrl>
        <Point>
          <coordinates>
            0.14934,38.747336,0
          </coordinates>
        </Point>
      </Placemark>
      <Placemark>
        <name>Punt Verd la Guardia</name>
        <styleUrl>#icon-503-F8971B-nodesc</styleUrl>
        <Point>
          <coordinates>
            0.211059,38.738314,0
          </coordinates>
        </Point>
      </Placemark>
      <Placemark>
        <name>Punt Verd Cap Negre</name>
        <styleUrl>#icon-503-F8971B-nodesc</styleUrl>
        <Point>
          <coordinates>
            0.21637,38.738125,0
          </coordinates>
        </Point>
      </Placemark>
      <Placemark>
        <name>Punt Verd la Plana</name>
        <styleUrl>#icon-503-F8971B-nodesc</styleUrl>
        <Point>
          <coordinates>
            0.161555,38.803024,0
          </coordinates>
        </Point>
      </Placemark>
      <Placemark>
        <name>Punt Verd BAM</name>
        <styleUrl>#icon-503-F8971B-nodesc</styleUrl>
        <Point>
          <coordinates>
            0.223941,38.740218,0
          </coordinates>
        </Point>
      </Placemark>
      <Placemark>
        <name>Punt Verd Flor de la Neu</name>
        <styleUrl>#icon-503-F8971B-nodesc</styleUrl>
        <Point>
          <coordinates>
            0.1922182,38.7623199,0
          </coordinates>
        </Point>
      </Placemark>
      <Placemark>
        <name>Punt Verd Saladar</name>
        <styleUrl>#icon-503-F8971B-nodesc</styleUrl>
        <Point>
          <coordinates>
            0.1996882,38.7612047,0
          </coordinates>
        </Point>
      </Placemark>
      <Placemark>
        <name>Camí Cansalades con Camí Cabanes</name>
        <styleUrl>#icon-503-F8971B-nodesc</styleUrl>
        <Point>
          <coordinates>
            0.177445,38.765834,0
          </coordinates>
        </Point>
      </Placemark>
      <Placemark>
        <name>Travessía Sorts con Ctra. Gata</name>
        <styleUrl>#icon-503-F8971B-nodesc</styleUrl>
        <Point>
          <coordinates>
            0.15539,38.781576,0
          </coordinates>
        </Point>
      </Placemark>
      <Placemark>
        <name>Av. Ondara con Av. Colomer</name>
        <styleUrl>#icon-503-F8971B-nodesc</styleUrl>
        <Point>
          <coordinates>
            0.158132,38.787017,0
          </coordinates>
        </Point>
      </Placemark>
      <Placemark>
        <name>Mercat Municipal</name>
        <description>En el interior del Mercat</description>
        <styleUrl>#icon-503-F8971B</styleUrl>
        <Point>
          <coordinates>
            0.1634201,38.7894964,0
          </coordinates>
        </Point>
      </Placemark>
      <Placemark>
        <name>Plaza Constitución x C/ Mestre José Bover</name>
        <styleUrl>#icon-503-F8971B-nodesc</styleUrl>
        <Point>
          <coordinates>
            0.159525,38.789132,0
          </coordinates>
        </Point>
      </Placemark>
      <Placemark>
        <name>C/ Ramón Llidó</name>
        <styleUrl>#icon-503-F8971B-nodesc</styleUrl>
        <Point>
          <coordinates>
            0.162447,38.786223,0
          </coordinates>
        </Point>
      </Placemark>
      <Placemark>
        <name>Plaza Xàtiva</name>
        <styleUrl>#icon-503-F8971B-nodesc</styleUrl>
        <Point>
          <coordinates>
            0.1625806,38.7853862,0
          </coordinates>
        </Point>
      </Placemark>
      <Placemark>
        <name>Av. Amanerer</name>
        <styleUrl>#icon-503-F8971B-nodesc</styleUrl>
        <Point>
          <coordinates>
            0.167594,38.789041,0
          </coordinates>
        </Point>
      </Placemark>
      <Placemark>
        <name>Calle Juan Ramón Jiménez</name>
        <styleUrl>#icon-503-F8971B-nodesc</styleUrl>
        <Point>
          <coordinates>
            0.1675465,38.7901969,0
          </coordinates>
        </Point>
      </Placemark>
      <Placemark>
        <name>C/ Mestre Àngel Ribes</name>
        <styleUrl>#icon-503-F8971B-nodesc</styleUrl>
        <Point>
          <coordinates>
            0.163898,38.791138,0
          </coordinates>
        </Point>
      </Placemark>
      <Placemark>
        <name>Calle Vicente Boix</name>
        <styleUrl>#icon-503-F8971B-nodesc</styleUrl>
        <Point>
          <coordinates>
            0.1666094,38.7912409,0
          </coordinates>
        </Point>
      </Placemark>
      <Placemark>
        <name>Av. Juan Carlos I</name>
        <styleUrl>#icon-503-F8971B-nodesc</styleUrl>
        <Point>
          <coordinates>
            0.1704198,38.7924284,0
          </coordinates>
        </Point>
      </Placemark>
      <Placemark>
        <name>Av. Jaime I</name>
        <styleUrl>#icon-503-F8971B-nodesc</styleUrl>
        <Point>
          <coordinates>
            0.1809845,38.7942718,0
          </coordinates>
        </Point>
      </Placemark>
      <Placemark>
        <name>Av. Furs</name>
        <styleUrl>#icon-503-F8971B-nodesc</styleUrl>
        <Point>
          <coordinates>
            0.18102,38.792564,0
          </coordinates>
        </Point>
      </Placemark>
      <Placemark>
        <name>Av. Ausias March</name>
        <styleUrl>#icon-503-F8971B-nodesc</styleUrl>
        <Point>
          <coordinates>
            0.176488,38.793437,0
          </coordinates>
        </Point>
      </Placemark>
      <Placemark>
        <name>Vía Augusta</name>
        <styleUrl>#icon-503-F8971B-nodesc</styleUrl>
        <Point>
          <coordinates>
            0.181211,38.7838,0
          </coordinates>
        </Point>
      </Placemark>
      <Placemark>
        <name>C/ Saint Tropez</name>
        <styleUrl>#icon-503-F8971B-nodesc</styleUrl>
        <Point>
          <coordinates>
            0.185327,38.772372,0
          </coordinates>
        </Point>
      </Placemark>
      <Placemark>
        <name>Av. París</name>
        <styleUrl>#icon-503-F8971B-nodesc</styleUrl>
        <Point>
          <coordinates>
            0.1866724,38.77303,0
          </coordinates>
        </Point>
      </Placemark>
      <Placemark>
        <name>Ctra. Pla x C/ Niza</name>
        <styleUrl>#icon-503-F8971B-nodesc</styleUrl>
        <Point>
          <coordinates>
            0.1867393,38.7704953,0
          </coordinates>
        </Point>
      </Placemark>
      <Placemark>
        <name>Punto 38</name>
        <styleUrl>#icon-503-F8971B-nodesc</styleUrl>
        <Point>
          <coordinates>
            0.166008,38.7440095,0
          </coordinates>
        </Point>
      </Placemark>
      <Placemark>
        <name>Punto 38</name>
        <styleUrl>#icon-503-F8971B-nodesc</styleUrl>
        <Point>
          <coordinates>
            0.1162992,38.7946799,0
          </coordinates>
        </Point>
      </Placemark>
      <Placemark>
        <name>Punto 39</name>
        <styleUrl>#icon-503-F8971B-nodesc</styleUrl>
        <Point>
          <coordinates>
            0.181894,38.7505168,0
          </coordinates>
        </Point>
      </Placemark>
    </Folder>
  </Document>
</kml>
